   -0.5000000000E+03    0.5159880002E-07
   -0.4998897687E+03    0.5221122679E-07
   -0.4997795374E+03    0.5282067545E-07
   -0.4996693060E+03    0.5342699220E-07
   -0.4995590747E+03    0.5403002210E-07
   -0.4994488434E+03    0.5462960907E-07
   -0.4993386121E+03    0.5522559592E-07
   -0.4992283808E+03    0.5581782434E-07
   -0.4991181494E+03    0.5640613496E-07
   -0.4990079181E+03    0.5699036733E-07
   -0.4988976868E+03    0.5757035999E-07
   -0.4987874555E+03    0.5814595042E-07
   -0.4986772241E+03    0.5871697513E-07
   -0.4985669928E+03    0.5928326963E-07
   -0.4984567615E+03    0.5984466848E-07
   -0.4983465302E+03    0.6040100531E-07
   -0.4982362989E+03    0.6095211282E-07
   -0.4981260675E+03    0.6149782284E-07
   -0.4980158362E+03    0.6203796633E-07
   -0.4979056049E+03    0.6257237338E-07
   -0.4977953736E+03    0.6310087329E-07
   -0.4976851423E+03    0.6362329455E-07
   -0.4975749109E+03    0.6413946489E-07
   -0.4974646796E+03    0.6464921128E-07
   -0.4973544483E+03    0.6515236000E-07
   -0.4972442170E+03    0.6564873659E-07
   -0.4971339856E+03    0.6613816598E-07
   -0.4970237543E+03    0.6662047243E-07
   -0.4969135230E+03    0.6709547959E-07
   -0.4968032917E+03    0.6756301052E-07
   -0.4966930604E+03    0.6802288776E-07
   -0.4965828290E+03    0.6847493330E-07
   -0.4964725977E+03    0.6891896863E-07
   -0.4963623664E+03    0.6935481478E-07
   -0.4962521351E+03    0.6978229235E-07
   -0.4961419038E+03    0.7020122154E-07
   -0.4960316724E+03    0.7061142216E-07
   -0.4959214411E+03    0.7101271369E-07
   -0.4958112098E+03    0.7140491528E-07
   -0.4957009785E+03    0.7178784584E-07
   -0.4955907472E+03    0.7216132401E-07
   -0.4954805158E+03    0.7252516820E-07
   -0.4953702845E+03    0.7287919668E-07
   -0.4952600532E+03    0.7322322756E-07
   -0.4951498219E+03    0.7355707884E-07
   -0.4950395905E+03    0.7388056843E-07
   -0.4949293592E+03    0.7419351422E-07
   -0.4948191279E+03    0.7449573410E-07
   -0.4947088966E+03    0.7478704598E-07
   -0.4945986653E+03    0.7506726784E-07
   -0.4944884339E+03    0.7533621777E-07
   -0.4943782026E+03    0.7559371400E-07
   -0.4942679713E+03    0.7583957494E-07
   -0.4941577400E+03    0.7607361922E-07
   -0.4940475087E+03    0.7629566573E-07
   -0.4939372773E+03    0.7650553365E-07
   -0.4938270460E+03    0.7670304250E-07
   -0.4937168147E+03    0.7688801218E-07
   -0.4936065834E+03    0.7706026299E-07
   -0.4934963521E+03    0.7721961570E-07
   -0.4933861207E+03    0.7736589157E-07
   -0.4932758894E+03    0.7749891239E-07
   -0.4931656581E+03    0.7761850055E-07
   -0.4930554268E+03    0.7772447902E-07
   -0.4929451954E+03    0.7781667147E-07
   -0.4928349641E+03    0.7789490227E-07
   -0.4927247328E+03    0.7795899651E-07
   -0.4926145015E+03    0.7800878010E-07
   -0.4925042702E+03    0.7804407978E-07
   -0.4923940388E+03    0.7806472314E-07
   -0.4922838075E+03    0.7807053873E-07
   -0.4921735762E+03    0.7806135604E-07
   -0.4920633449E+03    0.7803700557E-07
   -0.4919531136E+03    0.7799731890E-07
   -0.4918428822E+03    0.7794212869E-07
   -0.4917326509E+03    0.7787126875E-07
   -0.4916224196E+03    0.7778457408E-07
   -0.4915121883E+03    0.7768188092E-07
   -0.4914019569E+03    0.7756302681E-07
   -0.4912917256E+03    0.7742785059E-07
   -0.4911814943E+03    0.7727619251E-07
   -0.4910712630E+03    0.7710789422E-07
   -0.4909610317E+03    0.7692279887E-07
   -0.4908508003E+03    0.7672075110E-07
   -0.4907405690E+03    0.7650159713E-07
   -0.4906303377E+03    0.7626518481E-07
   -0.4905201064E+03    0.7601136364E-07
   -0.4904098751E+03    0.7573998484E-07
   -0.4902996437E+03    0.7545090138E-07
   -0.4901894124E+03    0.7514396806E-07
   -0.4900791811E+03    0.7481904151E-07
   -0.4899689498E+03    0.7447598031E-07
   -0.4898587185E+03    0.7411464496E-07
   -0.4897484871E+03    0.7373489799E-07
   -0.4896382558E+03    0.7333660398E-07
   -0.4895280245E+03    0.7291962961E-07
   -0.4894177932E+03    0.7248384375E-07
   -0.4893075618E+03    0.7202911743E-07
   -0.4891973305E+03    0.7155532397E-07
   -0.4890870992E+03    0.7106233899E-07
   -0.4889768679E+03    0.7055004047E-07
   -0.4888666366E+03    0.7001830879E-07
   -0.4887564052E+03    0.6946702681E-07
   -0.4886461739E+03    0.6889607988E-07
   -0.4885359426E+03    0.6830535592E-07
   -0.4884257113E+03    0.6769474546E-07
   -0.4883154800E+03    0.6706414169E-07
   -0.4882052486E+03    0.6641344053E-07
   -0.4880950173E+03    0.6574254065E-07
   -0.4879847860E+03    0.6505134353E-07
   -0.4878745547E+03    0.6433975353E-07
   -0.4877643233E+03    0.6360767792E-07
   -0.4876540920E+03    0.6285502694E-07
   -0.4875438607E+03    0.6208171386E-07
   -0.4874336294E+03    0.6128765501E-07
   -0.4873233981E+03    0.6047276983E-07
   -0.4872131667E+03    0.5963698095E-07
   -0.4871029354E+03    0.5878021421E-07
   -0.4869927041E+03    0.5790239874E-07
   -0.4868824728E+03    0.5700346697E-07
   -0.4867722415E+03    0.5608335473E-07
   -0.4866620101E+03    0.5514200125E-07
   -0.4865517788E+03    0.5417934925E-07
   -0.4864415475E+03    0.5319534497E-07
   -0.4863313162E+03    0.5218993822E-07
   -0.4862210849E+03    0.5116308244E-07
   -0.4861108535E+03    0.5011473475E-07
   -0.4860006222E+03    0.4904485597E-07
   -0.4858903909E+03    0.4795341071E-07
   -0.4857801596E+03    0.4684036740E-07
   -0.4856699282E+03    0.4570569834E-07
   -0.4855596969E+03    0.4454937974E-07
   -0.4854494656E+03    0.4337139179E-07
   -0.4853392343E+03    0.4217171868E-07
   -0.4852290030E+03    0.4095034867E-07
   -0.4851187716E+03    0.3970727414E-07
   -0.4850085403E+03    0.3844249160E-07
   -0.4848983090E+03    0.3715600180E-07
   -0.4847880777E+03    0.3584780971E-07
   -0.4846778464E+03    0.3451792460E-07
   -0.4845676150E+03    0.3316636010E-07
   -0.4844573837E+03    0.3179313422E-07
   -0.4843471524E+03    0.3039826939E-07
   -0.4842369211E+03    0.2898179254E-07
   -0.4841266898E+03    0.2754373511E-07
   -0.4840164584E+03    0.2608413311E-07
   -0.4839062271E+03    0.2460302715E-07
   -0.4837959958E+03    0.2310046250E-07
   -0.4836857645E+03    0.2157648914E-07
   -0.4835755331E+03    0.2003116176E-07
   -0.4834653018E+03    0.1846453984E-07
   -0.4833550705E+03    0.1687668770E-07
   -0.4832448392E+03    0.1526767450E-07
   -0.4831346079E+03    0.1363757429E-07
   -0.4830243765E+03    0.1198646610E-07
   -0.4829141452E+03    0.1031443391E-07
   -0.4828039139E+03    0.8621566717E-08
   -0.4826936826E+03    0.6907958596E-08
   -0.4825834513E+03    0.5173708702E-08
   -0.4824732199E+03    0.3418921322E-08
   -0.4823629886E+03    0.1643705912E-08
   -0.4822527573E+03   -0.1518228698E-09
   -0.4821425260E+03   -0.1967545128E-08
   -0.4820322946E+03   -0.3803335694E-08
   -0.4819220633E+03   -0.5659064097E-08
   -0.4818118320E+03   -0.7534594525E-08
   -0.4817016007E+03   -0.9429785797E-08
   -0.4815913694E+03   -0.1134449133E-07
   -0.4814811380E+03   -0.1327855911E-07
   -0.4813709067E+03   -0.1523183165E-07
   -0.4812606754E+03   -0.1720414599E-07
   -0.4811504441E+03   -0.1919533364E-07
   -0.4810402128E+03   -0.2120522056E-07
   -0.4809299814E+03   -0.2323362713E-07
   -0.4808197501E+03   -0.2528036814E-07
   -0.4807095188E+03   -0.2734525275E-07
   -0.4805992875E+03   -0.2942808447E-07
   -0.4804890562E+03   -0.3152866114E-07
   -0.4803788248E+03   -0.3364677489E-07
   -0.4802685935E+03   -0.3578221215E-07
   -0.4801583622E+03   -0.3793475358E-07
   -0.4800481309E+03   -0.4010417412E-07
   -0.4799378995E+03   -0.4229024291E-07
   -0.4798276682E+03   -0.4449272328E-07
   -0.4797174369E+03   -0.4671137278E-07
   -0.4796072056E+03   -0.4894594309E-07
   -0.4794969743E+03   -0.5119618009E-07
   -0.4793867429E+03   -0.5346182376E-07
   -0.4792765116E+03   -0.5574260822E-07
   -0.4791662803E+03   -0.5803826172E-07
   -0.4790560490E+03   -0.6034850659E-07
   -0.4789458177E+03   -0.6267305928E-07
   -0.4788355863E+03   -0.6501163030E-07
   -0.4787253550E+03   -0.6736392424E-07
   -0.4786151237E+03   -0.6972963978E-07
   -0.4785048924E+03   -0.7210846964E-07
   -0.4783946610E+03   -0.7450010061E-07
   -0.4782844297E+03   -0.7690421353E-07
   -0.4781741984E+03   -0.7932048330E-07
   -0.4780639671E+03   -0.8174857888E-07
   -0.4779537358E+03   -0.8418816325E-07
   -0.4778435044E+03   -0.8663889348E-07
   -0.4777332731E+03   -0.8910042066E-07
   -0.4776230418E+03   -0.9157238997E-07
   -0.4775128105E+03   -0.9405444064E-07
   -0.4774025792E+03   -0.9654620596E-07
   -0.4772923478E+03   -0.9904731330E-07
   -0.4771821165E+03   -0.1015573841E-06
   -0.4770718852E+03   -0.1040760340E-06
   -0.4769616539E+03   -0.1066028726E-06
   -0.4768514226E+03   -0.1091375036E-06
   -0.4767411912E+03   -0.1116795250E-06
   -0.4766309599E+03   -0.1142285288E-06
   -0.4765207286E+03   -0.1167841013E-06
   -0.4764104973E+03   -0.1193458228E-06
   -0.4763002659E+03   -0.1219132679E-06
   -0.4761900346E+03   -0.1244860054E-06
   -0.4760798033E+03   -0.1270635984E-06
   -0.4759695720E+03   -0.1296456042E-06
   -0.4758593407E+03   -0.1322315743E-06
   -0.4757491093E+03   -0.1348210547E-06
   -0.4756388780E+03   -0.1374135856E-06
   -0.4755286467E+03   -0.1400087017E-06
   -0.4754184154E+03   -0.1426059319E-06
   -0.4753081841E+03   -0.1452047997E-06
   -0.4751979527E+03   -0.1478048230E-06
   -0.4750877214E+03   -0.1504055142E-06
   -0.4749774901E+03   -0.1530063802E-06
   -0.4748672588E+03   -0.1556069225E-06
   -0.4747570275E+03   -0.1582066372E-06
   -0.4746467961E+03   -0.1608050151E-06
   -0.4745365648E+03   -0.1634015417E-06
   -0.4744263335E+03   -0.1659956970E-06
   -0.4743161022E+03   -0.1685869561E-06
   -0.4742058708E+03   -0.1711747887E-06
   -0.4740956395E+03   -0.1737586594E-06
   -0.4739854082E+03   -0.1763380279E-06
   -0.4738751769E+03   -0.1789123487E-06
   -0.4737649456E+03   -0.1814810713E-06
   -0.4736547142E+03   -0.1840436403E-06
   -0.4735444829E+03   -0.1865994955E-06
   -0.4734342516E+03   -0.1891480720E-06
   -0.4733240203E+03   -0.1916887998E-06
   -0.4732137890E+03   -0.1942211045E-06
   -0.4731035576E+03   -0.1967444070E-06
   -0.4729933263E+03   -0.1992581235E-06
   -0.4728830950E+03   -0.2017616659E-06
   -0.4727728637E+03   -0.2042544416E-06
   -0.4726626323E+03   -0.2067358536E-06
   -0.4725524010E+03   -0.2092053004E-06
   -0.4724421697E+03   -0.2116621768E-06
   -0.4723319384E+03   -0.2141058728E-06
   -0.4722217071E+03   -0.2165357748E-06
   -0.4721114757E+03   -0.2189512651E-06
   -0.4720012444E+03   -0.2213517218E-06
   -0.4718910131E+03   -0.2237365195E-06
   -0.4717807818E+03   -0.2261050289E-06
   -0.4716705505E+03   -0.2284566169E-06
   -0.4715603191E+03   -0.2307906470E-06
   -0.4714500878E+03   -0.2331064790E-06
   -0.4713398565E+03   -0.2354034693E-06
   -0.4712296252E+03   -0.2376809712E-06
   -0.4711193939E+03   -0.2399383344E-06
   -0.4710091625E+03   -0.2421749057E-06
   -0.4708989312E+03   -0.2443900288E-06
   -0.4707886999E+03   -0.2465830442E-06
   -0.4706784686E+03   -0.2487532898E-06
   -0.4705682372E+03   -0.2509001006E-06
   -0.4704580059E+03   -0.2530228090E-06
   -0.4703477746E+03   -0.2551207447E-06
   -0.4702375433E+03   -0.2571932352E-06
   -0.4701273120E+03   -0.2592396052E-06
   -0.4700170806E+03   -0.2612591776E-06
   -0.4699068493E+03   -0.2632512729E-06
   -0.4697966180E+03   -0.2652152096E-06
   -0.4696863867E+03   -0.2671503042E-06
   -0.4695761554E+03   -0.2690558715E-06
   -0.4694659240E+03   -0.2709312247E-06
   -0.4693556927E+03   -0.2727756751E-06
   -0.4692454614E+03   -0.2745885328E-06
   -0.4691352301E+03   -0.2763691064E-06
   -0.4690249987E+03   -0.2781167034E-06
   -0.4689147674E+03   -0.2798306301E-06
   -0.4688045361E+03   -0.2815101919E-06
   -0.4686943048E+03   -0.2831546932E-06
   -0.4685840735E+03   -0.2847634378E-06
   -0.4684738421E+03   -0.2863357288E-06
   -0.4683636108E+03   -0.2878708690E-06
   -0.4682533795E+03   -0.2893681606E-06
   -0.4681431482E+03   -0.2908269058E-06
   -0.4680329169E+03   -0.2922464066E-06
   -0.4679226855E+03   -0.2936259652E-06
   -0.4678124542E+03   -0.2949648838E-06
   -0.4677022229E+03   -0.2962624652E-06
   -0.4675919916E+03   -0.2975180123E-06
   -0.4674817603E+03   -0.2987308289E-06
   -0.4673715289E+03   -0.2999002196E-06
   -0.4672612976E+03   -0.3010254897E-06
   -0.4671510663E+03   -0.3021059456E-06
   -0.4670408350E+03   -0.3031408949E-06
   -0.4669306036E+03   -0.3041296467E-06
   -0.4668203723E+03   -0.3050715113E-06
   -0.4667101410E+03   -0.3059658010E-06
   -0.4665999097E+03   -0.3068118295E-06
   -0.4664896784E+03   -0.3076089126E-06
   -0.4663794470E+03   -0.3083563684E-06
   -0.4662692157E+03   -0.3090535170E-06
   -0.4661589844E+03   -0.3096996810E-06
   -0.4660487531E+03   -0.3102941855E-06
   -0.4659385218E+03   -0.3108363585E-06
   -0.4658282904E+03   -0.3113255307E-06
   -0.4657180591E+03   -0.3117610359E-06
   -0.4656078278E+03   -0.3121422111E-06
   -0.4654975965E+03   -0.3124683969E-06
   -0.4653873651E+03   -0.3127389370E-06
   -0.4652771338E+03   -0.3129531792E-06
   -0.4651669025E+03   -0.3131104751E-06
   -0.4650566712E+03   -0.3132101800E-06
   -0.4649464399E+03   -0.3132516538E-06
   -0.4648362085E+03   -0.3132342607E-06
   -0.4647259772E+03   -0.3131573694E-06
   -0.4646157459E+03   -0.3130203531E-06
   -0.4645055146E+03   -0.3128225903E-06
   -0.4643952833E+03   -0.3125634642E-06
   -0.4642850519E+03   -0.3122423635E-06
   -0.4641748206E+03   -0.3118586822E-06
   -0.4640645893E+03   -0.3114118199E-06
   -0.4639543580E+03   -0.3109011819E-06
   -0.4638441267E+03   -0.3103261794E-06
   -0.4637338953E+03   -0.3096862300E-06
   -0.4636236640E+03   -0.3089807573E-06
   -0.4635134327E+03   -0.3082091915E-06
   -0.4634032014E+03   -0.3073709695E-06
   -0.4632929700E+03   -0.3064655349E-06
   -0.4631827387E+03   -0.3054923383E-06
   -0.4630725074E+03   -0.3044508377E-06
   -0.4629622761E+03   -0.3033404984E-06
   -0.4628520448E+03   -0.3021607931E-06
   -0.4627418134E+03   -0.3009112025E-06
   -0.4626315821E+03   -0.2995912149E-06
   -0.4625213508E+03   -0.2982003271E-06
   -0.4624111195E+03   -0.2967380439E-06
   -0.4623008882E+03   -0.2952038786E-06
   -0.4621906568E+03   -0.2935973533E-06
   -0.4620804255E+03   -0.2919179990E-06
   -0.4619701942E+03   -0.2901653554E-06
   -0.4618599629E+03   -0.2883389717E-06
   -0.4617497316E+03   -0.2864384065E-06
   -0.4616395002E+03   -0.2844632278E-06
   -0.4615292689E+03   -0.2824130136E-06
   -0.4614190376E+03   -0.2802873517E-06
   -0.4613088063E+03   -0.2780858400E-06
   -0.4611985749E+03   -0.2758080869E-06
   -0.4610883436E+03   -0.2734537112E-06
   -0.4609781123E+03   -0.2710223425E-06
   -0.4608678810E+03   -0.2685136210E-06
   -0.4607576497E+03   -0.2659271984E-06
   -0.4606474183E+03   -0.2632627373E-06
   -0.4605371870E+03   -0.2605199119E-06
   -0.4604269557E+03   -0.2576984079E-06
   -0.4603167244E+03   -0.2547979230E-06
   -0.4602064931E+03   -0.2518181666E-06
   -0.4600962617E+03   -0.2487588606E-06
   -0.4599860304E+03   -0.2456197391E-06
   -0.4598757991E+03   -0.2424005485E-06
   -0.4597655678E+03   -0.2391010484E-06
   -0.4596553364E+03   -0.2357210108E-06
   -0.4595451051E+03   -0.2322602212E-06
   -0.4594348738E+03   -0.2287184780E-06
   -0.4593246425E+03   -0.2250955933E-06
   -0.4592144112E+03   -0.2213913926E-06
   -0.4591041798E+03   -0.2176057153E-06
   -0.4589939485E+03   -0.2137384148E-06
   -0.4588837172E+03   -0.2097893586E-06
   -0.4587734859E+03   -0.2057584284E-06
   -0.4586632546E+03   -0.2016455205E-06
   -0.4585530232E+03   -0.1974505459E-06
   -0.4584427919E+03   -0.1931734303E-06
   -0.4583325606E+03   -0.1888141146E-06
   -0.4582223293E+03   -0.1843725545E-06
   -0.4581120980E+03   -0.1798487215E-06
   -0.4580018666E+03   -0.1752426022E-06
   -0.4578916353E+03   -0.1705541991E-06
   -0.4577814040E+03   -0.1657835304E-06
   -0.4576711727E+03   -0.1609306305E-06
   -0.4575609413E+03   -0.1559955497E-06
   -0.4574507100E+03   -0.1509783548E-06
   -0.4573404787E+03   -0.1458791290E-06
   -0.4572302474E+03   -0.1406979720E-06
   -0.4571200161E+03   -0.1354350004E-06
   -0.4570097847E+03   -0.1300903479E-06
   -0.4568995534E+03   -0.1246641651E-06
   -0.4567893221E+03   -0.1191566197E-06
   -0.4566790908E+03   -0.1135678971E-06
   -0.4565688595E+03   -0.1078982000E-06
   -0.4564586281E+03   -0.1021477489E-06
   -0.4563483968E+03   -0.9631678197E-07
   -0.4562381655E+03   -0.9040555549E-07
   -0.4561279342E+03   -0.8441434377E-07
   -0.4560177028E+03   -0.7834343933E-07
   -0.4559074715E+03   -0.7219315307E-07
   -0.4557972402E+03   -0.6596381438E-07
   -0.4556870089E+03   -0.5965577128E-07
   -0.4555767776E+03   -0.5326939053E-07
   -0.4554665462E+03   -0.4680505778E-07
   -0.4553563149E+03   -0.4026317765E-07
   -0.4552460836E+03   -0.3364417390E-07
   -0.4551358523E+03   -0.2694848950E-07
   -0.4550256210E+03   -0.2017658680E-07
   -0.4549153896E+03   -0.1332894757E-07
   -0.4548051583E+03   -0.6406073187E-08
   -0.4546949270E+03    0.5915153256E-09
   -0.4545846957E+03    0.7663277150E-08
   -0.4544744644E+03    0.1480865159E-07
   -0.4543642330E+03    0.2202705798E-07
   -0.4542540017E+03    0.2931789556E-07
   -0.4541437704E+03    0.3668054341E-07
   -0.4540335391E+03    0.4411436038E-07
   -0.4539233077E+03    0.5161868494E-07
   -0.4538130764E+03    0.5919283515E-07
   -0.4537028451E+03    0.6683610856E-07
   -0.4535926138E+03    0.7454778215E-07
   -0.4534823825E+03    0.8232711222E-07
   -0.4533721511E+03    0.9017333436E-07
   -0.4532619198E+03    0.9808566335E-07
   -0.4531516885E+03    0.1060632931E-06
   -0.4530414572E+03    0.1141053967E-06
   -0.4529312259E+03    0.1222111261E-06
   -0.4528209945E+03    0.1303796123E-06
   -0.4527107632E+03    0.1386099652E-06
   -0.4526005319E+03    0.1469012737E-06
   -0.4524903006E+03    0.1552526054E-06
   -0.4523800693E+03    0.1636630067E-06
   -0.4522698379E+03    0.1721315027E-06
   -0.4521596066E+03    0.1806570973E-06
   -0.4520493753E+03    0.1892387732E-06
   -0.4519391440E+03    0.1978754916E-06
   -0.4518289126E+03    0.2065661924E-06
   -0.4517186813E+03    0.2153097943E-06
   -0.4516084500E+03    0.2241051943E-06
   -0.4514982187E+03    0.2329512682E-06
   -0.4513879874E+03    0.2418468706E-06
   -0.4512777560E+03    0.2507908344E-06
   -0.4511675247E+03    0.2597819712E-06
   -0.4510572934E+03    0.2688190714E-06
   -0.4509470621E+03    0.2779009038E-06
   -0.4508368308E+03    0.2870262161E-06
   -0.4507265994E+03    0.2961937344E-06
   -0.4506163681E+03    0.3054021637E-06
   -0.4505061368E+03    0.3146501878E-06
   -0.4503959055E+03    0.3239364690E-06
   -0.4502856741E+03    0.3332596487E-06
   -0.4501754428E+03    0.3426183470E-06
   -0.4500652115E+03    0.3520111628E-06
   -0.4499549802E+03    0.3614366743E-06
   -0.4498447489E+03    0.3708934383E-06
   -0.4497345175E+03    0.3803799909E-06
   -0.4496242862E+03    0.3898948474E-06
   -0.4495140549E+03    0.3994365021E-06
   -0.4494038236E+03    0.4090034289E-06
   -0.4492935923E+03    0.4185940807E-06
   -0.4491833609E+03    0.4282068901E-06
   -0.4490731296E+03    0.4378402692E-06
   -0.4489628983E+03    0.4474926097E-06
   -0.4488526670E+03    0.4571622832E-06
   -0.4487424357E+03    0.4668476410E-06
   -0.4486322043E+03    0.4765470143E-06
   -0.4485219730E+03    0.4862587146E-06
   -0.4484117417E+03    0.4959810334E-06
   -0.4483015104E+03    0.5057122427E-06
   -0.4481912790E+03    0.5154505947E-06
   -0.4480810477E+03    0.5251943226E-06
   -0.4479708164E+03    0.5349416399E-06
   -0.4478605851E+03    0.5446907412E-06
   -0.4477503538E+03    0.5544398022E-06
   -0.4476401224E+03    0.5641869797E-06
   -0.4475298911E+03    0.5739304118E-06
   -0.4474196598E+03    0.5836682183E-06
   -0.4473094285E+03    0.5933985004E-06
   -0.4471991972E+03    0.6031193415E-06
   -0.4470889658E+03    0.6128288069E-06
   -0.4469787345E+03    0.6225249441E-06
   -0.4468685032E+03    0.6322057831E-06
   -0.4467582719E+03    0.6418693366E-06
   -0.4466480405E+03    0.6515136001E-06
   -0.4465378092E+03    0.6611365521E-06
   -0.4464275779E+03    0.6707361544E-06
   -0.4463173466E+03    0.6803103524E-06
   -0.4462071153E+03    0.6898570751E-06
   -0.4460968839E+03    0.6993742355E-06
   -0.4459866526E+03    0.7088597308E-06
   -0.4458764213E+03    0.7183114425E-06
   -0.4457661900E+03    0.7277272371E-06
   -0.4456559587E+03    0.7371049657E-06
   -0.4455457273E+03    0.7464424649E-06
   -0.4454354960E+03    0.7557375564E-06
   -0.4453252647E+03    0.7649880481E-06
   -0.4452150334E+03    0.7741917334E-06
   -0.4451048021E+03    0.7833463925E-06
   -0.4449945707E+03    0.7924497918E-06
   -0.4448843394E+03    0.8014996848E-06
   -0.4447741081E+03    0.8104938121E-06
   -0.4446638768E+03    0.8194299016E-06
   -0.4445536454E+03    0.8283056694E-06
   -0.4444434141E+03    0.8371188192E-06
   -0.4443331828E+03    0.8458670437E-06
   -0.4442229515E+03    0.8545480237E-06
   -0.4441127202E+03    0.8631594297E-06
   -0.4440024888E+03    0.8716989212E-06
   -0.4438922575E+03    0.8801641476E-06
   -0.4437820262E+03    0.8885527484E-06
   -0.4436717949E+03    0.8968623536E-06
   -0.4435615636E+03    0.9050905840E-06
   -0.4434513322E+03    0.9132350515E-06
   -0.4433411009E+03    0.9212933598E-06
   -0.4432308696E+03    0.9292631041E-06
   -0.4431206383E+03    0.9371418725E-06
   -0.4430104070E+03    0.9449272451E-06
   -0.4429001756E+03    0.9526167958E-06
   -0.4427899443E+03    0.9602080914E-06
   -0.4426797130E+03    0.9676986929E-06
   -0.4425694817E+03    0.9750861556E-06
   -0.4424592503E+03    0.9823680293E-06
   -0.4423490190E+03    0.9895418590E-06
   -0.4422387877E+03    0.9966051854E-06
   -0.4421285564E+03    0.1003555545E-05
   -0.4420183251E+03    0.1010390471E-05
   -0.4419080937E+03    0.1017107493E-05
   -0.4417978624E+03    0.1023704137E-05
   -0.4416876311E+03    0.1030177930E-05
   -0.4415773998E+03    0.1036526393E-05
   -0.4414671685E+03    0.1042747049E-05
   -0.4413569371E+03    0.1048837418E-05
   -0.4412467058E+03    0.1054795020E-05
   -0.4411364745E+03    0.1060617377E-05
   -0.4410262432E+03    0.1066302008E-05
   -0.4409160118E+03    0.1071846435E-05
   -0.4408057805E+03    0.1077248182E-05
   -0.4406955492E+03    0.1082504775E-05
   -0.4405853179E+03    0.1087613740E-05
   -0.4404750866E+03    0.1092572609E-05
   -0.4403648552E+03    0.1097378915E-05
   -0.4402546239E+03    0.1102030198E-05
   -0.4401443926E+03    0.1106524000E-05
   -0.4400341613E+03    0.1110857868E-05
   -0.4399239300E+03    0.1115029355E-05
   -0.4398136986E+03    0.1119036022E-05
   -0.4397034673E+03    0.1122875433E-05
   -0.4395932360E+03    0.1126545162E-05
   -0.4394830047E+03    0.1130042790E-05
   -0.4393727734E+03    0.1133365905E-05
   -0.4392625420E+03    0.1136512104E-05
   -0.4391523107E+03    0.1139478995E-05
   -0.4390420794E+03    0.1142264195E-05
   -0.4389318481E+03    0.1144865330E-05
   -0.4388216167E+03    0.1147280038E-05
   -0.4387113854E+03    0.1149505969E-05
   -0.4386011541E+03    0.1151540785E-05
   -0.4384909228E+03    0.1153382160E-05
   -0.4383806915E+03    0.1155027782E-05
   -0.4382704601E+03    0.1156475351E-05
   -0.4381602288E+03    0.1157722584E-05
   -0.4380499975E+03    0.1158767211E-05
   -0.4379397662E+03    0.1159606978E-05
   -0.4378295349E+03    0.1160239649E-05
   -0.4377193035E+03    0.1160663001E-05
   -0.4376090722E+03    0.1160874831E-05
   -0.4374988409E+03    0.1160872954E-05
   -0.4373886096E+03    0.1160655203E-05
   -0.4372783782E+03    0.1160219428E-05
   -0.4371681469E+03    0.1159563503E-05
   -0.4370579156E+03    0.1158685319E-05
   -0.4369476843E+03    0.1157582788E-05
   -0.4368374530E+03    0.1156253846E-05
   -0.4367272216E+03    0.1154696449E-05
   -0.4366169903E+03    0.1152908576E-05
   -0.4365067590E+03    0.1150888230E-05
   -0.4363965277E+03    0.1148633437E-05
   -0.4362862964E+03    0.1146142250E-05
   -0.4361760650E+03    0.1143412744E-05
   -0.4360658337E+03    0.1140443022E-05
   -0.4359556024E+03    0.1137231213E-05
   -0.4358453711E+03    0.1133775473E-05
   -0.4357351398E+03    0.1130073985E-05
   -0.4356249084E+03    0.1126124961E-05
   -0.4355146771E+03    0.1121926642E-05
   -0.4354044458E+03    0.1117477300E-05
   -0.4352942145E+03    0.1112775233E-05
   -0.4351839831E+03    0.1107818775E-05
   -0.4350737518E+03    0.1102606289E-05
   -0.4349635205E+03    0.1097136168E-05
   -0.4348532892E+03    0.1091406842E-05
   -0.4347430579E+03    0.1085416771E-05
   -0.4346328265E+03    0.1079164450E-05
   -0.4345225952E+03    0.1072648409E-05
   -0.4344123639E+03    0.1065867214E-05
   -0.4343021326E+03    0.1058819465E-05
   -0.4341919013E+03    0.1051503799E-05
   -0.4340816699E+03    0.1043918890E-05
   -0.4339714386E+03    0.1036063452E-05
   -0.4338612073E+03    0.1027936233E-05
   -0.4337509760E+03    0.1019536024E-05
   -0.4336407447E+03    0.1010861653E-05
   -0.4335305133E+03    0.1001911989E-05
   -0.4334202820E+03    0.9926859429E-06
   -0.4333100507E+03    0.9831824653E-06
   -0.4331998194E+03    0.9734005497E-06
   -0.4330895880E+03    0.9633392320E-06
   -0.4329793567E+03    0.9529975915E-06
   -0.4328691254E+03    0.9423747512E-06
   -0.4327588941E+03    0.9314698785E-06
   -0.4326486628E+03    0.9202821861E-06
   -0.4325384314E+03    0.9088109321E-06
   -0.4324282001E+03    0.8970554209E-06
   -0.4323179688E+03    0.8850150037E-06
   -0.4322077375E+03    0.8726890791E-06
   -0.4320975062E+03    0.8600770939E-06
   -0.4319872748E+03    0.8471785432E-06
   -0.4318770435E+03    0.8339929714E-06
   -0.4317668122E+03    0.8205199725E-06
   -0.4316565809E+03    0.8067591909E-06
   -0.4315463495E+03    0.7927103219E-06
   -0.4314361182E+03    0.7783731121E-06
   -0.4313258869E+03    0.7637473601E-06
   -0.4312156556E+03    0.7488329171E-06
   -0.4311054243E+03    0.7336296872E-06
   -0.4309951929E+03    0.7181376283E-06
   -0.4308849616E+03    0.7023567524E-06
   -0.4307747303E+03    0.6862871261E-06
   -0.4306644990E+03    0.6699288712E-06
   -0.4305542677E+03    0.6532821654E-06
   -0.4304440363E+03    0.6363472424E-06
   -0.4303338050E+03    0.6191243929E-06
   -0.4302235737E+03    0.6016139646E-06
   -0.4301133424E+03    0.5838163632E-06
   -0.4300031111E+03    0.5657320525E-06
   -0.4298928797E+03    0.5473615549E-06
   -0.4297826484E+03    0.5287054524E-06
   -0.4296724171E+03    0.5097643862E-06
   -0.4295621858E+03    0.4905390580E-06
   -0.4294519544E+03    0.4710302298E-06
   -0.4293417231E+03    0.4512387251E-06
   -0.4292314918E+03    0.4311654283E-06
   -0.4291212605E+03    0.4108112862E-06
   -0.4290110292E+03    0.3901773078E-06
   -0.4289007978E+03    0.3692645647E-06
   -0.4287905665E+03    0.3480741919E-06
   -0.4286803352E+03    0.3266073880E-06
   -0.4285701039E+03    0.3048654153E-06
   -0.4284598726E+03    0.2828496009E-06
   -0.4283496412E+03    0.2605613363E-06
   -0.4282394099E+03    0.2380020782E-06
   -0.4281291786E+03    0.2151733489E-06
   -0.4280189473E+03    0.1920767364E-06
   -0.4279087159E+03    0.1687138948E-06
   -0.4277984846E+03    0.1450865450E-06
   -0.4276882533E+03    0.1211964744E-06
   -0.4275780220E+03    0.9704553765E-07
   -0.4274677907E+03    0.7263565695E-07
   -0.4273575593E+03    0.4796882210E-07
   -0.4272473280E+03    0.2304709098E-07
   -0.4271370967E+03   -0.2127410252E-08
   -0.4270268654E+03   -0.2755248689E-07
   -0.4269166341E+03   -0.5322587541E-07
   -0.4268064027E+03   -0.7914524326E-07
   -0.4266961714E+03   -0.1053081886E-06
   -0.4265859401E+03   -0.1317122400E-06
   -0.4264757088E+03   -0.1583548566E-06
   -0.4263654775E+03   -0.1852334273E-06
   -0.4262552461E+03   -0.2123452712E-06
   -0.4261450148E+03   -0.2396876369E-06
   -0.4260347835E+03   -0.2672577028E-06
   -0.4259245522E+03   -0.2950525765E-06
   -0.4258143208E+03   -0.3230692952E-06
   -0.4257040895E+03   -0.3513048249E-06
   -0.4255938582E+03   -0.3797560610E-06
   -0.4254836269E+03   -0.4084198276E-06
   -0.4253733956E+03   -0.4372928779E-06
   -0.4252631642E+03   -0.4663718936E-06
   -0.4251529329E+03   -0.4956534854E-06
   -0.4250427016E+03   -0.5251341927E-06
   -0.4249324703E+03   -0.5548104832E-06
   -0.4248222390E+03   -0.5846787536E-06
   -0.4247120076E+03   -0.6147353291E-06
   -0.4246017763E+03   -0.6449764635E-06
   -0.4244915450E+03   -0.6753983392E-06
   -0.4243813137E+03   -0.7059970674E-06
   -0.4242710824E+03   -0.7367686878E-06
   -0.4241608510E+03   -0.7677091693E-06
   -0.4240506197E+03   -0.7988144091E-06
   -0.4239403884E+03   -0.8300802339E-06
   -0.4238301571E+03   -0.8615023991E-06
   -0.4237199257E+03   -0.8930765894E-06
   -0.4236096944E+03   -0.9247984187E-06
   -0.4234994631E+03   -0.9566634305E-06
   -0.4233892318E+03   -0.9886670978E-06
   -0.4232790005E+03   -0.1020804824E-05
   -0.4231687691E+03   -0.1053071940E-05
   -0.4230585378E+03   -0.1085463712E-05
   -0.4229483065E+03   -0.1117975331E-05
   -0.4228380752E+03   -0.1150601921E-05
   -0.4227278439E+03   -0.1183338539E-05
   -0.4226176125E+03   -0.1216180170E-05
   -0.4225073812E+03   -0.1249121732E-05
   -0.4223971499E+03   -0.1282158074E-05
   -0.4222869186E+03   -0.1315283978E-05
   -0.4221766872E+03   -0.1348494158E-05
   -0.4220664559E+03   -0.1381783260E-05
   -0.4219562246E+03   -0.1415145866E-05
   -0.4218459933E+03   -0.1448576488E-05
   -0.4217357620E+03   -0.1482069573E-05
   -0.4216255306E+03   -0.1515619504E-05
   -0.4215152993E+03   -0.1549220597E-05
   -0.4214050680E+03   -0.1582867103E-05
   -0.4212948367E+03   -0.1616553212E-05
   -0.4211846054E+03   -0.1650273045E-05
   -0.4210743740E+03   -0.1684020663E-05
   -0.4209641427E+03   -0.1717790065E-05
   -0.4208539114E+03   -0.1751575185E-05
   -0.4207436801E+03   -0.1785369897E-05
   -0.4206334488E+03   -0.1819168014E-05
   -0.4205232174E+03   -0.1852963287E-05
   -0.4204129861E+03   -0.1886749408E-05
   -0.4203027548E+03   -0.1920520011E-05
   -0.4201925235E+03   -0.1954268668E-05
   -0.4200822921E+03   -0.1987988896E-05
   -0.4199720608E+03   -0.2021674154E-05
   -0.4198618295E+03   -0.2055317843E-05
   -0.4197515982E+03   -0.2088913309E-05
   -0.4196413669E+03   -0.2122453842E-05
   -0.4195311355E+03   -0.2155932680E-05
   -0.4194209042E+03   -0.2189343003E-05
   -0.4193106729E+03   -0.2222677943E-05
   -0.4192004416E+03   -0.2255930575E-05
   -0.4190902103E+03   -0.2289093925E-05
   -0.4189799789E+03   -0.2322160970E-05
   -0.4188697476E+03   -0.2355124634E-05
   -0.4187595163E+03   -0.2387977795E-05
   -0.4186492850E+03   -0.2420713280E-05
   -0.4185390536E+03   -0.2453323873E-05
   -0.4184288223E+03   -0.2485802309E-05
   -0.4183185910E+03   -0.2518141277E-05
   -0.4182083597E+03   -0.2550333425E-05
   -0.4180981284E+03   -0.2582371356E-05
   -0.4179878970E+03   -0.2614247630E-05
   -0.4178776657E+03   -0.2645954766E-05
   -0.4177674344E+03   -0.2677485244E-05
   -0.4176572031E+03   -0.2708831504E-05
   -0.4175469718E+03   -0.2739985947E-05
   -0.4174367404E+03   -0.2770940939E-05
   -0.4173265091E+03   -0.2801688807E-05
   -0.4172162778E+03   -0.2832221847E-05
   -0.4171060465E+03   -0.2862532317E-05
   -0.4169958152E+03   -0.2892612445E-05
   -0.4168855838E+03   -0.2922454428E-05
   -0.4167753525E+03   -0.2952050432E-05
   -0.4166651212E+03   -0.2981392592E-05
   -0.4165548899E+03   -0.3010473017E-05
   -0.4164446585E+03   -0.3039283790E-05
   -0.4163344272E+03   -0.3067816968E-05
   -0.4162241959E+03   -0.3096064583E-05
   -0.4161139646E+03   -0.3124018645E-05
   -0.4160037333E+03   -0.3151671142E-05
   -0.4158935019E+03   -0.3179014042E-05
   -0.4157832706E+03   -0.3206039294E-05
   -0.4156730393E+03   -0.3232738830E-05
   -0.4155628080E+03   -0.3259104564E-05
   -0.4154525767E+03   -0.3285128398E-05
   -0.4153423453E+03   -0.3310802217E-05
   -0.4152321140E+03   -0.3336117898E-05
   -0.4151218827E+03   -0.3361067303E-05
   -0.4150116514E+03   -0.3385642288E-05
   -0.4149014201E+03   -0.3409834701E-05
   -0.4147911887E+03   -0.3433636382E-05
   -0.4146809574E+03   -0.3457039168E-05
   -0.4145707261E+03   -0.3480034891E-05
   -0.4144604948E+03   -0.3502615384E-05
   -0.4143502634E+03   -0.3524772475E-05
   -0.4142400321E+03   -0.3546497999E-05
   -0.4141298008E+03   -0.3567783789E-05
   -0.4140195695E+03   -0.3588621686E-05
   -0.4139093382E+03   -0.3609003535E-05
   -0.4137991068E+03   -0.3628921188E-05
   -0.4136888755E+03   -0.3648366509E-05
   -0.4135786442E+03   -0.3667331370E-05
   -0.4134684129E+03   -0.3685807657E-05
   -0.4133581816E+03   -0.3703787269E-05
   -0.4132479502E+03   -0.3721262123E-05
   -0.4131377189E+03   -0.3738224150E-05
   -0.4130274876E+03   -0.3754665304E-05
   -0.4129172563E+03   -0.3770577557E-05
   -0.4128070249E+03   -0.3785952904E-05
   -0.4126967936E+03   -0.3800783366E-05
   -0.4125865623E+03   -0.3815060988E-05
   -0.4124763310E+03   -0.3828777845E-05
   -0.4123660997E+03   -0.3841926038E-05
   -0.4122558683E+03   -0.3854497703E-05
   -0.4121456370E+03   -0.3866485007E-05
   -0.4120354057E+03   -0.3877880153E-05
   -0.4119251744E+03   -0.3888675379E-05
   -0.4118149431E+03   -0.3898862964E-05
   -0.4117047117E+03   -0.3908435225E-05
   -0.4115944804E+03   -0.3917384522E-05
   -0.4114842491E+03   -0.3925703259E-05
   -0.4113740178E+03   -0.3933383886E-05
   -0.4112637865E+03   -0.3940418900E-05
   -0.4111535551E+03   -0.3946800849E-05
   -0.4110433238E+03   -0.3952522331E-05
   -0.4109330925E+03   -0.3957575998E-05
   -0.4108228612E+03   -0.3961954556E-05
   -0.4107126298E+03   -0.3965650770E-05
   -0.4106023985E+03   -0.3968657462E-05
   -0.4104921672E+03   -0.3970967516E-05
   -0.4103819359E+03   -0.3972573880E-05
   -0.4102717046E+03   -0.3973469564E-05
   -0.4101614732E+03   -0.3973647646E-05
   -0.4100512419E+03   -0.3973101273E-05
   -0.4099410106E+03   -0.3971823661E-05
   -0.4098307793E+03   -0.3969808102E-05
   -0.4097205480E+03   -0.3967047957E-05
   -0.4096103166E+03   -0.3963536668E-05
   -0.4095000853E+03   -0.3959267753E-05
   -0.4093898540E+03   -0.3954234811E-05
   -0.4092796227E+03   -0.3948431522E-05
   -0.4091693913E+03   -0.3941851653E-05
   -0.4090591600E+03   -0.3934489053E-05
   -0.4089489287E+03   -0.3926337663E-05
   -0.4088386974E+03   -0.3917391511E-05
   -0.4087284661E+03   -0.3907644720E-05
   -0.4086182347E+03   -0.3897091504E-05
   -0.4085080034E+03   -0.3885726175E-05
   -0.4083977721E+03   -0.3873543142E-05
   -0.4082875408E+03   -0.3860536914E-05
   -0.4081773095E+03   -0.3846702103E-05
   -0.4080670781E+03   -0.3832033423E-05
   -0.4079568468E+03   -0.3816525695E-05
   -0.4078466155E+03   -0.3800173846E-05
   -0.4077363842E+03   -0.3782972916E-05
   -0.4076261529E+03   -0.3764918054E-05
   -0.4075159215E+03   -0.3746004524E-05
   -0.4074056902E+03   -0.3726227703E-05
   -0.4072954589E+03   -0.3705583089E-05
   -0.4071852276E+03   -0.3684066298E-05
   -0.4070749962E+03   -0.3661673067E-05
   -0.4069647649E+03   -0.3638399257E-05
   -0.4068545336E+03   -0.3614240853E-05
   -0.4067443023E+03   -0.3589193969E-05
   -0.4066340710E+03   -0.3563254847E-05
   -0.4065238396E+03   -0.3536419860E-05
   -0.4064136083E+03   -0.3508685513E-05
   -0.4063033770E+03   -0.3480048449E-05
   -0.4061931457E+03   -0.3450505445E-05
   -0.4060829144E+03   -0.3420053416E-05
   -0.4059726830E+03   -0.3388689419E-05
   -0.4058624517E+03   -0.3356410653E-05
   -0.4057522204E+03   -0.3323214461E-05
   -0.4056419891E+03   -0.3289098332E-05
   -0.4055317577E+03   -0.3254059903E-05
   -0.4054215264E+03   -0.3218096959E-05
   -0.4053112951E+03   -0.3181207439E-05
   -0.4052010638E+03   -0.3143389433E-05
   -0.4050908325E+03   -0.3104641187E-05
   -0.4049806011E+03   -0.3064961104E-05
   -0.4048703698E+03   -0.3024347745E-05
   -0.4047601385E+03   -0.2982799831E-05
   -0.4046499072E+03   -0.2940316246E-05
   -0.4045396759E+03   -0.2896896036E-05
   -0.4044294445E+03   -0.2852538413E-05
   -0.4043192132E+03   -0.2807242758E-05
   -0.4042089819E+03   -0.2761008617E-05
   -0.4040987506E+03   -0.2713835710E-05
   -0.4039885193E+03   -0.2665723927E-05
   -0.4038782879E+03   -0.2616673330E-05
   -0.4037680566E+03   -0.2566684161E-05
   -0.4036578253E+03   -0.2515756833E-05
   -0.4035475940E+03   -0.2463891942E-05
   -0.4034373626E+03   -0.2411090261E-05
   -0.4033271313E+03   -0.2357352745E-05
   -0.4032169000E+03   -0.2302680533E-05
   -0.4031066687E+03   -0.2247074946E-05
   -0.4029964374E+03   -0.2190537493E-05
   -0.4028862060E+03   -0.2133069869E-05
   -0.4027759747E+03   -0.2074673957E-05
   -0.4026657434E+03   -0.2015351833E-05
   -0.4025555121E+03   -0.1955105759E-05
   -0.4024452808E+03   -0.1893938196E-05
   -0.4023350494E+03   -0.1831851793E-05
   -0.4022248181E+03   -0.1768849399E-05
   -0.4021145868E+03   -0.1704934056E-05
   -0.4020043555E+03   -0.1640109006E-05
   -0.4018941242E+03   -0.1574377689E-05
   -0.4017838928E+03   -0.1507743746E-05
   -0.4016736615E+03   -0.1440211018E-05
   -0.4015634302E+03   -0.1371783549E-05
   -0.4014531989E+03   -0.1302465586E-05
   -0.4013429675E+03   -0.1232261583E-05
   -0.4012327362E+03   -0.1161176197E-05
   -0.4011225049E+03   -0.1089214292E-05
   -0.4010122736E+03   -0.1016380940E-05
   -0.4009020423E+03   -0.9426814228E-06
   -0.4007918109E+03   -0.8681212297E-06
   -0.4006815796E+03   -0.7927060617E-06
   -0.4005713483E+03   -0.7164418304E-06
   -0.4004611170E+03   -0.6393346600E-06
   -0.4003508857E+03   -0.5613908871E-06
   -0.4002406543E+03   -0.4826170622E-06
   -0.4001304230E+03   -0.4030199502E-06
   -0.4000201917E+03   -0.3226065308E-06
   -0.3999099604E+03   -0.2413839996E-06
   -0.3997997290E+03   -0.1593597685E-06
   -0.3996894977E+03   -0.7654146635E-07
   -0.3995792664E+03    0.7063060650E-08
   -0.3994690351E+03    0.9144574822E-07
   -0.3993588038E+03    0.1765983136E-06
   -0.3992485724E+03    0.2625122553E-06
   -0.3991383411E+03    0.3491788522E-06
   -0.3990281098E+03    0.4365891638E-06
   -0.3989178785E+03    0.5247340295E-06
   -0.3988076472E+03    0.6136040683E-06
   -0.3986974158E+03    0.7031896787E-06
   -0.3985871845E+03    0.7934810387E-06
   -0.3984769532E+03    0.8844681049E-06
   -0.3983667219E+03    0.9761406133E-06
   -0.3982564906E+03    0.1068488078E-05
   -0.3981462592E+03    0.1161499794E-05
   -0.3980360279E+03    0.1255164832E-05
   -0.3979257966E+03    0.1349472043E-05
   -0.3978155653E+03    0.1444410058E-05
   -0.3977053339E+03    0.1539967285E-05
   -0.3975951026E+03    0.1636131913E-05
   -0.3974848713E+03    0.1732891910E-05
   -0.3973746400E+03    0.1830235022E-05
   -0.3972644087E+03    0.1928148776E-05
   -0.3971541773E+03    0.2026620481E-05
   -0.3970439460E+03    0.2125637224E-05
   -0.3969337147E+03    0.2225185874E-05
   -0.3968234834E+03    0.2325253082E-05
   -0.3967132521E+03    0.2425825281E-05
   -0.3966030207E+03    0.2526888686E-05
   -0.3964927894E+03    0.2628429296E-05
   -0.3963825581E+03    0.2730432893E-05
   -0.3962723268E+03    0.2832885045E-05
   -0.3961620954E+03    0.2935771103E-05
   -0.3960518641E+03    0.3039076207E-05
   -0.3959416328E+03    0.3142785282E-05
   -0.3958314015E+03    0.3246883042E-05
   -0.3957211702E+03    0.3351353988E-05
   -0.3956109388E+03    0.3456182414E-05
   -0.3955007075E+03    0.3561352401E-05
   -0.3953904762E+03    0.3666847826E-05
   -0.3952802449E+03    0.3772652355E-05
   -0.3951700136E+03    0.3878749450E-05
   -0.3950597822E+03    0.3985122371E-05
   -0.3949495509E+03    0.4091754171E-05
   -0.3948393196E+03    0.4198627702E-05
   -0.3947290883E+03    0.4305725618E-05
   -0.3946188570E+03    0.4413030370E-05
   -0.3945086256E+03    0.4520524214E-05
   -0.3943983943E+03    0.4628189210E-05
   -0.3942881630E+03    0.4736007222E-05
   -0.3941779317E+03    0.4843959923E-05
   -0.3940677003E+03    0.4952028793E-05
   -0.3939574690E+03    0.5060195124E-05
   -0.3938472377E+03    0.5168440020E-05
   -0.3937370064E+03    0.5276744399E-05
   -0.3936267751E+03    0.5385088995E-05
   -0.3935165437E+03    0.5493454360E-05
   -0.3934063124E+03    0.5601820868E-05
   -0.3932960811E+03    0.5710168712E-05
   -0.3931858498E+03    0.5818477911E-05
   -0.3930756185E+03    0.5926728310E-05
   -0.3929653871E+03    0.6034899583E-05
   -0.3928551558E+03    0.6142971235E-05
   -0.3927449245E+03    0.6250922603E-05
   -0.3926346932E+03    0.6358732860E-05
   -0.3925244619E+03    0.6466381018E-05
   -0.3924142305E+03    0.6573845927E-05
   -0.3923039992E+03    0.6681106283E-05
   -0.3921937679E+03    0.6788140624E-05
   -0.3920835366E+03    0.6894927340E-05
   -0.3919733052E+03    0.7001444668E-05
   -0.3918630739E+03    0.7107670702E-05
   -0.3917528426E+03    0.7213583388E-05
   -0.3916426113E+03    0.7319160536E-05
   -0.3915323800E+03    0.7424379814E-05
   -0.3914221486E+03    0.7529218757E-05
   -0.3913119173E+03    0.7633654767E-05
   -0.3912016860E+03    0.7737665118E-05
   -0.3910914547E+03    0.7841226956E-05
   -0.3909812234E+03    0.7944317307E-05
   -0.3908709920E+03    0.8046913076E-05
   -0.3907607607E+03    0.8148991049E-05
   -0.3906505294E+03    0.8250527904E-05
   -0.3905402981E+03    0.8351500205E-05
   -0.3904300667E+03    0.8451884412E-05
   -0.3903198354E+03    0.8551656880E-05
   -0.3902096041E+03    0.8650793867E-05
   -0.3900993728E+03    0.8749271533E-05
   -0.3899891415E+03    0.8847065947E-05
   -0.3898789101E+03    0.8944153089E-05
   -0.3897686788E+03    0.9040508853E-05
   -0.3896584475E+03    0.9136109053E-05
   -0.3895482162E+03    0.9230929425E-05
   -0.3894379849E+03    0.9324945632E-05
   -0.3893277535E+03    0.9418133266E-05
   -0.3892175222E+03    0.9510467855E-05
   -0.3891072909E+03    0.9601924863E-05
   -0.3889970596E+03    0.9692479698E-05
   -0.3888868283E+03    0.9782107713E-05
   -0.3887765969E+03    0.9870784212E-05
   -0.3886663656E+03    0.9958484454E-05
   -0.3885561343E+03    0.1004518366E-04
   -0.3884459030E+03    0.1013085700E-04
   -0.3883356716E+03    0.1021547962E-04
   -0.3882254403E+03    0.1029902666E-04
   -0.3881152090E+03    0.1038147319E-04
   -0.3880049777E+03    0.1046279431E-04
   -0.3878947464E+03    0.1054296506E-04
   -0.3877845150E+03    0.1062196049E-04
   -0.3876742837E+03    0.1069975566E-04
   -0.3875640524E+03    0.1077632560E-04
   -0.3874538211E+03    0.1085164536E-04
   -0.3873435898E+03    0.1092568999E-04
   -0.3872333584E+03    0.1099843456E-04
   -0.3871231271E+03    0.1106985416E-04
   -0.3870128958E+03    0.1113992388E-04
   -0.3869026645E+03    0.1120861885E-04
   -0.3867924331E+03    0.1127591426E-04
   -0.3866822018E+03    0.1134178528E-04
   -0.3865719705E+03    0.1140620718E-04
   -0.3864617392E+03    0.1146915523E-04
   -0.3863515079E+03    0.1153060479E-04
   -0.3862412765E+03    0.1159053123E-04
   -0.3861310452E+03    0.1164891004E-04
   -0.3860208139E+03    0.1170571672E-04
   -0.3859105826E+03    0.1176092689E-04
   -0.3858003513E+03    0.1181451622E-04
   -0.3856901199E+03    0.1186646046E-04
   -0.3855798886E+03    0.1191673546E-04
   -0.3854696573E+03    0.1196531717E-04
   -0.3853594260E+03    0.1201218161E-04
   -0.3852491947E+03    0.1205730493E-04
   -0.3851389633E+03    0.1210066337E-04
   -0.3850287320E+03    0.1214223332E-04
   -0.3849185007E+03    0.1218199123E-04
   -0.3848082694E+03    0.1221991373E-04
   -0.3846980380E+03    0.1225597756E-04
   -0.3845878067E+03    0.1229015958E-04
   -0.3844775754E+03    0.1232243683E-04
   -0.3843673441E+03    0.1235278645E-04
   -0.3842571128E+03    0.1238118577E-04
   -0.3841468814E+03    0.1240761226E-04
   -0.3840366501E+03    0.1243204357E-04
   -0.3839264188E+03    0.1245445749E-04
   -0.3838161875E+03    0.1247483202E-04
   -0.3837059562E+03    0.1249314531E-04
   -0.3835957248E+03    0.1250937571E-04
   -0.3834854935E+03    0.1252350177E-04
   -0.3833752622E+03    0.1253550223E-04
   -0.3832650309E+03    0.1254535602E-04
   -0.3831547996E+03    0.1255304231E-04
   -0.3830445682E+03    0.1255854044E-04
   -0.3829343369E+03    0.1256183002E-04
   -0.3828241056E+03    0.1256289085E-04
   -0.3827138743E+03    0.1256170298E-04
   -0.3826036429E+03    0.1255824669E-04
   -0.3824934116E+03    0.1255250250E-04
   -0.3823831803E+03    0.1254445118E-04
   -0.3822729490E+03    0.1253407377E-04
   -0.3821627177E+03    0.1252135155E-04
   -0.3820524863E+03    0.1250626609E-04
   -0.3819422550E+03    0.1248879920E-04
   -0.3818320237E+03    0.1246893299E-04
   -0.3817217924E+03    0.1244664985E-04
   -0.3816115611E+03    0.1242193245E-04
   -0.3815013297E+03    0.1239476378E-04
   -0.3813910984E+03    0.1236512710E-04
   -0.3812808671E+03    0.1233300599E-04
   -0.3811706358E+03    0.1229838435E-04
   -0.3810604044E+03    0.1226124638E-04
   -0.3809501731E+03    0.1222157662E-04
   -0.3808399418E+03    0.1217935993E-04
   -0.3807297105E+03    0.1213458150E-04
   -0.3806194792E+03    0.1208722688E-04
   -0.3805092478E+03    0.1203728195E-04
   -0.3803990165E+03    0.1198473295E-04
   -0.3802887852E+03    0.1192956647E-04
   -0.3801785539E+03    0.1187176946E-04
   -0.3800683226E+03    0.1181132925E-04
   -0.3799580912E+03    0.1174823354E-04
   -0.3798478599E+03    0.1168247042E-04
   -0.3797376286E+03    0.1161402833E-04
   -0.3796273973E+03    0.1154289615E-04
   -0.3795171660E+03    0.1146906311E-04
   -0.3794069346E+03    0.1139251888E-04
   -0.3792967033E+03    0.1131325351E-04
   -0.3791864720E+03    0.1123125748E-04
   -0.3790762407E+03    0.1114652167E-04
   -0.3789660093E+03    0.1105903739E-04
   -0.3788557780E+03    0.1096879640E-04
   -0.3787455467E+03    0.1087579086E-04
   -0.3786353154E+03    0.1078001338E-04
   -0.3785250841E+03    0.1068145703E-04
   -0.3784148527E+03    0.1058011531E-04
   -0.3783046214E+03    0.1047598218E-04
   -0.3781943901E+03    0.1036905207E-04
   -0.3780841588E+03    0.1025931984E-04
   -0.3779739275E+03    0.1014678086E-04
   -0.3778636961E+03    0.1003143096E-04
   -0.3777534648E+03    0.9913266430E-05
   -0.3776432335E+03    0.9792284073E-05
   -0.3775330022E+03    0.9668481162E-05
   -0.3774227708E+03    0.9541855468E-05
   -0.3773125395E+03    0.9412405261E-05
   -0.3772023082E+03    0.9280129312E-05
   -0.3770920769E+03    0.9145026899E-05
   -0.3769818456E+03    0.9007097812E-05
   -0.3768716142E+03    0.8866342358E-05
   -0.3767613829E+03    0.8722761362E-05
   -0.3766511516E+03    0.8576356175E-05
   -0.3765409203E+03    0.8427128678E-05
   -0.3764306890E+03    0.8275081283E-05
   -0.3763204576E+03    0.8120216942E-05
   -0.3762102263E+03    0.7962539145E-05
   -0.3760999950E+03    0.7802051929E-05
   -0.3759897637E+03    0.7638759883E-05
   -0.3758795324E+03    0.7472668144E-05
   -0.3757693010E+03    0.7303782409E-05
   -0.3756590697E+03    0.7132108937E-05
   -0.3755488384E+03    0.6957654548E-05
   -0.3754386071E+03    0.6780426633E-05
   -0.3753283757E+03    0.6600433152E-05
   -0.3752181444E+03    0.6417682642E-05
   -0.3751079131E+03    0.6232184216E-05
   -0.3749976818E+03    0.6043947571E-05
   -0.3748874505E+03    0.5852982987E-05
   -0.3747772191E+03    0.5659301332E-05
   -0.3746669878E+03    0.5462914065E-05
   -0.3745567565E+03    0.5263833240E-05
   -0.3744465252E+03    0.5062071504E-05
   -0.3743362939E+03    0.4857642108E-05
   -0.3742260625E+03    0.4650558902E-05
   -0.3741158312E+03    0.4440836341E-05
   -0.3740055999E+03    0.4228489489E-05
   -0.3738953686E+03    0.4013534017E-05
   -0.3737851373E+03    0.3795986209E-05
   -0.3736749059E+03    0.3575862963E-05
   -0.3735646746E+03    0.3353181793E-05
   -0.3734544433E+03    0.3127960833E-05
   -0.3733442120E+03    0.2900218833E-05
   -0.3732339806E+03    0.2669975169E-05
   -0.3731237493E+03    0.2437249840E-05
   -0.3730135180E+03    0.2202063467E-05
   -0.3729032867E+03    0.1964437302E-05
   -0.3727930554E+03    0.1724393222E-05
   -0.3726828240E+03    0.1481953736E-05
   -0.3725725927E+03    0.1237141983E-05
   -0.3724623614E+03    0.9899817322E-06
   -0.3723521301E+03    0.7404973875E-06
   -0.3722418988E+03    0.4887139858E-06
   -0.3721316674E+03    0.2346571983E-06
   -0.3720214361E+03   -0.2164666842E-07
   -0.3719112048E+03   -0.2801706724E-06
   -0.3718009735E+03   -0.5408872356E-06
   -0.3716907421E+03   -0.8037681434E-06
   -0.3715805108E+03   -0.1068784545E-05
   -0.3714702795E+03   -0.1335906952E-05
   -0.3713600482E+03   -0.1605105242E-05
   -0.3712498169E+03   -0.1876348652E-05
   -0.3711395855E+03   -0.2149605788E-05
   -0.3710293542E+03   -0.2424844615E-05
   -0.3709191229E+03   -0.2702032466E-05
   -0.3708088916E+03   -0.2981136039E-05
   -0.3706986603E+03   -0.3262121398E-05
   -0.3705884289E+03   -0.3544953974E-05
   -0.3704781976E+03   -0.3829598567E-05
   -0.3703679663E+03   -0.4116019344E-05
   -0.3702577350E+03   -0.4404179845E-05
   -0.3701475037E+03   -0.4694042980E-05
   -0.3700372723E+03   -0.4985571035E-05
   -0.3699270410E+03   -0.5278725669E-05
   -0.3698168097E+03   -0.5573467918E-05
   -0.3697065784E+03   -0.5869758199E-05
   -0.3695963470E+03   -0.6167556307E-05
   -0.3694861157E+03   -0.6466821422E-05
   -0.3693758844E+03   -0.6767512110E-05
   -0.3692656531E+03   -0.7069586323E-05
   -0.3691554218E+03   -0.7373001405E-05
   -0.3690451904E+03   -0.7677714092E-05
   -0.3689349591E+03   -0.7983680518E-05
   -0.3688247278E+03   -0.8290856214E-05
   -0.3687144965E+03   -0.8599196114E-05
   -0.3686042652E+03   -0.8908654559E-05
   -0.3684940338E+03   -0.9219185296E-05
   -0.3683838025E+03   -0.9530741488E-05
   -0.3682735712E+03   -0.9843275711E-05
   -0.3681633399E+03   -0.1015673996E-04
   -0.3680531085E+03   -0.1047108566E-04
   -0.3679428772E+03   -0.1078626367E-04
   -0.3678326459E+03   -0.1110222425E-04
   -0.3677224146E+03   -0.1141891713E-04
   -0.3676121833E+03   -0.1173629147E-04
   -0.3675019519E+03   -0.1205429588E-04
   -0.3673917206E+03   -0.1237287841E-04
   -0.3672814893E+03   -0.1269198657E-04
   -0.3671712580E+03   -0.1301156734E-04
   -0.3670610267E+03   -0.1333156715E-04
   -0.3669507953E+03   -0.1365193193E-04
   -0.3668405640E+03   -0.1397260704E-04
   -0.3667303327E+03   -0.1429353738E-04
   -0.3666201014E+03   -0.1461466729E-04
   -0.3665098701E+03   -0.1493594062E-04
   -0.3663996387E+03   -0.1525730074E-04
   -0.3662894074E+03   -0.1557869050E-04
   -0.3661791761E+03   -0.1590005228E-04
   -0.3660689448E+03   -0.1622132797E-04
   -0.3659587134E+03   -0.1654245900E-04
   -0.3658484821E+03   -0.1686338630E-04
   -0.3657382508E+03   -0.1718405039E-04
   -0.3656280195E+03   -0.1750439131E-04
   -0.3655177882E+03   -0.1782434863E-04
   -0.3654075568E+03   -0.1814386154E-04
   -0.3652973255E+03   -0.1846286875E-04
   -0.3651870942E+03   -0.1878130857E-04
   -0.3650768629E+03   -0.1909911889E-04
   -0.3649666316E+03   -0.1941623720E-04
   -0.3648564002E+03   -0.1973260057E-04
   -0.3647461689E+03   -0.2004814571E-04
   -0.3646359376E+03   -0.2036280892E-04
   -0.3645257063E+03   -0.2067652614E-04
   -0.3644154750E+03   -0.2098923296E-04
   -0.3643052436E+03   -0.2130086458E-04
   -0.3641950123E+03   -0.2161135587E-04
   -0.3640847810E+03   -0.2192064138E-04
   -0.3639745497E+03   -0.2222865529E-04
   -0.3638643183E+03   -0.2253533150E-04
   -0.3637540870E+03   -0.2284060359E-04
   -0.3636438557E+03   -0.2314440482E-04
   -0.3635336244E+03   -0.2344666817E-04
   -0.3634233931E+03   -0.2374732636E-04
   -0.3633131617E+03   -0.2404631182E-04
   -0.3632029304E+03   -0.2434355671E-04
   -0.3630926991E+03   -0.2463899296E-04
   -0.3629824678E+03   -0.2493255225E-04
   -0.3628722365E+03   -0.2522416604E-04
   -0.3627620051E+03   -0.2551376556E-04
   -0.3626517738E+03   -0.2580128184E-04
   -0.3625415425E+03   -0.2608664570E-04
   -0.3624313112E+03   -0.2636978781E-04
   -0.3623210798E+03   -0.2665063862E-04
   -0.3622108485E+03   -0.2692912845E-04
   -0.3621006172E+03   -0.2720518746E-04
   -0.3619903859E+03   -0.2747874565E-04
   -0.3618801546E+03   -0.2774973293E-04
   -0.3617699232E+03   -0.2801807907E-04
   -0.3616596919E+03   -0.2828371373E-04
   -0.3615494606E+03   -0.2854656649E-04
   -0.3614392293E+03   -0.2880656686E-04
   -0.3613289980E+03   -0.2906364424E-04
   -0.3612187666E+03   -0.2931772803E-04
   -0.3611085353E+03   -0.2956874756E-04
   -0.3609983040E+03   -0.2981663211E-04
   -0.3608880727E+03   -0.3006131098E-04
   -0.3607778414E+03   -0.3030271344E-04
   -0.3606676100E+03   -0.3054076879E-04
   -0.3605573787E+03   -0.3077540632E-04
   -0.3604471474E+03   -0.3100655538E-04
   -0.3603369161E+03   -0.3123414537E-04
   -0.3602266847E+03   -0.3145810573E-04
   -0.3601164534E+03   -0.3167836599E-04
   -0.3600062221E+03   -0.3189485576E-04
   -0.3598959908E+03   -0.3210750475E-04
   -0.3597857595E+03   -0.3231624282E-04
   -0.3596755281E+03   -0.3252099990E-04
   -0.3595652968E+03   -0.3272170611E-04
   -0.3594550655E+03   -0.3291829170E-04
   -0.3593448342E+03   -0.3311068712E-04
   -0.3592346029E+03   -0.3329882297E-04
   -0.3591243715E+03   -0.3348263008E-04
   -0.3590141402E+03   -0.3366203949E-04
   -0.3589039089E+03   -0.3383698244E-04
   -0.3587936776E+03   -0.3400739045E-04
   -0.3586834462E+03   -0.3417319527E-04
   -0.3585732149E+03   -0.3433432895E-04
   -0.3584629836E+03   -0.3449072380E-04
   -0.3583527523E+03   -0.3464231244E-04
   -0.3582425210E+03   -0.3478902782E-04
   -0.3581322896E+03   -0.3493080320E-04
   -0.3580220583E+03   -0.3506757220E-04
   -0.3579118270E+03   -0.3519926880E-04
   -0.3578015957E+03   -0.3532582736E-04
   -0.3576913644E+03   -0.3544718263E-04
   -0.3575811330E+03   -0.3556326974E-04
   -0.3574709017E+03   -0.3567402429E-04
   -0.3573606704E+03   -0.3577938228E-04
   -0.3572504391E+03   -0.3587928018E-04
   -0.3571402078E+03   -0.3597365493E-04
   -0.3570299764E+03   -0.3606244393E-04
   -0.3569197451E+03   -0.3614558510E-04
   -0.3568095138E+03   -0.3622301688E-04
   -0.3566992825E+03   -0.3629467822E-04
   -0.3565890511E+03   -0.3636050862E-04
   -0.3564788198E+03   -0.3642044815E-04
   -0.3563685885E+03   -0.3647443745E-04
   -0.3562583572E+03   -0.3652241775E-04
   -0.3561481259E+03   -0.3656433089E-04
   -0.3560378945E+03   -0.3660011934E-04
   -0.3559276632E+03   -0.3662972620E-04
   -0.3558174319E+03   -0.3665309521E-04
   -0.3557072006E+03   -0.3667017081E-04
   -0.3555969693E+03   -0.3668089811E-04
   -0.3554867379E+03   -0.3668522292E-04
   -0.3553765066E+03   -0.3668309176E-04
   -0.3552662753E+03   -0.3667445190E-04
   -0.3551560440E+03   -0.3665925134E-04
   -0.3550458127E+03   -0.3663743886E-04
   -0.3549355813E+03   -0.3660896401E-04
   -0.3548253500E+03   -0.3657377713E-04
   -0.3547151187E+03   -0.3653182938E-04
   -0.3546048874E+03   -0.3648307274E-04
   -0.3544946560E+03   -0.3642746003E-04
   -0.3543844247E+03   -0.3636494493E-04
   -0.3542741934E+03   -0.3629548200E-04
   -0.3541639621E+03   -0.3621902666E-04
   -0.3540537308E+03   -0.3613553526E-04
   -0.3539434994E+03   -0.3604496506E-04
   -0.3538332681E+03   -0.3594727426E-04
   -0.3537230368E+03   -0.3584242198E-04
   -0.3536128055E+03   -0.3573036834E-04
   -0.3535025742E+03   -0.3561107442E-04
   -0.3533923428E+03   -0.3548450229E-04
   -0.3532821115E+03   -0.3535061504E-04
   -0.3531718802E+03   -0.3520937678E-04
   -0.3530616489E+03   -0.3506075265E-04
   -0.3529514175E+03   -0.3490470885E-04
   -0.3528411862E+03   -0.3474121265E-04
   -0.3527309549E+03   -0.3457023241E-04
   -0.3526207236E+03   -0.3439173756E-04
   -0.3525104923E+03   -0.3420569867E-04
   -0.3524002609E+03   -0.3401208741E-04
   -0.3522900296E+03   -0.3381087662E-04
   -0.3521797983E+03   -0.3360204027E-04
   -0.3520695670E+03   -0.3338555350E-04
   -0.3519593357E+03   -0.3316139265E-04
   -0.3518491043E+03   -0.3292953523E-04
   -0.3517388730E+03   -0.3268995998E-04
   -0.3516286417E+03   -0.3244264685E-04
   -0.3515184104E+03   -0.3218757704E-04
   -0.3514081791E+03   -0.3192473299E-04
   -0.3512979477E+03   -0.3165409841E-04
   -0.3511877164E+03   -0.3137565827E-04
   -0.3510774851E+03   -0.3108939885E-04
   -0.3509672538E+03   -0.3079530772E-04
   -0.3508570224E+03   -0.3049337377E-04
   -0.3507467911E+03   -0.3018358722E-04
   -0.3506365598E+03   -0.2986593962E-04
   -0.3505263285E+03   -0.2954042387E-04
   -0.3504160972E+03   -0.2920703426E-04
   -0.3503058658E+03   -0.2886576643E-04
   -0.3501956345E+03   -0.2851661741E-04
   -0.3500854032E+03   -0.2815958565E-04
   -0.3499751719E+03   -0.2779467098E-04
   -0.3498649406E+03   -0.2742187468E-04
   -0.3497547092E+03   -0.2704119946E-04
   -0.3496444779E+03   -0.2665264945E-04
   -0.3495342466E+03   -0.2625623026E-04
   -0.3494240153E+03   -0.2585194897E-04
   -0.3493137839E+03   -0.2543981410E-04
   -0.3492035526E+03   -0.2501983571E-04
   -0.3490933213E+03   -0.2459202531E-04
   -0.3489830900E+03   -0.2415639594E-04
   -0.3488728587E+03   -0.2371296215E-04
   -0.3487626273E+03   -0.2326174002E-04
   -0.3486523960E+03   -0.2280274716E-04
   -0.3485421647E+03   -0.2233600271E-04
   -0.3484319334E+03   -0.2186152739E-04
   -0.3483217021E+03   -0.2137934347E-04
   -0.3482114707E+03   -0.2088947478E-04
   -0.3481012394E+03   -0.2039194674E-04
   -0.3479910081E+03   -0.1988678634E-04
   -0.3478807768E+03   -0.1937402219E-04
   -0.3477705455E+03   -0.1885368446E-04
   -0.3476603141E+03   -0.1832580497E-04
   -0.3475500828E+03   -0.1779041713E-04
   -0.3474398515E+03   -0.1724755598E-04
   -0.3473296202E+03   -0.1669725817E-04
   -0.3472193888E+03   -0.1613956202E-04
   -0.3471091575E+03   -0.1557450745E-04
   -0.3469989262E+03   -0.1500213606E-04
   -0.3468886949E+03   -0.1442249108E-04
   -0.3467784636E+03   -0.1383561740E-04
   -0.3466682322E+03   -0.1324156158E-04
   -0.3465580009E+03   -0.1264037183E-04
   -0.3464477696E+03   -0.1203209804E-04
   -0.3463375383E+03   -0.1141679178E-04
   -0.3462273070E+03   -0.1079450630E-04
   -0.3461170756E+03   -0.1016529651E-04
   -0.3460068443E+03   -0.9529219024E-05
   -0.3458966130E+03   -0.8886332143E-05
   -0.3457863817E+03   -0.8236695853E-05
   -0.3456761503E+03   -0.7580371837E-05
   -0.3455659190E+03   -0.6917423472E-05
   -0.3454556877E+03   -0.6247915832E-05
   -0.3453454564E+03   -0.5571915690E-05
   -0.3452352251E+03   -0.4889491519E-05
   -0.3451249937E+03   -0.4200713494E-05
   -0.3450147624E+03   -0.3505653489E-05
   -0.3449045311E+03   -0.2804385081E-05
   -0.3447942998E+03   -0.2096983551E-05
   -0.3446840685E+03   -0.1383525877E-05
   -0.3445738371E+03   -0.6640907419E-06
   -0.3444636058E+03    0.6124147407E-07
   -0.3443533745E+03    0.7923886910E-06
   -0.3442431432E+03    0.1529267132E-05
   -0.3441329119E+03    0.2271791326E-05
   -0.3440226805E+03    0.3019874108E-05
   -0.3439124492E+03    0.3773426624E-05
   -0.3438022179E+03    0.4532358330E-05
   -0.3436919866E+03    0.5296577002E-05
   -0.3435817552E+03    0.6065988732E-05
   -0.3434715239E+03    0.6840497938E-05
   -0.3433612926E+03    0.7620007363E-05
   -0.3432510613E+03    0.8404418085E-05
   -0.3431408300E+03    0.9193629517E-05
   -0.3430305986E+03    0.9987539416E-05
   -0.3429203673E+03    0.1078604389E-04
   -0.3428101360E+03    0.1158903739E-04
   -0.3426999047E+03    0.1239641274E-04
   -0.3425896734E+03    0.1320806113E-04
   -0.3424794420E+03    0.1402387211E-04
   -0.3423692107E+03    0.1484373364E-04
   -0.3422589794E+03    0.1566753203E-04
   -0.3421487481E+03    0.1649515203E-04
   -0.3420385168E+03    0.1732647676E-04
   -0.3419282854E+03    0.1816138777E-04
   -0.3418180541E+03    0.1899976504E-04
   -0.3417078228E+03    0.1984148698E-04
   -0.3415975915E+03    0.2068643043E-04
   -0.3414873601E+03    0.2153447070E-04
   -0.3413771288E+03    0.2238548156E-04
   -0.3412668975E+03    0.2323933524E-04
   -0.3411566662E+03    0.2409590249E-04
   -0.3410464349E+03    0.2495505252E-04
   -0.3409362035E+03    0.2581665308E-04
   -0.3408259722E+03    0.2668057043E-04
   -0.3407157409E+03    0.2754666937E-04
   -0.3406055096E+03    0.2841481323E-04
   -0.3404952783E+03    0.2928486394E-04
   -0.3403850469E+03    0.3015668197E-04
   -0.3402748156E+03    0.3103012640E-04
   -0.3401645843E+03    0.3190505491E-04
   -0.3400543530E+03    0.3278132381E-04
   -0.3399441216E+03    0.3365878802E-04
   -0.3398338903E+03    0.3453730115E-04
   -0.3397236590E+03    0.3541671544E-04
   -0.3396134277E+03    0.3629688184E-04
   -0.3395031964E+03    0.3717765000E-04
   -0.3393929650E+03    0.3805886826E-04
   -0.3392827337E+03    0.3894038373E-04
   -0.3391725024E+03    0.3982204226E-04
   -0.3390622711E+03    0.4070368847E-04
   -0.3389520398E+03    0.4158516578E-04
   -0.3388418084E+03    0.4246631641E-04
   -0.3387315771E+03    0.4334698142E-04
   -0.3386213458E+03    0.4422700071E-04
   -0.3385111145E+03    0.4510621306E-04
   -0.3384008832E+03    0.4598445613E-04
   -0.3382906518E+03    0.4686156650E-04
   -0.3381804205E+03    0.4773737967E-04
   -0.3380701892E+03    0.4861173012E-04
   -0.3379599579E+03    0.4948445127E-04
   -0.3378497265E+03    0.5035537556E-04
   -0.3377394952E+03    0.5122433446E-04
   -0.3376292639E+03    0.5209115847E-04
   -0.3375190326E+03    0.5295567716E-04
   -0.3374088013E+03    0.5381771919E-04
   -0.3372985699E+03    0.5467711234E-04
   -0.3371883386E+03    0.5553368353E-04
   -0.3370781073E+03    0.5638725883E-04
   -0.3369678760E+03    0.5723766354E-04
   -0.3368576447E+03    0.5808472212E-04
   -0.3367474133E+03    0.5892825832E-04
   -0.3366371820E+03    0.5976809513E-04
   -0.3365269507E+03    0.6060405485E-04
   -0.3364167194E+03    0.6143595908E-04
   -0.3363064880E+03    0.6226362878E-04
   -0.3361962567E+03    0.6308688430E-04
   -0.3360860254E+03    0.6390554538E-04
   -0.3359757941E+03    0.6471943117E-04
   -0.3358655628E+03    0.6552836032E-04
   -0.3357553314E+03    0.6633215095E-04
   -0.3356451001E+03    0.6713062069E-04
   -0.3355348688E+03    0.6792358672E-04
   -0.3354246375E+03    0.6871086582E-04
   -0.3353144062E+03    0.6949227434E-04
   -0.3352041748E+03    0.7026762830E-04
   -0.3350939435E+03    0.7103674336E-04
   -0.3349837122E+03    0.7179943490E-04
   -0.3348734809E+03    0.7255551802E-04
   -0.3347632496E+03    0.7330480759E-04
   -0.3346530182E+03    0.7404711826E-04
   -0.3345427869E+03    0.7478226451E-04
   -0.3344325556E+03    0.7551006069E-04
   -0.3343223243E+03    0.7623032102E-04
   -0.3342120929E+03    0.7694285965E-04
   -0.3341018616E+03    0.7764749069E-04
   -0.3339916303E+03    0.7834402825E-04
   -0.3338813990E+03    0.7903228643E-04
   -0.3337711677E+03    0.7971207942E-04
   -0.3336609363E+03    0.8038322149E-04
   -0.3335507050E+03    0.8104552702E-04
   -0.3334404737E+03    0.8169881058E-04
   -0.3333302424E+03    0.8234288690E-04
   -0.3332200111E+03    0.8297757098E-04
   -0.3331097797E+03    0.8360267805E-04
   -0.3329995484E+03    0.8421802365E-04
   -0.3328893171E+03    0.8482342367E-04
   -0.3327790858E+03    0.8541869435E-04
   -0.3326688545E+03    0.8600365237E-04
   -0.3325586231E+03    0.8657811481E-04
   -0.3324483918E+03    0.8714189928E-04
   -0.3323381605E+03    0.8769482387E-04
   -0.3322279292E+03    0.8823670725E-04
   -0.3321176978E+03    0.8876736865E-04
   -0.3320074665E+03    0.8928662797E-04
   -0.3318972352E+03    0.8979430576E-04
   -0.3317870039E+03    0.9029022325E-04
   -0.3316767726E+03    0.9077420244E-04
   -0.3315665412E+03    0.9124606611E-04
   -0.3314563099E+03    0.9170563784E-04
   -0.3313460786E+03    0.9215274208E-04
   -0.3312358473E+03    0.9258720416E-04
   -0.3311256160E+03    0.9300885036E-04
   -0.3310153846E+03    0.9341750792E-04
   -0.3309051533E+03    0.9381300509E-04
   -0.3307949220E+03    0.9419517117E-04
   -0.3306846907E+03    0.9456383654E-04
   -0.3305744593E+03    0.9491883272E-04
   -0.3304642280E+03    0.9525999239E-04
   -0.3303539967E+03    0.9558714943E-04
   -0.3302437654E+03    0.9590013895E-04
   -0.3301335341E+03    0.9619879737E-04
   -0.3300233027E+03    0.9648296241E-04
   -0.3299130714E+03    0.9675247317E-04
   -0.3298028401E+03    0.9700717013E-04
   -0.3296926088E+03    0.9724689522E-04
   -0.3295823775E+03    0.9747149185E-04
   -0.3294721461E+03    0.9768080495E-04
   -0.3293619148E+03    0.9787468099E-04
   -0.3292516835E+03    0.9805296807E-04
   -0.3291414522E+03    0.9821551589E-04
   -0.3290312209E+03    0.9836217587E-04
   -0.3289209895E+03    0.9849280110E-04
   -0.3288107582E+03    0.9860724645E-04
   -0.3287005269E+03    0.9870536859E-04
   -0.3285902956E+03    0.9878702601E-04
   -0.3284800642E+03    0.9885207909E-04
   -0.3283698329E+03    0.9890039009E-04
   -0.3282596016E+03    0.9893182327E-04
   -0.3281493703E+03    0.9894624483E-04
   -0.3280391390E+03    0.9894352305E-04
   -0.3279289076E+03    0.9892352824E-04
   -0.3278186763E+03    0.9888613284E-04
   -0.3277084450E+03    0.9883121143E-04
   -0.3275982137E+03    0.9875864078E-04
   -0.3274879824E+03    0.9866829987E-04
   -0.3273777510E+03    0.9856006997E-04
   -0.3272675197E+03    0.9843383463E-04
   -0.3271572884E+03    0.9828947974E-04
   -0.3270470571E+03    0.9812689357E-04
   -0.3269368257E+03    0.9794596683E-04
   -0.3268265944E+03    0.9774659264E-04
   -0.3267163631E+03    0.9752866664E-04
   -0.3266061318E+03    0.9729208700E-04
   -0.3264959005E+03    0.9703675444E-04
   -0.3263856691E+03    0.9676257229E-04
   -0.3262754378E+03    0.9646944653E-04
   -0.3261652065E+03    0.9615728579E-04
   -0.3260549752E+03    0.9582600145E-04
   -0.3259447439E+03    0.9547550760E-04
   -0.3258345125E+03    0.9510572114E-04
   -0.3257242812E+03    0.9471656178E-04
   -0.3256140499E+03    0.9430795210E-04
   -0.3255038186E+03    0.9387981756E-04
   -0.3253935873E+03    0.9343208653E-04
   -0.3252833559E+03    0.9296469038E-04
   -0.3251731246E+03    0.9247756344E-04
   -0.3250628933E+03    0.9197064309E-04
   -0.3249526620E+03    0.9144386977E-04
   -0.3248424306E+03    0.9089718700E-04
   -0.3247321993E+03    0.9033054145E-04
   -0.3246219680E+03    0.8974388294E-04
   -0.3245117367E+03    0.8913716450E-04
   -0.3244015054E+03    0.8851034238E-04
   -0.3242912740E+03    0.8786337607E-04
   -0.3241810427E+03    0.8719622838E-04
   -0.3240708114E+03    0.8650886542E-04
   -0.3239605801E+03    0.8580125668E-04
   -0.3238503488E+03    0.8507337499E-04
   -0.3237401174E+03    0.8432519663E-04
   -0.3236298861E+03    0.8355670130E-04
   -0.3235196548E+03    0.8276787219E-04
   -0.3234094235E+03    0.8195869596E-04
   -0.3232991922E+03    0.8112916284E-04
   -0.3231889608E+03    0.8027926657E-04
   -0.3230787295E+03    0.7940900451E-04
   -0.3229684982E+03    0.7851837761E-04
   -0.3228582669E+03    0.7760739047E-04
   -0.3227480355E+03    0.7667605133E-04
   -0.3226378042E+03    0.7572437214E-04
   -0.3225275729E+03    0.7475236855E-04
   -0.3224173416E+03    0.7376005995E-04
   -0.3223071103E+03    0.7274746951E-04
   -0.3221968789E+03    0.7171462415E-04
   -0.3220866476E+03    0.7066155462E-04
   -0.3219764163E+03    0.6958829551E-04
   -0.3218661850E+03    0.6849488523E-04
   -0.3217559537E+03    0.6738136609E-04
   -0.3216457223E+03    0.6624778430E-04
   -0.3215354910E+03    0.6509418995E-04
   -0.3214252597E+03    0.6392063709E-04
   -0.3213150284E+03    0.6272718373E-04
   -0.3212047970E+03    0.6151389183E-04
   -0.3210945657E+03    0.6028082736E-04
   -0.3209843344E+03    0.5902806029E-04
   -0.3208741031E+03    0.5775566460E-04
   -0.3207638718E+03    0.5646371834E-04
   -0.3206536404E+03    0.5515230358E-04
   -0.3205434091E+03    0.5382150649E-04
   -0.3204331778E+03    0.5247141732E-04
   -0.3203229465E+03    0.5110213040E-04
   -0.3202127152E+03    0.4971374419E-04
   -0.3201024838E+03    0.4830636127E-04
   -0.3199922525E+03    0.4688008835E-04
   -0.3198820212E+03    0.4543503629E-04
   -0.3197717899E+03    0.4397132010E-04
   -0.3196615586E+03    0.4248905898E-04
   -0.3195513272E+03    0.4098837627E-04
   -0.3194410959E+03    0.3946939952E-04
   -0.3193308646E+03    0.3793226047E-04
   -0.3192206333E+03    0.3637709503E-04
   -0.3191104019E+03    0.3480404335E-04
   -0.3190001706E+03    0.3321324977E-04
   -0.3188899393E+03    0.3160486285E-04
   -0.3187797080E+03    0.2997903536E-04
   -0.3186694767E+03    0.2833592430E-04
   -0.3185592453E+03    0.2667569089E-04
   -0.3184490140E+03    0.2499850058E-04
   -0.3183387827E+03    0.2330452303E-04
   -0.3182285514E+03    0.2159393214E-04
   -0.3181183201E+03    0.1986690604E-04
   -0.3180080887E+03    0.1812362708E-04
   -0.3178978574E+03    0.1636428183E-04
   -0.3177876261E+03    0.1458906107E-04
   -0.3176773948E+03    0.1279815980E-04
   -0.3175671634E+03    0.1099177726E-04
   -0.3174569321E+03    0.9170116850E-05
   -0.3173467008E+03    0.7333386199E-05
   -0.3172364695E+03    0.5481797119E-05
   -0.3171262382E+03    0.3615565609E-05
   -0.3170160068E+03    0.1734911844E-05
   -0.3169057755E+03   -0.1599398365E-06
   -0.3167955442E+03   -0.2068760933E-05
   -0.3166853129E+03   -0.3991318802E-05
   -0.3165750816E+03   -0.5927376667E-05
   -0.3164648502E+03   -0.7876693628E-05
   -0.3163546189E+03   -0.9839024681E-05
   -0.3162443876E+03   -0.1181412073E-04
   -0.3161341563E+03   -0.1380172859E-04
   -0.3160239250E+03   -0.1580159102E-04
   -0.3159136936E+03   -0.1781344676E-04
   -0.3158034623E+03   -0.1983703047E-04
   -0.3156932310E+03   -0.2187207286E-04
   -0.3155829997E+03   -0.2391830060E-04
   -0.3154727683E+03   -0.2597543643E-04
   -0.3153625370E+03   -0.2804319912E-04
   -0.3152523057E+03   -0.3012130352E-04
   -0.3151420744E+03   -0.3220946060E-04
   -0.3150318431E+03   -0.3430737741E-04
   -0.3149216117E+03   -0.3641475718E-04
   -0.3148113804E+03   -0.3853129931E-04
   -0.3147011491E+03   -0.4065669938E-04
   -0.3145909178E+03   -0.4279064921E-04
   -0.3144806865E+03   -0.4493283688E-04
   -0.3143704551E+03   -0.4708294674E-04
   -0.3142602238E+03   -0.4924065946E-04
   -0.3141499925E+03   -0.5140565206E-04
   -0.3140397612E+03   -0.5357759792E-04
   -0.3139295299E+03   -0.5575616686E-04
   -0.3138192985E+03   -0.5794102512E-04
   -0.3137090672E+03   -0.6013183540E-04
   -0.3135988359E+03   -0.6232825696E-04
   -0.3134886046E+03   -0.6452994558E-04
   -0.3133783732E+03   -0.6673655361E-04
   -0.3132681419E+03   -0.6894773007E-04
   -0.3131579106E+03   -0.7116312060E-04
   -0.3130476793E+03   -0.7338236756E-04
   -0.3129374480E+03   -0.7560511006E-04
   -0.3128272166E+03   -0.7783098399E-04
   -0.3127169853E+03   -0.8005962206E-04
   -0.3126067540E+03   -0.8229065386E-04
   -0.3124965227E+03   -0.8452370589E-04
   -0.3123862914E+03   -0.8675840161E-04
   -0.3122760600E+03   -0.8899436150E-04
   -0.3121658287E+03   -0.9123120306E-04
   -0.3120555974E+03   -0.9346854093E-04
   -0.3119453661E+03   -0.9570598686E-04
   -0.3118351347E+03   -0.9794314984E-04
   -0.3117249034E+03   -0.1001796361E-03
   -0.3116146721E+03   -0.1024150491E-03
   -0.3115044408E+03   -0.1046489897E-03
   -0.3113942095E+03   -0.1068810563E-03
   -0.3112839781E+03   -0.1091108445E-03
   -0.3111737468E+03   -0.1113379476E-03
   -0.3110635155E+03   -0.1135619564E-03
   -0.3109532842E+03   -0.1157824593E-03
   -0.3108430529E+03   -0.1179990425E-03
   -0.3107328215E+03   -0.1202112898E-03
   -0.3106225902E+03   -0.1224187828E-03
   -0.3105123589E+03   -0.1246211012E-03
   -0.3104021276E+03   -0.1268178222E-03
   -0.3102918963E+03   -0.1290085212E-03
   -0.3101816649E+03   -0.1311927719E-03
   -0.3100714336E+03   -0.1333701456E-03
   -0.3099612023E+03   -0.1355402121E-03
   -0.3098509710E+03   -0.1377025394E-03
   -0.3097407396E+03   -0.1398566936E-03
   -0.3096305083E+03   -0.1420022394E-03
   -0.3095202770E+03   -0.1441387398E-03
   -0.3094100457E+03   -0.1462657564E-03
   -0.3092998144E+03   -0.1483828491E-03
   -0.3091895830E+03   -0.1504895768E-03
   -0.3090793517E+03   -0.1525854967E-03
   -0.3089691204E+03   -0.1546701653E-03
   -0.3088588891E+03   -0.1567431373E-03
   -0.3087486578E+03   -0.1588039668E-03
   -0.3086384264E+03   -0.1608522068E-03
   -0.3085281951E+03   -0.1628874091E-03
   -0.3084179638E+03   -0.1649091250E-03
   -0.3083077325E+03   -0.1669169047E-03
   -0.3081975011E+03   -0.1689102978E-03
   -0.3080872698E+03   -0.1708888534E-03
   -0.3079770385E+03   -0.1728521197E-03
   -0.3078668072E+03   -0.1747996448E-03
   -0.3077565759E+03   -0.1767309760E-03
   -0.3076463445E+03   -0.1786456606E-03
   -0.3075361132E+03   -0.1805432455E-03
   -0.3074258819E+03   -0.1824232773E-03
   -0.3073156506E+03   -0.1842853028E-03
   -0.3072054193E+03   -0.1861288686E-03
   -0.3070951879E+03   -0.1879535212E-03
   -0.3069849566E+03   -0.1897588077E-03
   -0.3068747253E+03   -0.1915442749E-03
   -0.3067644940E+03   -0.1933094704E-03
   -0.3066542627E+03   -0.1950539418E-03
   -0.3065440313E+03   -0.1967772374E-03
   -0.3064338000E+03   -0.1984789061E-03
   -0.3063235687E+03   -0.2001584973E-03
   -0.3062133374E+03   -0.2018155611E-03
   -0.3061031060E+03   -0.2034496486E-03
   -0.3059928747E+03   -0.2050603118E-03
   -0.3058826434E+03   -0.2066471035E-03
   -0.3057724121E+03   -0.2082095777E-03
   -0.3056621808E+03   -0.2097472896E-03
   -0.3055519494E+03   -0.2112597956E-03
   -0.3054417181E+03   -0.2127466534E-03
   -0.3053314868E+03   -0.2142074222E-03
   -0.3052212555E+03   -0.2156416627E-03
   -0.3051110242E+03   -0.2170489373E-03
   -0.3050007928E+03   -0.2184288100E-03
   -0.3048905615E+03   -0.2197808464E-03
   -0.3047803302E+03   -0.2211046144E-03
   -0.3046700989E+03   -0.2223996835E-03
   -0.3045598676E+03   -0.2236656255E-03
   -0.3044496362E+03   -0.2249020142E-03
   -0.3043394049E+03   -0.2261084257E-03
   -0.3042291736E+03   -0.2272844384E-03
   -0.3041189423E+03   -0.2284296333E-03
   -0.3040087109E+03   -0.2295435935E-03
   -0.3038984796E+03   -0.2306259052E-03
   -0.3037882483E+03   -0.2316761570E-03
   -0.3036780170E+03   -0.2326939403E-03
   -0.3035677857E+03   -0.2336788495E-03
   -0.3034575543E+03   -0.2346304820E-03
   -0.3033473230E+03   -0.2355484381E-03
   -0.3032370917E+03   -0.2364323215E-03
   -0.3031268604E+03   -0.2372817388E-03
   -0.3030166291E+03   -0.2380963003E-03
   -0.3029063977E+03   -0.2388756196E-03
   -0.3027961664E+03   -0.2396193139E-03
   -0.3026859351E+03   -0.2403270038E-03
   -0.3025757038E+03   -0.2409983139E-03
   -0.3024654724E+03   -0.2416328725E-03
   -0.3023552411E+03   -0.2422303118E-03
   -0.3022450098E+03   -0.2427902679E-03
   -0.3021347785E+03   -0.2433123812E-03
   -0.3020245472E+03   -0.2437962962E-03
   -0.3019143158E+03   -0.2442416616E-03
   -0.3018040845E+03   -0.2446481304E-03
   -0.3016938532E+03   -0.2450153604E-03
   -0.3015836219E+03   -0.2453430136E-03
   -0.3014733906E+03   -0.2456307568E-03
   -0.3013631592E+03   -0.2458782614E-03
   -0.3012529279E+03   -0.2460852039E-03
   -0.3011426966E+03   -0.2462512655E-03
   -0.3010324653E+03   -0.2463761323E-03
   -0.3009222340E+03   -0.2464594959E-03
   -0.3008120026E+03   -0.2465010527E-03
   -0.3007017713E+03   -0.2465005045E-03
   -0.3005915400E+03   -0.2464575585E-03
   -0.3004813087E+03   -0.2463719274E-03
   -0.3003710773E+03   -0.2462433293E-03
   -0.3002608460E+03   -0.2460714881E-03
   -0.3001506147E+03   -0.2458561333E-03
   -0.3000403834E+03   -0.2455970003E-03
   -0.2999301521E+03   -0.2452938303E-03
   -0.2998199207E+03   -0.2449463705E-03
   -0.2997096894E+03   -0.2445543743E-03
   -0.2995994581E+03   -0.2441176010E-03
   -0.2994892268E+03   -0.2436358164E-03
   -0.2993789955E+03   -0.2431087924E-03
   -0.2992687641E+03   -0.2425363076E-03
   -0.2991585328E+03   -0.2419181468E-03
   -0.2990483015E+03   -0.2412541015E-03
   -0.2989380702E+03   -0.2405439698E-03
   -0.2988278388E+03   -0.2397875566E-03
   -0.2987176075E+03   -0.2389846737E-03
   -0.2986073762E+03   -0.2381351395E-03
   -0.2984971449E+03   -0.2372387796E-03
   -0.2983869136E+03   -0.2362954268E-03
   -0.2982766822E+03   -0.2353049207E-03
   -0.2981664509E+03   -0.2342671083E-03
   -0.2980562196E+03   -0.2331818438E-03
   -0.2979459883E+03   -0.2320489889E-03
   -0.2978357570E+03   -0.2308684127E-03
   -0.2977255256E+03   -0.2296399916E-03
   -0.2976152943E+03   -0.2283636099E-03
   -0.2975050630E+03   -0.2270391592E-03
   -0.2973948317E+03   -0.2256665393E-03
   -0.2972846004E+03   -0.2242456574E-03
   -0.2971743690E+03   -0.2227764286E-03
   -0.2970641377E+03   -0.2212587762E-03
   -0.2969539064E+03   -0.2196926312E-03
   -0.2968436751E+03   -0.2180779329E-03
   -0.2967334437E+03   -0.2164146286E-03
   -0.2966232124E+03   -0.2147026738E-03
   -0.2965129811E+03   -0.2129420324E-03
   -0.2964027498E+03   -0.2111326764E-03
   -0.2962925185E+03   -0.2092745864E-03
   -0.2961822871E+03   -0.2073677514E-03
   -0.2960720558E+03   -0.2054121687E-03
   -0.2959618245E+03   -0.2034078446E-03
   -0.2958515932E+03   -0.2013547935E-03
   -0.2957413619E+03   -0.1992530388E-03
   -0.2956311305E+03   -0.1971026126E-03
   -0.2955208992E+03   -0.1949035556E-03
   -0.2954106679E+03   -0.1926559177E-03
   -0.2953004366E+03   -0.1903597574E-03
   -0.2951902053E+03   -0.1880151420E-03
   -0.2950799739E+03   -0.1856221483E-03
   -0.2949697426E+03   -0.1831808615E-03
   -0.2948595113E+03   -0.1806913764E-03
   -0.2947492800E+03   -0.1781537966E-03
   -0.2946390486E+03   -0.1755682350E-03
   -0.2945288173E+03   -0.1729348137E-03
   -0.2944185860E+03   -0.1702536640E-03
   -0.2943083547E+03   -0.1675249265E-03
   -0.2941981234E+03   -0.1647487512E-03
   -0.2940878920E+03   -0.1619252972E-03
   -0.2939776607E+03   -0.1590547334E-03
   -0.2938674294E+03   -0.1561372377E-03
   -0.2937571981E+03   -0.1531729978E-03
   -0.2936469668E+03   -0.1501622106E-03
   -0.2935367354E+03   -0.1471050827E-03
   -0.2934265041E+03   -0.1440018303E-03
   -0.2933162728E+03   -0.1408526789E-03
   -0.2932060415E+03   -0.1376578639E-03
   -0.2930958101E+03   -0.1344176300E-03
   -0.2929855788E+03   -0.1311322318E-03
   -0.2928753475E+03   -0.1278019334E-03
   -0.2927651162E+03   -0.1244270087E-03
   -0.2926548849E+03   -0.1210077410E-03
   -0.2925446535E+03   -0.1175444237E-03
   -0.2924344222E+03   -0.1140373596E-03
   -0.2923241909E+03   -0.1104868614E-03
   -0.2922139596E+03   -0.1068932515E-03
   -0.2921037283E+03   -0.1032568618E-03
   -0.2919934969E+03   -0.9957803438E-04
   -0.2918832656E+03   -0.9585712073E-04
   -0.2917730343E+03   -0.9209448222E-04
   -0.2916628030E+03   -0.8829048995E-04
   -0.2915525717E+03   -0.8444552478E-04
   -0.2914423403E+03   -0.8055997732E-04
   -0.2913321090E+03   -0.7663424791E-04
   -0.2912218777E+03   -0.7266874663E-04
   -0.2911116464E+03   -0.6866389331E-04
   -0.2910014150E+03   -0.6462011746E-04
   -0.2908911837E+03   -0.6053785834E-04
   -0.2907809524E+03   -0.5641756488E-04
   -0.2906707211E+03   -0.5225969568E-04
   -0.2905604898E+03   -0.4806471901E-04
   -0.2904502584E+03   -0.4383311280E-04
   -0.2903400271E+03   -0.3956536456E-04
   -0.2902297958E+03   -0.3526197143E-04
   -0.2901195645E+03   -0.3092344012E-04
   -0.2900093332E+03   -0.2655028686E-04
   -0.2898991018E+03   -0.2214303743E-04
   -0.2897888705E+03   -0.1770222707E-04
   -0.2896786392E+03   -0.1322840048E-04
   -0.2895684079E+03   -0.8722111788E-05
   -0.2894581765E+03   -0.4183924503E-05
   -0.2893479452E+03    0.3855885253E-06
   -0.2892377139E+03    0.4985845142E-05
   -0.2891274826E+03    0.9616253927E-05
   -0.2890172513E+03    0.1427621424E-04
   -0.2889070199E+03    0.1896511628E-04
   -0.2887967886E+03    0.2368234111E-04
   -0.2886865573E+03    0.2842726070E-04
   -0.2885763260E+03    0.3319923805E-04
   -0.2884660947E+03    0.3799762713E-04
   -0.2883558633E+03    0.4282177303E-04
   -0.2882456320E+03    0.4767101198E-04
   -0.2881354007E+03    0.5254467142E-04
   -0.2880251694E+03    0.5744207004E-04
   -0.2879149381E+03    0.6236251787E-04
   -0.2878047067E+03    0.6730531632E-04
   -0.2876944754E+03    0.7226975828E-04
   -0.2875842441E+03    0.7725512817E-04
   -0.2874740128E+03    0.8226070201E-04
   -0.2873637814E+03    0.8728574749E-04
   -0.2872535501E+03    0.9232952406E-04
   -0.2871433188E+03    0.9739128300E-04
   -0.2870330875E+03    0.1024702675E-03
   -0.2869228562E+03    0.1075657127E-03
   -0.2868126248E+03    0.1126768460E-03
   -0.2867023935E+03    0.1178028866E-03
   -0.2865921622E+03    0.1229430463E-03
   -0.2864819309E+03    0.1280965290E-03
   -0.2863716996E+03    0.1332625312E-03
   -0.2862614682E+03    0.1384402419E-03
   -0.2861512369E+03    0.1436288425E-03
   -0.2860410056E+03    0.1488275074E-03
   -0.2859307743E+03    0.1540354036E-03
   -0.2858205429E+03    0.1592516912E-03
   -0.2857103116E+03    0.1644755231E-03
   -0.2856000803E+03    0.1697060455E-03
   -0.2854898490E+03    0.1749423977E-03
   -0.2853796177E+03    0.1801837125E-03
   -0.2852693863E+03    0.1854291159E-03
   -0.2851591550E+03    0.1906777278E-03
   -0.2850489237E+03    0.1959286614E-03
   -0.2849386924E+03    0.2011810239E-03
   -0.2848284611E+03    0.2064339164E-03
   -0.2847182297E+03    0.2116864340E-03
   -0.2846079984E+03    0.2169376659E-03
   -0.2844977671E+03    0.2221866957E-03
   -0.2843875358E+03    0.2274326012E-03
   -0.2842773045E+03    0.2326744550E-03
   -0.2841670731E+03    0.2379113241E-03
   -0.2840568418E+03    0.2431422703E-03
   -0.2839466105E+03    0.2483663506E-03
   -0.2838363792E+03    0.2535826166E-03
   -0.2837261478E+03    0.2587901156E-03
   -0.2836159165E+03    0.2639878898E-03
   -0.2835056852E+03    0.2691749770E-03
   -0.2833954539E+03    0.2743504108E-03
   -0.2832852226E+03    0.2795132203E-03
   -0.2831749912E+03    0.2846624305E-03
   -0.2830647599E+03    0.2897970626E-03
   -0.2829545286E+03    0.2949161339E-03
   -0.2828442973E+03    0.3000186581E-03
   -0.2827340660E+03    0.3051036452E-03
   -0.2826238346E+03    0.3101701022E-03
   -0.2825136033E+03    0.3152170324E-03
   -0.2824033720E+03    0.3202434365E-03
   -0.2822931407E+03    0.3252483121E-03
   -0.2821829094E+03    0.3302306541E-03
   -0.2820726780E+03    0.3351894549E-03
   -0.2819624467E+03    0.3401237044E-03
   -0.2818522154E+03    0.3450323902E-03
   -0.2817419841E+03    0.3499144979E-03
   -0.2816317527E+03    0.3547690113E-03
   -0.2815215214E+03    0.3595949123E-03
   -0.2814112901E+03    0.3643911813E-03
   -0.2813010588E+03    0.3691567972E-03
   -0.2811908275E+03    0.3738907377E-03
   -0.2810805961E+03    0.3785919796E-03
   -0.2809703648E+03    0.3832594986E-03
   -0.2808601335E+03    0.3878922697E-03
   -0.2807499022E+03    0.3924892675E-03
   -0.2806396709E+03    0.3970494662E-03
   -0.2805294395E+03    0.4015718398E-03
   -0.2804192082E+03    0.4060553623E-03
   -0.2803089769E+03    0.4104990079E-03
   -0.2801987456E+03    0.4149017511E-03
   -0.2800885142E+03    0.4192625670E-03
   -0.2799782829E+03    0.4235804316E-03
   -0.2798680516E+03    0.4278543216E-03
   -0.2797578203E+03    0.4320832148E-03
   -0.2796475890E+03    0.4362660905E-03
   -0.2795373576E+03    0.4404019294E-03
   -0.2794271263E+03    0.4444897137E-03
   -0.2793168950E+03    0.4485284278E-03
   -0.2792066637E+03    0.4525170578E-03
   -0.2790964324E+03    0.4564545923E-03
   -0.2789862010E+03    0.4603400224E-03
   -0.2788759697E+03    0.4641723415E-03
   -0.2787657384E+03    0.4679505463E-03
   -0.2786555071E+03    0.4716736361E-03
   -0.2785452758E+03    0.4753406136E-03
   -0.2784350444E+03    0.4789504851E-03
   -0.2783248131E+03    0.4825022603E-03
   -0.2782145818E+03    0.4859949527E-03
   -0.2781043505E+03    0.4894275800E-03
   -0.2779941191E+03    0.4927991639E-03
   -0.2778838878E+03    0.4961087308E-03
   -0.2777736565E+03    0.4993553113E-03
   -0.2776634252E+03    0.5025379414E-03
   -0.2775531939E+03    0.5056556615E-03
   -0.2774429625E+03    0.5087075176E-03
   -0.2773327312E+03    0.5116925612E-03
   -0.2772224999E+03    0.5146098490E-03
   -0.2771122686E+03    0.5174584439E-03
   -0.2770020373E+03    0.5202374148E-03
   -0.2768918059E+03    0.5229458367E-03
   -0.2767815746E+03    0.5255827910E-03
   -0.2766713433E+03    0.5281473659E-03
   -0.2765611120E+03    0.5306386564E-03
   -0.2764508806E+03    0.5330557644E-03
   -0.2763406493E+03    0.5353977993E-03
   -0.2762304180E+03    0.5376638777E-03
   -0.2761201867E+03    0.5398531241E-03
   -0.2760099554E+03    0.5419646705E-03
   -0.2758997240E+03    0.5439976574E-03
   -0.2757894927E+03    0.5459512333E-03
   -0.2756792614E+03    0.5478245551E-03
   -0.2755690301E+03    0.5496167886E-03
   -0.2754587988E+03    0.5513271083E-03
   -0.2753485674E+03    0.5529546979E-03
   -0.2752383361E+03    0.5544987502E-03
   -0.2751281048E+03    0.5559584675E-03
   -0.2750178735E+03    0.5573330621E-03
   -0.2749076422E+03    0.5586217556E-03
   -0.2747974108E+03    0.5598237802E-03
   -0.2746871795E+03    0.5609383782E-03
   -0.2745769482E+03    0.5619648021E-03
   -0.2744667169E+03    0.5629023155E-03
   -0.2743564855E+03    0.5637501926E-03
   -0.2742462542E+03    0.5645077187E-03
   -0.2741360229E+03    0.5651741904E-03
   -0.2740257916E+03    0.5657489157E-03
   -0.2739155603E+03    0.5662312143E-03
   -0.2738053289E+03    0.5666204177E-03
   -0.2736950976E+03    0.5669158695E-03
   -0.2735848663E+03    0.5671169253E-03
   -0.2734746350E+03    0.5672229535E-03
   -0.2733644037E+03    0.5672333347E-03
   -0.2732541723E+03    0.5671474625E-03
   -0.2731439410E+03    0.5669647435E-03
   -0.2730337097E+03    0.5666845973E-03
   -0.2729234784E+03    0.5663064570E-03
   -0.2728132471E+03    0.5658297691E-03
   -0.2727030157E+03    0.5652539939E-03
   -0.2725927844E+03    0.5645786056E-03
   -0.2724825531E+03    0.5638030924E-03
   -0.2723723218E+03    0.5629269567E-03
   -0.2722620904E+03    0.5619497155E-03
   -0.2721518591E+03    0.5608709003E-03
   -0.2720416278E+03    0.5596900573E-03
   -0.2719313965E+03    0.5584067478E-03
   -0.2718211652E+03    0.5570205480E-03
   -0.2717109338E+03    0.5555310496E-03
   -0.2716007025E+03    0.5539378596E-03
   -0.2714904712E+03    0.5522406007E-03
   -0.2713802399E+03    0.5504389113E-03
   -0.2712700086E+03    0.5485324458E-03
   -0.2711597772E+03    0.5465208747E-03
   -0.2710495459E+03    0.5444038847E-03
   -0.2709393146E+03    0.5421811789E-03
   -0.2708290833E+03    0.5398524771E-03
   -0.2707188519E+03    0.5374175156E-03
   -0.2706086206E+03    0.5348760478E-03
   -0.2704983893E+03    0.5322278440E-03
   -0.2703881580E+03    0.5294726915E-03
   -0.2702779267E+03    0.5266103952E-03
   -0.2701676953E+03    0.5236407773E-03
   -0.2700574640E+03    0.5205636775E-03
   -0.2699472327E+03    0.5173789534E-03
   -0.2698370014E+03    0.5140864803E-03
   -0.2697267701E+03    0.5106861515E-03
   -0.2696165387E+03    0.5071778785E-03
   -0.2695063074E+03    0.5035615910E-03
   -0.2693960761E+03    0.4998372370E-03
   -0.2692858448E+03    0.4960047832E-03
   -0.2691756135E+03    0.4920642146E-03
   -0.2690653821E+03    0.4880155350E-03
   -0.2689551508E+03    0.4838587673E-03
   -0.2688449195E+03    0.4795939531E-03
   -0.2687346882E+03    0.4752211532E-03
   -0.2686244568E+03    0.4707404473E-03
   -0.2685142255E+03    0.4661519346E-03
   -0.2684039942E+03    0.4614557337E-03
   -0.2682937629E+03    0.4566519825E-03
   -0.2681835316E+03    0.4517408386E-03
   -0.2680733002E+03    0.4467224793E-03
   -0.2679630689E+03    0.4415971013E-03
   -0.2678528376E+03    0.4363649215E-03
   -0.2677426063E+03    0.4310261765E-03
   -0.2676323750E+03    0.4255811231E-03
   -0.2675221436E+03    0.4200300379E-03
   -0.2674119123E+03    0.4143732178E-03
   -0.2673016810E+03    0.4086109799E-03
   -0.2671914497E+03    0.4027436616E-03
   -0.2670812183E+03    0.3967716205E-03
   -0.2669709870E+03    0.3906952347E-03
   -0.2668607557E+03    0.3845149028E-03
   -0.2667505244E+03    0.3782310440E-03
   -0.2666402931E+03    0.3718440977E-03
   -0.2665300617E+03    0.3653545243E-03
   -0.2664198304E+03    0.3587628047E-03
   -0.2663095991E+03    0.3520694405E-03
   -0.2661993678E+03    0.3452749541E-03
   -0.2660891365E+03    0.3383798885E-03
   -0.2659789051E+03    0.3313848076E-03
   -0.2658686738E+03    0.3242902963E-03
   -0.2657584425E+03    0.3170969601E-03
   -0.2656482112E+03    0.3098054254E-03
   -0.2655379799E+03    0.3024163397E-03
   -0.2654277485E+03    0.2949303711E-03
   -0.2653175172E+03    0.2873482088E-03
   -0.2652072859E+03    0.2796705628E-03
   -0.2650970546E+03    0.2718981642E-03
   -0.2649868232E+03    0.2640317648E-03
   -0.2648765919E+03    0.2560721375E-03
   -0.2647663606E+03    0.2480200758E-03
   -0.2646561293E+03    0.2398763945E-03
   -0.2645458980E+03    0.2316419288E-03
   -0.2644356666E+03    0.2233175351E-03
   -0.2643254353E+03    0.2149040905E-03
   -0.2642152040E+03    0.2064024929E-03
   -0.2641049727E+03    0.1978136609E-03
   -0.2639947414E+03    0.1891385339E-03
   -0.2638845100E+03    0.1803780720E-03
   -0.2637742787E+03    0.1715332557E-03
   -0.2636640474E+03    0.1626050864E-03
   -0.2635538161E+03    0.1535945858E-03
   -0.2634435848E+03    0.1445027963E-03
   -0.2633333534E+03    0.1353307806E-03
   -0.2632231221E+03    0.1260796216E-03
   -0.2631128908E+03    0.1167504228E-03
   -0.2630026595E+03    0.1073443076E-03
   -0.2628924281E+03    0.9786241979E-04
   -0.2627821968E+03    0.8830592306E-04
   -0.2626719655E+03    0.7867600113E-04
   -0.2625617342E+03    0.6897385759E-04
   -0.2624515029E+03    0.5920071581E-04
   -0.2623412715E+03    0.4935781889E-04
   -0.2622310402E+03    0.3944642947E-04
   -0.2621208089E+03    0.2946782973E-04
   -0.2620105776E+03    0.1942332119E-04
   -0.2619003463E+03    0.9314224646E-05
   -0.2617901149E+03   -0.8581199453E-06
   -0.2616798836E+03   -0.1109235361E-04
   -0.2615696523E+03   -0.2138709848E-04
   -0.2614594210E+03   -0.3174095789E-04
   -0.2613491896E+03   -0.4215251656E-04
   -0.2612389583E+03   -0.5262034070E-04
   -0.2611287270E+03   -0.6314297817E-04
   -0.2610184957E+03   -0.7371895860E-04
   -0.2609082644E+03   -0.8434679356E-04
   -0.2607980330E+03   -0.9502497672E-04
   -0.2606878017E+03   -0.1057519840E-03
   -0.2605775704E+03   -0.1165262737E-03
   -0.2604673391E+03   -0.1273462868E-03
   -0.2603571078E+03   -0.1382104468E-03
   -0.2602468764E+03   -0.1491171605E-03
   -0.2601366451E+03   -0.1600648174E-03
   -0.2600264138E+03   -0.1710517904E-03
   -0.2599161825E+03   -0.1820764362E-03
   -0.2598059512E+03   -0.1931370946E-03
   -0.2596957198E+03   -0.2042320898E-03
   -0.2595854885E+03   -0.2153597296E-03
   -0.2594752572E+03   -0.2265183063E-03
   -0.2593650259E+03   -0.2377060968E-03
   -0.2592547945E+03   -0.2489213623E-03
   -0.2591445632E+03   -0.2601623492E-03
   -0.2590343319E+03   -0.2714272888E-03
   -0.2589241006E+03   -0.2827143980E-03
   -0.2588138693E+03   -0.2940218789E-03
   -0.2587036379E+03   -0.3053479197E-03
   -0.2585934066E+03   -0.3166906945E-03
   -0.2584831753E+03   -0.3280483637E-03
   -0.2583729440E+03   -0.3394190741E-03
   -0.2582627127E+03   -0.3508009593E-03
   -0.2581524813E+03   -0.3621921399E-03
   -0.2580422500E+03   -0.3735907239E-03
   -0.2579320187E+03   -0.3849948066E-03
   -0.2578217874E+03   -0.3964024711E-03
   -0.2577115560E+03   -0.4078117887E-03
   -0.2576013247E+03   -0.4192208188E-03
   -0.2574910934E+03   -0.4306276094E-03
   -0.2573808621E+03   -0.4420301976E-03
   -0.2572706308E+03   -0.4534266093E-03
   -0.2571603994E+03   -0.4648148600E-03
   -0.2570501681E+03   -0.4761929548E-03
   -0.2569399368E+03   -0.4875588889E-03
   -0.2568297055E+03   -0.4989106478E-03
   -0.2567194742E+03   -0.5102462073E-03
   -0.2566092428E+03   -0.5215635345E-03
   -0.2564990115E+03   -0.5328605872E-03
   -0.2563887802E+03   -0.5441353152E-03
   -0.2562785489E+03   -0.5553856597E-03
   -0.2561683176E+03   -0.5666095542E-03
   -0.2560580862E+03   -0.5778049246E-03
   -0.2559478549E+03   -0.5889696895E-03
   -0.2558376236E+03   -0.6001017606E-03
   -0.2557273923E+03   -0.6111990431E-03
   -0.2556171609E+03   -0.6222594356E-03
   -0.2555069296E+03   -0.6332808312E-03
   -0.2553966983E+03   -0.6442611170E-03
   -0.2552864670E+03   -0.6551981752E-03
   -0.2551762357E+03   -0.6660898826E-03
   -0.2550660043E+03   -0.6769341119E-03
   -0.2549557730E+03   -0.6877287313E-03
   -0.2548455417E+03   -0.6984716051E-03
   -0.2547353104E+03   -0.7091605942E-03
   -0.2546250791E+03   -0.7197935561E-03
   -0.2545148477E+03   -0.7303683457E-03
   -0.2544046164E+03   -0.7408828153E-03
   -0.2542943851E+03   -0.7513348151E-03
   -0.2541841538E+03   -0.7617221937E-03
   -0.2540739225E+03   -0.7720427980E-03
   -0.2539636911E+03   -0.7822944744E-03
   -0.2538534598E+03   -0.7924750681E-03
   -0.2537432285E+03   -0.8025824245E-03
   -0.2536329972E+03   -0.8126143889E-03
   -0.2535227658E+03   -0.8225688071E-03
   -0.2534125345E+03   -0.8324435258E-03
   -0.2533023032E+03   -0.8422363930E-03
   -0.2531920719E+03   -0.8519452583E-03
   -0.2530818406E+03   -0.8615679733E-03
   -0.2529716092E+03   -0.8711023922E-03
   -0.2528613779E+03   -0.8805463716E-03
   -0.2527511466E+03   -0.8898977718E-03
   -0.2526409153E+03   -0.8991544564E-03
   -0.2525306840E+03   -0.9083142930E-03
   -0.2524204526E+03   -0.9173751536E-03
   -0.2523102213E+03   -0.9263349150E-03
   -0.2521999900E+03   -0.9351914593E-03
   -0.2520897587E+03   -0.9439426740E-03
   -0.2519795273E+03   -0.9525864527E-03
   -0.2518692960E+03   -0.9611206952E-03
   -0.2517590647E+03   -0.9695433084E-03
   -0.2516488334E+03   -0.9778522062E-03
   -0.2515386021E+03   -0.9860453100E-03
   -0.2514283707E+03   -0.9941205495E-03
   -0.2513181394E+03   -0.1002075863E-02
   -0.2512079081E+03   -0.1009909196E-02
   -0.2510976768E+03   -0.1017618506E-02
   -0.2509874455E+03   -0.1025201758E-02
   -0.2508772141E+03   -0.1032656928E-02
   -0.2507669828E+03   -0.1039982002E-02
   -0.2506567515E+03   -0.1047174977E-02
   -0.2505465202E+03   -0.1054233862E-02
   -0.2504362889E+03   -0.1061156677E-02
   -0.2503260575E+03   -0.1067941453E-02
   -0.2502158262E+03   -0.1074586236E-02
   -0.2501055949E+03   -0.1081089084E-02
   -0.2499953636E+03   -0.1087448067E-02
   -0.2498851322E+03   -0.1093661271E-02
   -0.2497749009E+03   -0.1099726794E-02
   -0.2496646696E+03   -0.1105642751E-02
   -0.2495544383E+03   -0.1111407269E-02
   -0.2494442070E+03   -0.1117018494E-02
   -0.2493339756E+03   -0.1122474584E-02
   -0.2492237443E+03   -0.1127773717E-02
   -0.2491135130E+03   -0.1132914084E-02
   -0.2490032817E+03   -0.1137893897E-02
   -0.2488930504E+03   -0.1142711383E-02
   -0.2487828190E+03   -0.1147364786E-02
   -0.2486725877E+03   -0.1151852372E-02
   -0.2485623564E+03   -0.1156172421E-02
   -0.2484521251E+03   -0.1160323236E-02
   -0.2483418937E+03   -0.1164303137E-02
   -0.2482316624E+03   -0.1168110466E-02
   -0.2481214311E+03   -0.1171743585E-02
   -0.2480111998E+03   -0.1175200874E-02
   -0.2479009685E+03   -0.1178480737E-02
   -0.2477907371E+03   -0.1181581599E-02
   -0.2476805058E+03   -0.1184501907E-02
   -0.2475702745E+03   -0.1187240130E-02
   -0.2474600432E+03   -0.1189794758E-02
   -0.2473498119E+03   -0.1192164308E-02
   -0.2472395805E+03   -0.1194347317E-02
   -0.2471293492E+03   -0.1196342348E-02
   -0.2470191179E+03   -0.1198147987E-02
   -0.2469088866E+03   -0.1199762845E-02
   -0.2467986553E+03   -0.1201185558E-02
   -0.2466884239E+03   -0.1202414789E-02
   -0.2465781926E+03   -0.1203449224E-02
   -0.2464679613E+03   -0.1204287577E-02
   -0.2463577300E+03   -0.1204928589E-02
   -0.2462474986E+03   -0.1205371025E-02
   -0.2461372673E+03   -0.1205613681E-02
   -0.2460270360E+03   -0.1205655379E-02
   -0.2459168047E+03   -0.1205494968E-02
   -0.2458065734E+03   -0.1205131327E-02
   -0.2456963420E+03   -0.1204563363E-02
   -0.2455861107E+03   -0.1203790012E-02
   -0.2454758794E+03   -0.1202810240E-02
   -0.2453656481E+03   -0.1201623041E-02
   -0.2452554168E+03   -0.1200227442E-02
   -0.2451451854E+03   -0.1198622498E-02
   -0.2450349541E+03   -0.1196807296E-02
   -0.2449247228E+03   -0.1194780953E-02
   -0.2448144915E+03   -0.1192542619E-02
   -0.2447042602E+03   -0.1190091475E-02
   -0.2445940288E+03   -0.1187426733E-02
   -0.2444837975E+03   -0.1184547640E-02
   -0.2443735662E+03   -0.1181453473E-02
   -0.2442633349E+03   -0.1178143544E-02
   -0.2441531035E+03   -0.1174617197E-02
   -0.2440428722E+03   -0.1170873809E-02
   -0.2439326409E+03   -0.1166912794E-02
   -0.2438224096E+03   -0.1162733598E-02
   -0.2437121783E+03   -0.1158335700E-02
   -0.2436019469E+03   -0.1153718617E-02
   -0.2434917156E+03   -0.1148881900E-02
   -0.2433814843E+03   -0.1143825134E-02
   -0.2432712530E+03   -0.1138547940E-02
   -0.2431610217E+03   -0.1133049976E-02
   -0.2430507903E+03   -0.1127330937E-02
   -0.2429405590E+03   -0.1121390550E-02
   -0.2428303277E+03   -0.1115228584E-02
   -0.2427200964E+03   -0.1108844840E-02
   -0.2426098650E+03   -0.1102239161E-02
   -0.2424996337E+03   -0.1095411423E-02
   -0.2423894024E+03   -0.1088361542E-02
   -0.2422791711E+03   -0.1081089472E-02
   -0.2421689398E+03   -0.1073595202E-02
   -0.2420587084E+03   -0.1065878764E-02
   -0.2419484771E+03   -0.1057940224E-02
   -0.2418382458E+03   -0.1049779688E-02
   -0.2417280145E+03   -0.1041397303E-02
   -0.2416177832E+03   -0.1032793253E-02
   -0.2415075518E+03   -0.1023967760E-02
   -0.2413973205E+03   -0.1014921087E-02
   -0.2412870892E+03   -0.1005653538E-02
   -0.2411768579E+03   -0.9961654540E-03
   -0.2410666266E+03   -0.9864572167E-03
   -0.2409563952E+03   -0.9765292481E-03
   -0.2408461639E+03   -0.9663820105E-03
   -0.2407359326E+03   -0.9560160060E-03
   -0.2406257013E+03   -0.9454317775E-03
   -0.2405154699E+03   -0.9346299084E-03
   -0.2404052386E+03   -0.9236110226E-03
   -0.2402950073E+03   -0.9123757850E-03
   -0.2401847760E+03   -0.9009249012E-03
   -0.2400745447E+03   -0.8892591180E-03
   -0.2399643133E+03   -0.8773792232E-03
   -0.2398540820E+03   -0.8652860458E-03
   -0.2397438507E+03   -0.8529804559E-03
   -0.2396336194E+03   -0.8404633652E-03
   -0.2395233881E+03   -0.8277357267E-03
   -0.2394131567E+03   -0.8147985348E-03
   -0.2393029254E+03   -0.8016528255E-03
   -0.2391926941E+03   -0.7882996762E-03
   -0.2390824628E+03   -0.7747402061E-03
   -0.2389722314E+03   -0.7609755760E-03
   -0.2388620001E+03   -0.7470069882E-03
   -0.2387517688E+03   -0.7328356868E-03
   -0.2386415375E+03   -0.7184629576E-03
   -0.2385313062E+03   -0.7038901280E-03
   -0.2384210748E+03   -0.6891185671E-03
   -0.2383108435E+03   -0.6741496858E-03
   -0.2382006122E+03   -0.6589849364E-03
   -0.2380903809E+03   -0.6436258130E-03
   -0.2379801496E+03   -0.6280738513E-03
   -0.2378699182E+03   -0.6123306285E-03
   -0.2377596869E+03   -0.5963977632E-03
   -0.2376494556E+03   -0.5802769155E-03
   -0.2375392243E+03   -0.5639697870E-03
   -0.2374289930E+03   -0.5474781205E-03
   -0.2373187616E+03   -0.5308036999E-03
   -0.2372085303E+03   -0.5139483504E-03
   -0.2370982990E+03   -0.4969139382E-03
   -0.2369880677E+03   -0.4797023704E-03
   -0.2368778363E+03   -0.4623155950E-03
   -0.2367676050E+03   -0.4447556006E-03
   -0.2366573737E+03   -0.4270244163E-03
   -0.2365471424E+03   -0.4091241120E-03
   -0.2364369111E+03   -0.3910567974E-03
   -0.2363266797E+03   -0.3728246228E-03
   -0.2362164484E+03   -0.3544297782E-03
   -0.2361062171E+03   -0.3358744936E-03
   -0.2359959858E+03   -0.3171610384E-03
   -0.2358857545E+03   -0.2982917219E-03
   -0.2357755231E+03   -0.2792688922E-03
   -0.2356652918E+03   -0.2600949368E-03
   -0.2355550605E+03   -0.2407722820E-03
   -0.2354448292E+03   -0.2213033926E-03
   -0.2353345979E+03   -0.2016907722E-03
   -0.2352243665E+03   -0.1819369621E-03
   -0.2351141352E+03   -0.1620445421E-03
   -0.2350039039E+03   -0.1420161294E-03
   -0.2348936726E+03   -0.1218543787E-03
   -0.2347834412E+03   -0.1015619820E-03
   -0.2346732099E+03   -0.8114166816E-04
   -0.2345629786E+03   -0.6059620284E-04
   -0.2344527473E+03   -0.3992838794E-04
   -0.2343425160E+03   -0.1914106150E-04
   -0.2342322846E+03    0.1762902658E-05
   -0.2341220533E+03    0.2278059525E-04
   -0.2340118220E+03    0.4390907183E-04
   -0.2339015907E+03    0.6514535310E-04
   -0.2337913594E+03    0.8648642529E-04
   -0.2336811280E+03    0.1079292405E-03
   -0.2335708967E+03    0.1294707168E-03
   -0.2334606654E+03    0.1511077392E-03
   -0.2333504341E+03    0.1728371593E-03
   -0.2332402027E+03    0.1946557961E-03
   -0.2331299714E+03    0.2165604363E-03
   -0.2330197401E+03    0.2385478345E-03
   -0.2329095088E+03    0.2606147138E-03
   -0.2327992775E+03    0.2827577663E-03
   -0.2326890461E+03    0.3049736532E-03
   -0.2325788148E+03    0.3272590053E-03
   -0.2324685835E+03    0.3496104238E-03
   -0.2323583522E+03    0.3720244801E-03
   -0.2322481209E+03    0.3944977167E-03
   -0.2321378895E+03    0.4170266477E-03
   -0.2320276582E+03    0.4396077587E-03
   -0.2319174269E+03    0.4622375079E-03
   -0.2318071956E+03    0.4849123263E-03
   -0.2316969643E+03    0.5076286181E-03
   -0.2315867329E+03    0.5303827613E-03
   -0.2314765016E+03    0.5531711081E-03
   -0.2313662703E+03    0.5759899857E-03
   -0.2312560390E+03    0.5988356962E-03
   -0.2311458076E+03    0.6217045177E-03
   -0.2310355763E+03    0.6445927045E-03
   -0.2309253450E+03    0.6674964880E-03
   -0.2308151137E+03    0.6904120765E-03
   -0.2307048824E+03    0.7133356564E-03
   -0.2305946510E+03    0.7362633928E-03
   -0.2304844197E+03    0.7591914293E-03
   -0.2303741884E+03    0.7821158895E-03
   -0.2302639571E+03    0.8050328768E-03
   -0.2301537258E+03    0.8279384755E-03
   -0.2300434944E+03    0.8508287512E-03
   -0.2299332631E+03    0.8736997511E-03
   -0.2298230318E+03    0.8965475051E-03
   -0.2297128005E+03    0.9193680260E-03
   -0.2296025691E+03    0.9421573103E-03
   -0.2294923378E+03    0.9649113389E-03
   -0.2293821065E+03    0.9876260774E-03
   -0.2292718752E+03    0.1010297477E-02
   -0.2291616439E+03    0.1032921475E-02
   -0.2290514125E+03    0.1055493995E-02
   -0.2289411812E+03    0.1078010949E-02
   -0.2288309499E+03    0.1100468237E-02
   -0.2287207186E+03    0.1122861746E-02
   -0.2286104873E+03    0.1145187354E-02
   -0.2285002559E+03    0.1167440929E-02
   -0.2283900246E+03    0.1189618329E-02
   -0.2282797933E+03    0.1211715403E-02
   -0.2281695620E+03    0.1233727993E-02
   -0.2280593307E+03    0.1255651934E-02
   -0.2279490993E+03    0.1277483053E-02
   -0.2278388680E+03    0.1299217171E-02
   -0.2277286367E+03    0.1320850107E-02
   -0.2276184054E+03    0.1342377670E-02
   -0.2275081740E+03    0.1363795671E-02
   -0.2273979427E+03    0.1385099913E-02
   -0.2272877114E+03    0.1406286200E-02
   -0.2271774801E+03    0.1427350332E-02
   -0.2270672488E+03    0.1448288110E-02
   -0.2269570174E+03    0.1469095334E-02
   -0.2268467861E+03    0.1489767803E-02
   -0.2267365548E+03    0.1510301319E-02
   -0.2266263235E+03    0.1530691687E-02
   -0.2265160922E+03    0.1550934711E-02
   -0.2264058608E+03    0.1571026202E-02
   -0.2262956295E+03    0.1590961973E-02
   -0.2261853982E+03    0.1610737843E-02
   -0.2260751669E+03    0.1630349636E-02
   -0.2259649355E+03    0.1649793184E-02
   -0.2258547042E+03    0.1669064325E-02
   -0.2257444729E+03    0.1688158903E-02
   -0.2256342416E+03    0.1707072775E-02
   -0.2255240103E+03    0.1725801803E-02
   -0.2254137789E+03    0.1744341864E-02
   -0.2253035476E+03    0.1762688841E-02
   -0.2251933163E+03    0.1780838632E-02
   -0.2250830850E+03    0.1798787147E-02
   -0.2249728537E+03    0.1816530310E-02
   -0.2248626223E+03    0.1834064056E-02
   -0.2247523910E+03    0.1851384339E-02
   -0.2246421597E+03    0.1868487126E-02
   -0.2245319284E+03    0.1885368400E-02
   -0.2244216971E+03    0.1902024165E-02
   -0.2243114657E+03    0.1918450438E-02
   -0.2242012344E+03    0.1934643258E-02
   -0.2240910031E+03    0.1950598683E-02
   -0.2239807718E+03    0.1966312790E-02
   -0.2238705404E+03    0.1981781680E-02
   -0.2237603091E+03    0.1997001473E-02
   -0.2236500778E+03    0.2011968313E-02
   -0.2235398465E+03    0.2026678367E-02
   -0.2234296152E+03    0.2041127827E-02
   -0.2233193838E+03    0.2055312910E-02
   -0.2232091525E+03    0.2069229857E-02
   -0.2230989212E+03    0.2082874939E-02
   -0.2229886899E+03    0.2096244451E-02
   -0.2228784586E+03    0.2109334719E-02
   -0.2227682272E+03    0.2122142095E-02
   -0.2226579959E+03    0.2134662965E-02
   -0.2225477646E+03    0.2146893740E-02
   -0.2224375333E+03    0.2158830867E-02
   -0.2223273020E+03    0.2170470822E-02
   -0.2222170706E+03    0.2181810117E-02
   -0.2221068393E+03    0.2192845295E-02
   -0.2219966080E+03    0.2203572933E-02
   -0.2218863767E+03    0.2213989645E-02
   -0.2217761453E+03    0.2224092081E-02
   -0.2216659140E+03    0.2233876926E-02
   -0.2215556827E+03    0.2243340904E-02
   -0.2214454514E+03    0.2252480776E-02
   -0.2213352201E+03    0.2261293343E-02
   -0.2212249887E+03    0.2269775445E-02
   -0.2211147574E+03    0.2277923962E-02
   -0.2210045261E+03    0.2285735817E-02
   -0.2208942948E+03    0.2293207973E-02
   -0.2207840635E+03    0.2300337436E-02
   -0.2206738321E+03    0.2307121257E-02
   -0.2205636008E+03    0.2313556530E-02
   -0.2204533695E+03    0.2319640392E-02
   -0.2203431382E+03    0.2325370030E-02
   -0.2202329068E+03    0.2330742673E-02
   -0.2201226755E+03    0.2335755599E-02
   -0.2200124442E+03    0.2340406134E-02
   -0.2199022129E+03    0.2344691651E-02
   -0.2197919816E+03    0.2348609574E-02
   -0.2196817502E+03    0.2352157375E-02
   -0.2195715189E+03    0.2355332578E-02
   -0.2194612876E+03    0.2358132757E-02
   -0.2193510563E+03    0.2360555538E-02
   -0.2192408250E+03    0.2362598601E-02
   -0.2191305936E+03    0.2364259677E-02
   -0.2190203623E+03    0.2365536552E-02
   -0.2189101310E+03    0.2366427067E-02
   -0.2187998997E+03    0.2366929117E-02
   -0.2186896684E+03    0.2367040653E-02
   -0.2185794370E+03    0.2366759683E-02
   -0.2184692057E+03    0.2366084272E-02
   -0.2183589744E+03    0.2365012543E-02
   -0.2182487431E+03    0.2363542676E-02
   -0.2181385117E+03    0.2361672910E-02
   -0.2180282804E+03    0.2359401545E-02
   -0.2179180491E+03    0.2356726939E-02
   -0.2178078178E+03    0.2353647513E-02
   -0.2176975865E+03    0.2350161748E-02
   -0.2175873551E+03    0.2346268186E-02
   -0.2174771238E+03    0.2341965432E-02
   -0.2173668925E+03    0.2337252155E-02
   -0.2172566612E+03    0.2332127085E-02
   -0.2171464299E+03    0.2326589019E-02
   -0.2170361985E+03    0.2320636816E-02
   -0.2169259672E+03    0.2314269401E-02
   -0.2168157359E+03    0.2307485765E-02
   -0.2167055046E+03    0.2300284964E-02
   -0.2165952732E+03    0.2292666121E-02
   -0.2164850419E+03    0.2284628426E-02
   -0.2163748106E+03    0.2276171136E-02
   -0.2162645793E+03    0.2267293577E-02
   -0.2161543480E+03    0.2257995143E-02
   -0.2160441166E+03    0.2248275295E-02
   -0.2159338853E+03    0.2238133567E-02
   -0.2158236540E+03    0.2227569558E-02
   -0.2157134227E+03    0.2216582942E-02
   -0.2156031914E+03    0.2205173459E-02
   -0.2154929600E+03    0.2193340922E-02
   -0.2153827287E+03    0.2181085217E-02
   -0.2152724974E+03    0.2168406298E-02
   -0.2151622661E+03    0.2155304192E-02
   -0.2150520348E+03    0.2141779001E-02
   -0.2149418034E+03    0.2127830897E-02
   -0.2148315721E+03    0.2113460126E-02
   -0.2147213408E+03    0.2098667005E-02
   -0.2146111095E+03    0.2083451929E-02
   -0.2145008781E+03    0.2067815364E-02
   -0.2143906468E+03    0.2051757850E-02
   -0.2142804155E+03    0.2035280002E-02
   -0.2141701842E+03    0.2018382510E-02
   -0.2140599529E+03    0.2001066140E-02
   -0.2139497215E+03    0.1983331730E-02
   -0.2138394902E+03    0.1965180196E-02
   -0.2137292589E+03    0.1946612530E-02
   -0.2136190276E+03    0.1927629798E-02
   -0.2135087963E+03    0.1908233143E-02
   -0.2133985649E+03    0.1888423783E-02
   -0.2132883336E+03    0.1868203014E-02
   -0.2131781023E+03    0.1847572209E-02
   -0.2130678710E+03    0.1826532814E-02
   -0.2129576397E+03    0.1805086356E-02
   -0.2128474083E+03    0.1783234435E-02
   -0.2127371770E+03    0.1760978732E-02
   -0.2126269457E+03    0.1738321001E-02
   -0.2125167144E+03    0.1715263077E-02
   -0.2124064830E+03    0.1691806868E-02
   -0.2122962517E+03    0.1667954363E-02
   -0.2121860204E+03    0.1643707625E-02
   -0.2120757891E+03    0.1619068797E-02
   -0.2119655578E+03    0.1594040097E-02
   -0.2118553264E+03    0.1568623822E-02
   -0.2117450951E+03    0.1542822344E-02
   -0.2116348638E+03    0.1516638116E-02
   -0.2115246325E+03    0.1490073663E-02
   -0.2114144012E+03    0.1463131592E-02
   -0.2113041698E+03    0.1435814583E-02
   -0.2111939385E+03    0.1408125396E-02
   -0.2110837072E+03    0.1380066865E-02
   -0.2109734759E+03    0.1351641903E-02
   -0.2108632445E+03    0.1322853498E-02
   -0.2107530132E+03    0.1293704714E-02
   -0.2106427819E+03    0.1264198694E-02
   -0.2105325506E+03    0.1234338654E-02
   -0.2104223193E+03    0.1204127886E-02
   -0.2103120879E+03    0.1173569761E-02
   -0.2102018566E+03    0.1142667721E-02
   -0.2100916253E+03    0.1111425285E-02
   -0.2099813940E+03    0.1079846048E-02
   -0.2098711627E+03    0.1047933679E-02
   -0.2097609313E+03    0.1015691920E-02
   -0.2096507000E+03    0.9831245891E-03
   -0.2095404687E+03    0.9502355769E-03
   -0.2094302374E+03    0.9170288481E-03
   -0.2093200061E+03    0.8835084403E-03
   -0.2092097747E+03    0.8496784638E-03
   -0.2090995434E+03    0.8155431016E-03
   -0.2089893121E+03    0.7811066086E-03
   -0.2088790808E+03    0.7463733113E-03
   -0.2087688494E+03    0.7113476076E-03
   -0.2086586181E+03    0.6760339661E-03
   -0.2085483868E+03    0.6404369259E-03
   -0.2084381555E+03    0.6045610960E-03
   -0.2083279242E+03    0.5684111549E-03
   -0.2082176928E+03    0.5319918502E-03
   -0.2081074615E+03    0.4953079979E-03
   -0.2079972302E+03    0.4583644820E-03
   -0.2078869989E+03    0.4211662541E-03
   -0.2077767676E+03    0.3837183326E-03
   -0.2076665362E+03    0.3460258026E-03
   -0.2075563049E+03    0.3080938147E-03
   -0.2074460736E+03    0.2699275850E-03
   -0.2073358423E+03    0.2315323942E-03
   -0.2072256109E+03    0.1929135870E-03
   -0.2071153796E+03    0.1540765717E-03
   -0.2070051483E+03    0.1150268193E-03
   -0.2068949170E+03    0.7576986310E-04
   -0.2067846857E+03    0.3631129774E-04
   -0.2066744543E+03   -0.3343221186E-05
   -0.2065642230E+03   -0.4318797798E-04
   -0.2064539917E+03   -0.8321719750E-04
   -0.2063437604E+03   -0.1234250459E-03
   -0.2062335291E+03   -0.1638056312E-03
   -0.2061232977E+03   -0.2043530045E-03
   -0.2060130664E+03   -0.2450611599E-03
   -0.2059028351E+03   -0.2859240363E-03
   -0.2057926038E+03   -0.3269355173E-03
   -0.2056823725E+03   -0.3680894326E-03
   -0.2055721411E+03   -0.4093795582E-03
   -0.2054619098E+03   -0.4507996181E-03
   -0.2053516785E+03   -0.4923432843E-03
   -0.2052414472E+03   -0.5340041779E-03
   -0.2051312158E+03   -0.5757758703E-03
   -0.2050209845E+03   -0.6176518836E-03
   -0.2049107532E+03   -0.6596256919E-03
   -0.2048005219E+03   -0.7016907219E-03
   -0.2046902906E+03   -0.7438403538E-03
   -0.2045800592E+03   -0.7860679224E-03
   -0.2044698279E+03   -0.8283667182E-03
   -0.2043595966E+03   -0.8707299878E-03
   -0.2042493653E+03   -0.9131509354E-03
   -0.2041391340E+03   -0.9556227235E-03
   -0.2040289026E+03   -0.9981384738E-03
   -0.2039186713E+03   -0.1040691269E-02
   -0.2038084400E+03   -0.1083274151E-02
   -0.2036982087E+03   -0.1125880128E-02
   -0.2035879774E+03   -0.1168502167E-02
   -0.2034777460E+03   -0.1211133204E-02
   -0.2033675147E+03   -0.1253766137E-02
   -0.2032572834E+03   -0.1296393831E-02
   -0.2031470521E+03   -0.1339009120E-02
   -0.2030368207E+03   -0.1381604807E-02
   -0.2029265894E+03   -0.1424173663E-02
   -0.2028163581E+03   -0.1466708431E-02
   -0.2027061268E+03   -0.1509201827E-02
   -0.2025958955E+03   -0.1551646537E-02
   -0.2024856641E+03   -0.1594035224E-02
   -0.2023754328E+03   -0.1636360526E-02
   -0.2022652015E+03   -0.1678615058E-02
   -0.2021549702E+03   -0.1720791411E-02
   -0.2020447389E+03   -0.1762882157E-02
   -0.2019345075E+03   -0.1804879846E-02
   -0.2018242762E+03   -0.1846777012E-02
   -0.2017140449E+03   -0.1888566169E-02
   -0.2016038136E+03   -0.1930239815E-02
   -0.2014935822E+03   -0.1971790435E-02
   -0.2013833509E+03   -0.2013210498E-02
   -0.2012731196E+03   -0.2054492462E-02
   -0.2011628883E+03   -0.2095628771E-02
   -0.2010526570E+03   -0.2136611863E-02
   -0.2009424256E+03   -0.2177434163E-02
   -0.2008321943E+03   -0.2218088091E-02
   -0.2007219630E+03   -0.2258566059E-02
   -0.2006117317E+03   -0.2298860477E-02
   -0.2005015004E+03   -0.2338963746E-02
   -0.2003912690E+03   -0.2378868270E-02
   -0.2002810377E+03   -0.2418566449E-02
   -0.2001708064E+03   -0.2458050683E-02
   -0.2000605751E+03   -0.2497313373E-02
   -0.1999503438E+03   -0.2536346926E-02
   -0.1998401124E+03   -0.2575143749E-02
   -0.1997298811E+03   -0.2613696256E-02
   -0.1996196498E+03   -0.2651996870E-02
   -0.1995094185E+03   -0.2690038017E-02
   -0.1993991871E+03   -0.2727812137E-02
   -0.1992889558E+03   -0.2765311680E-02
   -0.1991787245E+03   -0.2802529105E-02
   -0.1990684932E+03   -0.2839456887E-02
   -0.1989582619E+03   -0.2876087517E-02
   -0.1988480305E+03   -0.2912413499E-02
   -0.1987377992E+03   -0.2948427356E-02
   -0.1986275679E+03   -0.2984121631E-02
   -0.1985173366E+03   -0.3019488885E-02
   -0.1984071053E+03   -0.3054521703E-02
   -0.1982968739E+03   -0.3089212690E-02
   -0.1981866426E+03   -0.3123554480E-02
   -0.1980764113E+03   -0.3157539727E-02
   -0.1979661800E+03   -0.3191161117E-02
   -0.1978559486E+03   -0.3224411361E-02
   -0.1977457173E+03   -0.3257283203E-02
   -0.1976354860E+03   -0.3289769416E-02
   -0.1975252547E+03   -0.3321862806E-02
   -0.1974150234E+03   -0.3353556214E-02
   -0.1973047920E+03   -0.3384842516E-02
   -0.1971945607E+03   -0.3415714624E-02
   -0.1970843294E+03   -0.3446165490E-02
   -0.1969740981E+03   -0.3476188103E-02
   -0.1968638668E+03   -0.3505775495E-02
   -0.1967536354E+03   -0.3534920740E-02
   -0.1966434041E+03   -0.3563616955E-02
   -0.1965331728E+03   -0.3591857303E-02
   -0.1964229415E+03   -0.3619634992E-02
   -0.1963127102E+03   -0.3646943281E-02
   -0.1962024788E+03   -0.3673775475E-02
   -0.1960922475E+03   -0.3700124930E-02
   -0.1959820162E+03   -0.3725985056E-02
   -0.1958717849E+03   -0.3751349314E-02
   -0.1957615535E+03   -0.3776211222E-02
   -0.1956513222E+03   -0.3800564352E-02
   -0.1955410909E+03   -0.3824402334E-02
   -0.1954308596E+03   -0.3847718857E-02
   -0.1953206283E+03   -0.3870507671E-02
   -0.1952103969E+03   -0.3892762586E-02
   -0.1951001656E+03   -0.3914477475E-02
   -0.1949899343E+03   -0.3935646276E-02
   -0.1948797030E+03   -0.3956262992E-02
   -0.1947694717E+03   -0.3976321692E-02
   -0.1946592403E+03   -0.3995816514E-02
   -0.1945490090E+03   -0.4014741665E-02
   -0.1944387777E+03   -0.4033091423E-02
   -0.1943285464E+03   -0.4050860138E-02
   -0.1942183151E+03   -0.4068042233E-02
   -0.1941080837E+03   -0.4084632206E-02
   -0.1939978524E+03   -0.4100624630E-02
   -0.1938876211E+03   -0.4116014156E-02
   -0.1937773898E+03   -0.4130795512E-02
   -0.1936671584E+03   -0.4144963508E-02
   -0.1935569271E+03   -0.4158513033E-02
   -0.1934466958E+03   -0.4171439058E-02
   -0.1933364645E+03   -0.4183736638E-02
   -0.1932262332E+03   -0.4195400913E-02
   -0.1931160018E+03   -0.4206427108E-02
   -0.1930057705E+03   -0.4216810535E-02
   -0.1928955392E+03   -0.4226546593E-02
   -0.1927853079E+03   -0.4235630774E-02
   -0.1926750766E+03   -0.4244058656E-02
   -0.1925648452E+03   -0.4251825911E-02
   -0.1924546139E+03   -0.4258928304E-02
   -0.1923443826E+03   -0.4265361693E-02
   -0.1922341513E+03   -0.4271122031E-02
   -0.1921239199E+03   -0.4276205368E-02
   -0.1920136886E+03   -0.4280607850E-02
   -0.1919034573E+03   -0.4284325723E-02
   -0.1917932260E+03   -0.4287355331E-02
   -0.1916829947E+03   -0.4289693119E-02
   -0.1915727633E+03   -0.4291335634E-02
   -0.1914625320E+03   -0.4292279523E-02
   -0.1913523007E+03   -0.4292521540E-02
   -0.1912420694E+03   -0.4292058542E-02
   -0.1911318381E+03   -0.4290887492E-02
   -0.1910216067E+03   -0.4289005459E-02
   -0.1909113754E+03   -0.4286409620E-02
   -0.1908011441E+03   -0.4283097259E-02
   -0.1906909128E+03   -0.4279065772E-02
   -0.1905806815E+03   -0.4274312663E-02
   -0.1904704501E+03   -0.4268835550E-02
   -0.1903602188E+03   -0.4262632159E-02
   -0.1902499875E+03   -0.4255700333E-02
   -0.1901397562E+03   -0.4248038027E-02
   -0.1900295248E+03   -0.4239643311E-02
   -0.1899192935E+03   -0.4230514370E-02
   -0.1898090622E+03   -0.4220649506E-02
   -0.1896988309E+03   -0.4210047138E-02
   -0.1895885996E+03   -0.4198705803E-02
   -0.1894783682E+03   -0.4186624157E-02
   -0.1893681369E+03   -0.4173800975E-02
   -0.1892579056E+03   -0.4160235151E-02
   -0.1891476743E+03   -0.4145925703E-02
   -0.1890374430E+03   -0.4130871767E-02
   -0.1889272116E+03   -0.4115072604E-02
   -0.1888169803E+03   -0.4098527595E-02
   -0.1887067490E+03   -0.4081236248E-02
   -0.1885965177E+03   -0.4063198192E-02
   -0.1884862863E+03   -0.4044413184E-02
   -0.1883760550E+03   -0.4024881102E-02
   -0.1882658237E+03   -0.4004601953E-02
   -0.1881555924E+03   -0.3983575870E-02
   -0.1880453611E+03   -0.3961803112E-02
   -0.1879351297E+03   -0.3939284066E-02
   -0.1878248984E+03   -0.3916019248E-02
   -0.1877146671E+03   -0.3892009299E-02
   -0.1876044358E+03   -0.3867254993E-02
   -0.1874942045E+03   -0.3841757229E-02
   -0.1873839731E+03   -0.3815517040E-02
   -0.1872737418E+03   -0.3788535585E-02
   -0.1871635105E+03   -0.3760814156E-02
   -0.1870532792E+03   -0.3732354175E-02
   -0.1869430479E+03   -0.3703157193E-02
   -0.1868328165E+03   -0.3673224896E-02
   -0.1867225852E+03   -0.3642559098E-02
   -0.1866123539E+03   -0.3611161747E-02
   -0.1865021226E+03   -0.3579034923E-02
   -0.1863918912E+03   -0.3546180836E-02
   -0.1862816599E+03   -0.3512601831E-02
   -0.1861714286E+03   -0.3478300384E-02
   -0.1860611973E+03   -0.3443279104E-02
   -0.1859509660E+03   -0.3407540734E-02
   -0.1858407346E+03   -0.3371088148E-02
   -0.1857305033E+03   -0.3333924355E-02
   -0.1856202720E+03   -0.3296052494E-02
   -0.1855100407E+03   -0.3257475841E-02
   -0.1853998094E+03   -0.3218197802E-02
   -0.1852895780E+03   -0.3178221917E-02
   -0.1851793467E+03   -0.3137551859E-02
   -0.1850691154E+03   -0.3096191434E-02
   -0.1849588841E+03   -0.3054144582E-02
   -0.1848486528E+03   -0.3011415372E-02
   -0.1847384214E+03   -0.2968008010E-02
   -0.1846281901E+03   -0.2923926831E-02
   -0.1845179588E+03   -0.2879176305E-02
   -0.1844077275E+03   -0.2833761032E-02
   -0.1842974961E+03   -0.2787685744E-02
   -0.1841872648E+03   -0.2740955305E-02
   -0.1840770335E+03   -0.2693574711E-02
   -0.1839668022E+03   -0.2645549087E-02
   -0.1838565709E+03   -0.2596883691E-02
   -0.1837463395E+03   -0.2547583908E-02
   -0.1836361082E+03   -0.2497655257E-02
   -0.1835258769E+03   -0.2447103382E-02
   -0.1834156456E+03   -0.2395934059E-02
   -0.1833054143E+03   -0.2344153193E-02
   -0.1831951829E+03   -0.2291766815E-02
   -0.1830849516E+03   -0.2238781084E-02
   -0.1829747203E+03   -0.2185202288E-02
   -0.1828644890E+03   -0.2131036839E-02
   -0.1827542576E+03   -0.2076291277E-02
   -0.1826440263E+03   -0.2020972266E-02
   -0.1825337950E+03   -0.1965086595E-02
   -0.1824235637E+03   -0.1908641178E-02
   -0.1823133324E+03   -0.1851643052E-02
   -0.1822031010E+03   -0.1794099376E-02
   -0.1820928697E+03   -0.1736017432E-02
   -0.1819826384E+03   -0.1677404623E-02
   -0.1818724071E+03   -0.1618268472E-02
   -0.1817621758E+03   -0.1558616622E-02
   -0.1816519444E+03   -0.1498456835E-02
   -0.1815417131E+03   -0.1437796992E-02
   -0.1814314818E+03   -0.1376645090E-02
   -0.1813212505E+03   -0.1315009243E-02
   -0.1812110192E+03   -0.1252897679E-02
   -0.1811007878E+03   -0.1190318743E-02
   -0.1809905565E+03   -0.1127280891E-02
   -0.1808803252E+03   -0.1063792694E-02
   -0.1807700939E+03   -0.9998628326E-03
   -0.1806598625E+03   -0.9355000986E-03
   -0.1805496312E+03   -0.8707133933E-03
   -0.1804393999E+03   -0.8055117267E-03
   -0.1803291686E+03   -0.7399042156E-03
   -0.1802189373E+03   -0.6739000834E-03
   -0.1801087059E+03   -0.6075086581E-03
   -0.1799984746E+03   -0.5407393722E-03
   -0.1798882433E+03   -0.4736017602E-03
   -0.1797780120E+03   -0.4061054587E-03
   -0.1796677807E+03   -0.3382602040E-03
   -0.1795575493E+03   -0.2700758319E-03
   -0.1794473180E+03   -0.2015622756E-03
   -0.1793370867E+03   -0.1327295647E-03
   -0.1792268554E+03   -0.6358782406E-04
   -0.1791166240E+03    0.5852727841E-05
   -0.1790063927E+03    0.7558178009E-04
   -0.1788961614E+03    0.1455889308E-03
   -0.1787859301E+03    0.2158636885E-03
   -0.1786756988E+03    0.2863954736E-03
   -0.1785654674E+03    0.3571736197E-03
   -0.1784552361E+03    0.4281873754E-03
   -0.1783450048E+03    0.4994259052E-03
   -0.1782347735E+03    0.5708782918E-03
   -0.1781245422E+03    0.6425335369E-03
   -0.1780143108E+03    0.7143805631E-03
   -0.1779040795E+03    0.7864082157E-03
   -0.1777938482E+03    0.8586052638E-03
   -0.1776836169E+03    0.9309604021E-03
   -0.1775733856E+03    0.1003462253E-02
   -0.1774631542E+03    0.1076099367E-02
   -0.1773529229E+03    0.1148860226E-02
   -0.1772426916E+03    0.1221733243E-02
   -0.1771324603E+03    0.1294706768E-02
   -0.1770222289E+03    0.1367769083E-02
   -0.1769119976E+03    0.1440908410E-02
   -0.1768017663E+03    0.1514112908E-02
   -0.1766915350E+03    0.1587370680E-02
   -0.1765813037E+03    0.1660669769E-02
   -0.1764710723E+03    0.1733998165E-02
   -0.1763608410E+03    0.1807343802E-02
   -0.1762506097E+03    0.1880694564E-02
   -0.1761403784E+03    0.1954038285E-02
   -0.1760301471E+03    0.2027362751E-02
   -0.1759199157E+03    0.2100655701E-02
   -0.1758096844E+03    0.2173904831E-02
   -0.1756994531E+03    0.2247097795E-02
   -0.1755892218E+03    0.2320222205E-02
   -0.1754789905E+03    0.2393265636E-02
   -0.1753687591E+03    0.2466215628E-02
   -0.1752585278E+03    0.2539059683E-02
   -0.1751482965E+03    0.2611785274E-02
   -0.1750380652E+03    0.2684379841E-02
   -0.1749278338E+03    0.2756830799E-02
   -0.1748176025E+03    0.2829125534E-02
   -0.1747073712E+03    0.2901251409E-02
   -0.1745971399E+03    0.2973195763E-02
   -0.1744869086E+03    0.3044945917E-02
   -0.1743766772E+03    0.3116489174E-02
   -0.1742664459E+03    0.3187812819E-02
   -0.1741562146E+03    0.3258904126E-02
   -0.1740459833E+03    0.3329750355E-02
   -0.1739357520E+03    0.3400338758E-02
   -0.1738255206E+03    0.3470656578E-02
   -0.1737152893E+03    0.3540691054E-02
   -0.1736050580E+03    0.3610429422E-02
   -0.1734948267E+03    0.3679858917E-02
   -0.1733845953E+03    0.3748966774E-02
   -0.1732743640E+03    0.3817740233E-02
   -0.1731641327E+03    0.3886166538E-02
   -0.1730539014E+03    0.3954232943E-02
   -0.1729436701E+03    0.4021926710E-02
   -0.1728334387E+03    0.4089235114E-02
   -0.1727232074E+03    0.4156145446E-02
   -0.1726129761E+03    0.4222645010E-02
   -0.1725027448E+03    0.4288721133E-02
   -0.1723925135E+03    0.4354361161E-02
   -0.1722822821E+03    0.4419552463E-02
   -0.1721720508E+03    0.4484282436E-02
   -0.1720618195E+03    0.4548538502E-02
   -0.1719515882E+03    0.4612308114E-02
   -0.1718413569E+03    0.4675578760E-02
   -0.1717311255E+03    0.4738337960E-02
   -0.1716208942E+03    0.4800573270E-02
   -0.1715106629E+03    0.4862272290E-02
   -0.1714004316E+03    0.4923422656E-02
   -0.1712902002E+03    0.4984012051E-02
   -0.1711799689E+03    0.5044028203E-02
   -0.1710697376E+03    0.5103458889E-02
   -0.1709595063E+03    0.5162291937E-02
   -0.1708492750E+03    0.5220515225E-02
   -0.1707390436E+03    0.5278116691E-02
   -0.1706288123E+03    0.5335084325E-02
   -0.1705185810E+03    0.5391406181E-02
   -0.1704083497E+03    0.5447070374E-02
   -0.1702981184E+03    0.5502065081E-02
   -0.1701878870E+03    0.5556378548E-02
   -0.1700776557E+03    0.5609999088E-02
   -0.1699674244E+03    0.5662915088E-02
   -0.1698571931E+03    0.5715115005E-02
   -0.1697469617E+03    0.5766587372E-02
   -0.1696367304E+03    0.5817320803E-02
   -0.1695264991E+03    0.5867303987E-02
   -0.1694162678E+03    0.5916525700E-02
   -0.1693060365E+03    0.5964974800E-02
   -0.1691958051E+03    0.6012640231E-02
   -0.1690855738E+03    0.6059511029E-02
   -0.1689753425E+03    0.6105576319E-02
   -0.1688651112E+03    0.6150825318E-02
   -0.1687548799E+03    0.6195247343E-02
   -0.1686446485E+03    0.6238831804E-02
   -0.1685344172E+03    0.6281568214E-02
   -0.1684241859E+03    0.6323446188E-02
   -0.1683139546E+03    0.6364455443E-02
   -0.1682037233E+03    0.6404585805E-02
   -0.1680934919E+03    0.6443827207E-02
   -0.1679832606E+03    0.6482169693E-02
   -0.1678730293E+03    0.6519603421E-02
   -0.1677627980E+03    0.6556118663E-02
   -0.1676525666E+03    0.6591705808E-02
   -0.1675423353E+03    0.6626355364E-02
   -0.1674321040E+03    0.6660057960E-02
   -0.1673218727E+03    0.6692804351E-02
   -0.1672116414E+03    0.6724585412E-02
   -0.1671014100E+03    0.6755392151E-02
   -0.1669911787E+03    0.6785215702E-02
   -0.1668809474E+03    0.6814047331E-02
   -0.1667707161E+03    0.6841878438E-02
   -0.1666604848E+03    0.6868700557E-02
   -0.1665502534E+03    0.6894505362E-02
   -0.1664400221E+03    0.6919284663E-02
   -0.1663297908E+03    0.6943030413E-02
   -0.1662195595E+03    0.6965734708E-02
   -0.1661093281E+03    0.6987389789E-02
   -0.1659990968E+03    0.7007988042E-02
   -0.1658888655E+03    0.7027522005E-02
   -0.1657786342E+03    0.7045984364E-02
   -0.1656684029E+03    0.7063367958E-02
   -0.1655581715E+03    0.7079665780E-02
   -0.1654479402E+03    0.7094870980E-02
   -0.1653377089E+03    0.7108976864E-02
   -0.1652274776E+03    0.7121976898E-02
   -0.1651172463E+03    0.7133864709E-02
   -0.1650070149E+03    0.7144634088E-02
   -0.1648967836E+03    0.7154278990E-02
   -0.1647865523E+03    0.7162793534E-02
   -0.1646763210E+03    0.7170172009E-02
   -0.1645660897E+03    0.7176408874E-02
   -0.1644558583E+03    0.7181498756E-02
   -0.1643456270E+03    0.7185436457E-02
   -0.1642353957E+03    0.7188216952E-02
   -0.1641251644E+03    0.7189835392E-02
   -0.1640149330E+03    0.7190287104E-02
   -0.1639047017E+03    0.7189567595E-02
   -0.1637944704E+03    0.7187672551E-02
   -0.1636842391E+03    0.7184597838E-02
   -0.1635740078E+03    0.7180339508E-02
   -0.1634637764E+03    0.7174893794E-02
   -0.1633535451E+03    0.7168257116E-02
   -0.1632433138E+03    0.7160426079E-02
   -0.1631330825E+03    0.7151397479E-02
   -0.1630228512E+03    0.7141168297E-02
   -0.1629126198E+03    0.7129735707E-02
   -0.1628023885E+03    0.7117097076E-02
   -0.1626921572E+03    0.7103249960E-02
   -0.1625819259E+03    0.7088192111E-02
   -0.1624716946E+03    0.7071921477E-02
   -0.1623614632E+03    0.7054436199E-02
   -0.1622512319E+03    0.7035734619E-02
   -0.1621410006E+03    0.7015815273E-02
   -0.1620307693E+03    0.6994676899E-02
   -0.1619205379E+03    0.6972318433E-02
   -0.1618103066E+03    0.6948739015E-02
   -0.1617000753E+03    0.6923937983E-02
   -0.1615898440E+03    0.6897914880E-02
   -0.1614796127E+03    0.6870669453E-02
   -0.1613693813E+03    0.6842201651E-02
   -0.1612591500E+03    0.6812511630E-02
   -0.1611489187E+03    0.6781599750E-02
   -0.1610386874E+03    0.6749466581E-02
   -0.1609284561E+03    0.6716112895E-02
   -0.1608182247E+03    0.6681539676E-02
   -0.1607079934E+03    0.6645748115E-02
   -0.1605977621E+03    0.6608739612E-02
   -0.1604875308E+03    0.6570515775E-02
   -0.1603772994E+03    0.6531078424E-02
   -0.1602670681E+03    0.6490429588E-02
   -0.1601568368E+03    0.6448571508E-02
   -0.1600466055E+03    0.6405506635E-02
   -0.1599363742E+03    0.6361237633E-02
   -0.1598261428E+03    0.6315767375E-02
   -0.1597159115E+03    0.6269098951E-02
   -0.1596056802E+03    0.6221235658E-02
   -0.1594954489E+03    0.6172181009E-02
   -0.1593852176E+03    0.6121938730E-02
   -0.1592749862E+03    0.6070512757E-02
   -0.1591647549E+03    0.6017907241E-02
   -0.1590545236E+03    0.5964126547E-02
   -0.1589442923E+03    0.5909175252E-02
   -0.1588340610E+03    0.5853058145E-02
   -0.1587238296E+03    0.5795780230E-02
   -0.1586135983E+03    0.5737346722E-02
   -0.1585033670E+03    0.5677763052E-02
   -0.1583931357E+03    0.5617034860E-02
   -0.1582829043E+03    0.5555168001E-02
   -0.1581726730E+03    0.5492168542E-02
   -0.1580624417E+03    0.5428042760E-02
   -0.1579522104E+03    0.5362797146E-02
   -0.1578419791E+03    0.5296438402E-02
   -0.1577317477E+03    0.5228973440E-02
   -0.1576215164E+03    0.5160409383E-02
   -0.1575112851E+03    0.5090753565E-02
   -0.1574010538E+03    0.5020013527E-02
   -0.1572908225E+03    0.4948197023E-02
   -0.1571805911E+03    0.4875312013E-02
   -0.1570703598E+03    0.4801366664E-02
   -0.1569601285E+03    0.4726369353E-02
   -0.1568498972E+03    0.4650328661E-02
   -0.1567396658E+03    0.4573253376E-02
   -0.1566294345E+03    0.4495152492E-02
   -0.1565192032E+03    0.4416035206E-02
   -0.1564089719E+03    0.4335910918E-02
   -0.1562987406E+03    0.4254789232E-02
   -0.1561885092E+03    0.4172679953E-02
   -0.1560782779E+03    0.4089593087E-02
   -0.1559680466E+03    0.4005538839E-02
   -0.1558578153E+03    0.3920527612E-02
   -0.1557475840E+03    0.3834570010E-02
   -0.1556373526E+03    0.3747676830E-02
   -0.1555271213E+03    0.3659859065E-02
   -0.1554168900E+03    0.3571127905E-02
   -0.1553066587E+03    0.3481494728E-02
   -0.1551964274E+03    0.3390971109E-02
   -0.1550861960E+03    0.3299568810E-02
   -0.1549759647E+03    0.3207299783E-02
   -0.1548657334E+03    0.3114176169E-02
   -0.1547555021E+03    0.3020210293E-02
   -0.1546452707E+03    0.2925414666E-02
   -0.1545350394E+03    0.2829801984E-02
   -0.1544248081E+03    0.2733385122E-02
   -0.1543145768E+03    0.2636177138E-02
   -0.1542043455E+03    0.2538191268E-02
   -0.1540941141E+03    0.2439440923E-02
   -0.1539838828E+03    0.2339939693E-02
   -0.1538736515E+03    0.2239701339E-02
   -0.1537634202E+03    0.2138739796E-02
   -0.1536531889E+03    0.2037069169E-02
   -0.1535429575E+03    0.1934703730E-02
   -0.1534327262E+03    0.1831657918E-02
   -0.1533224949E+03    0.1727946340E-02
   -0.1532122636E+03    0.1623583761E-02
   -0.1531020323E+03    0.1518585111E-02
   -0.1529918009E+03    0.1412965476E-02
   -0.1528815696E+03    0.1306740100E-02
   -0.1527713383E+03    0.1199924384E-02
   -0.1526611070E+03    0.1092533879E-02
   -0.1525508756E+03    0.9845842868E-03
   -0.1524406443E+03    0.8760914599E-03
   -0.1523304130E+03    0.7670713956E-03
   -0.1522201817E+03    0.6575402358E-03
   -0.1521099504E+03    0.5475142642E-03
   -0.1519997190E+03    0.4370099045E-03
   -0.1518894877E+03    0.3260437173E-03
   -0.1517792564E+03    0.2146323987E-03
   -0.1516690251E+03    0.1027927769E-03
   -0.1515587938E+03   -0.9458189038E-05
   -0.1514485624E+03   -0.1221034127E-03
   -0.1513383311E+03   -0.2351256822E-03
   -0.1512280998E+03   -0.3485076628E-03
   -0.1511178685E+03   -0.4622318992E-03
   -0.1510076371E+03   -0.5762808187E-03
   -0.1508974058E+03   -0.6906367331E-03
   -0.1507871745E+03   -0.8052818418E-03
   -0.1506769432E+03   -0.9201982341E-03
   -0.1505667119E+03   -0.1035367892E-02
   -0.1504564805E+03   -0.1150772693E-02
   -0.1503462492E+03   -0.1266394413E-02
   -0.1502360179E+03   -0.1382214728E-02
   -0.1501257866E+03   -0.1498215219E-02
   -0.1500155553E+03   -0.1614377372E-02
   -0.1499053239E+03   -0.1730682582E-02
   -0.1497950926E+03   -0.1847112158E-02
   -0.1496848613E+03   -0.1963647323E-02
   -0.1495746300E+03   -0.2080269217E-02
   -0.1494643987E+03   -0.2196958902E-02
   -0.1493541673E+03   -0.2313697365E-02
   -0.1492439360E+03   -0.2430465516E-02
   -0.1491337047E+03   -0.2547244198E-02
   -0.1490234734E+03   -0.2664014185E-02
   -0.1489132420E+03   -0.2780756189E-02
   -0.1488030107E+03   -0.2897450857E-02
   -0.1486927794E+03   -0.3014078782E-02
   -0.1485825481E+03   -0.3130620500E-02
   -0.1484723168E+03   -0.3247056494E-02
   -0.1483620854E+03   -0.3363367202E-02
   -0.1482518541E+03   -0.3479533012E-02
   -0.1481416228E+03   -0.3595534273E-02
   -0.1480313915E+03   -0.3711351292E-02
   -0.1479211602E+03   -0.3826964344E-02
   -0.1478109288E+03   -0.3942353666E-02
   -0.1477006975E+03   -0.4057499470E-02
   -0.1475904662E+03   -0.4172381940E-02
   -0.1474802349E+03   -0.4286981236E-02
   -0.1473700035E+03   -0.4401277501E-02
   -0.1472597722E+03   -0.4515250858E-02
   -0.1471495409E+03   -0.4628881421E-02
   -0.1470393096E+03   -0.4742149290E-02
   -0.1469290783E+03   -0.4855034563E-02
   -0.1468188469E+03   -0.4967517331E-02
   -0.1467086156E+03   -0.5079577689E-02
   -0.1465983843E+03   -0.5191195732E-02
   -0.1464881530E+03   -0.5302351565E-02
   -0.1463779217E+03   -0.5413025303E-02
   -0.1462676903E+03   -0.5523197073E-02
   -0.1461574590E+03   -0.5632847022E-02
   -0.1460472277E+03   -0.5741955317E-02
   -0.1459369964E+03   -0.5850502147E-02
   -0.1458267651E+03   -0.5958467732E-02
   -0.1457165337E+03   -0.6065832321E-02
   -0.1456063024E+03   -0.6172576198E-02
   -0.1454960711E+03   -0.6278679685E-02
   -0.1453858398E+03   -0.6384123147E-02
   -0.1452756084E+03   -0.6488886991E-02
   -0.1451653771E+03   -0.6592951674E-02
   -0.1450551458E+03   -0.6696297705E-02
   -0.1449449145E+03   -0.6798905650E-02
   -0.1448346832E+03   -0.6900756130E-02
   -0.1447244518E+03   -0.7001829831E-02
   -0.1446142205E+03   -0.7102107505E-02
   -0.1445039892E+03   -0.7201569972E-02
   -0.1443937579E+03   -0.7300198125E-02
   -0.1442835266E+03   -0.7397972935E-02
   -0.1441732952E+03   -0.7494875451E-02
   -0.1440630639E+03   -0.7590886805E-02
   -0.1439528326E+03   -0.7685988216E-02
   -0.1438426013E+03   -0.7780160995E-02
   -0.1437323700E+03   -0.7873386544E-02
   -0.1436221386E+03   -0.7965646363E-02
   -0.1435119073E+03   -0.8056922054E-02
   -0.1434016760E+03   -0.8147195321E-02
   -0.1432914447E+03   -0.8236447977E-02
   -0.1431812133E+03   -0.8324661944E-02
   -0.1430709820E+03   -0.8411819260E-02
   -0.1429607507E+03   -0.8497902080E-02
   -0.1428505194E+03   -0.8582892681E-02
   -0.1427402881E+03   -0.8666773463E-02
   -0.1426300567E+03   -0.8749526955E-02
   -0.1425198254E+03   -0.8831135818E-02
   -0.1424095941E+03   -0.8911582845E-02
   -0.1422993628E+03   -0.8990850969E-02
   -0.1421891315E+03   -0.9068923266E-02
   -0.1420789001E+03   -0.9145782953E-02
   -0.1419686688E+03   -0.9221413397E-02
   -0.1418584375E+03   -0.9295798116E-02
   -0.1417482062E+03   -0.9368920784E-02
   -0.1416379748E+03   -0.9440765231E-02
   -0.1415277435E+03   -0.9511315448E-02
   -0.1414175122E+03   -0.9580555591E-02
   -0.1413072809E+03   -0.9648469984E-02
   -0.1411970496E+03   -0.9715043122E-02
   -0.1410868182E+03   -0.9780259671E-02
   -0.1409765869E+03   -0.9844104479E-02
   -0.1408663556E+03   -0.9906562570E-02
   -0.1407561243E+03   -0.9967619154E-02
   -0.1406458930E+03   -0.1002725962E-01
   -0.1405356616E+03   -0.1008546957E-01
   -0.1404254303E+03   -0.1014223476E-01
   -0.1403151990E+03   -0.1019754118E-01
   -0.1402049677E+03   -0.1025137499E-01
   -0.1400947364E+03   -0.1030372256E-01
   -0.1399845050E+03   -0.1035457049E-01
   -0.1398742737E+03   -0.1040390554E-01
   -0.1397640424E+03   -0.1045171472E-01
   -0.1396538111E+03   -0.1049798523E-01
   -0.1395435797E+03   -0.1054270450E-01
   -0.1394333484E+03   -0.1058586017E-01
   -0.1393231171E+03   -0.1062744012E-01
   -0.1392128858E+03   -0.1066743241E-01
   -0.1391026545E+03   -0.1070582539E-01
   -0.1389924231E+03   -0.1074260758E-01
   -0.1388821918E+03   -0.1077776777E-01
   -0.1387719605E+03   -0.1081129498E-01
   -0.1386617292E+03   -0.1084317845E-01
   -0.1385514979E+03   -0.1087340769E-01
   -0.1384412665E+03   -0.1090197241E-01
   -0.1383310352E+03   -0.1092886262E-01
   -0.1382208039E+03   -0.1095406852E-01
   -0.1381105726E+03   -0.1097758061E-01
   -0.1380003412E+03   -0.1099938961E-01
   -0.1378901099E+03   -0.1101948651E-01
   -0.1377798786E+03   -0.1103786256E-01
   -0.1376696473E+03   -0.1105450925E-01
   -0.1375594160E+03   -0.1106941836E-01
   -0.1374491846E+03   -0.1108258191E-01
   -0.1373389533E+03   -0.1109399220E-01
   -0.1372287220E+03   -0.1110364180E-01
   -0.1371184907E+03   -0.1111152353E-01
   -0.1370082594E+03   -0.1111763051E-01
   -0.1368980280E+03   -0.1112195611E-01
   -0.1367877967E+03   -0.1112449400E-01
   -0.1366775654E+03   -0.1112523812E-01
   -0.1365673341E+03   -0.1112418268E-01
   -0.1364571028E+03   -0.1112132218E-01
   -0.1363468714E+03   -0.1111665141E-01
   -0.1362366401E+03   -0.1111016543E-01
   -0.1361264088E+03   -0.1110185961E-01
   -0.1360161775E+03   -0.1109172959E-01
   -0.1359059461E+03   -0.1107977130E-01
   -0.1357957148E+03   -0.1106598098E-01
   -0.1356854835E+03   -0.1105035516E-01
   -0.1355752522E+03   -0.1103289065E-01
   -0.1354650209E+03   -0.1101358456E-01
   -0.1353547895E+03   -0.1099243432E-01
   -0.1352445582E+03   -0.1096943764E-01
   -0.1351343269E+03   -0.1094459253E-01
   -0.1350240956E+03   -0.1091789731E-01
   -0.1349138643E+03   -0.1088935060E-01
   -0.1348036329E+03   -0.1085895134E-01
   -0.1346934016E+03   -0.1082669874E-01
   -0.1345831703E+03   -0.1079259236E-01
   -0.1344729390E+03   -0.1075663203E-01
   -0.1343627077E+03   -0.1071881792E-01
   -0.1342524763E+03   -0.1067915048E-01
   -0.1341422450E+03   -0.1063763050E-01
   -0.1340320137E+03   -0.1059425905E-01
   -0.1339217824E+03   -0.1054903755E-01
   -0.1338115510E+03   -0.1050196770E-01
   -0.1337013197E+03   -0.1045305153E-01
   -0.1335910884E+03   -0.1040229138E-01
   -0.1334808571E+03   -0.1034968990E-01
   -0.1333706258E+03   -0.1029525006E-01
   -0.1332603944E+03   -0.1023897516E-01
   -0.1331501631E+03   -0.1018086879E-01
   -0.1330399318E+03   -0.1012093487E-01
   -0.1329297005E+03   -0.1005917763E-01
   -0.1328194692E+03   -0.9995601635E-02
   -0.1327092378E+03   -0.9930211747E-02
   -0.1325990065E+03   -0.9863013154E-02
   -0.1324887752E+03   -0.9794011360E-02
   -0.1323785439E+03   -0.9723212186E-02
   -0.1322683125E+03   -0.9650621773E-02
   -0.1321580812E+03   -0.9576246576E-02
   -0.1320478499E+03   -0.9500093369E-02
   -0.1319376186E+03   -0.9422169242E-02
   -0.1318273873E+03   -0.9342481603E-02
   -0.1317171559E+03   -0.9261038176E-02
   -0.1316069246E+03   -0.9177847000E-02
   -0.1314966933E+03   -0.9092916431E-02
   -0.1313864620E+03   -0.9006255139E-02
   -0.1312762307E+03   -0.8917872110E-02
   -0.1311659993E+03   -0.8827776643E-02
   -0.1310557680E+03   -0.8735978352E-02
   -0.1309455367E+03   -0.8642487161E-02
   -0.1308353054E+03   -0.8547313309E-02
   -0.1307250741E+03   -0.8450467345E-02
   -0.1306148427E+03   -0.8351960127E-02
   -0.1305046114E+03   -0.8251802824E-02
   -0.1303943801E+03   -0.8150006914E-02
   -0.1302841488E+03   -0.8046584181E-02
   -0.1301739174E+03   -0.7941546716E-02
   -0.1300636861E+03   -0.7834906915E-02
   -0.1299534548E+03   -0.7726677479E-02
   -0.1298432235E+03   -0.7616871411E-02
   -0.1297329922E+03   -0.7505502014E-02
   -0.1296227608E+03   -0.7392582895E-02
   -0.1295125295E+03   -0.7278127955E-02
   -0.1294022982E+03   -0.7162151395E-02
   -0.1292920669E+03   -0.7044667713E-02
   -0.1291818356E+03   -0.6925691697E-02
   -0.1290716042E+03   -0.6805238432E-02
   -0.1289613729E+03   -0.6683323290E-02
   -0.1288511416E+03   -0.6559961934E-02
   -0.1287409103E+03   -0.6435170315E-02
   -0.1286306789E+03   -0.6308964668E-02
   -0.1285204476E+03   -0.6181361511E-02
   -0.1284102163E+03   -0.6052377645E-02
   -0.1282999850E+03   -0.5922030149E-02
   -0.1281897537E+03   -0.5790336382E-02
   -0.1280795223E+03   -0.5657313976E-02
   -0.1279692910E+03   -0.5522980835E-02
   -0.1278590597E+03   -0.5387355138E-02
   -0.1277488284E+03   -0.5250455329E-02
   -0.1276385971E+03   -0.5112300120E-02
   -0.1275283657E+03   -0.4972908486E-02
   -0.1274181344E+03   -0.4832299664E-02
   -0.1273079031E+03   -0.4690493149E-02
   -0.1271976718E+03   -0.4547508694E-02
   -0.1270874405E+03   -0.4403366306E-02
   -0.1269772091E+03   -0.4258086240E-02
   -0.1268669778E+03   -0.4111689002E-02
   -0.1267567465E+03   -0.3964195345E-02
   -0.1266465152E+03   -0.3815626262E-02
   -0.1265362838E+03   -0.3666002987E-02
   -0.1264260525E+03   -0.3515346991E-02
   -0.1263158212E+03   -0.3363679981E-02
   -0.1262055899E+03   -0.3211023894E-02
   -0.1260953586E+03   -0.3057400894E-02
   -0.1259851272E+03   -0.2902833371E-02
   -0.1258748959E+03   -0.2747343938E-02
   -0.1257646646E+03   -0.2590955425E-02
   -0.1256544333E+03   -0.2433690879E-02
   -0.1255442020E+03   -0.2275573558E-02
   -0.1254339706E+03   -0.2116626930E-02
   -0.1253237393E+03   -0.1956874669E-02
   -0.1252135080E+03   -0.1796340648E-02
   -0.1251032767E+03   -0.1635048943E-02
   -0.1249930454E+03   -0.1473023823E-02
   -0.1248828140E+03   -0.1310289747E-02
   -0.1247725827E+03   -0.1146871366E-02
   -0.1246623514E+03   -0.9827935112E-03
   -0.1245521201E+03   -0.8180811980E-03
   -0.1244418887E+03   -0.6527596170E-03
   -0.1243316574E+03   -0.4868541325E-03
   -0.1242214261E+03   -0.3203902782E-03
   -0.1241111948E+03   -0.1533937536E-03
   -0.1240009635E+03    0.1410958018E-04
   -0.1238907321E+03    0.1820937041E-03
   -0.1237805008E+03    0.3505324451E-03
   -0.1236702695E+03    0.5193994804E-03
   -0.1235600382E+03    0.6886683412E-03
   -0.1234498069E+03    0.8583124168E-03
   -0.1233395755E+03    0.1028304959E-02
   -0.1232293442E+03    0.1198619086E-02
   -0.1231191129E+03    0.1369227786E-02
   -0.1230088816E+03    0.1540103922E-02
   -0.1228986502E+03    0.1711220237E-02
   -0.1227884189E+03    0.1882549357E-02
   -0.1226781876E+03    0.2054063794E-02
   -0.1225679563E+03    0.2225735954E-02
   -0.1224577250E+03    0.2397538138E-02
   -0.1223474936E+03    0.2569442547E-02
   -0.1222372623E+03    0.2741421290E-02
   -0.1221270310E+03    0.2913446381E-02
   -0.1220167997E+03    0.3085489752E-02
   -0.1219065684E+03    0.3257523252E-02
   -0.1217963370E+03    0.3429518652E-02
   -0.1216861057E+03    0.3601447652E-02
   -0.1215758744E+03    0.3773281884E-02
   -0.1214656431E+03    0.3944992915E-02
   -0.1213554118E+03    0.4116552256E-02
   -0.1212451804E+03    0.4287931362E-02
   -0.1211349491E+03    0.4459101639E-02
   -0.1210247178E+03    0.4630034450E-02
   -0.1209144865E+03    0.4800701115E-02
   -0.1208042551E+03    0.4971072922E-02
   -0.1206940238E+03    0.5141121127E-02
   -0.1205837925E+03    0.5310816960E-02
   -0.1204735612E+03    0.5480131632E-02
   -0.1203633299E+03    0.5649036334E-02
   -0.1202530985E+03    0.5817502251E-02
   -0.1201428672E+03    0.5985500557E-02
   -0.1200326359E+03    0.6153002428E-02
   -0.1199224046E+03    0.6319979040E-02
   -0.1198121733E+03    0.6486401580E-02
   -0.1197019419E+03    0.6652241246E-02
   -0.1195917106E+03    0.6817469256E-02
   -0.1194814793E+03    0.6982056848E-02
   -0.1193712480E+03    0.7145975290E-02
   -0.1192610166E+03    0.7309195883E-02
   -0.1191507853E+03    0.7471689964E-02
   -0.1190405540E+03    0.7633428913E-02
   -0.1189303227E+03    0.7794384158E-02
   -0.1188200914E+03    0.7954527180E-02
   -0.1187098600E+03    0.8113829517E-02
   -0.1185996287E+03    0.8272262767E-02
   -0.1184893974E+03    0.8429798600E-02
   -0.1183791661E+03    0.8586408754E-02
   -0.1182689348E+03    0.8742065046E-02
   -0.1181587034E+03    0.8896739377E-02
   -0.1180484721E+03    0.9050403731E-02
   -0.1179382408E+03    0.9203030189E-02
   -0.1178280095E+03    0.9354590925E-02
   -0.1177177782E+03    0.9505058218E-02
   -0.1176075468E+03    0.9654404453E-02
   -0.1174973155E+03    0.9802602125E-02
   -0.1173870842E+03    0.9949623849E-02
   -0.1172768529E+03    0.1009544236E-01
   -0.1171666215E+03    0.1024003052E-01
   -0.1170563902E+03    0.1038336133E-01
   -0.1169461589E+03    0.1052540791E-01
   -0.1168359276E+03    0.1066614353E-01
   -0.1167256963E+03    0.1080554163E-01
   -0.1166154649E+03    0.1094357575E-01
   -0.1165052336E+03    0.1108021964E-01
   -0.1163950023E+03    0.1121544717E-01
   -0.1162847710E+03    0.1134923241E-01
   -0.1161745397E+03    0.1148154957E-01
   -0.1160643083E+03    0.1161237305E-01
   -0.1159540770E+03    0.1174167743E-01
   -0.1158438457E+03    0.1186943747E-01
   -0.1157336144E+03    0.1199562813E-01
   -0.1156233831E+03    0.1212022456E-01
   -0.1155131517E+03    0.1224320210E-01
   -0.1154029204E+03    0.1236453631E-01
   -0.1152926891E+03    0.1248420294E-01
   -0.1151824578E+03    0.1260217796E-01
   -0.1150722264E+03    0.1271843757E-01
   -0.1149619951E+03    0.1283295817E-01
   -0.1148517638E+03    0.1294571642E-01
   -0.1147415325E+03    0.1305668917E-01
   -0.1146313012E+03    0.1316585353E-01
   -0.1145210698E+03    0.1327318686E-01
   -0.1144108385E+03    0.1337866674E-01
   -0.1143006072E+03    0.1348227101E-01
   -0.1141903759E+03    0.1358397777E-01
   -0.1140801446E+03    0.1368376537E-01
   -0.1139699132E+03    0.1378161242E-01
   -0.1138596819E+03    0.1387749782E-01
   -0.1137494506E+03    0.1397140070E-01
   -0.1136392193E+03    0.1406330050E-01
   -0.1135289879E+03    0.1415317692E-01
   -0.1134187566E+03    0.1424100995E-01
   -0.1133085253E+03    0.1432677987E-01
   -0.1131982940E+03    0.1441046726E-01
   -0.1130880627E+03    0.1449205296E-01
   -0.1129778313E+03    0.1457151816E-01
   -0.1128676000E+03    0.1464884431E-01
   -0.1127573687E+03    0.1472401319E-01
   -0.1126471374E+03    0.1479700688E-01
   -0.1125369061E+03    0.1486780780E-01
   -0.1124266747E+03    0.1493639865E-01
   -0.1123164434E+03    0.1500276248E-01
   -0.1122062121E+03    0.1506688266E-01
   -0.1120959808E+03    0.1512874289E-01
   -0.1119857495E+03    0.1518832720E-01
   -0.1118755181E+03    0.1524561996E-01
   -0.1117652868E+03    0.1530060588E-01
   -0.1116550555E+03    0.1535327001E-01
   -0.1115448242E+03    0.1540359776E-01
   -0.1114345928E+03    0.1545157488E-01
   -0.1113243615E+03    0.1549718747E-01
   -0.1112141302E+03    0.1554042200E-01
   -0.1111038989E+03    0.1558126529E-01
   -0.1109936676E+03    0.1561970452E-01
   -0.1108834362E+03    0.1565572726E-01
   -0.1107732049E+03    0.1568932143E-01
   -0.1106629736E+03    0.1572047531E-01
   -0.1105527423E+03    0.1574917759E-01
   -0.1104425110E+03    0.1577541732E-01
   -0.1103322796E+03    0.1579918392E-01
   -0.1102220483E+03    0.1582046720E-01
   -0.1101118170E+03    0.1583925739E-01
   -0.1100015857E+03    0.1585554505E-01
   -0.1098913543E+03    0.1586932118E-01
   -0.1097811230E+03    0.1588057715E-01
   -0.1096708917E+03    0.1588930474E-01
   -0.1095606604E+03    0.1589549612E-01
   -0.1094504291E+03    0.1589914387E-01
   -0.1093401977E+03    0.1590024096E-01
   -0.1092299664E+03    0.1589878077E-01
   -0.1091197351E+03    0.1589475710E-01
   -0.1090095038E+03    0.1588816416E-01
   -0.1088992725E+03    0.1587899654E-01
   -0.1087890411E+03    0.1586724929E-01
   -0.1086788098E+03    0.1585291785E-01
   -0.1085685785E+03    0.1583599807E-01
   -0.1084583472E+03    0.1581648624E-01
   -0.1083481159E+03    0.1579437906E-01
   -0.1082378845E+03    0.1576967366E-01
   -0.1081276532E+03    0.1574236758E-01
   -0.1080174219E+03    0.1571245879E-01
   -0.1079071906E+03    0.1567994570E-01
   -0.1077969592E+03    0.1564482714E-01
   -0.1076867279E+03    0.1560710236E-01
   -0.1075764966E+03    0.1556677106E-01
   -0.1074662653E+03    0.1552383335E-01
   -0.1073560340E+03    0.1547828980E-01
   -0.1072458026E+03    0.1543014138E-01
   -0.1071355713E+03    0.1537938953E-01
   -0.1070253400E+03    0.1532603609E-01
   -0.1069151087E+03    0.1527008337E-01
   -0.1068048774E+03    0.1521153409E-01
   -0.1066946460E+03    0.1515039143E-01
   -0.1065844147E+03    0.1508665899E-01
   -0.1064741834E+03    0.1502034081E-01
   -0.1063639521E+03    0.1495144139E-01
   -0.1062537208E+03    0.1487996565E-01
   -0.1061434894E+03    0.1480591894E-01
   -0.1060332581E+03    0.1472930707E-01
   -0.1059230268E+03    0.1465013629E-01
   -0.1058127955E+03    0.1456841328E-01
   -0.1057025641E+03    0.1448414515E-01
   -0.1055923328E+03    0.1439733948E-01
   -0.1054821015E+03    0.1430800425E-01
   -0.1053718702E+03    0.1421614792E-01
   -0.1052616389E+03    0.1412177935E-01
   -0.1051514075E+03    0.1402490788E-01
   -0.1050411762E+03    0.1392554324E-01
   -0.1049309449E+03    0.1382369563E-01
   -0.1048207136E+03    0.1371937568E-01
   -0.1047104823E+03    0.1361259445E-01
   -0.1046002509E+03    0.1350336344E-01
   -0.1044900196E+03    0.1339169459E-01
   -0.1043797883E+03    0.1327760025E-01
   -0.1042695570E+03    0.1316109322E-01
   -0.1041593256E+03    0.1304218674E-01
   -0.1040490943E+03    0.1292089446E-01
   -0.1039388630E+03    0.1279723046E-01
   -0.1038286317E+03    0.1267120926E-01
   -0.1037184004E+03    0.1254284579E-01
   -0.1036081690E+03    0.1241215542E-01
   -0.1034979377E+03    0.1227915393E-01
   -0.1033877064E+03    0.1214385752E-01
   -0.1032774751E+03    0.1200628283E-01
   -0.1031672438E+03    0.1186644688E-01
   -0.1030570124E+03    0.1172436714E-01
   -0.1029467811E+03    0.1158006148E-01
   -0.1028365498E+03    0.1143354818E-01
   -0.1027263185E+03    0.1128484592E-01
   -0.1026160872E+03    0.1113397381E-01
   -0.1025058558E+03    0.1098095135E-01
   -0.1023956245E+03    0.1082579844E-01
   -0.1022853932E+03    0.1066853538E-01
   -0.1021751619E+03    0.1050918288E-01
   -0.1020649305E+03    0.1034776203E-01
   -0.1019546992E+03    0.1018429432E-01
   -0.1018444679E+03    0.1001880163E-01
   -0.1017342366E+03    0.9851306233E-02
   -0.1016240053E+03    0.9681830766E-02
   -0.1015137739E+03    0.9510398265E-02
   -0.1014035426E+03    0.9337032136E-02
   -0.1012933113E+03    0.9161756164E-02
   -0.1011830800E+03    0.8984594502E-02
   -0.1010728487E+03    0.8805571676E-02
   -0.1009626173E+03    0.8624712572E-02
   -0.1008523860E+03    0.8442042443E-02
   -0.1007421547E+03    0.8257586898E-02
   -0.1006319234E+03    0.8071371901E-02
   -0.1005216920E+03    0.7883423769E-02
   -0.1004114607E+03    0.7693769165E-02
   -0.1003012294E+03    0.7502435098E-02
   -0.1001909981E+03    0.7309448916E-02
   -0.1000807668E+03    0.7114838304E-02
   -0.9997053544E+02    0.6918631281E-02
   -0.9986030412E+02    0.6720856194E-02
   -0.9975007280E+02    0.6521541713E-02
   -0.9963984148E+02    0.6320716831E-02
   -0.9952961016E+02    0.6118410857E-02
   -0.9941937884E+02    0.5914653411E-02
   -0.9930914752E+02    0.5709474424E-02
   -0.9919891619E+02    0.5502904127E-02
   -0.9908868487E+02    0.5294973053E-02
   -0.9897845355E+02    0.5085712029E-02
   -0.9886822223E+02    0.4875152172E-02
   -0.9875799091E+02    0.4663324884E-02
   -0.9864775959E+02    0.4450261851E-02
   -0.9853752827E+02    0.4235995032E-02
   -0.9842729695E+02    0.4020556659E-02
   -0.9831706563E+02    0.3803979232E-02
   -0.9820683430E+02    0.3586295511E-02
   -0.9809660298E+02    0.3367538514E-02
   -0.9798637166E+02    0.3147741511E-02
   -0.9787614034E+02    0.2926938019E-02
   -0.9776590902E+02    0.2705161798E-02
   -0.9765567770E+02    0.2482446842E-02
   -0.9754544638E+02    0.2258827379E-02
   -0.9743521506E+02    0.2034337862E-02
   -0.9732498373E+02    0.1809012968E-02
   -0.9721475241E+02    0.1582887585E-02
   -0.9710452109E+02    0.1355996814E-02
   -0.9699428977E+02    0.1128375963E-02
   -0.9688405845E+02    0.9000605344E-03
   -0.9677382713E+02    0.6710862288E-03
   -0.9666359581E+02    0.4414889331E-03
   -0.9655336449E+02    0.2113047173E-03
   -0.9644313317E+02   -0.1943017156E-04
   -0.9633290184E+02   -0.2506793151E-03
   -0.9622267052E+02   -0.4824061293E-03
   -0.9611243920E+02   -0.7145738706E-03
   -0.9600220788E+02   -0.9471456412E-03
   -0.9589197656E+02   -0.1180084395E-02
   -0.9578174524E+02   -0.1413352945E-02
   -0.9567151392E+02   -0.1646913966E-02
   -0.9556128260E+02   -0.1880730004E-02
   -0.9545105127E+02   -0.2114763481E-02
   -0.9534081995E+02   -0.2348976699E-02
   -0.9523058863E+02   -0.2583331849E-02
   -0.9512035731E+02   -0.2817791016E-02
   -0.9501012599E+02   -0.3052316186E-02
   -0.9489989467E+02   -0.3286869250E-02
   -0.9478966335E+02   -0.3521412011E-02
   -0.9467943203E+02   -0.3755906193E-02
   -0.9456920071E+02   -0.3990313442E-02
   -0.9445896938E+02   -0.4224595339E-02
   -0.9434873806E+02   -0.4458713400E-02
   -0.9423850674E+02   -0.4692629084E-02
   -0.9412827542E+02   -0.4926303804E-02
   -0.9401804410E+02   -0.5159698926E-02
   -0.9390781278E+02   -0.5392775780E-02
   -0.9379758146E+02   -0.5625495668E-02
   -0.9368735014E+02   -0.5857819865E-02
   -0.9357711881E+02   -0.6089709629E-02
   -0.9346688749E+02   -0.6321126207E-02
   -0.9335665617E+02   -0.6552030843E-02
   -0.9324642485E+02   -0.6782384780E-02
   -0.9313619353E+02   -0.7012149271E-02
   -0.9302596221E+02   -0.7241285585E-02
   -0.9291573089E+02   -0.7469755010E-02
   -0.9280549957E+02   -0.7697518863E-02
   -0.9269526825E+02   -0.7924538496E-02
   -0.9258503692E+02   -0.8150775302E-02
   -0.9247480560E+02   -0.8376190722E-02
   -0.9236457428E+02   -0.8600746250E-02
   -0.9225434296E+02   -0.8824403442E-02
   -0.9214411164E+02   -0.9047123921E-02
   -0.9203388032E+02   -0.9268869384E-02
   -0.9192364900E+02   -0.9489601609E-02
   -0.9181341768E+02   -0.9709282462E-02
   -0.9170318635E+02   -0.9927873900E-02
   -0.9159295503E+02   -0.1014533798E-01
   -0.9148272371E+02   -0.1036163688E-01
   -0.9137249239E+02   -0.1057673286E-01
   -0.9126226107E+02   -0.1079058834E-01
   -0.9115202975E+02   -0.1100316583E-01
   -0.9104179843E+02   -0.1121442801E-01
   -0.9093156711E+02   -0.1142433766E-01
   -0.9082133579E+02   -0.1163285773E-01
   -0.9071110446E+02   -0.1183995132E-01
   -0.9060087314E+02   -0.1204558170E-01
   -0.9049064182E+02   -0.1224971227E-01
   -0.9038041050E+02   -0.1245230665E-01
   -0.9027017918E+02   -0.1265332861E-01
   -0.9015994786E+02   -0.1285274210E-01
   -0.9004971654E+02   -0.1305051129E-01
   -0.8993948522E+02   -0.1324660051E-01
   -0.8982925389E+02   -0.1344097433E-01
   -0.8971902257E+02   -0.1363359751E-01
   -0.8960879125E+02   -0.1382443504E-01
   -0.8949855993E+02   -0.1401345212E-01
   -0.8938832861E+02   -0.1420061418E-01
   -0.8927809729E+02   -0.1438588691E-01
   -0.8916786597E+02   -0.1456923621E-01
   -0.8905763465E+02   -0.1475062826E-01
   -0.8894740332E+02   -0.1493002947E-01
   -0.8883717200E+02   -0.1510740651E-01
   -0.8872694068E+02   -0.1528272634E-01
   -0.8861670936E+02   -0.1545595618E-01
   -0.8850647804E+02   -0.1562706352E-01
   -0.8839624672E+02   -0.1579601616E-01
   -0.8828601540E+02   -0.1596278216E-01
   -0.8817578408E+02   -0.1612732990E-01
   -0.8806555276E+02   -0.1628962806E-01
   -0.8795532143E+02   -0.1644964561E-01
   -0.8784509011E+02   -0.1660735187E-01
   -0.8773485879E+02   -0.1676271645E-01
   -0.8762462747E+02   -0.1691570929E-01
   -0.8751439615E+02   -0.1706630068E-01
   -0.8740416483E+02   -0.1721446123E-01
   -0.8729393351E+02   -0.1736016191E-01
   -0.8718370219E+02   -0.1750337402E-01
   -0.8707347086E+02   -0.1764406922E-01
   -0.8696323954E+02   -0.1778221954E-01
   -0.8685300822E+02   -0.1791779736E-01
   -0.8674277690E+02   -0.1805077544E-01
   -0.8663254558E+02   -0.1818112692E-01
   -0.8652231426E+02   -0.1830882532E-01
   -0.8641208294E+02   -0.1843384453E-01
   -0.8630185162E+02   -0.1855615885E-01
   -0.8619162030E+02   -0.1867574296E-01
   -0.8608138897E+02   -0.1879257196E-01
   -0.8597115765E+02   -0.1890662136E-01
   -0.8586092633E+02   -0.1901786704E-01
   -0.8575069501E+02   -0.1912628535E-01
   -0.8564046369E+02   -0.1923185303E-01
   -0.8553023237E+02   -0.1933454725E-01
   -0.8542000105E+02   -0.1943434562E-01
   -0.8530976973E+02   -0.1953122616E-01
   -0.8519953840E+02   -0.1962516737E-01
   -0.8508930708E+02   -0.1971614816E-01
   -0.8497907576E+02   -0.1980414791E-01
   -0.8486884444E+02   -0.1988914642E-01
   -0.8475861312E+02   -0.1997112400E-01
   -0.8464838180E+02   -0.2005006137E-01
   -0.8453815048E+02   -0.2012593975E-01
   -0.8442791916E+02   -0.2019874081E-01
   -0.8431768784E+02   -0.2026844670E-01
   -0.8420745651E+02   -0.2033504004E-01
   -0.8409722519E+02   -0.2039850395E-01
   -0.8398699387E+02   -0.2045882202E-01
   -0.8387676255E+02   -0.2051597832E-01
   -0.8376653123E+02   -0.2056995745E-01
   -0.8365629991E+02   -0.2062074445E-01
   -0.8354606859E+02   -0.2066832490E-01
   -0.8343583727E+02   -0.2071268488E-01
   -0.8332560594E+02   -0.2075381096E-01
   -0.8321537462E+02   -0.2079169022E-01
   -0.8310514330E+02   -0.2082631026E-01
   -0.8299491198E+02   -0.2085765920E-01
   -0.8288468066E+02   -0.2088572567E-01
   -0.8277444934E+02   -0.2091049882E-01
   -0.8266421802E+02   -0.2093196833E-01
   -0.8255398670E+02   -0.2095012439E-01
   -0.8244375538E+02   -0.2096495775E-01
   -0.8233352405E+02   -0.2097645967E-01
   -0.8222329273E+02   -0.2098462194E-01
   -0.8211306141E+02   -0.2098943690E-01
   -0.8200283009E+02   -0.2099089742E-01
   -0.8189259877E+02   -0.2098899692E-01
   -0.8178236745E+02   -0.2098372935E-01
   -0.8167213613E+02   -0.2097508923E-01
   -0.8156190481E+02   -0.2096307159E-01
   -0.8145167348E+02   -0.2094767204E-01
   -0.8134144216E+02   -0.2092888673E-01
   -0.8123121084E+02   -0.2090671236E-01
   -0.8112097952E+02   -0.2088114619E-01
   -0.8101074820E+02   -0.2085218604E-01
   -0.8090051688E+02   -0.2081983026E-01
   -0.8079028556E+02   -0.2078407778E-01
   -0.8068005424E+02   -0.2074492810E-01
   -0.8056982292E+02   -0.2070238126E-01
   -0.8045959159E+02   -0.2065643787E-01
   -0.8034936027E+02   -0.2060709910E-01
   -0.8023912895E+02   -0.2055436668E-01
   -0.8012889763E+02   -0.2049824292E-01
   -0.8001866631E+02   -0.2043873067E-01
   -0.7990843499E+02   -0.2037583337E-01
   -0.7979820367E+02   -0.2030955500E-01
   -0.7968797235E+02   -0.2023990013E-01
   -0.7957774102E+02   -0.2016687388E-01
   -0.7946750970E+02   -0.2009048195E-01
   -0.7935727838E+02   -0.2001073060E-01
   -0.7924704706E+02   -0.1992762665E-01
   -0.7913681574E+02   -0.1984117749E-01
   -0.7902658442E+02   -0.1975139108E-01
   -0.7891635310E+02   -0.1965827595E-01
   -0.7880612178E+02   -0.1956184119E-01
   -0.7869589046E+02   -0.1946209644E-01
   -0.7858565913E+02   -0.1935905193E-01
   -0.7847542781E+02   -0.1925271844E-01
   -0.7836519649E+02   -0.1914310732E-01
   -0.7825496517E+02   -0.1903023047E-01
   -0.7814473385E+02   -0.1891410036E-01
   -0.7803450253E+02   -0.1879473001E-01
   -0.7792427121E+02   -0.1867213302E-01
   -0.7781403989E+02   -0.1854632353E-01
   -0.7770380856E+02   -0.1841731623E-01
   -0.7759357724E+02   -0.1828512639E-01
   -0.7748334592E+02   -0.1814976980E-01
   -0.7737311460E+02   -0.1801126283E-01
   -0.7726288328E+02   -0.1786962239E-01
   -0.7715265196E+02   -0.1772486592E-01
   -0.7704242064E+02   -0.1757701143E-01
   -0.7693218932E+02   -0.1742607746E-01
   -0.7682195800E+02   -0.1727208310E-01
   -0.7671172667E+02   -0.1711504798E-01
   -0.7660149535E+02   -0.1695499225E-01
   -0.7649126403E+02   -0.1679193661E-01
   -0.7638103271E+02   -0.1662590229E-01
   -0.7627080139E+02   -0.1645691105E-01
   -0.7616057007E+02   -0.1628498516E-01
   -0.7605033875E+02   -0.1611014744E-01
   -0.7594010743E+02   -0.1593242121E-01
   -0.7582987610E+02   -0.1575183032E-01
   -0.7571964478E+02   -0.1556839913E-01
   -0.7560941346E+02   -0.1538215250E-01
   -0.7549918214E+02   -0.1519311582E-01
   -0.7538895082E+02   -0.1500131498E-01
   -0.7527871950E+02   -0.1480677635E-01
   -0.7516848818E+02   -0.1460952682E-01
   -0.7505825686E+02   -0.1440959377E-01
   -0.7494802554E+02   -0.1420700506E-01
   -0.7483779421E+02   -0.1400178905E-01
   -0.7472756289E+02   -0.1379397457E-01
   -0.7461733157E+02   -0.1358359094E-01
   -0.7450710025E+02   -0.1337066794E-01
   -0.7439686893E+02   -0.1315523584E-01
   -0.7428663761E+02   -0.1293732536E-01
   -0.7417640629E+02   -0.1271696768E-01
   -0.7406617497E+02   -0.1249419446E-01
   -0.7395594364E+02   -0.1226903778E-01
   -0.7384571232E+02   -0.1204153019E-01
   -0.7373548100E+02   -0.1181170468E-01
   -0.7362524968E+02   -0.1157959468E-01
   -0.7351501836E+02   -0.1134523404E-01
   -0.7340478704E+02   -0.1110865705E-01
   -0.7329455572E+02   -0.1086989842E-01
   -0.7318432440E+02   -0.1062899328E-01
   -0.7307409308E+02   -0.1038597719E-01
   -0.7296386175E+02   -0.1014088608E-01
   -0.7285363043E+02   -0.9893756315E-02
   -0.7274339911E+02   -0.9644624645E-02
   -0.7263316779E+02   -0.9393528213E-02
   -0.7252293647E+02   -0.9140504549E-02
   -0.7241270515E+02   -0.8885591563E-02
   -0.7230247383E+02   -0.8628827539E-02
   -0.7219224251E+02   -0.8370251133E-02
   -0.7208201118E+02   -0.8109901360E-02
   -0.7197177986E+02   -0.7847817596E-02
   -0.7186154854E+02   -0.7584039565E-02
   -0.7175131722E+02   -0.7318607339E-02
   -0.7164108590E+02   -0.7051561326E-02
   -0.7153085458E+02   -0.6782942270E-02
   -0.7142062326E+02   -0.6512791239E-02
   -0.7131039194E+02   -0.6241149622E-02
   -0.7120016062E+02   -0.5968059121E-02
   -0.7108992929E+02   -0.5693561747E-02
   -0.7097969797E+02   -0.5417699809E-02
   -0.7086946665E+02   -0.5140515912E-02
   -0.7075923533E+02   -0.4862052948E-02
   -0.7064900401E+02   -0.4582354090E-02
   -0.7053877269E+02   -0.4301462784E-02
   -0.7042854137E+02   -0.4019422743E-02
   -0.7031831005E+02   -0.3736277941E-02
   -0.7020807872E+02   -0.3452072605E-02
   -0.7009784740E+02   -0.3166851208E-02
   -0.6998761608E+02   -0.2880658462E-02
   -0.6987738476E+02   -0.2593539311E-02
   -0.6976715344E+02   -0.2305538924E-02
   -0.6965692212E+02   -0.2016702688E-02
   -0.6954669080E+02   -0.1727076201E-02
   -0.6943645948E+02   -0.1436705261E-02
   -0.6932622816E+02   -0.1145635865E-02
   -0.6921599683E+02   -0.8539141977E-03
   -0.6910576551E+02   -0.5615866236E-03
   -0.6899553419E+02   -0.2686996815E-03
   -0.6888530287E+02    0.2469992418E-04
   -0.6877507155E+02    0.3185653308E-03
   -0.6866484023E+02    0.6128495247E-03
   -0.6855460891E+02    0.9075053494E-03
   -0.6844437759E+02    0.1202485513E-02
   -0.6833414626E+02    0.1497742596E-02
   -0.6822391494E+02    0.1793229058E-02
   -0.6811368362E+02    0.2088897248E-02
   -0.6800345230E+02    0.2384699410E-02
   -0.6789322098E+02    0.2680587690E-02
   -0.6778298966E+02    0.2976514148E-02
   -0.6767275834E+02    0.3272430762E-02
   -0.6756252702E+02    0.3568289436E-02
   -0.6745229570E+02    0.3864042011E-02
   -0.6734206437E+02    0.4159640270E-02
   -0.6723183305E+02    0.4455035946E-02
   -0.6712160173E+02    0.4750180735E-02
   -0.6701137041E+02    0.5045026295E-02
   -0.6690113909E+02    0.5339524262E-02
   -0.6679090777E+02    0.5633626256E-02
   -0.6668067645E+02    0.5927283886E-02
   -0.6657044513E+02    0.6220448762E-02
   -0.6646021380E+02    0.6513072500E-02
   -0.6634998248E+02    0.6805106733E-02
   -0.6623975116E+02    0.7096503117E-02
   -0.6612951984E+02    0.7387213340E-02
   -0.6601928852E+02    0.7677189131E-02
   -0.6590905720E+02    0.7966382264E-02
   -0.6579882588E+02    0.8254744574E-02
   -0.6568859456E+02    0.8542227956E-02
   -0.6557836324E+02    0.8828784380E-02
   -0.6546813191E+02    0.9114365896E-02
   -0.6535790059E+02    0.9398924643E-02
   -0.6524766927E+02    0.9682412857E-02
   -0.6513743795E+02    0.9964782879E-02
   -0.6502720663E+02    0.1024598716E-01
   -0.6491697531E+02    0.1052597829E-01
   -0.6480674399E+02    0.1080470896E-01
   -0.6469651267E+02    0.1108213201E-01
   -0.6458628134E+02    0.1135820045E-01
   -0.6447605002E+02    0.1163286740E-01
   -0.6436581870E+02    0.1190608618E-01
   -0.6425558738E+02    0.1217781025E-01
   -0.6414535606E+02    0.1244799328E-01
   -0.6403512474E+02    0.1271658909E-01
   -0.6392489342E+02    0.1298355173E-01
   -0.6381466210E+02    0.1324883543E-01
   -0.6370443078E+02    0.1351239463E-01
   -0.6359419945E+02    0.1377418400E-01
   -0.6348396813E+02    0.1403415842E-01
   -0.6337373681E+02    0.1429227302E-01
   -0.6326350549E+02    0.1454848315E-01
   -0.6315327417E+02    0.1480274444E-01
   -0.6304304285E+02    0.1505501276E-01
   -0.6293281153E+02    0.1530524423E-01
   -0.6282258021E+02    0.1555339527E-01
   -0.6271234888E+02    0.1579942257E-01
   -0.6260211756E+02    0.1604328309E-01
   -0.6249188624E+02    0.1628493412E-01
   -0.6238165492E+02    0.1652433322E-01
   -0.6227142360E+02    0.1676143829E-01
   -0.6216119228E+02    0.1699620753E-01
   -0.6205096096E+02    0.1722859946E-01
   -0.6194072964E+02    0.1745857295E-01
   -0.6183049832E+02    0.1768608721E-01
   -0.6172026699E+02    0.1791110177E-01
   -0.6161003567E+02    0.1813357655E-01
   -0.6149980435E+02    0.1835347182E-01
   -0.6138957303E+02    0.1857074821E-01
   -0.6127934171E+02    0.1878536674E-01
   -0.6116911039E+02    0.1899728880E-01
   -0.6105887907E+02    0.1920647618E-01
   -0.6094864775E+02    0.1941289107E-01
   -0.6083841642E+02    0.1961649605E-01
   -0.6072818510E+02    0.1981725412E-01
   -0.6061795378E+02    0.2001512871E-01
   -0.6050772246E+02    0.2021008366E-01
   -0.6039749114E+02    0.2040208323E-01
   -0.6028725982E+02    0.2059109214E-01
   -0.6017702850E+02    0.2077707555E-01
   -0.6006679718E+02    0.2095999907E-01
   -0.5995656586E+02    0.2113982875E-01
   -0.5984633453E+02    0.2131653113E-01
   -0.5973610321E+02    0.2149007320E-01
   -0.5962587189E+02    0.2166042243E-01
   -0.5951564057E+02    0.2182754679E-01
   -0.5940540925E+02    0.2199141471E-01
   -0.5929517793E+02    0.2215199512E-01
   -0.5918494661E+02    0.2230925747E-01
   -0.5907471529E+02    0.2246317170E-01
   -0.5896448396E+02    0.2261370826E-01
   -0.5885425264E+02    0.2276083811E-01
   -0.5874402132E+02    0.2290453276E-01
   -0.5863379000E+02    0.2304476422E-01
   -0.5852355868E+02    0.2318150505E-01
   -0.5841332736E+02    0.2331472833E-01
   -0.5830309604E+02    0.2344440770E-01
   -0.5819286472E+02    0.2357051735E-01
   -0.5808263339E+02    0.2369303202E-01
   -0.5797240207E+02    0.2381192700E-01
   -0.5786217075E+02    0.2392717816E-01
   -0.5775193943E+02    0.2403876192E-01
   -0.5764170811E+02    0.2414665529E-01
   -0.5753147679E+02    0.2425083585E-01
   -0.5742124547E+02    0.2435128175E-01
   -0.5731101415E+02    0.2444797177E-01
   -0.5720078283E+02    0.2454088522E-01
   -0.5709055150E+02    0.2463000206E-01
   -0.5698032018E+02    0.2471530281E-01
   -0.5687008886E+02    0.2479676862E-01
   -0.5675985754E+02    0.2487438124E-01
   -0.5664962622E+02    0.2494812301E-01
   -0.5653939490E+02    0.2501797692E-01
   -0.5642916358E+02    0.2508392656E-01
   -0.5631893226E+02    0.2514595614E-01
   -0.5620870093E+02    0.2520405050E-01
   -0.5609846961E+02    0.2525819512E-01
   -0.5598823829E+02    0.2530837608E-01
   -0.5587800697E+02    0.2535458014E-01
   -0.5576777565E+02    0.2539679465E-01
   -0.5565754433E+02    0.2543500765E-01
   -0.5554731301E+02    0.2546920779E-01
   -0.5543708169E+02    0.2549938437E-01
   -0.5532685037E+02    0.2552552736E-01
   -0.5521661904E+02    0.2554762736E-01
   -0.5510638772E+02    0.2556567564E-01
   -0.5499615640E+02    0.2557966411E-01
   -0.5488592508E+02    0.2558958535E-01
   -0.5477569376E+02    0.2559543261E-01
   -0.5466546244E+02    0.2559719978E-01
   -0.5455523112E+02    0.2559488143E-01
   -0.5444499980E+02    0.2558847279E-01
   -0.5433476847E+02    0.2557796977E-01
   -0.5422453715E+02    0.2556336893E-01
   -0.5411430583E+02    0.2554466752E-01
   -0.5400407451E+02    0.2552186345E-01
   -0.5389384319E+02    0.2549495530E-01
   -0.5378361187E+02    0.2546394235E-01
   -0.5367338055E+02    0.2542882452E-01
   -0.5356314923E+02    0.2538960243E-01
   -0.5345291791E+02    0.2534627736E-01
   -0.5334268658E+02    0.2529885129E-01
   -0.5323245526E+02    0.2524732686E-01
   -0.5312222394E+02    0.2519170740E-01
   -0.5301199262E+02    0.2513199691E-01
   -0.5290176130E+02    0.2506820006E-01
   -0.5279152998E+02    0.2500032223E-01
   -0.5268129866E+02    0.2492836944E-01
   -0.5257106734E+02    0.2485234843E-01
   -0.5246083601E+02    0.2477226657E-01
   -0.5235060469E+02    0.2468813196E-01
   -0.5224037337E+02    0.2459995333E-01
   -0.5213014205E+02    0.2450774012E-01
   -0.5201991073E+02    0.2441150244E-01
   -0.5190967941E+02    0.2431125105E-01
   -0.5179944809E+02    0.2420699741E-01
   -0.5168921677E+02    0.2409875366E-01
   -0.5157898545E+02    0.2398653258E-01
   -0.5146875412E+02    0.2387034765E-01
   -0.5135852280E+02    0.2375021300E-01
   -0.5124829148E+02    0.2362614343E-01
   -0.5113806016E+02    0.2349815442E-01
   -0.5102782884E+02    0.2336626209E-01
   -0.5091759752E+02    0.2323048325E-01
   -0.5080736620E+02    0.2309083535E-01
   -0.5069713488E+02    0.2294733650E-01
   -0.5058690355E+02    0.2280000546E-01
   -0.5047667223E+02    0.2264886166E-01
   -0.5036644091E+02    0.2249392518E-01
   -0.5025620959E+02    0.2233521672E-01
   -0.5014597827E+02    0.2217275766E-01
   -0.5003574695E+02    0.2200656999E-01
   -0.4992551563E+02    0.2183667637E-01
   -0.4981528431E+02    0.2166310008E-01
   -0.4970505299E+02    0.2148586504E-01
   -0.4959482166E+02    0.2130499578E-01
   -0.4948459034E+02    0.2112051748E-01
   -0.4937435902E+02    0.2093245593E-01
   -0.4926412770E+02    0.2074083756E-01
   -0.4915389638E+02    0.2054568938E-01
   -0.4904366506E+02    0.2034703904E-01
   -0.4893343374E+02    0.2014491478E-01
   -0.4882320242E+02    0.1993934547E-01
   -0.4871297109E+02    0.1973036056E-01
   -0.4860273977E+02    0.1951799008E-01
   -0.4849250845E+02    0.1930226468E-01
   -0.4838227713E+02    0.1908321559E-01
   -0.4827204581E+02    0.1886087462E-01
   -0.4816181449E+02    0.1863527414E-01
   -0.4805158317E+02    0.1840644711E-01
   -0.4794135185E+02    0.1817442707E-01
   -0.4783112053E+02    0.1793924810E-01
   -0.4772088920E+02    0.1770094483E-01
   -0.4761065788E+02    0.1745955248E-01
   -0.4750042656E+02    0.1721510678E-01
   -0.4739019524E+02    0.1696764403E-01
   -0.4727996392E+02    0.1671720104E-01
   -0.4716973260E+02    0.1646381516E-01
   -0.4705950128E+02    0.1620752429E-01
   -0.4694926996E+02    0.1594836680E-01
   -0.4683903863E+02    0.1568638162E-01
   -0.4672880731E+02    0.1542160816E-01
   -0.4661857599E+02    0.1515408634E-01
   -0.4650834467E+02    0.1488385657E-01
   -0.4639811335E+02    0.1461095977E-01
   -0.4628788203E+02    0.1433543731E-01
   -0.4617765071E+02    0.1405733106E-01
   -0.4606741939E+02    0.1377668335E-01
   -0.4595718807E+02    0.1349353697E-01
   -0.4584695674E+02    0.1320793519E-01
   -0.4573672542E+02    0.1291992169E-01
   -0.4562649410E+02    0.1262954062E-01
   -0.4551626278E+02    0.1233683657E-01
   -0.4540603146E+02    0.1204185454E-01
   -0.4529580014E+02    0.1174463997E-01
   -0.4518556882E+02    0.1144523870E-01
   -0.4507533750E+02    0.1114369698E-01
   -0.4496510617E+02    0.1084006148E-01
   -0.4485487485E+02    0.1053437922E-01
   -0.4474464353E+02    0.1022669766E-01
   -0.4463441221E+02    0.9917064587E-02
   -0.4452418089E+02    0.9605528194E-02
   -0.4441394957E+02    0.9292137020E-02
   -0.4430371825E+02    0.8976939963E-02
   -0.4419348693E+02    0.8659986265E-02
   -0.4408325561E+02    0.8341325512E-02
   -0.4397302428E+02    0.8021007617E-02
   -0.4386279296E+02    0.7699082817E-02
   -0.4375256164E+02    0.7375601666E-02
   -0.4364233032E+02    0.7050615022E-02
   -0.4353209900E+02    0.6724174045E-02
   -0.4342186768E+02    0.6396330182E-02
   -0.4331163636E+02    0.6067135165E-02
   -0.4320140504E+02    0.5736640998E-02
   -0.4309117371E+02    0.5404899952E-02
   -0.4298094239E+02    0.5071964552E-02
   -0.4287071107E+02    0.4737887575E-02
   -0.4276047975E+02    0.4402722035E-02
   -0.4265024843E+02    0.4066521179E-02
   -0.4254001711E+02    0.3729338475E-02
   -0.4242978579E+02    0.3391227606E-02
   -0.4231955447E+02    0.3052242460E-02
   -0.4220932315E+02    0.2712437119E-02
   -0.4209909182E+02    0.2371865856E-02
   -0.4198886050E+02    0.2030583118E-02
   -0.4187862918E+02    0.1688643527E-02
   -0.4176839786E+02    0.1346101860E-02
   -0.4165816654E+02    0.1003013050E-02
   -0.4154793522E+02    0.6594321693E-03
   -0.4143770390E+02    0.3154144257E-03
   -0.4132747258E+02   -0.2898484929E-04
   -0.4121724125E+02   -0.3737102091E-03
   -0.4110700993E+02   -0.7187061009E-03
   -0.4099677861E+02   -0.1063916875E-02
   -0.4088654729E+02   -0.1409286794E-02
   -0.4077631597E+02   -0.1754760042E-02
   -0.4066608465E+02   -0.2100280734E-02
   -0.4055585333E+02   -0.2445792925E-02
   -0.4044562201E+02   -0.2791240620E-02
   -0.4033539069E+02   -0.3136567782E-02
   -0.4022515936E+02   -0.3481718341E-02
   -0.4011492804E+02   -0.3826636206E-02
   -0.4000469672E+02   -0.4171265272E-02
   -0.3989446540E+02   -0.4515549431E-02
   -0.3978423408E+02   -0.4859432579E-02
   -0.3967400276E+02   -0.5202858628E-02
   -0.3956377144E+02   -0.5545771512E-02
   -0.3945354012E+02   -0.5888115202E-02
   -0.3934330879E+02   -0.6229833709E-02
   -0.3923307747E+02   -0.6570871099E-02
   -0.3912284615E+02   -0.6911171496E-02
   -0.3901261483E+02   -0.7250679099E-02
   -0.3890238351E+02   -0.7589338186E-02
   -0.3879215219E+02   -0.7927093124E-02
   -0.3868192087E+02   -0.8263888380E-02
   -0.3857168955E+02   -0.8599668531E-02
   -0.3846145823E+02   -0.8934378270E-02
   -0.3835122690E+02   -0.9267962419E-02
   -0.3824099558E+02   -0.9600365934E-02
   -0.3813076426E+02   -0.9931533921E-02
   -0.3802053294E+02   -0.1026141164E-01
   -0.3791030162E+02   -0.1058994451E-01
   -0.3780007030E+02   -0.1091707813E-01
   -0.3768983898E+02   -0.1124275828E-01
   -0.3757960766E+02   -0.1156693094E-01
   -0.3746937633E+02   -0.1188954228E-01
   -0.3735914501E+02   -0.1221053868E-01
   -0.3724891369E+02   -0.1252986675E-01
   -0.3713868237E+02   -0.1284747333E-01
   -0.3702845105E+02   -0.1316330548E-01
   -0.3691821973E+02   -0.1347731052E-01
   -0.3680798841E+02   -0.1378943603E-01
   -0.3669775709E+02   -0.1409962984E-01
   -0.3658752577E+02   -0.1440784008E-01
   -0.3647729444E+02   -0.1471401513E-01
   -0.3636706312E+02   -0.1501810369E-01
   -0.3625683180E+02   -0.1532005474E-01
   -0.3614660048E+02   -0.1561981759E-01
   -0.3603636916E+02   -0.1591734184E-01
   -0.3592613784E+02   -0.1621257744E-01
   -0.3581590652E+02   -0.1650547467E-01
   -0.3570567520E+02   -0.1679598414E-01
   -0.3559544387E+02   -0.1708405684E-01
   -0.3548521255E+02   -0.1736964410E-01
   -0.3537498123E+02   -0.1765269761E-01
   -0.3526474991E+02   -0.1793316947E-01
   -0.3515451859E+02   -0.1821101214E-01
   -0.3504428727E+02   -0.1848617848E-01
   -0.3493405595E+02   -0.1875862176E-01
   -0.3482382463E+02   -0.1902829566E-01
   -0.3471359331E+02   -0.1929515425E-01
   -0.3460336198E+02   -0.1955915207E-01
   -0.3449313066E+02   -0.1982024407E-01
   -0.3438289934E+02   -0.2007838565E-01
   -0.3427266802E+02   -0.2033353265E-01
   -0.3416243670E+02   -0.2058564138E-01
   -0.3405220538E+02   -0.2083466860E-01
   -0.3394197406E+02   -0.2108057157E-01
   -0.3383174274E+02   -0.2132330801E-01
   -0.3372151141E+02   -0.2156283612E-01
   -0.3361128009E+02   -0.2179911462E-01
   -0.3350104877E+02   -0.2203210272E-01
   -0.3339081745E+02   -0.2226176014E-01
   -0.3328058613E+02   -0.2248804711E-01
   -0.3317035481E+02   -0.2271092440E-01
   -0.3306012349E+02   -0.2293035329E-01
   -0.3294989217E+02   -0.2314629563E-01
   -0.3283966085E+02   -0.2335871378E-01
   -0.3272942952E+02   -0.2356757067E-01
   -0.3261919820E+02   -0.2377282979E-01
   -0.3250896688E+02   -0.2397445518E-01
   -0.3239873556E+02   -0.2417241146E-01
   -0.3228850424E+02   -0.2436666384E-01
   -0.3217827292E+02   -0.2455717808E-01
   -0.3206804160E+02   -0.2474392057E-01
   -0.3195781028E+02   -0.2492685826E-01
   -0.3184757895E+02   -0.2510595873E-01
   -0.3173734763E+02   -0.2528119014E-01
   -0.3162711631E+02   -0.2545252129E-01
   -0.3151688499E+02   -0.2561992159E-01
   -0.3140665367E+02   -0.2578336105E-01
   -0.3129642235E+02   -0.2594281035E-01
   -0.3118619103E+02   -0.2609824078E-01
   -0.3107595971E+02   -0.2624962428E-01
   -0.3096572839E+02   -0.2639693343E-01
   -0.3085549706E+02   -0.2654014146E-01
   -0.3074526574E+02   -0.2667922226E-01
   -0.3063503442E+02   -0.2681415038E-01
   -0.3052480310E+02   -0.2694490103E-01
   -0.3041457178E+02   -0.2707145010E-01
   -0.3030434046E+02   -0.2719377414E-01
   -0.3019410914E+02   -0.2731185040E-01
   -0.3008387782E+02   -0.2742565678E-01
   -0.2997364649E+02   -0.2753517190E-01
   -0.2986341517E+02   -0.2764037505E-01
   -0.2975318385E+02   -0.2774124623E-01
   -0.2964295253E+02   -0.2783776612E-01
   -0.2953272121E+02   -0.2792991612E-01
   -0.2942248989E+02   -0.2801767833E-01
   -0.2931225857E+02   -0.2810103556E-01
   -0.2920202725E+02   -0.2817997132E-01
   -0.2909179593E+02   -0.2825446986E-01
   -0.2898156460E+02   -0.2832451614E-01
   -0.2887133328E+02   -0.2839009583E-01
   -0.2876110196E+02   -0.2845119534E-01
   -0.2865087064E+02   -0.2850780179E-01
   -0.2854063932E+02   -0.2855990306E-01
   -0.2843040800E+02   -0.2860748773E-01
   -0.2832017668E+02   -0.2865054514E-01
   -0.2820994536E+02   -0.2868906536E-01
   -0.2809971403E+02   -0.2872303919E-01
   -0.2798948271E+02   -0.2875245819E-01
   -0.2787925139E+02   -0.2877731464E-01
   -0.2776902007E+02   -0.2879760159E-01
   -0.2765878875E+02   -0.2881331281E-01
   -0.2754855743E+02   -0.2882444285E-01
   -0.2743832611E+02   -0.2883098699E-01
   -0.2732809479E+02   -0.2883294127E-01
   -0.2721786346E+02   -0.2883030246E-01
   -0.2710763214E+02   -0.2882306812E-01
   -0.2699740082E+02   -0.2881123653E-01
   -0.2688716950E+02   -0.2879480674E-01
   -0.2677693818E+02   -0.2877377857E-01
   -0.2666670686E+02   -0.2874815257E-01
   -0.2655647554E+02   -0.2871793005E-01
   -0.2644624422E+02   -0.2868311310E-01
   -0.2633601290E+02   -0.2864370455E-01
   -0.2622578157E+02   -0.2859970797E-01
   -0.2611555025E+02   -0.2855112772E-01
   -0.2600531893E+02   -0.2849796889E-01
   -0.2589508761E+02   -0.2844023735E-01
   -0.2578485629E+02   -0.2837793970E-01
   -0.2567462497E+02   -0.2831108331E-01
   -0.2556439365E+02   -0.2823967630E-01
   -0.2545416233E+02   -0.2816372754E-01
   -0.2534393100E+02   -0.2808324666E-01
   -0.2523369968E+02   -0.2799824403E-01
   -0.2512346836E+02   -0.2790873078E-01
   -0.2501323704E+02   -0.2781471878E-01
   -0.2490300572E+02   -0.2771622066E-01
   -0.2479277440E+02   -0.2761324977E-01
   -0.2468254308E+02   -0.2750582023E-01
   -0.2457231176E+02   -0.2739394688E-01
   -0.2446208044E+02   -0.2727764531E-01
   -0.2435184911E+02   -0.2715693184E-01
   -0.2424161779E+02   -0.2703182354E-01
   -0.2413138647E+02   -0.2690233820E-01
   -0.2402115515E+02   -0.2676849433E-01
   -0.2391092383E+02   -0.2663031119E-01
   -0.2380069251E+02   -0.2648780874E-01
   -0.2369046119E+02   -0.2634100768E-01
   -0.2358022987E+02   -0.2618992942E-01
   -0.2346999854E+02   -0.2603459608E-01
   -0.2335976722E+02   -0.2587503050E-01
   -0.2324953590E+02   -0.2571125623E-01
   -0.2313930458E+02   -0.2554329751E-01
   -0.2302907326E+02   -0.2537117930E-01
   -0.2291884194E+02   -0.2519492723E-01
   -0.2280861062E+02   -0.2501456766E-01
   -0.2269837930E+02   -0.2483012761E-01
   -0.2258814798E+02   -0.2464163480E-01
   -0.2247791665E+02   -0.2444911761E-01
   -0.2236768533E+02   -0.2425260513E-01
   -0.2225745401E+02   -0.2405212709E-01
   -0.2214722269E+02   -0.2384771391E-01
   -0.2203699137E+02   -0.2363939665E-01
   -0.2192676005E+02   -0.2342720705E-01
   -0.2181652873E+02   -0.2321117749E-01
   -0.2170629741E+02   -0.2299134100E-01
   -0.2159606608E+02   -0.2276773125E-01
   -0.2148583476E+02   -0.2254038255E-01
   -0.2137560344E+02   -0.2230932984E-01
   -0.2126537212E+02   -0.2207460870E-01
   -0.2115514080E+02   -0.2183625530E-01
   -0.2104490948E+02   -0.2159430645E-01
   -0.2093467816E+02   -0.2134879955E-01
   -0.2082444684E+02   -0.2109977264E-01
   -0.2071421552E+02   -0.2084726431E-01
   -0.2060398419E+02   -0.2059131376E-01
   -0.2049375287E+02   -0.2033196079E-01
   -0.2038352155E+02   -0.2006924575E-01
   -0.2027329023E+02   -0.1980320958E-01
   -0.2016305891E+02   -0.1953389379E-01
   -0.2005282759E+02   -0.1926134042E-01
   -0.1994259627E+02   -0.1898559210E-01
   -0.1983236495E+02   -0.1870669197E-01
   -0.1972213362E+02   -0.1842468373E-01
   -0.1961190230E+02   -0.1813961160E-01
   -0.1950167098E+02   -0.1785152034E-01
   -0.1939143966E+02   -0.1756045519E-01
   -0.1928120834E+02   -0.1726646194E-01
   -0.1917097702E+02   -0.1696958687E-01
   -0.1906074570E+02   -0.1666987673E-01
   -0.1895051438E+02   -0.1636737878E-01
   -0.1884028306E+02   -0.1606214076E-01
   -0.1873005173E+02   -0.1575421087E-01
   -0.1861982041E+02   -0.1544363778E-01
   -0.1850958909E+02   -0.1513047061E-01
   -0.1839935777E+02   -0.1481475893E-01
   -0.1828912645E+02   -0.1449655276E-01
   -0.1817889513E+02   -0.1417590253E-01
   -0.1806866381E+02   -0.1385285910E-01
   -0.1795843249E+02   -0.1352747376E-01
   -0.1784820116E+02   -0.1319979819E-01
   -0.1773796984E+02   -0.1286988447E-01
   -0.1762773852E+02   -0.1253778507E-01
   -0.1751750720E+02   -0.1220355285E-01
   -0.1740727588E+02   -0.1186724102E-01
   -0.1729704456E+02   -0.1152890317E-01
   -0.1718681324E+02   -0.1118859325E-01
   -0.1707658192E+02   -0.1084636553E-01
   -0.1696635060E+02   -0.1050227465E-01
   -0.1685611927E+02   -0.1015637556E-01
   -0.1674588795E+02   -0.9808723510E-02
   -0.1663565663E+02   -0.9459374095E-02
   -0.1652542531E+02   -0.9108383189E-02
   -0.1641519399E+02   -0.8755806961E-02
   -0.1630496267E+02   -0.8401701863E-02
   -0.1619473135E+02   -0.8046124619E-02
   -0.1608450003E+02   -0.7689132215E-02
   -0.1597426870E+02   -0.7330781892E-02
   -0.1586403738E+02   -0.6971131135E-02
   -0.1575380606E+02   -0.6610237664E-02
   -0.1564357474E+02   -0.6248159423E-02
   -0.1553334342E+02   -0.5884954573E-02
   -0.1542311210E+02   -0.5520681480E-02
   -0.1531288078E+02   -0.5155398706E-02
   -0.1520264946E+02   -0.4789165001E-02
   -0.1509241814E+02   -0.4422039291E-02
   -0.1498218681E+02   -0.4054080669E-02
   -0.1487195549E+02   -0.3685348385E-02
   -0.1476172417E+02   -0.3315901838E-02
   -0.1465149285E+02   -0.2945800562E-02
   -0.1454126153E+02   -0.2575104220E-02
   -0.1443103021E+02   -0.2203872595E-02
   -0.1432079889E+02   -0.1832165574E-02
   -0.1421056757E+02   -0.1460043143E-02
   -0.1410033624E+02   -0.1087565379E-02
   -0.1399010492E+02   -0.7147924323E-03
   -0.1387987360E+02   -0.3417845242E-03
   -0.1376964228E+02    0.3139806717E-04
   -0.1365941096E+02    0.4046950158E-03
   -0.1354917964E+02    0.7780459578E-03
   -0.1343894832E+02    0.1151390502E-02
   -0.1332871700E+02    0.1524668238E-02
   -0.1321848568E+02    0.1897818750E-02
   -0.1310825435E+02    0.2270781623E-02
   -0.1299802303E+02    0.2643496456E-02
   -0.1288779171E+02    0.3015902870E-02
   -0.1277756039E+02    0.3387940518E-02
   -0.1266732907E+02    0.3759549096E-02
   -0.1255709775E+02    0.4130668354E-02
   -0.1244686643E+02    0.4501238105E-02
   -0.1233663511E+02    0.4871198234E-02
   -0.1222640378E+02    0.5240488708E-02
   -0.1211617246E+02    0.5609049590E-02
   -0.1200594114E+02    0.5976821045E-02
   -0.1189570982E+02    0.6343743349E-02
   -0.1178547850E+02    0.6709756905E-02
   -0.1167524718E+02    0.7074802246E-02
   -0.1156501586E+02    0.7438820049E-02
   -0.1145478454E+02    0.7801751145E-02
   -0.1134455322E+02    0.8163536527E-02
   -0.1123432189E+02    0.8524117361E-02
   -0.1112409057E+02    0.8883434995E-02
   -0.1101385925E+02    0.9241430971E-02
   -0.1090362793E+02    0.9598047031E-02
   -0.1079339661E+02    0.9953225133E-02
   -0.1068316529E+02    0.1030690745E-01
   -0.1057293397E+02    0.1065903640E-01
   -0.1046270265E+02    0.1100955462E-01
   -0.1035247132E+02    0.1135840502E-01
   -0.1024224000E+02    0.1170553076E-01
   -0.1013200868E+02    0.1205087528E-01
   -0.1002177736E+02    0.1239438227E-01
   -0.9911546040E+01    0.1273599574E-01
   -0.9801314719E+01    0.1307566000E-01
   -0.9691083398E+01    0.1341331963E-01
   -0.9580852076E+01    0.1374891958E-01
   -0.9470620755E+01    0.1408240508E-01
   -0.9360389434E+01    0.1441372172E-01
   -0.9250158113E+01    0.1474281543E-01
   -0.9139926792E+01    0.1506963249E-01
   -0.9029695471E+01    0.1539411955E-01
   -0.8919464149E+01    0.1571622363E-01
   -0.8809232828E+01    0.1603589212E-01
   -0.8699001507E+01    0.1635307280E-01
   -0.8588770186E+01    0.1666771387E-01
   -0.8478538865E+01    0.1697976392E-01
   -0.8368307543E+01    0.1728917196E-01
   -0.8258076222E+01    0.1759588741E-01
   -0.8147844901E+01    0.1789986014E-01
   -0.8037613580E+01    0.1820104047E-01
   -0.7927382259E+01    0.1849937914E-01
   -0.7817150938E+01    0.1879482737E-01
   -0.7706919616E+01    0.1908733683E-01
   -0.7596688295E+01    0.1937685969E-01
   -0.7486456974E+01    0.1966334858E-01
   -0.7376225653E+01    0.1994675663E-01
   -0.7265994332E+01    0.2022703746E-01
   -0.7155763010E+01    0.2050414520E-01
   -0.7045531689E+01    0.2077803449E-01
   -0.6935300368E+01    0.2104866051E-01
   -0.6825069047E+01    0.2131597894E-01
   -0.6714837726E+01    0.2157994603E-01
   -0.6604606405E+01    0.2184051854E-01
   -0.6494375083E+01    0.2209765380E-01
   -0.6384143762E+01    0.2235130970E-01
   -0.6273912441E+01    0.2260144468E-01
   -0.6163681120E+01    0.2284801777E-01
   -0.6053449799E+01    0.2309098857E-01
   -0.5943218478E+01    0.2333031727E-01
   -0.5832987156E+01    0.2356596466E-01
   -0.5722755835E+01    0.2379789210E-01
   -0.5612524514E+01    0.2402606159E-01
   -0.5502293193E+01    0.2425043572E-01
   -0.5392061872E+01    0.2447097772E-01
   -0.5281830550E+01    0.2468765143E-01
   -0.5171599229E+01    0.2490042132E-01
   -0.5061367908E+01    0.2510925251E-01
   -0.4951136587E+01    0.2531411074E-01
   -0.4840905266E+01    0.2551496242E-01
   -0.4730673945E+01    0.2571177461E-01
   -0.4620442623E+01    0.2590451503E-01
   -0.4510211302E+01    0.2609315205E-01
   -0.4399979981E+01    0.2627765474E-01
   -0.4289748660E+01    0.2645799282E-01
   -0.4179517339E+01    0.2663413670E-01
   -0.4069286017E+01    0.2680605749E-01
   -0.3959054696E+01    0.2697372696E-01
   -0.3848823375E+01    0.2713711761E-01
   -0.3738592054E+01    0.2729620263E-01
   -0.3628360733E+01    0.2745095589E-01
   -0.3518129412E+01    0.2760135200E-01
   -0.3407898090E+01    0.2774736627E-01
   -0.3297666769E+01    0.2788897474E-01
   -0.3187435448E+01    0.2802615415E-01
   -0.3077204127E+01    0.2815888199E-01
   -0.2966972806E+01    0.2828713646E-01
   -0.2856741485E+01    0.2841089652E-01
   -0.2746510163E+01    0.2853014183E-01
   -0.2636278842E+01    0.2864485281E-01
   -0.2526047521E+01    0.2875501064E-01
   -0.2415816200E+01    0.2886059721E-01
   -0.2305584879E+01    0.2896159520E-01
   -0.2195353557E+01    0.2905798801E-01
   -0.2085122236E+01    0.2914975982E-01
   -0.1974890915E+01    0.2923689555E-01
   -0.1864659594E+01    0.2931938088E-01
   -0.1754428273E+01    0.2939720228E-01
   -0.1644196952E+01    0.2947034695E-01
   -0.1533965630E+01    0.2953880289E-01
   -0.1423734309E+01    0.2960255885E-01
   -0.1313502988E+01    0.2966160436E-01
   -0.1203271667E+01    0.2971592971E-01
   -0.1093040346E+01    0.2976552599E-01
   -0.9828090245E+00    0.2981038504E-01
   -0.8725777033E+00    0.2985049950E-01
   -0.7623463821E+00    0.2988586278E-01
   -0.6521150609E+00    0.2991646906E-01
   -0.5418837398E+00    0.2994231332E-01
   -0.4316524186E+00    0.2996339131E-01
   -0.3214210974E+00    0.2997969957E-01
   -0.2111897762E+00    0.2999123542E-01
   -0.1009584550E+00    0.2999799697E-01
    0.9272866140E-02    0.2999998310E-01
    0.1195041873E+00    0.2999719349E-01
    0.2297355085E+00    0.2998962860E-01
    0.3399668297E+00    0.2997728966E-01
    0.4501981509E+00    0.2996017872E-01
    0.5604294720E+00    0.2993829857E-01
    0.6706607932E+00    0.2991165281E-01
    0.7808921144E+00    0.2988024582E-01
    0.8911234356E+00    0.2984408276E-01
    0.1001354757E+01    0.2980316957E-01
    0.1111586078E+01    0.2975751297E-01
    0.1221817399E+01    0.2970712047E-01
    0.1332048720E+01    0.2965200033E-01
    0.1442280041E+01    0.2959216162E-01
    0.1552511363E+01    0.2952761416E-01
    0.1662742684E+01    0.2945836857E-01
    0.1772974005E+01    0.2938443620E-01
    0.1883205326E+01    0.2930582921E-01
    0.1993436647E+01    0.2922256050E-01
    0.2103667969E+01    0.2913464377E-01
    0.2213899290E+01    0.2904209343E-01
    0.2324130611E+01    0.2894492470E-01
    0.2434361932E+01    0.2884315353E-01
    0.2544593253E+01    0.2873679663E-01
    0.2654824574E+01    0.2862587148E-01
    0.2765055896E+01    0.2851039628E-01
    0.2875287217E+01    0.2839039001E-01
    0.2985518538E+01    0.2826587235E-01
    0.3095749859E+01    0.2813686377E-01
    0.3205981180E+01    0.2800338544E-01
    0.3316212501E+01    0.2786545927E-01
    0.3426443823E+01    0.2772310790E-01
    0.3536675144E+01    0.2757635472E-01
    0.3646906465E+01    0.2742522380E-01
    0.3757137786E+01    0.2726973995E-01
    0.3867369107E+01    0.2710992870E-01
    0.3977600429E+01    0.2694581626E-01
    0.4087831750E+01    0.2677742959E-01
    0.4198063071E+01    0.2660479630E-01
    0.4308294392E+01    0.2642794473E-01
    0.4418525713E+01    0.2624690389E-01
    0.4528757034E+01    0.2606170349E-01
    0.4638988356E+01    0.2587237391E-01
    0.4749219677E+01    0.2567894621E-01
    0.4859450998E+01    0.2548145213E-01
    0.4969682319E+01    0.2527992405E-01
    0.5079913640E+01    0.2507439502E-01
    0.5190144962E+01    0.2486489876E-01
    0.5300376283E+01    0.2465146962E-01
    0.5410607604E+01    0.2443414259E-01
    0.5520838925E+01    0.2421295331E-01
    0.5631070246E+01    0.2398793804E-01
    0.5741301567E+01    0.2375913366E-01
    0.5851532889E+01    0.2352657769E-01
    0.5961764210E+01    0.2329030823E-01
    0.6071995531E+01    0.2305036401E-01
    0.6182226852E+01    0.2280678434E-01
    0.6292458173E+01    0.2255960914E-01
    0.6402689494E+01    0.2230887890E-01
    0.6512920816E+01    0.2205463470E-01
    0.6623152137E+01    0.2179691818E-01
    0.6733383458E+01    0.2153577156E-01
    0.6843614779E+01    0.2127123759E-01
    0.6953846100E+01    0.2100335960E-01
    0.7064077422E+01    0.2073218144E-01
    0.7174308743E+01    0.2045774751E-01
    0.7284540064E+01    0.2018010273E-01
    0.7394771385E+01    0.1989929254E-01
    0.7505002706E+01    0.1961536291E-01
    0.7615234027E+01    0.1932836028E-01
    0.7725465349E+01    0.1903833161E-01
    0.7835696670E+01    0.1874532436E-01
    0.7945927991E+01    0.1844938644E-01
    0.8056159312E+01    0.1815056625E-01
    0.8166390633E+01    0.1784891266E-01
    0.8276621955E+01    0.1754447499E-01
    0.8386853276E+01    0.1723730301E-01
    0.8497084597E+01    0.1692744692E-01
    0.8607315918E+01    0.1661495737E-01
    0.8717547239E+01    0.1629988542E-01
    0.8827778560E+01    0.1598228254E-01
    0.8938009882E+01    0.1566220061E-01
    0.9048241203E+01    0.1533969193E-01
    0.9158472524E+01    0.1501480914E-01
    0.9268703845E+01    0.1468760530E-01
    0.9378935166E+01    0.1435813383E-01
    0.9489166487E+01    0.1402644850E-01
    0.9599397809E+01    0.1369260344E-01
    0.9709629130E+01    0.1335665312E-01
    0.9819860451E+01    0.1301865236E-01
    0.9930091772E+01    0.1267865628E-01
    0.1004032309E+02    0.1233672032E-01
    0.1015055441E+02    0.1199290025E-01
    0.1026078574E+02    0.1164725212E-01
    0.1037101706E+02    0.1129983225E-01
    0.1048124838E+02    0.1095069726E-01
    0.1059147970E+02    0.1059990404E-01
    0.1070171102E+02    0.1024750973E-01
    0.1081194234E+02    0.9893571718E-02
    0.1092217366E+02    0.9538147637E-02
    0.1103240498E+02    0.9181295347E-02
    0.1114263631E+02    0.8823072929E-02
    0.1125286763E+02    0.8463538673E-02
    0.1136309895E+02    0.8102751073E-02
    0.1147333027E+02    0.7740768811E-02
    0.1158356159E+02    0.7377650750E-02
    0.1169379291E+02    0.7013455925E-02
    0.1180402423E+02    0.6648243533E-02
    0.1191425555E+02    0.6282072922E-02
    0.1202448687E+02    0.5915003579E-02
    0.1213471820E+02    0.5547095127E-02
    0.1224494952E+02    0.5178407306E-02
    0.1235518084E+02    0.4808999970E-02
    0.1246541216E+02    0.4438933073E-02
    0.1257564348E+02    0.4068266663E-02
    0.1268587480E+02    0.3697060867E-02
    0.1279610612E+02    0.3325375883E-02
    0.1290633744E+02    0.2953271972E-02
    0.1301656877E+02    0.2580809445E-02
    0.1312680009E+02    0.2208048656E-02
    0.1323703141E+02    0.1835049987E-02
    0.1334726273E+02    0.1461873843E-02
    0.1345749405E+02    0.1088580639E-02
    0.1356772537E+02    0.7152307923E-03
    0.1367795669E+02    0.3418847095E-03
    0.1378818801E+02   -0.3139722198E-04
    0.1389841933E+02   -0.4045546438E-03
    0.1400865066E+02   -0.7775272372E-03
    0.1411888198E+02   -0.1150254733E-02
    0.1422911330E+02   -0.1522676922E-02
    0.1433934462E+02   -0.1894733663E-02
    0.1444957594E+02   -0.2266364896E-02
    0.1455980726E+02   -0.2637510651E-02
    0.1467003858E+02   -0.3008111056E-02
    0.1478026990E+02   -0.3378106350E-02
    0.1489050123E+02   -0.3747436889E-02
    0.1500073255E+02   -0.4116043161E-02
    0.1511096387E+02   -0.4483865792E-02
    0.1522119519E+02   -0.4850845558E-02
    0.1533142651E+02   -0.5216923393E-02
    0.1544165783E+02   -0.5582040400E-02
    0.1555188915E+02   -0.5946137860E-02
    0.1566212047E+02   -0.6309157244E-02
    0.1577235179E+02   -0.6671040218E-02
    0.1588258312E+02   -0.7031728659E-02
    0.1599281444E+02   -0.7391164658E-02
    0.1610304576E+02   -0.7749290535E-02
    0.1621327708E+02   -0.8106048845E-02
    0.1632350840E+02   -0.8461382391E-02
    0.1643373972E+02   -0.8815234227E-02
    0.1654397104E+02   -0.9167547677E-02
    0.1665420236E+02   -0.9518266335E-02
    0.1676443369E+02   -0.9867334080E-02
    0.1687466501E+02   -0.1021469508E-01
    0.1698489633E+02   -0.1056029382E-01
    0.1709512765E+02   -0.1090407507E-01
    0.1720535897E+02   -0.1124598394E-01
    0.1731559029E+02   -0.1158596586E-01
    0.1742582161E+02   -0.1192396661E-01
    0.1753605293E+02   -0.1225993230E-01
    0.1764628425E+02   -0.1259380940E-01
    0.1775651558E+02   -0.1292554476E-01
    0.1786674690E+02   -0.1325508559E-01
    0.1797697822E+02   -0.1358237948E-01
    0.1808720954E+02   -0.1390737441E-01
    0.1819744086E+02   -0.1423001877E-01
    0.1830767218E+02   -0.1455026135E-01
    0.1841790350E+02   -0.1486805136E-01
    0.1852813482E+02   -0.1518333842E-01
    0.1863836615E+02   -0.1549607261E-01
    0.1874859747E+02   -0.1580620443E-01
    0.1885882879E+02   -0.1611368482E-01
    0.1896906011E+02   -0.1641846520E-01
    0.1907929143E+02   -0.1672049744E-01
    0.1918952275E+02   -0.1701973389E-01
    0.1929975407E+02   -0.1731612738E-01
    0.1940998539E+02   -0.1760963122E-01
    0.1952021671E+02   -0.1790019921E-01
    0.1963044804E+02   -0.1818778568E-01
    0.1974067936E+02   -0.1847234545E-01
    0.1985091068E+02   -0.1875383384E-01
    0.1996114200E+02   -0.1903220674E-01
    0.2007137332E+02   -0.1930742054E-01
    0.2018160464E+02   -0.1957943217E-01
    0.2029183596E+02   -0.1984819912E-01
    0.2040206728E+02   -0.2011367941E-01
    0.2051229861E+02   -0.2037583165E-01
    0.2062252993E+02   -0.2063461500E-01
    0.2073276125E+02   -0.2088998918E-01
    0.2084299257E+02   -0.2114191451E-01
    0.2095322389E+02   -0.2139035189E-01
    0.2106345521E+02   -0.2163526281E-01
    0.2117368653E+02   -0.2187660935E-01
    0.2128391785E+02   -0.2211435420E-01
    0.2139414917E+02   -0.2234846067E-01
    0.2150438050E+02   -0.2257889267E-01
    0.2161461182E+02   -0.2280561474E-01
    0.2172484314E+02   -0.2302859205E-01
    0.2183507446E+02   -0.2324779039E-01
    0.2194530578E+02   -0.2346317619E-01
    0.2205553710E+02   -0.2367471654E-01
    0.2216576842E+02   -0.2388237917E-01
    0.2227599974E+02   -0.2408613244E-01
    0.2238623107E+02   -0.2428594541E-01
    0.2249646239E+02   -0.2448178777E-01
    0.2260669371E+02   -0.2467362990E-01
    0.2271692503E+02   -0.2486144283E-01
    0.2282715635E+02   -0.2504519829E-01
    0.2293738767E+02   -0.2522486867E-01
    0.2304761899E+02   -0.2540042706E-01
    0.2315785031E+02   -0.2557184724E-01
    0.2326808163E+02   -0.2573910368E-01
    0.2337831296E+02   -0.2590217155E-01
    0.2348854428E+02   -0.2606102670E-01
    0.2359877560E+02   -0.2621564573E-01
    0.2370900692E+02   -0.2636600591E-01
    0.2381923824E+02   -0.2651208523E-01
    0.2392946956E+02   -0.2665386241E-01
    0.2403970088E+02   -0.2679131688E-01
    0.2414993220E+02   -0.2692442878E-01
    0.2426016353E+02   -0.2705317899E-01
    0.2437039485E+02   -0.2717754911E-01
    0.2448062617E+02   -0.2729752147E-01
    0.2459085749E+02   -0.2741307914E-01
    0.2470108881E+02   -0.2752420592E-01
    0.2481132013E+02   -0.2763088634E-01
    0.2492155145E+02   -0.2773310568E-01
    0.2503178277E+02   -0.2783084996E-01
    0.2514201409E+02   -0.2792410593E-01
    0.2525224542E+02   -0.2801286111E-01
    0.2536247674E+02   -0.2809710374E-01
    0.2547270806E+02   -0.2817682282E-01
    0.2558293938E+02   -0.2825200811E-01
    0.2569317070E+02   -0.2832265011E-01
    0.2580340202E+02   -0.2838874007E-01
    0.2591363334E+02   -0.2845027000E-01
    0.2602386466E+02   -0.2850723265E-01
    0.2613409599E+02   -0.2855962155E-01
    0.2624432731E+02   -0.2860743096E-01
    0.2635455863E+02   -0.2865065592E-01
    0.2646478995E+02   -0.2868929219E-01
    0.2657502127E+02   -0.2872333634E-01
    0.2668525259E+02   -0.2875278564E-01
    0.2679548391E+02   -0.2877763816E-01
    0.2690571523E+02   -0.2879789270E-01
    0.2701594655E+02   -0.2881354883E-01
    0.2712617788E+02   -0.2882460688E-01
    0.2723640920E+02   -0.2883106791E-01
    0.2734664052E+02   -0.2883293377E-01
    0.2745687184E+02   -0.2883020703E-01
    0.2756710316E+02   -0.2882289105E-01
    0.2767733448E+02   -0.2881098990E-01
    0.2778756580E+02   -0.2879450843E-01
    0.2789779712E+02   -0.2877345224E-01
    0.2800802845E+02   -0.2874782766E-01
    0.2811825977E+02   -0.2871764178E-01
    0.2822849109E+02   -0.2868290244E-01
    0.2833872241E+02   -0.2864361820E-01
    0.2844895373E+02   -0.2859979839E-01
    0.2855918505E+02   -0.2855145306E-01
    0.2866941637E+02   -0.2849859301E-01
    0.2877964769E+02   -0.2844122976E-01
    0.2888987901E+02   -0.2837937557E-01
    0.2900011034E+02   -0.2831304343E-01
    0.2911034166E+02   -0.2824224707E-01
    0.2922057298E+02   -0.2816700092E-01
    0.2933080430E+02   -0.2808732015E-01
    0.2944103562E+02   -0.2800322064E-01
    0.2955126694E+02   -0.2791471899E-01
    0.2966149826E+02   -0.2782183251E-01
    0.2977172958E+02   -0.2772457922E-01
    0.2988196091E+02   -0.2762297784E-01
    0.2999219223E+02   -0.2751704781E-01
    0.3010242355E+02   -0.2740680925E-01
    0.3021265487E+02   -0.2729228297E-01
    0.3032288619E+02   -0.2717349049E-01
    0.3043311751E+02   -0.2705045400E-01
    0.3054334883E+02   -0.2692319638E-01
    0.3065358015E+02   -0.2679174119E-01
    0.3076381147E+02   -0.2665611266E-01
    0.3087404280E+02   -0.2651633568E-01
    0.3098427412E+02   -0.2637243581E-01
    0.3109450544E+02   -0.2622443929E-01
    0.3120473676E+02   -0.2607237299E-01
    0.3131496808E+02   -0.2591626442E-01
    0.3142519940E+02   -0.2575614178E-01
    0.3153543072E+02   -0.2559203386E-01
    0.3164566204E+02   -0.2542397011E-01
    0.3175589337E+02   -0.2525198061E-01
    0.3186612469E+02   -0.2507609605E-01
    0.3197635601E+02   -0.2489634775E-01
    0.3208658733E+02   -0.2471276764E-01
    0.3219681865E+02   -0.2452538825E-01
    0.3230704997E+02   -0.2433424272E-01
    0.3241728129E+02   -0.2413936477E-01
    0.3252751261E+02   -0.2394078873E-01
    0.3263774394E+02   -0.2373854950E-01
    0.3274797526E+02   -0.2353268255E-01
    0.3285820658E+02   -0.2332322392E-01
    0.3296843790E+02   -0.2311021024E-01
    0.3307866922E+02   -0.2289367867E-01
    0.3318890054E+02   -0.2267366691E-01
    0.3329913186E+02   -0.2245021325E-01
    0.3340936318E+02   -0.2222335646E-01
    0.3351959450E+02   -0.2199313588E-01
    0.3362982583E+02   -0.2175959136E-01
    0.3374005715E+02   -0.2152276326E-01
    0.3385028847E+02   -0.2128269247E-01
    0.3396051979E+02   -0.2103942035E-01
    0.3407075111E+02   -0.2079298877E-01
    0.3418098243E+02   -0.2054344009E-01
    0.3429121375E+02   -0.2029081716E-01
    0.3440144507E+02   -0.2003516327E-01
    0.3451167640E+02   -0.1977652220E-01
    0.3462190772E+02   -0.1951493818E-01
    0.3473213904E+02   -0.1925045589E-01
    0.3484237036E+02   -0.1898312044E-01
    0.3495260168E+02   -0.1871297740E-01
    0.3506283300E+02   -0.1844007273E-01
    0.3517306432E+02   -0.1816445283E-01
    0.3528329564E+02   -0.1788616450E-01
    0.3539352696E+02   -0.1760525496E-01
    0.3550375829E+02   -0.1732177179E-01
    0.3561398961E+02   -0.1703576299E-01
    0.3572422093E+02   -0.1674727690E-01
    0.3583445225E+02   -0.1645636226E-01
    0.3594468357E+02   -0.1616306815E-01
    0.3605491489E+02   -0.1586744401E-01
    0.3616514621E+02   -0.1556953962E-01
    0.3627537753E+02   -0.1526940509E-01
    0.3638560886E+02   -0.1496709086E-01
    0.3649584018E+02   -0.1466264769E-01
    0.3660607150E+02   -0.1435612663E-01
    0.3671630282E+02   -0.1404757905E-01
    0.3682653414E+02   -0.1373705660E-01
    0.3693676546E+02   -0.1342461121E-01
    0.3704699678E+02   -0.1311029510E-01
    0.3715722810E+02   -0.1279416072E-01
    0.3726745942E+02   -0.1247626080E-01
    0.3737769075E+02   -0.1215664832E-01
    0.3748792207E+02   -0.1183537647E-01
    0.3759815339E+02   -0.1151249869E-01
    0.3770838471E+02   -0.1118806864E-01
    0.3781861603E+02   -0.1086214016E-01
    0.3792884735E+02   -0.1053476733E-01
    0.3803907867E+02   -0.1020600438E-01
    0.3814930999E+02   -0.9875905762E-02
    0.3825954132E+02   -0.9544526071E-02
    0.3836977264E+02   -0.9211920076E-02
    0.3848000396E+02   -0.8878142699E-02
    0.3859023528E+02   -0.8543249005E-02
    0.3870046660E+02   -0.8207294196E-02
    0.3881069792E+02   -0.7870333598E-02
    0.3892092924E+02   -0.7532422654E-02
    0.3903116056E+02   -0.7193616915E-02
    0.3914139188E+02   -0.6853972028E-02
    0.3925162321E+02   -0.6513543730E-02
    0.3936185453E+02   -0.6172387836E-02
    0.3947208585E+02   -0.5830560230E-02
    0.3958231717E+02   -0.5488116858E-02
    0.3969254849E+02   -0.5145113715E-02
    0.3980277981E+02   -0.4801606839E-02
    0.3991301113E+02   -0.4457652299E-02
    0.4002324245E+02   -0.4113306185E-02
    0.4013347378E+02   -0.3768624604E-02
    0.4024370510E+02   -0.3423663665E-02
    0.4035393642E+02   -0.3078479469E-02
    0.4046416774E+02   -0.2733128106E-02
    0.4057439906E+02   -0.2387665641E-02
    0.4068463038E+02   -0.2042148103E-02
    0.4079486170E+02   -0.1696631480E-02
    0.4090509302E+02   -0.1351171708E-02
    0.4101532434E+02   -0.1005824660E-02
    0.4112555567E+02   -0.6606461413E-03
    0.4123578699E+02   -0.3156918736E-03
    0.4134601831E+02    0.2898250865E-04
    0.4145624963E+02    0.3733214699E-03
    0.4156648095E+02    0.7172695822E-03
    0.4167671227E+02    0.1060771534E-02
    0.4178694359E+02    0.1403772141E-02
    0.4189717491E+02    0.1746216351E-02
    0.4200740624E+02    0.2088049260E-02
    0.4211763756E+02    0.2429216113E-02
    0.4222786888E+02    0.2769662320E-02
    0.4233810020E+02    0.3109333461E-02
    0.4244833152E+02    0.3448175294E-02
    0.4255856284E+02    0.3786133770E-02
    0.4266879416E+02    0.4123155035E-02
    0.4277902548E+02    0.4459185440E-02
    0.4288925680E+02    0.4794171556E-02
    0.4299948813E+02    0.5128060172E-02
    0.4310971945E+02    0.5460798316E-02
    0.4321995077E+02    0.5792333251E-02
    0.4333018209E+02    0.6122612494E-02
    0.4344041341E+02    0.6451583819E-02
    0.4355064473E+02    0.6779195267E-02
    0.4366087605E+02    0.7105395154E-02
    0.4377110737E+02    0.7430132079E-02
    0.4388133870E+02    0.7753354934E-02
    0.4399157002E+02    0.8075012911E-02
    0.4410180134E+02    0.8395055509E-02
    0.4421203266E+02    0.8713432544E-02
    0.4432226398E+02    0.9030094158E-02
    0.4443249530E+02    0.9344990823E-02
    0.4454272662E+02    0.9658073353E-02
    0.4465295794E+02    0.9969292911E-02
    0.4476318926E+02    0.1027860101E-01
    0.4487342059E+02    0.1058594954E-01
    0.4498365191E+02    0.1089129075E-01
    0.4509388323E+02    0.1119457727E-01
    0.4520411455E+02    0.1149576213E-01
    0.4531434587E+02    0.1179479873E-01
    0.4542457719E+02    0.1209164088E-01
    0.4553480851E+02    0.1238624282E-01
    0.4564503983E+02    0.1267855918E-01
    0.4575527116E+02    0.1296854503E-01
    0.4586550248E+02    0.1325615585E-01
    0.4597573380E+02    0.1354134757E-01
    0.4608596512E+02    0.1382407658E-01
    0.4619619644E+02    0.1410429968E-01
    0.4630642776E+02    0.1438197418E-01
    0.4641665908E+02    0.1465705780E-01
    0.4652689040E+02    0.1492950878E-01
    0.4663712172E+02    0.1519928579E-01
    0.4674735305E+02    0.1546634803E-01
    0.4685758437E+02    0.1573065516E-01
    0.4696781569E+02    0.1599216735E-01
    0.4707804701E+02    0.1625084525E-01
    0.4718827833E+02    0.1650665006E-01
    0.4729850965E+02    0.1675954344E-01
    0.4740874097E+02    0.1700948763E-01
    0.4751897229E+02    0.1725644534E-01
    0.4762920362E+02    0.1750037986E-01
    0.4773943494E+02    0.1774125498E-01
    0.4784966626E+02    0.1797903505E-01
    0.4795989758E+02    0.1821368496E-01
    0.4807012890E+02    0.1844517017E-01
    0.4818036022E+02    0.1867345667E-01
    0.4829059154E+02    0.1889851105E-01
    0.4840082286E+02    0.1912030044E-01
    0.4851105418E+02    0.1933879255E-01
    0.4862128551E+02    0.1955395567E-01
    0.4873151683E+02    0.1976575867E-01
    0.4884174815E+02    0.1997417102E-01
    0.4895197947E+02    0.2017916277E-01
    0.4906221079E+02    0.2038070456E-01
    0.4917244211E+02    0.2057876764E-01
    0.4928267343E+02    0.2077332387E-01
    0.4939290475E+02    0.2096434571E-01
    0.4950313608E+02    0.2115180623E-01
    0.4961336740E+02    0.2133567912E-01
    0.4972359872E+02    0.2151593869E-01
    0.4983383004E+02    0.2169255987E-01
    0.4994406136E+02    0.2186551823E-01
    0.5005429268E+02    0.2203478996E-01
    0.5016452400E+02    0.2220035187E-01
    0.5027475532E+02    0.2236218144E-01
    0.5038498664E+02    0.2252025677E-01
    0.5049521797E+02    0.2267455659E-01
    0.5060544929E+02    0.2282506030E-01
    0.5071568061E+02    0.2297174794E-01
    0.5082591193E+02    0.2311460019E-01
    0.5093614325E+02    0.2325359839E-01
    0.5104637457E+02    0.2338872456E-01
    0.5115660589E+02    0.2351996133E-01
    0.5126683721E+02    0.2364729203E-01
    0.5137706854E+02    0.2377070064E-01
    0.5148729986E+02    0.2389017179E-01
    0.5159753118E+02    0.2400569080E-01
    0.5170776250E+02    0.2411724364E-01
    0.5181799382E+02    0.2422481696E-01
    0.5192822514E+02    0.2432839807E-01
    0.5203845646E+02    0.2442797496E-01
    0.5214868778E+02    0.2452353629E-01
    0.5225891910E+02    0.2461507140E-01
    0.5236915043E+02    0.2470257028E-01
    0.5247938175E+02    0.2478602364E-01
    0.5258961307E+02    0.2486542283E-01
    0.5269984439E+02    0.2494075989E-01
    0.5281007571E+02    0.2501202754E-01
    0.5292030703E+02    0.2507921918E-01
    0.5303053835E+02    0.2514232888E-01
    0.5314076967E+02    0.2520135139E-01
    0.5325100100E+02    0.2525628215E-01
    0.5336123232E+02    0.2530711727E-01
    0.5347146364E+02    0.2535385354E-01
    0.5358169496E+02    0.2539648842E-01
    0.5369192628E+02    0.2543502007E-01
    0.5380215760E+02    0.2546944731E-01
    0.5391238892E+02    0.2549976963E-01
    0.5402262024E+02    0.2552598722E-01
    0.5413285156E+02    0.2554810093E-01
    0.5424308289E+02    0.2556611228E-01
    0.5435331421E+02    0.2558002347E-01
    0.5446354553E+02    0.2558983738E-01
    0.5457377685E+02    0.2559555755E-01
    0.5468400817E+02    0.2559718818E-01
    0.5479423949E+02    0.2559473416E-01
    0.5490447081E+02    0.2558820104E-01
    0.5501470213E+02    0.2557759502E-01
    0.5512493346E+02    0.2556292298E-01
    0.5523516478E+02    0.2554419244E-01
    0.5534539610E+02    0.2552141160E-01
    0.5545562742E+02    0.2549458931E-01
    0.5556585874E+02    0.2546373507E-01
    0.5567609006E+02    0.2542885903E-01
    0.5578632138E+02    0.2538997199E-01
    0.5589655270E+02    0.2534708540E-01
    0.5600678402E+02    0.2530021135E-01
    0.5611701535E+02    0.2524936258E-01
    0.5622724667E+02    0.2519455246E-01
    0.5633747799E+02    0.2513579499E-01
    0.5644770931E+02    0.2507310481E-01
    0.5655794063E+02    0.2500649718E-01
    0.5666817195E+02    0.2493598799E-01
    0.5677840327E+02    0.2486159376E-01
    0.5688863459E+02    0.2478333162E-01
    0.5699886592E+02    0.2470121931E-01
    0.5710909724E+02    0.2461527519E-01
    0.5721932856E+02    0.2452551822E-01
    0.5732955988E+02    0.2443196796E-01
    0.5743979120E+02    0.2433464458E-01
    0.5755002252E+02    0.2423356884E-01
    0.5766025384E+02    0.2412876208E-01
    0.5777048516E+02    0.2402024624E-01
    0.5788071648E+02    0.2390804384E-01
    0.5799094781E+02    0.2379217797E-01
    0.5810117913E+02    0.2367267229E-01
    0.5821141045E+02    0.2354955105E-01
    0.5832164177E+02    0.2342283903E-01
    0.5843187309E+02    0.2329256159E-01
    0.5854210441E+02    0.2315874465E-01
    0.5865233573E+02    0.2302141465E-01
    0.5876256705E+02    0.2288059859E-01
    0.5887279838E+02    0.2273632402E-01
    0.5898302970E+02    0.2258861900E-01
    0.5909326102E+02    0.2243751212E-01
    0.5920349234E+02    0.2228303251E-01
    0.5931372366E+02    0.2212520980E-01
    0.5942395498E+02    0.2196407413E-01
    0.5953418630E+02    0.2179965615E-01
    0.5964441762E+02    0.2163198701E-01
    0.5975464894E+02    0.2146109835E-01
    0.5986488027E+02    0.2128702229E-01
    0.5997511159E+02    0.2110979144E-01
    0.6008534291E+02    0.2092943888E-01
    0.6019557423E+02    0.2074599817E-01
    0.6030580555E+02    0.2055950332E-01
    0.6041603687E+02    0.2036998879E-01
    0.6052626819E+02    0.2017748952E-01
    0.6063649951E+02    0.1998204085E-01
    0.6074673084E+02    0.1978367859E-01
    0.6085696216E+02    0.1958243897E-01
    0.6096719348E+02    0.1937835864E-01
    0.6107742480E+02    0.1917147467E-01
    0.6118765612E+02    0.1896182454E-01
    0.6129788744E+02    0.1874944614E-01
    0.6140811876E+02    0.1853437773E-01
    0.6151835008E+02    0.1831665799E-01
    0.6162858140E+02    0.1809632597E-01
    0.6173881273E+02    0.1787342109E-01
    0.6184904405E+02    0.1764798315E-01
    0.6195927537E+02    0.1742005231E-01
    0.6206950669E+02    0.1718966907E-01
    0.6217973801E+02    0.1695687428E-01
    0.6228996933E+02    0.1672170914E-01
    0.6240020065E+02    0.1648421519E-01
    0.6251043197E+02    0.1624443425E-01
    0.6262066330E+02    0.1600240851E-01
    0.6273089462E+02    0.1575818045E-01
    0.6284112594E+02    0.1551179283E-01
    0.6295135726E+02    0.1526328873E-01
    0.6306158858E+02    0.1501271151E-01
    0.6317181990E+02    0.1476010482E-01
    0.6328205122E+02    0.1450551255E-01
    0.6339228254E+02    0.1424897889E-01
    0.6350251387E+02    0.1399054826E-01
    0.6361274519E+02    0.1373026534E-01
    0.6372297651E+02    0.1346817504E-01
    0.6383320783E+02    0.1320432253E-01
    0.6394343915E+02    0.1293875316E-01
    0.6405367047E+02    0.1267151254E-01
    0.6416390179E+02    0.1240264647E-01
    0.6427413311E+02    0.1213220093E-01
    0.6438436443E+02    0.1186022214E-01
    0.6449459576E+02    0.1158675645E-01
    0.6460482708E+02    0.1131185044E-01
    0.6471505840E+02    0.1103555082E-01
    0.6482528972E+02    0.1075790447E-01
    0.6493552104E+02    0.1047895843E-01
    0.6504575236E+02    0.1019875989E-01
    0.6515598368E+02    0.9917356156E-02
    0.6526621500E+02    0.9634794674E-02
    0.6537644633E+02    0.9351123012E-02
    0.6548667765E+02    0.9066388846E-02
    0.6559690897E+02    0.8780639956E-02
    0.6570714029E+02    0.8493924220E-02
    0.6581737161E+02    0.8206289602E-02
    0.6592760293E+02    0.7917784144E-02
    0.6603783425E+02    0.7628455961E-02
    0.6614806557E+02    0.7338353231E-02
    0.6625829689E+02    0.7047524187E-02
    0.6636852822E+02    0.6756017107E-02
    0.6647875954E+02    0.6463880310E-02
    0.6658899086E+02    0.6171162144E-02
    0.6669922218E+02    0.5877910980E-02
    0.6680945350E+02    0.5584175203E-02
    0.6691968482E+02    0.5290003203E-02
    0.6702991614E+02    0.4995443371E-02
    0.6714014746E+02    0.4700544084E-02
    0.6725037879E+02    0.4405353704E-02
    0.6736061011E+02    0.4109920565E-02
    0.6747084143E+02    0.3814292968E-02
    0.6758107275E+02    0.3518519170E-02
    0.6769130407E+02    0.3222647380E-02
    0.6780153539E+02    0.2926725747E-02
    0.6791176671E+02    0.2630802354E-02
    0.6802199803E+02    0.2334925210E-02
    0.6813222935E+02    0.2039142243E-02
    0.6824246068E+02    0.1743501289E-02
    0.6835269200E+02    0.1448050087E-02
    0.6846292332E+02    0.1152836271E-02
    0.6857315464E+02    0.8579073609E-03
    0.6868338596E+02    0.5633107553E-03
    0.6879361728E+02    0.2690937240E-03
    0.6890384860E+02   -0.2469659992E-04
    0.6901407992E+02   -0.3180132279E-03
    0.6912431125E+02   -0.6108093232E-03
    0.6923454257E+02   -0.9030382089E-03
    0.6934477389E+02   -0.1194653375E-02
    0.6945500521E+02   -0.1485608486E-02
    0.6956523653E+02   -0.1775857390E-02
    0.6967546785E+02   -0.2065354122E-02
    0.6978569917E+02   -0.2354052916E-02
    0.6989593049E+02   -0.2641908210E-02
    0.7000616181E+02   -0.2928874654E-02
    0.7011639314E+02   -0.3214907115E-02
    0.7022662446E+02   -0.3499960688E-02
    0.7033685578E+02   -0.3783990701E-02
    0.7044708710E+02   -0.4066952721E-02
    0.7055731842E+02   -0.4348802564E-02
    0.7066754974E+02   -0.4629496300E-02
    0.7077778106E+02   -0.4908990259E-02
    0.7088801238E+02   -0.5187241041E-02
    0.7099824371E+02   -0.5464205520E-02
    0.7110847503E+02   -0.5739840851E-02
    0.7121870635E+02   -0.6014104481E-02
    0.7132893767E+02   -0.6286954147E-02
    0.7143916899E+02   -0.6558347891E-02
    0.7154940031E+02   -0.6828244065E-02
    0.7165963163E+02   -0.7096601331E-02
    0.7176986295E+02   -0.7363378675E-02
    0.7188009427E+02   -0.7628535412E-02
    0.7199032560E+02   -0.7892031187E-02
    0.7210055692E+02   -0.8153825988E-02
    0.7221078824E+02   -0.8413880149E-02
    0.7232101956E+02   -0.8672154353E-02
    0.7243125088E+02   -0.8928609646E-02
    0.7254148220E+02   -0.9183207434E-02
    0.7265171352E+02   -0.9435909496E-02
    0.7276194484E+02   -0.9686677984E-02
    0.7287217617E+02   -0.9935475434E-02
    0.7298240749E+02   -0.1018226477E-01
    0.7309263881E+02   -0.1042700930E-01
    0.7320287013E+02   -0.1066967275E-01
    0.7331310145E+02   -0.1091021922E-01
    0.7342333277E+02   -0.1114861325E-01
    0.7353356409E+02   -0.1138481977E-01
    0.7364379541E+02   -0.1161880414E-01
    0.7375402673E+02   -0.1185053215E-01
    0.7386425806E+02   -0.1207997001E-01
    0.7397448938E+02   -0.1230708437E-01
    0.7408472070E+02   -0.1253184231E-01
    0.7419495202E+02   -0.1275421137E-01
    0.7430518334E+02   -0.1297415952E-01
    0.7441541466E+02   -0.1319165520E-01
    0.7452564598E+02   -0.1340666730E-01
    0.7463587730E+02   -0.1361916516E-01
    0.7474610863E+02   -0.1382911862E-01
    0.7485633995E+02   -0.1403649797E-01
    0.7496657127E+02   -0.1424127396E-01
    0.7507680259E+02   -0.1444341784E-01
    0.7518703391E+02   -0.1464290134E-01
    0.7529726523E+02   -0.1483969668E-01
    0.7540749655E+02   -0.1503377656E-01
    0.7551772787E+02   -0.1522511418E-01
    0.7562795919E+02   -0.1541368325E-01
    0.7573819052E+02   -0.1559945796E-01
    0.7584842184E+02   -0.1578241301E-01
    0.7595865316E+02   -0.1596252363E-01
    0.7606888448E+02   -0.1613976554E-01
    0.7617911580E+02   -0.1631411498E-01
    0.7628934712E+02   -0.1648554872E-01
    0.7639957844E+02   -0.1665404402E-01
    0.7650980976E+02   -0.1681957870E-01
    0.7662004109E+02   -0.1698213110E-01
    0.7673027241E+02   -0.1714168006E-01
    0.7684050373E+02   -0.1729820499E-01
    0.7695073505E+02   -0.1745168582E-01
    0.7706096637E+02   -0.1760210300E-01
    0.7717119769E+02   -0.1774943755E-01
    0.7728142901E+02   -0.1789367101E-01
    0.7739166033E+02   -0.1803478548E-01
    0.7750189165E+02   -0.1817276359E-01
    0.7761212298E+02   -0.1830758852E-01
    0.7772235430E+02   -0.1843924401E-01
    0.7783258562E+02   -0.1856771435E-01
    0.7794281694E+02   -0.1869298437E-01
    0.7805304826E+02   -0.1881503947E-01
    0.7816327958E+02   -0.1893386560E-01
    0.7827351090E+02   -0.1904944927E-01
    0.7838374222E+02   -0.1916177754E-01
    0.7849397355E+02   -0.1927083804E-01
    0.7860420487E+02   -0.1937661895E-01
    0.7871443619E+02   -0.1947910904E-01
    0.7882466751E+02   -0.1957829760E-01
    0.7893489883E+02   -0.1967417452E-01
    0.7904513015E+02   -0.1976673023E-01
    0.7915536147E+02   -0.1985595575E-01
    0.7926559279E+02   -0.1994184264E-01
    0.7937582411E+02   -0.2002438304E-01
    0.7948605544E+02   -0.2010356965E-01
    0.7959628676E+02   -0.2017939575E-01
    0.7970651808E+02   -0.2025185516E-01
    0.7981674940E+02   -0.2032094230E-01
    0.7992698072E+02   -0.2038665213E-01
    0.8003721204E+02   -0.2044898018E-01
    0.8014744336E+02   -0.2050792257E-01
    0.8025767468E+02   -0.2056347594E-01
    0.8036790601E+02   -0.2061563754E-01
    0.8047813733E+02   -0.2066440517E-01
    0.8058836865E+02   -0.2070977718E-01
    0.8069859997E+02   -0.2075175250E-01
    0.8080883129E+02   -0.2079033060E-01
    0.8091906261E+02   -0.2082551155E-01
    0.8102929393E+02   -0.2085729595E-01
    0.8113952525E+02   -0.2088568496E-01
    0.8124975657E+02   -0.2091068032E-01
    0.8135998790E+02   -0.2093228429E-01
    0.8147021922E+02   -0.2095049972E-01
    0.8158045054E+02   -0.2096533000E-01
    0.8169068186E+02   -0.2097677907E-01
    0.8180091318E+02   -0.2098485142E-01
    0.8191114450E+02   -0.2098955210E-01
    0.8202137582E+02   -0.2099088669E-01
    0.8213160714E+02   -0.2098886133E-01
    0.8224183847E+02   -0.2098348269E-01
    0.8235206979E+02   -0.2097475800E-01
    0.8246230111E+02   -0.2096269500E-01
    0.8257253243E+02   -0.2094730199E-01
    0.8268276375E+02   -0.2092858779E-01
    0.8279299507E+02   -0.2090656177E-01
    0.8290322639E+02   -0.2088123380E-01
    0.8301345771E+02   -0.2085261431E-01
    0.8312368903E+02   -0.2082071421E-01
    0.8323392036E+02   -0.2078554498E-01
    0.8334415168E+02   -0.2074711858E-01
    0.8345438300E+02   -0.2070544750E-01
    0.8356461432E+02   -0.2066054475E-01
    0.8367484564E+02   -0.2061242382E-01
    0.8378507696E+02   -0.2056109874E-01
    0.8389530828E+02   -0.2050658402E-01
    0.8400553960E+02   -0.2044889468E-01
    0.8411577093E+02   -0.2038804621E-01
    0.8422600225E+02   -0.2032405463E-01
    0.8433623357E+02   -0.2025693643E-01
    0.8444646489E+02   -0.2018670857E-01
    0.8455669621E+02   -0.2011338851E-01
    0.8466692753E+02   -0.2003699418E-01
    0.8477715885E+02   -0.1995754399E-01
    0.8488739017E+02   -0.1987505679E-01
    0.8499762149E+02   -0.1978955195E-01
    0.8510785282E+02   -0.1970104924E-01
    0.8521808414E+02   -0.1960956892E-01
    0.8532831546E+02   -0.1951513170E-01
    0.8543854678E+02   -0.1941775873E-01
    0.8554877810E+02   -0.1931747160E-01
    0.8565900942E+02   -0.1921429236E-01
    0.8576924074E+02   -0.1910824348E-01
    0.8587947206E+02   -0.1899934784E-01
    0.8598970339E+02   -0.1888762878E-01
    0.8609993471E+02   -0.1877311004E-01
    0.8621016603E+02   -0.1865581578E-01
    0.8632039735E+02   -0.1853577057E-01
    0.8643062867E+02   -0.1841299939E-01
    0.8654085999E+02   -0.1828752761E-01
    0.8665109131E+02   -0.1815938102E-01
    0.8676132263E+02   -0.1802858576E-01
    0.8687155395E+02   -0.1789516840E-01
    0.8698178528E+02   -0.1775915585E-01
    0.8709201660E+02   -0.1762057543E-01
    0.8720224792E+02   -0.1747945481E-01
    0.8731247924E+02   -0.1733582203E-01
    0.8742271056E+02   -0.1718970547E-01
    0.8753294188E+02   -0.1704113391E-01
    0.8764317320E+02   -0.1689013642E-01
    0.8775340452E+02   -0.1673674246E-01
    0.8786363585E+02   -0.1658098180E-01
    0.8797386717E+02   -0.1642288454E-01
    0.8808409849E+02   -0.1626248113E-01
    0.8819432981E+02   -0.1609980232E-01
    0.8830456113E+02   -0.1593487917E-01
    0.8841479245E+02   -0.1576774306E-01
    0.8852502377E+02   -0.1559842567E-01
    0.8863525509E+02   -0.1542695897E-01
    0.8874548641E+02   -0.1525337522E-01
    0.8885571774E+02   -0.1507770697E-01
    0.8896594906E+02   -0.1489998706E-01
    0.8907618038E+02   -0.1472024856E-01
    0.8918641170E+02   -0.1453852487E-01
    0.8929664302E+02   -0.1435484958E-01
    0.8940687434E+02   -0.1416925659E-01
    0.8951710566E+02   -0.1398178003E-01
    0.8962733698E+02   -0.1379245424E-01
    0.8973756831E+02   -0.1360131385E-01
    0.8984779963E+02   -0.1340839368E-01
    0.8995803095E+02   -0.1321372878E-01
    0.9006826227E+02   -0.1301735443E-01
    0.9017849359E+02   -0.1281930610E-01
    0.9028872491E+02   -0.1261961948E-01
    0.9039895623E+02   -0.1241833045E-01
    0.9050918755E+02   -0.1221547507E-01
    0.9061941887E+02   -0.1201108961E-01
    0.9072965020E+02   -0.1180521050E-01
    0.9083988152E+02   -0.1159787433E-01
    0.9095011284E+02   -0.1138911789E-01
    0.9106034416E+02   -0.1117897809E-01
    0.9117057548E+02   -0.1096749201E-01
    0.9128080680E+02   -0.1075469689E-01
    0.9139103812E+02   -0.1054063008E-01
    0.9150126944E+02   -0.1032532908E-01
    0.9161150077E+02   -0.1010883151E-01
    0.9172173209E+02   -0.9891175101E-02
    0.9183196341E+02   -0.9672397718E-02
    0.9194219473E+02   -0.9452537315E-02
    0.9205242605E+02   -0.9231631948E-02
    0.9216265737E+02   -0.9009719767E-02
    0.9227288869E+02   -0.8786839010E-02
    0.9238312001E+02   -0.8563027992E-02
    0.9249335133E+02   -0.8338325101E-02
    0.9260358266E+02   -0.8112768792E-02
    0.9271381398E+02   -0.7886397581E-02
    0.9282404530E+02   -0.7659250035E-02
    0.9293427662E+02   -0.7431364768E-02
    0.9304450794E+02   -0.7202780436E-02
    0.9315473926E+02   -0.6973535726E-02
    0.9326497058E+02   -0.6743669354E-02
    0.9337520190E+02   -0.6513220054E-02
    0.9348543323E+02   -0.6282226575E-02
    0.9359566455E+02   -0.6050727674E-02
    0.9370589587E+02   -0.5818762109E-02
    0.9381612719E+02   -0.5586368629E-02
    0.9392635851E+02   -0.5353585975E-02
    0.9403658983E+02   -0.5120452867E-02
    0.9414682115E+02   -0.4887008000E-02
    0.9425705247E+02   -0.4653290037E-02
    0.9436728380E+02   -0.4419337606E-02
    0.9447751512E+02   -0.4185189286E-02
    0.9458774644E+02   -0.3950883608E-02
    0.9469797776E+02   -0.3716459046E-02
    0.9480820908E+02   -0.3481954009E-02
    0.9491844040E+02   -0.3247406839E-02
    0.9502867172E+02   -0.3012855798E-02
    0.9513890304E+02   -0.2778339069E-02
    0.9524913436E+02   -0.2543894744E-02
    0.9535936569E+02   -0.2309560823E-02
    0.9546959701E+02   -0.2075375203E-02
    0.9557982833E+02   -0.1841375675E-02
    0.9569005965E+02   -0.1607599916E-02
    0.9580029097E+02   -0.1374085484E-02
    0.9591052229E+02   -0.1140869812E-02
    0.9602075361E+02   -0.9079902027E-03
    0.9613098493E+02   -0.6754838194E-03
    0.9624121626E+02   -0.4433876838E-03
    0.9635144758E+02   -0.2117386681E-03
    0.9646167890E+02    0.1942651062E-04
    0.9657191022E+02    0.2500712957E-03
    0.9668214154E+02    0.4801592973E-03
    0.9679237286E+02    0.7096542977E-03
    0.9690260418E+02    0.9385202572E-03
    0.9701283550E+02    0.1166721320E-02
    0.9712306682E+02    0.1394221819E-02
    0.9723329815E+02    0.1620986282E-02
    0.9734352947E+02    0.1846979438E-02
    0.9745376079E+02    0.2072166221E-02
    0.9756399211E+02    0.2296511777E-02
    0.9767422343E+02    0.2519981467E-02
    0.9778445475E+02    0.2742540875E-02
    0.9789468607E+02    0.2964155813E-02
    0.9800491739E+02    0.3184792325E-02
    0.9811514872E+02    0.3404416692E-02
    0.9822538004E+02    0.3622995438E-02
    0.9833561136E+02    0.3840495335E-02
    0.9844584268E+02    0.4056883409E-02
    0.9855607400E+02    0.4272126942E-02
    0.9866630532E+02    0.4486193479E-02
    0.9877653664E+02    0.4699050835E-02
    0.9888676796E+02    0.4910667094E-02
    0.9899699928E+02    0.5121010621E-02
    0.9910723061E+02    0.5330050058E-02
    0.9921746193E+02    0.5537754339E-02
    0.9932769325E+02    0.5744092685E-02
    0.9943792457E+02    0.5949034614E-02
    0.9954815589E+02    0.6152549944E-02
    0.9965838721E+02    0.6354608797E-02
    0.9976861853E+02    0.6555181606E-02
    0.9987884985E+02    0.6754239113E-02
    0.9998908118E+02    0.6951752381E-02
    0.1000993125E+03    0.7147692793E-02
    0.1002095438E+03    0.7342032055E-02
    0.1003197751E+03    0.7534742207E-02
    0.1004300065E+03    0.7725795620E-02
    0.1005402378E+03    0.7915165001E-02
    0.1006504691E+03    0.8102823400E-02
    0.1007607004E+03    0.8288744212E-02
    0.1008709317E+03    0.8472901179E-02
    0.1009811631E+03    0.8655268396E-02
    0.1010913944E+03    0.8835820314E-02
    0.1012016257E+03    0.9014531743E-02
    0.1013118570E+03    0.9191377855E-02
    0.1014220884E+03    0.9366334188E-02
    0.1015323197E+03    0.9539376650E-02
    0.1016425510E+03    0.9710481520E-02
    0.1017527823E+03    0.9879625454E-02
    0.1018630136E+03    0.1004678548E-01
    0.1019732450E+03    0.1021193903E-01
    0.1020834763E+03    0.1037506388E-01
    0.1021937076E+03    0.1053613824E-01
    0.1023039389E+03    0.1069514067E-01
    0.1024141702E+03    0.1085205015E-01
    0.1025244016E+03    0.1100684604E-01
    0.1026346329E+03    0.1115950810E-01
    0.1027448642E+03    0.1131001650E-01
    0.1028550955E+03    0.1145835180E-01
    0.1029653268E+03    0.1160449498E-01
    0.1030755582E+03    0.1174842741E-01
    0.1031857895E+03    0.1189013088E-01
    0.1032960208E+03    0.1202958760E-01
    0.1034062521E+03    0.1216678017E-01
    0.1035164835E+03    0.1230169162E-01
    0.1036267148E+03    0.1243430540E-01
    0.1037369461E+03    0.1256460538E-01
    0.1038471774E+03    0.1269257584E-01
    0.1039574087E+03    0.1281820149E-01
    0.1040676401E+03    0.1294146746E-01
    0.1041778714E+03    0.1306235933E-01
    0.1042881027E+03    0.1318086306E-01
    0.1043983340E+03    0.1329696508E-01
    0.1045085653E+03    0.1341065223E-01
    0.1046187967E+03    0.1352191178E-01
    0.1047290280E+03    0.1363073145E-01
    0.1048392593E+03    0.1373709938E-01
    0.1049494906E+03    0.1384100413E-01
    0.1050597219E+03    0.1394243473E-01
    0.1051699533E+03    0.1404138061E-01
    0.1052801846E+03    0.1413783166E-01
    0.1053904159E+03    0.1423177820E-01
    0.1055006472E+03    0.1432321098E-01
    0.1056108786E+03    0.1441212120E-01
    0.1057211099E+03    0.1449850050E-01
    0.1058313412E+03    0.1458234094E-01
    0.1059415725E+03    0.1466363505E-01
    0.1060518038E+03    0.1474237576E-01
    0.1061620352E+03    0.1481855648E-01
    0.1062722665E+03    0.1489217103E-01
    0.1063824978E+03    0.1496321369E-01
    0.1064927291E+03    0.1503167917E-01
    0.1066029604E+03    0.1509756261E-01
    0.1067131918E+03    0.1516085961E-01
    0.1068234231E+03    0.1522156619E-01
    0.1069336544E+03    0.1527967882E-01
    0.1070438857E+03    0.1533519441E-01
    0.1071541171E+03    0.1538811029E-01
    0.1072643484E+03    0.1543842426E-01
    0.1073745797E+03    0.1548613451E-01
    0.1074848110E+03    0.1553123970E-01
    0.1075950423E+03    0.1557373892E-01
    0.1077052737E+03    0.1561363169E-01
    0.1078155050E+03    0.1565091796E-01
    0.1079257363E+03    0.1568559810E-01
    0.1080359676E+03    0.1571767294E-01
    0.1081461989E+03    0.1574714371E-01
    0.1082564303E+03    0.1577401209E-01
    0.1083666616E+03    0.1579828018E-01
    0.1084768929E+03    0.1581995050E-01
    0.1085871242E+03    0.1583902599E-01
    0.1086973555E+03    0.1585551002E-01
    0.1088075869E+03    0.1586940639E-01
    0.1089178182E+03    0.1588071930E-01
    0.1090280495E+03    0.1588945338E-01
    0.1091382808E+03    0.1589561368E-01
    0.1092485122E+03    0.1589920564E-01
    0.1093587435E+03    0.1590023513E-01
    0.1094689748E+03    0.1589870844E-01
    0.1095792061E+03    0.1589463224E-01
    0.1096894374E+03    0.1588801363E-01
    0.1097996688E+03    0.1587886009E-01
    0.1099099001E+03    0.1586717953E-01
    0.1100201314E+03    0.1585298024E-01
    0.1101303627E+03    0.1583627090E-01
    0.1102405940E+03    0.1581706060E-01
    0.1103508254E+03    0.1579535882E-01
    0.1104610567E+03    0.1577117541E-01
    0.1105712880E+03    0.1574452062E-01
    0.1106815193E+03    0.1571540510E-01
    0.1107917507E+03    0.1568383985E-01
    0.1109019820E+03    0.1564983626E-01
    0.1110122133E+03    0.1561340611E-01
    0.1111224446E+03    0.1557456152E-01
    0.1112326759E+03    0.1553331502E-01
    0.1113429073E+03    0.1548967946E-01
    0.1114531386E+03    0.1544366810E-01
    0.1115633699E+03    0.1539529452E-01
    0.1116736012E+03    0.1534457268E-01
    0.1117838325E+03    0.1529151689E-01
    0.1118940639E+03    0.1523614180E-01
    0.1120042952E+03    0.1517846242E-01
    0.1121145265E+03    0.1511849410E-01
    0.1122247578E+03    0.1505625252E-01
    0.1123349891E+03    0.1499175371E-01
    0.1124452205E+03    0.1492501403E-01
    0.1125554518E+03    0.1485605015E-01
    0.1126656831E+03    0.1478487910E-01
    0.1127759144E+03    0.1471151820E-01
    0.1128861458E+03    0.1463598511E-01
    0.1129963771E+03    0.1455829780E-01
    0.1131066084E+03    0.1447847454E-01
    0.1132168397E+03    0.1439653391E-01
    0.1133270710E+03    0.1431249481E-01
    0.1134373024E+03    0.1422637641E-01
    0.1135475337E+03    0.1413819820E-01
    0.1136577650E+03    0.1404797995E-01
    0.1137679963E+03    0.1395574172E-01
    0.1138782276E+03    0.1386150385E-01
    0.1139884590E+03    0.1376528695E-01
    0.1140986903E+03    0.1366711192E-01
    0.1142089216E+03    0.1356699993E-01
    0.1143191529E+03    0.1346497241E-01
    0.1144293842E+03    0.1336105104E-01
    0.1145396156E+03    0.1325525777E-01
    0.1146498469E+03    0.1314761481E-01
    0.1147600782E+03    0.1303814460E-01
    0.1148703095E+03    0.1292686985E-01
    0.1149805409E+03    0.1281381347E-01
    0.1150907722E+03    0.1269899865E-01
    0.1152010035E+03    0.1258244878E-01
    0.1153112348E+03    0.1246418748E-01
    0.1154214661E+03    0.1234423861E-01
    0.1155316975E+03    0.1222262622E-01
    0.1156419288E+03    0.1209937459E-01
    0.1157521601E+03    0.1197450821E-01
    0.1158623914E+03    0.1184805177E-01
    0.1159726227E+03    0.1172003014E-01
    0.1160828541E+03    0.1159046841E-01
    0.1161930854E+03    0.1145939184E-01
    0.1163033167E+03    0.1132682590E-01
    0.1164135480E+03    0.1119279620E-01
    0.1165237794E+03    0.1105732855E-01
    0.1166340107E+03    0.1092044893E-01
    0.1167442420E+03    0.1078218348E-01
    0.1168544733E+03    0.1064255851E-01
    0.1169647046E+03    0.1050160046E-01
    0.1170749360E+03    0.1035933594E-01
    0.1171851673E+03    0.1021579171E-01
    0.1172953986E+03    0.1007099465E-01
    0.1174056299E+03    0.9924971807E-02
    0.1175158612E+03    0.9777750326E-02
    0.1176260926E+03    0.9629357496E-02
    0.1177363239E+03    0.9479820723E-02
    0.1178465552E+03    0.9329167530E-02
    0.1179567865E+03    0.9177425550E-02
    0.1180670178E+03    0.9024622523E-02
    0.1181772492E+03    0.8870786290E-02
    0.1182874805E+03    0.8715944788E-02
    0.1183977118E+03    0.8560126046E-02
    0.1185079431E+03    0.8403358178E-02
    0.1186181745E+03    0.8245669381E-02
    0.1187284058E+03    0.8087087928E-02
    0.1188386371E+03    0.7927642163E-02
    0.1189488684E+03    0.7767360496E-02
    0.1190590997E+03    0.7606271401E-02
    0.1191693311E+03    0.7444403405E-02
    0.1192795624E+03    0.7281785089E-02
    0.1193897937E+03    0.7118445081E-02
    0.1195000250E+03    0.6954412049E-02
    0.1196102563E+03    0.6789714700E-02
    0.1197204877E+03    0.6624381770E-02
    0.1198307190E+03    0.6458442024E-02
    0.1199409503E+03    0.6291924250E-02
    0.1200511816E+03    0.6124857249E-02
    0.1201614130E+03    0.5957269840E-02
    0.1202716443E+03    0.5789190844E-02
    0.1203818756E+03    0.5620649088E-02
    0.1204921069E+03    0.5451673394E-02
    0.1206023382E+03    0.5282292580E-02
    0.1207125696E+03    0.5112535448E-02
    0.1208228009E+03    0.4942430787E-02
    0.1209330322E+03    0.4772007361E-02
    0.1210432635E+03    0.4601293910E-02
    0.1211534948E+03    0.4430319142E-02
    0.1212637262E+03    0.4259111728E-02
    0.1213739575E+03    0.4087700299E-02
    0.1214841888E+03    0.3916113442E-02
    0.1215944201E+03    0.3744379691E-02
    0.1217046514E+03    0.3572527528E-02
    0.1218148828E+03    0.3400585373E-02
    0.1219251141E+03    0.3228581584E-02
    0.1220353454E+03    0.3056544451E-02
    0.1221455767E+03    0.2884502188E-02
    0.1222558081E+03    0.2712482932E-02
    0.1223660394E+03    0.2540514740E-02
    0.1224762707E+03    0.2368625580E-02
    0.1225865020E+03    0.2196843330E-02
    0.1226967333E+03    0.2025195771E-02
    0.1228069647E+03    0.1853710584E-02
    0.1229171960E+03    0.1682415347E-02
    0.1230274273E+03    0.1511337528E-02
    0.1231376586E+03    0.1340504483E-02
    0.1232478899E+03    0.1169943448E-02
    0.1233581213E+03    0.9996815390E-03
    0.1234683526E+03    0.8297457468E-03
    0.1235785839E+03    0.6601629309E-03
    0.1236888152E+03    0.4909598166E-03
    0.1237990465E+03    0.3221629911E-03
    0.1239092779E+03    0.1537988988E-03
    0.1240195092E+03   -0.1410616225E-04
    0.1241297405E+03   -0.1815260448E-03
    0.1242399718E+03   -0.3484347561E-03
    0.1243502032E+03   -0.5148064618E-03
    0.1244604345E+03   -0.6806154902E-03
    0.1245706658E+03   -0.8458363358E-03
    0.1246808971E+03   -0.1010443663E-02
    0.1247911284E+03   -0.1174412311E-02
    0.1249013598E+03   -0.1337717294E-02
    0.1250115911E+03   -0.1500333812E-02
    0.1251218224E+03   -0.1662237247E-02
    0.1252320537E+03   -0.1823403169E-02
    0.1253422850E+03   -0.1983807342E-02
    0.1254525164E+03   -0.2143425726E-02
    0.1255627477E+03   -0.2302234479E-02
    0.1256729790E+03   -0.2460209962E-02
    0.1257832103E+03   -0.2617328742E-02
    0.1258934417E+03   -0.2773567597E-02
    0.1260036730E+03   -0.2928903516E-02
    0.1261139043E+03   -0.3083313705E-02
    0.1262241356E+03   -0.3236775589E-02
    0.1263343669E+03   -0.3389266815E-02
    0.1264445983E+03   -0.3540765257E-02
    0.1265548296E+03   -0.3691249016E-02
    0.1266650609E+03   -0.3840696425E-02
    0.1267752922E+03   -0.3989086054E-02
    0.1268855235E+03   -0.4136396708E-02
    0.1269957549E+03   -0.4282607434E-02
    0.1271059862E+03   -0.4427697521E-02
    0.1272162175E+03   -0.4571646505E-02
    0.1273264488E+03   -0.4714434171E-02
    0.1274366801E+03   -0.4856040557E-02
    0.1275469115E+03   -0.4996445952E-02
    0.1276571428E+03   -0.5135630904E-02
    0.1277673741E+03   -0.5273576220E-02
    0.1278776054E+03   -0.5410262970E-02
    0.1279878368E+03   -0.5545672486E-02
    0.1280980681E+03   -0.5679786368E-02
    0.1282082994E+03   -0.5812586485E-02
    0.1283185307E+03   -0.5944054976E-02
    0.1284287620E+03   -0.6074174256E-02
    0.1285389934E+03   -0.6202927014E-02
    0.1286492247E+03   -0.6330296217E-02
    0.1287594560E+03   -0.6456265111E-02
    0.1288696873E+03   -0.6580817225E-02
    0.1289799186E+03   -0.6703936372E-02
    0.1290901500E+03   -0.6825606651E-02
    0.1292003813E+03   -0.6945812446E-02
    0.1293106126E+03   -0.7064538433E-02
    0.1294208439E+03   -0.7181769579E-02
    0.1295310753E+03   -0.7297491141E-02
    0.1296413066E+03   -0.7411688674E-02
    0.1297515379E+03   -0.7524348028E-02
    0.1298617692E+03   -0.7635455348E-02
    0.1299720005E+03   -0.7744997080E-02
    0.1300822319E+03   -0.7852959972E-02
    0.1301924632E+03   -0.7959331070E-02
    0.1303026945E+03   -0.8064097725E-02
    0.1304129258E+03   -0.8167247593E-02
    0.1305231571E+03   -0.8268768634E-02
    0.1306333885E+03   -0.8368649114E-02
    0.1307436198E+03   -0.8466877610E-02
    0.1308538511E+03   -0.8563443003E-02
    0.1309640824E+03   -0.8658334488E-02
    0.1310743137E+03   -0.8751541567E-02
    0.1311845451E+03   -0.8843054054E-02
    0.1312947764E+03   -0.8932862078E-02
    0.1314050077E+03   -0.9020956078E-02
    0.1315152390E+03   -0.9107326806E-02
    0.1316254704E+03   -0.9191965332E-02
    0.1317357017E+03   -0.9274863036E-02
    0.1318459330E+03   -0.9356011617E-02
    0.1319561643E+03   -0.9435403087E-02
    0.1320663956E+03   -0.9513029778E-02
    0.1321766270E+03   -0.9588884333E-02
    0.1322868583E+03   -0.9662959717E-02
    0.1323970896E+03   -0.9735249208E-02
    0.1325073209E+03   -0.9805746404E-02
    0.1326175522E+03   -0.9874445220E-02
    0.1327277836E+03   -0.9941339886E-02
    0.1328380149E+03   -0.1000642495E-01
    0.1329482462E+03   -0.1006969529E-01
    0.1330584775E+03   -0.1013114607E-01
    0.1331687088E+03   -0.1019077280E-01
    0.1332789402E+03   -0.1024857131E-01
    0.1333891715E+03   -0.1030453772E-01
    0.1334994028E+03   -0.1035866848E-01
    0.1336096341E+03   -0.1041096037E-01
    0.1337198655E+03   -0.1046141046E-01
    0.1338300968E+03   -0.1051001615E-01
    0.1339403281E+03   -0.1055677516E-01
    0.1340505594E+03   -0.1060168552E-01
    0.1341607907E+03   -0.1064474555E-01
    0.1342710221E+03   -0.1068595393E-01
    0.1343812534E+03   -0.1072530960E-01
    0.1344914847E+03   -0.1076281185E-01
    0.1346017160E+03   -0.1079846027E-01
    0.1347119473E+03   -0.1083225474E-01
    0.1348221787E+03   -0.1086419548E-01
    0.1349324100E+03   -0.1089428301E-01
    0.1350426413E+03   -0.1092251813E-01
    0.1351528726E+03   -0.1094890197E-01
    0.1352631040E+03   -0.1097343597E-01
    0.1353733353E+03   -0.1099612185E-01
    0.1354835666E+03   -0.1101696166E-01
    0.1355937979E+03   -0.1103595772E-01
    0.1357040292E+03   -0.1105311267E-01
    0.1358142606E+03   -0.1106842946E-01
    0.1359244919E+03   -0.1108191129E-01
    0.1360347232E+03   -0.1109356171E-01
    0.1361449545E+03   -0.1110338453E-01
    0.1362551858E+03   -0.1111138387E-01
    0.1363654172E+03   -0.1111756411E-01
    0.1364756485E+03   -0.1112192997E-01
    0.1365858798E+03   -0.1112448640E-01
    0.1366961111E+03   -0.1112523869E-01
    0.1368063424E+03   -0.1112419237E-01
    0.1369165738E+03   -0.1112135327E-01
    0.1370268051E+03   -0.1111672751E-01
    0.1371370364E+03   -0.1111032147E-01
    0.1372472677E+03   -0.1110214182E-01
    0.1373574991E+03   -0.1109219549E-01
    0.1374677304E+03   -0.1108048969E-01
    0.1375779617E+03   -0.1106703192E-01
    0.1376881930E+03   -0.1105182991E-01
    0.1377984243E+03   -0.1103489168E-01
    0.1379086557E+03   -0.1101622551E-01
    0.1380188870E+03   -0.1099583993E-01
    0.1381291183E+03   -0.1097374376E-01
    0.1382393496E+03   -0.1094994604E-01
    0.1383495809E+03   -0.1092445609E-01
    0.1384598123E+03   -0.1089728347E-01
    0.1385700436E+03   -0.1086843799E-01
    0.1386802749E+03   -0.1083792972E-01
    0.1387905062E+03   -0.1080576896E-01
    0.1389007376E+03   -0.1077196625E-01
    0.1390109689E+03   -0.1073653239E-01
    0.1391212002E+03   -0.1069947840E-01
    0.1392314315E+03   -0.1066081555E-01
    0.1393416628E+03   -0.1062055531E-01
    0.1394518942E+03   -0.1057870943E-01
    0.1395621255E+03   -0.1053528983E-01
    0.1396723568E+03   -0.1049030870E-01
    0.1397825881E+03   -0.1044377843E-01
    0.1398928194E+03   -0.1039571164E-01
    0.1400030508E+03   -0.1034612114E-01
    0.1401132821E+03   -0.1029501998E-01
    0.1402235134E+03   -0.1024242141E-01
    0.1403337447E+03   -0.1018833888E-01
    0.1404439760E+03   -0.1013278606E-01
    0.1405542074E+03   -0.1007577681E-01
    0.1406644387E+03   -0.1001732519E-01
    0.1407746700E+03   -0.9957445453E-02
    0.1408849013E+03   -0.9896152047E-02
    0.1409951327E+03   -0.9833459610E-02
    0.1411053640E+03   -0.9769382962E-02
    0.1412155953E+03   -0.9703937110E-02
    0.1413258266E+03   -0.9637137237E-02
    0.1414360579E+03   -0.9568998705E-02
    0.1415462893E+03   -0.9499537048E-02
    0.1416565206E+03   -0.9428767972E-02
    0.1417667519E+03   -0.9356707349E-02
    0.1418769832E+03   -0.9283371213E-02
    0.1419872145E+03   -0.9208775761E-02
    0.1420974459E+03   -0.9132937347E-02
    0.1422076772E+03   -0.9055872478E-02
    0.1423179085E+03   -0.8977597813E-02
    0.1424281398E+03   -0.8898130157E-02
    0.1425383712E+03   -0.8817486461E-02
    0.1426486025E+03   -0.8735683814E-02
    0.1427588338E+03   -0.8652739446E-02
    0.1428690651E+03   -0.8568670718E-02
    0.1429792964E+03   -0.8483495123E-02
    0.1430895278E+03   -0.8397230282E-02
    0.1431997591E+03   -0.8309893939E-02
    0.1433099904E+03   -0.8221503959E-02
    0.1434202217E+03   -0.8132078324E-02
    0.1435304530E+03   -0.8041635130E-02
    0.1436406844E+03   -0.7950192582E-02
    0.1437509157E+03   -0.7857768995E-02
    0.1438611470E+03   -0.7764382783E-02
    0.1439713783E+03   -0.7670052464E-02
    0.1440816096E+03   -0.7574796650E-02
    0.1441918410E+03   -0.7478634048E-02
    0.1443020723E+03   -0.7381583452E-02
    0.1444123036E+03   -0.7283663744E-02
    0.1445225349E+03   -0.7184893889E-02
    0.1446327663E+03   -0.7085292929E-02
    0.1447429976E+03   -0.6984879985E-02
    0.1448532289E+03   -0.6883674247E-02
    0.1449634602E+03   -0.6781694975E-02
    0.1450736915E+03   -0.6678961495E-02
    0.1451839229E+03   -0.6575493193E-02
    0.1452941542E+03   -0.6471309515E-02
    0.1454043855E+03   -0.6366429961E-02
    0.1455146168E+03   -0.6260874082E-02
    0.1456248481E+03   -0.6154661478E-02
    0.1457350795E+03   -0.6047811792E-02
    0.1458453108E+03   -0.5940344709E-02
    0.1459555421E+03   -0.5832279950E-02
    0.1460657734E+03   -0.5723637272E-02
    0.1461760047E+03   -0.5614436461E-02
    0.1462862361E+03   -0.5504697330E-02
    0.1463964674E+03   -0.5394439717E-02
    0.1465066987E+03   -0.5283683480E-02
    0.1466169300E+03   -0.5172448491E-02
    0.1467271614E+03   -0.5060754639E-02
    0.1468373927E+03   -0.4948621820E-02
    0.1469476240E+03   -0.4836069940E-02
    0.1470578553E+03   -0.4723118905E-02
    0.1471680866E+03   -0.4609788622E-02
    0.1472783180E+03   -0.4496098995E-02
    0.1473885493E+03   -0.4382069919E-02
    0.1474987806E+03   -0.4267721281E-02
    0.1476090119E+03   -0.4153072953E-02
    0.1477192432E+03   -0.4038144792E-02
    0.1478294746E+03   -0.3922956631E-02
    0.1479397059E+03   -0.3807528284E-02
    0.1480499372E+03   -0.3691879535E-02
    0.1481601685E+03   -0.3576030138E-02
    0.1482703999E+03   -0.3459999816E-02
    0.1483806312E+03   -0.3343808254E-02
    0.1484908625E+03   -0.3227475097E-02
    0.1486010938E+03   -0.3111019947E-02
    0.1487113251E+03   -0.2994462362E-02
    0.1488215565E+03   -0.2877821847E-02
    0.1489317878E+03   -0.2761117859E-02
    0.1490420191E+03   -0.2644369795E-02
    0.1491522504E+03   -0.2527596997E-02
    0.1492624817E+03   -0.2410818743E-02
    0.1493727131E+03   -0.2294054248E-02
    0.1494829444E+03   -0.2177322659E-02
    0.1495931757E+03   -0.2060643050E-02
    0.1497034070E+03   -0.1944034425E-02
    0.1498136383E+03   -0.1827515707E-02
    0.1499238697E+03   -0.1711105743E-02
    0.1500341010E+03   -0.1594823296E-02
    0.1501443323E+03   -0.1478687043E-02
    0.1502545636E+03   -0.1362715573E-02
    0.1503647950E+03   -0.1246927384E-02
    0.1504750263E+03   -0.1131340880E-02
    0.1505852576E+03   -0.1015974368E-02
    0.1506954889E+03   -0.9008460549E-03
    0.1508057202E+03   -0.7859740465E-03
    0.1509159516E+03   -0.6713763428E-03
    0.1510261829E+03   -0.5570708359E-03
    0.1511364142E+03   -0.4430753078E-03
    0.1512466455E+03   -0.3294074274E-03
    0.1513568768E+03   -0.2160847479E-03
    0.1514671082E+03   -0.1031247044E-03
    0.1515773395E+03    0.9455388796E-05
    0.1516875708E+03    0.1216383407E-03
    0.1517978021E+03    0.2334070862E-03
    0.1519080335E+03    0.3447446882E-03
    0.1520182648E+03    0.4556343403E-03
    0.1521284961E+03    0.5660593692E-03
    0.1522387274E+03    0.6760032371E-03
    0.1523489587E+03    0.7854495438E-03
    0.1524591901E+03    0.8943820293E-03
    0.1525694214E+03    0.1002784576E-02
    0.1526796527E+03    0.1110641210E-02
    0.1527898840E+03    0.1217936105E-02
    0.1529001153E+03    0.1324653584E-02
    0.1530103467E+03    0.1430778121E-02
    0.1531205780E+03    0.1536294341E-02
    0.1532308093E+03    0.1641187028E-02
    0.1533410406E+03    0.1745441120E-02
    0.1534512719E+03    0.1849041717E-02
    0.1535615033E+03    0.1951974077E-02
    0.1536717346E+03    0.2054223624E-02
    0.1537819659E+03    0.2155775946E-02
    0.1538921972E+03    0.2256616799E-02
    0.1540024286E+03    0.2356732107E-02
    0.1541126599E+03    0.2456107964E-02
    0.1542228912E+03    0.2554730636E-02
    0.1543331225E+03    0.2652586566E-02
    0.1544433538E+03    0.2749662370E-02
    0.1545535852E+03    0.2845944842E-02
    0.1546638165E+03    0.2941420956E-02
    0.1547740478E+03    0.3036077865E-02
    0.1548842791E+03    0.3129902906E-02
    0.1549945104E+03    0.3222883599E-02
    0.1551047418E+03    0.3315007649E-02
    0.1552149731E+03    0.3406262947E-02
    0.1553252044E+03    0.3496637572E-02
    0.1554354357E+03    0.3586119795E-02
    0.1555456670E+03    0.3674698073E-02
    0.1556558984E+03    0.3762361060E-02
    0.1557661297E+03    0.3849097599E-02
    0.1558763610E+03    0.3934896729E-02
    0.1559865923E+03    0.4019747686E-02
    0.1560968237E+03    0.4103639901E-02
    0.1562070550E+03    0.4186563003E-02
    0.1563172863E+03    0.4268506821E-02
    0.1564275176E+03    0.4349461381E-02
    0.1565377489E+03    0.4429416913E-02
    0.1566479803E+03    0.4508363849E-02
    0.1567582116E+03    0.4586292820E-02
    0.1568684429E+03    0.4663194664E-02
    0.1569786742E+03    0.4739060423E-02
    0.1570889055E+03    0.4813881343E-02
    0.1571991369E+03    0.4887648877E-02
    0.1573093682E+03    0.4960354684E-02
    0.1574195995E+03    0.5031990630E-02
    0.1575298308E+03    0.5102548791E-02
    0.1576400622E+03    0.5172021450E-02
    0.1577502935E+03    0.5240401098E-02
    0.1578605248E+03    0.5307680439E-02
    0.1579707561E+03    0.5373852383E-02
    0.1580809874E+03    0.5438910056E-02
    0.1581912188E+03    0.5502846789E-02
    0.1583014501E+03    0.5565656129E-02
    0.1584116814E+03    0.5627331833E-02
    0.1585219127E+03    0.5687867870E-02
    0.1586321440E+03    0.5747258422E-02
    0.1587423754E+03    0.5805497882E-02
    0.1588526067E+03    0.5862580857E-02
    0.1589628380E+03    0.5918502168E-02
    0.1590730693E+03    0.5973256847E-02
    0.1591833006E+03    0.6026840139E-02
    0.1592935320E+03    0.6079247503E-02
    0.1594037633E+03    0.6130474612E-02
    0.1595139946E+03    0.6180517349E-02
    0.1596242259E+03    0.6229371815E-02
    0.1597344573E+03    0.6277034318E-02
    0.1598446886E+03    0.6323501384E-02
    0.1599549199E+03    0.6368769748E-02
    0.1600651512E+03    0.6412836358E-02
    0.1601753825E+03    0.6455698376E-02
    0.1602856139E+03    0.6497353174E-02
    0.1603958452E+03    0.6537798336E-02
    0.1605060765E+03    0.6577031657E-02
    0.1606163078E+03    0.6615051144E-02
    0.1607265391E+03    0.6651855011E-02
    0.1608367705E+03    0.6687441686E-02
    0.1609470018E+03    0.6721809803E-02
    0.1610572331E+03    0.6754958208E-02
    0.1611674644E+03    0.6786885952E-02
    0.1612776958E+03    0.6817592295E-02
    0.1613879271E+03    0.6847076705E-02
    0.1614981584E+03    0.6875338856E-02
    0.1616083897E+03    0.6902378626E-02
    0.1617186210E+03    0.6928196099E-02
    0.1618288524E+03    0.6952791564E-02
    0.1619390837E+03    0.6976165513E-02
    0.1620493150E+03    0.6998318640E-02
    0.1621595463E+03    0.7019251841E-02
    0.1622697776E+03    0.7038966211E-02
    0.1623800090E+03    0.7057463049E-02
    0.1624902403E+03    0.7074743849E-02
    0.1626004716E+03    0.7090810304E-02
    0.1627107029E+03    0.7105664305E-02
    0.1628209342E+03    0.7119307939E-02
    0.1629311656E+03    0.7131743485E-02
    0.1630413969E+03    0.7142973419E-02
    0.1631516282E+03    0.7153000408E-02
    0.1632618595E+03    0.7161827310E-02
    0.1633720909E+03    0.7169457173E-02
    0.1634823222E+03    0.7175893237E-02
    0.1635925535E+03    0.7181138925E-02
    0.1637027848E+03    0.7185197851E-02
    0.1638130161E+03    0.7188073810E-02
    0.1639232475E+03    0.7189770784E-02
    0.1640334788E+03    0.7190292935E-02
    0.1641437101E+03    0.7189644609E-02
    0.1642539414E+03    0.7187830329E-02
    0.1643641727E+03    0.7184854797E-02
    0.1644744041E+03    0.7180722892E-02
    0.1645846354E+03    0.7175439669E-02
    0.1646948667E+03    0.7169010355E-02
    0.1648050980E+03    0.7161440351E-02
    0.1649153293E+03    0.7152735227E-02
    0.1650255607E+03    0.7142900723E-02
    0.1651357920E+03    0.7131942747E-02
    0.1652460233E+03    0.7119867372E-02
    0.1653562546E+03    0.7106680836E-02
    0.1654664860E+03    0.7092389537E-02
    0.1655767173E+03    0.7077000038E-02
    0.1656869486E+03    0.7060519058E-02
    0.1657971799E+03    0.7042953474E-02
    0.1659074112E+03    0.7024310319E-02
    0.1660176426E+03    0.7004596780E-02
    0.1661278739E+03    0.6983820196E-02
    0.1662381052E+03    0.6961988055E-02
    0.1663483365E+03    0.6939107995E-02
    0.1664585678E+03    0.6915187799E-02
    0.1665687992E+03    0.6890235397E-02
    0.1666790305E+03    0.6864258858E-02
    0.1667892618E+03    0.6837266397E-02
    0.1668994931E+03    0.6809266362E-02
    0.1670097245E+03    0.6780267243E-02
    0.1671199558E+03    0.6750277662E-02
    0.1672301871E+03    0.6719306376E-02
    0.1673404184E+03    0.6687362271E-02
    0.1674506497E+03    0.6654454363E-02
    0.1675608811E+03    0.6620591796E-02
    0.1676711124E+03    0.6585783838E-02
    0.1677813437E+03    0.6550039879E-02
    0.1678915750E+03    0.6513369432E-02
    0.1680018063E+03    0.6475782127E-02
    0.1681120377E+03    0.6437287712E-02
    0.1682222690E+03    0.6397896048E-02
    0.1683325003E+03    0.6357617111E-02
    0.1684427316E+03    0.6316460984E-02
    0.1685529629E+03    0.6274437862E-02
    0.1686631943E+03    0.6231558043E-02
    0.1687734256E+03    0.6187831930E-02
    0.1688836569E+03    0.6143270029E-02
    0.1689938882E+03    0.6097882943E-02
    0.1691041196E+03    0.6051681375E-02
    0.1692143509E+03    0.6004676122E-02
    0.1693245822E+03    0.5956878073E-02
    0.1694348135E+03    0.5908298210E-02
    0.1695450448E+03    0.5858947603E-02
    0.1696552762E+03    0.5808837406E-02
    0.1697655075E+03    0.5757978861E-02
    0.1698757388E+03    0.5706383289E-02
    0.1699859701E+03    0.5654062091E-02
    0.1700962014E+03    0.5601026747E-02
    0.1702064328E+03    0.5547288811E-02
    0.1703166641E+03    0.5492859910E-02
    0.1704268954E+03    0.5437751742E-02
    0.1705371267E+03    0.5381976073E-02
    0.1706473581E+03    0.5325544736E-02
    0.1707575894E+03    0.5268469625E-02
    0.1708678207E+03    0.5210762701E-02
    0.1709780520E+03    0.5152435978E-02
    0.1710882833E+03    0.5093501532E-02
    0.1711985147E+03    0.5033971492E-02
    0.1713087460E+03    0.4973858038E-02
    0.1714189773E+03    0.4913173404E-02
    0.1715292086E+03    0.4851929867E-02
    0.1716394399E+03    0.4790139754E-02
    0.1717496713E+03    0.4727815433E-02
    0.1718599026E+03    0.4664969314E-02
    0.1719701339E+03    0.4601613846E-02
    0.1720803652E+03    0.4537761514E-02
    0.1721905965E+03    0.4473424838E-02
    0.1723008279E+03    0.4408616369E-02
    0.1724110592E+03    0.4343348689E-02
    0.1725212905E+03    0.4277634406E-02
    0.1726315218E+03    0.4211486156E-02
    0.1727417532E+03    0.4144916595E-02
    0.1728519845E+03    0.4077938402E-02
    0.1729622158E+03    0.4010564273E-02
    0.1730724471E+03    0.3942806921E-02
    0.1731826784E+03    0.3874679073E-02
    0.1732929098E+03    0.3806193470E-02
    0.1734031411E+03    0.3737362858E-02
    0.1735133724E+03    0.3668199994E-02
    0.1736236037E+03    0.3598717641E-02
    0.1737338350E+03    0.3528928561E-02
    0.1738440664E+03    0.3458845521E-02
    0.1739542977E+03    0.3388481284E-02
    0.1740645290E+03    0.3317848611E-02
    0.1741747603E+03    0.3246960258E-02
    0.1742849916E+03    0.3175828970E-02
    0.1743952230E+03    0.3104467486E-02
    0.1745054543E+03    0.3032888531E-02
    0.1746156856E+03    0.2961104816E-02
    0.1747259169E+03    0.2889129036E-02
    0.1748361483E+03    0.2816973866E-02
    0.1749463796E+03    0.2744651964E-02
    0.1750566109E+03    0.2672175963E-02
    0.1751668422E+03    0.2599558471E-02
    0.1752770735E+03    0.2526812072E-02
    0.1753873049E+03    0.2453949318E-02
    0.1754975362E+03    0.2380982732E-02
    0.1756077675E+03    0.2307924806E-02
    0.1757179988E+03    0.2234787994E-02
    0.1758282301E+03    0.2161584715E-02
    0.1759384615E+03    0.2088327349E-02
    0.1760486928E+03    0.2015028237E-02
    0.1761589241E+03    0.1941699675E-02
    0.1762691554E+03    0.1868353916E-02
    0.1763793868E+03    0.1795003166E-02
    0.1764896181E+03    0.1721659584E-02
    0.1765998494E+03    0.1648335276E-02
    0.1767100807E+03    0.1575042299E-02
    0.1768203120E+03    0.1501792655E-02
    0.1769305434E+03    0.1428598291E-02
    0.1770407747E+03    0.1355471094E-02
    0.1771510060E+03    0.1282422895E-02
    0.1772612373E+03    0.1209465462E-02
    0.1773714686E+03    0.1136610501E-02
    0.1774817000E+03    0.1063869652E-02
    0.1775919313E+03    0.9912544914E-03
    0.1777021626E+03    0.9187765251E-03
    0.1778123939E+03    0.8464471904E-03
    0.1779226252E+03    0.7742778531E-03
    0.1780328566E+03    0.7022798060E-03
    0.1781430879E+03    0.6304642673E-03
    0.1782533192E+03    0.5588423790E-03
    0.1783635505E+03    0.4874252051E-03
    0.1784737819E+03    0.4162237304E-03
    0.1785840132E+03    0.3452488588E-03
    0.1786942445E+03    0.2745114114E-03
    0.1788044758E+03    0.2040221256E-03
    0.1789147071E+03    0.1337916532E-03
    0.1790249385E+03    0.6383055916E-04
    0.1791351698E+03   -0.5850680053E-05
    0.1792454011E+03   -0.7524167777E-04
    0.1793556324E+03   -0.1443321385E-03
    0.1794658637E+03   -0.2131118595E-03
    0.1795760951E+03   -0.2815707318E-03
    0.1796863264E+03   -0.3496987419E-03
    0.1797965577E+03   -0.4174859728E-03
    0.1799067890E+03   -0.4849226056E-03
    0.1800170204E+03   -0.5519989205E-03
    0.1801272517E+03   -0.6187052981E-03
    0.1802374830E+03   -0.6850322209E-03
    0.1803477143E+03   -0.7509702739E-03
    0.1804579456E+03   -0.8165101467E-03
    0.1805681770E+03   -0.8816426337E-03
    0.1806784083E+03   -0.9463586358E-03
    0.1807886396E+03   -0.1010649162E-02
    0.1808988709E+03   -0.1074505328E-02
    0.1810091022E+03   -0.1137918362E-02
    0.1811193336E+03   -0.1200879600E-02
    0.1812295649E+03   -0.1263380493E-02
    0.1813397962E+03   -0.1325412601E-02
    0.1814500275E+03   -0.1386967600E-02
    0.1815602588E+03   -0.1448037281E-02
    0.1816704902E+03   -0.1508613549E-02
    0.1817807215E+03   -0.1568688426E-02
    0.1818909528E+03   -0.1628254053E-02
    0.1820011841E+03   -0.1687302687E-02
    0.1821114155E+03   -0.1745826704E-02
    0.1822216468E+03   -0.1803818603E-02
    0.1823318781E+03   -0.1861271000E-02
    0.1824421094E+03   -0.1918176634E-02
    0.1825523407E+03   -0.1974528366E-02
    0.1826625721E+03   -0.2030319180E-02
    0.1827728034E+03   -0.2085542183E-02
    0.1828830347E+03   -0.2140190608E-02
    0.1829932660E+03   -0.2194257810E-02
    0.1831034973E+03   -0.2247737272E-02
    0.1832137287E+03   -0.2300622602E-02
    0.1833239600E+03   -0.2352907534E-02
    0.1834341913E+03   -0.2404585930E-02
    0.1835444226E+03   -0.2455651781E-02
    0.1836546539E+03   -0.2506099203E-02
    0.1837648853E+03   -0.2555922442E-02
    0.1838751166E+03   -0.2605115876E-02
    0.1839853479E+03   -0.2653674008E-02
    0.1840955792E+03   -0.2701591474E-02
    0.1842058106E+03   -0.2748863039E-02
    0.1843160419E+03   -0.2795483598E-02
    0.1844262732E+03   -0.2841448179E-02
    0.1845365045E+03   -0.2886751941E-02
    0.1846467358E+03   -0.2931390172E-02
    0.1847569672E+03   -0.2975358294E-02
    0.1848671985E+03   -0.3018651861E-02
    0.1849774298E+03   -0.3061266559E-02
    0.1850876611E+03   -0.3103198206E-02
    0.1851978924E+03   -0.3144442752E-02
    0.1853081238E+03   -0.3184996283E-02
    0.1854183551E+03   -0.3224855013E-02
    0.1855285864E+03   -0.3264015292E-02
    0.1856388177E+03   -0.3302473603E-02
    0.1857490491E+03   -0.3340226561E-02
    0.1858592804E+03   -0.3377270914E-02
    0.1859695117E+03   -0.3413603545E-02
    0.1860797430E+03   -0.3449221466E-02
    0.1861899743E+03   -0.3484121827E-02
    0.1863002057E+03   -0.3518301906E-02
    0.1864104370E+03   -0.3551759118E-02
    0.1865206683E+03   -0.3584491008E-02
    0.1866308996E+03   -0.3616495254E-02
    0.1867411309E+03   -0.3647769668E-02
    0.1868513623E+03   -0.3678312191E-02
    0.1869615936E+03   -0.3708120900E-02
    0.1870718249E+03   -0.3737194000E-02
    0.1871820562E+03   -0.3765529830E-02
    0.1872922875E+03   -0.3793126859E-02
    0.1874025189E+03   -0.3819983687E-02
    0.1875127502E+03   -0.3846099045E-02
    0.1876229815E+03   -0.3871471795E-02
    0.1877332128E+03   -0.3896100928E-02
    0.1878434442E+03   -0.3919985563E-02
    0.1879536755E+03   -0.3943124952E-02
    0.1880639068E+03   -0.3965518472E-02
    0.1881741381E+03   -0.3987165630E-02
    0.1882843694E+03   -0.4008066060E-02
    0.1883946008E+03   -0.4028219526E-02
    0.1885048321E+03   -0.4047625914E-02
    0.1886150634E+03   -0.4066285241E-02
    0.1887252947E+03   -0.4084197647E-02
    0.1888355260E+03   -0.4101363398E-02
    0.1889457574E+03   -0.4117782885E-02
    0.1890559887E+03   -0.4133456622E-02
    0.1891662200E+03   -0.4148385247E-02
    0.1892764513E+03   -0.4162569522E-02
    0.1893866827E+03   -0.4176010329E-02
    0.1894969140E+03   -0.4188708671E-02
    0.1896071453E+03   -0.4200665676E-02
    0.1897173766E+03   -0.4211882587E-02
    0.1898276079E+03   -0.4222360768E-02
    0.1899378393E+03   -0.4232101704E-02
    0.1900480706E+03   -0.4241106994E-02
    0.1901583019E+03   -0.4249378357E-02
    0.1902685332E+03   -0.4256917626E-02
    0.1903787645E+03   -0.4263726751E-02
    0.1904889959E+03   -0.4269807796E-02
    0.1905992272E+03   -0.4275162938E-02
    0.1907094585E+03   -0.4279794469E-02
    0.1908196898E+03   -0.4283704790E-02
    0.1909299211E+03   -0.4286896415E-02
    0.1910401525E+03   -0.4289371968E-02
    0.1911503838E+03   -0.4291134182E-02
    0.1912606151E+03   -0.4292185899E-02
    0.1913708464E+03   -0.4292530067E-02
    0.1914810778E+03   -0.4292169741E-02
    0.1915913091E+03   -0.4291108083E-02
    0.1917015404E+03   -0.4289348356E-02
    0.1918117717E+03   -0.4286893929E-02
    0.1919220030E+03   -0.4283748273E-02
    0.1920322344E+03   -0.4279914961E-02
    0.1921424657E+03   -0.4275397663E-02
    0.1922526970E+03   -0.4270200153E-02
    0.1923629283E+03   -0.4264326299E-02
    0.1924731596E+03   -0.4257780068E-02
    0.1925833910E+03   -0.4250565524E-02
    0.1926936223E+03   -0.4242686824E-02
    0.1928038536E+03   -0.4234148218E-02
    0.1929140849E+03   -0.4224954052E-02
    0.1930243162E+03   -0.4215108759E-02
    0.1931345476E+03   -0.4204616867E-02
    0.1932447789E+03   -0.4193482988E-02
    0.1933550102E+03   -0.4181711827E-02
    0.1934652415E+03   -0.4169308173E-02
    0.1935754729E+03   -0.4156276899E-02
    0.1936857042E+03   -0.4142622967E-02
    0.1937959355E+03   -0.4128351417E-02
    0.1939061668E+03   -0.4113467374E-02
    0.1940163981E+03   -0.4097976044E-02
    0.1941266295E+03   -0.4081882710E-02
    0.1942368608E+03   -0.4065192734E-02
    0.1943470921E+03   -0.4047911557E-02
    0.1944573234E+03   -0.4030044693E-02
    0.1945675547E+03   -0.4011597731E-02
    0.1946777861E+03   -0.3992576334E-02
    0.1947880174E+03   -0.3972986236E-02
    0.1948982487E+03   -0.3952833241E-02
    0.1950084800E+03   -0.3932123224E-02
    0.1951187114E+03   -0.3910862125E-02
    0.1952289427E+03   -0.3889055954E-02
    0.1953391740E+03   -0.3866710784E-02
    0.1954494053E+03   -0.3843832751E-02
    0.1955596366E+03   -0.3820428057E-02
    0.1956698680E+03   -0.3796502961E-02
    0.1957800993E+03   -0.3772063785E-02
    0.1958903306E+03   -0.3747116909E-02
    0.1960005619E+03   -0.3721668769E-02
    0.1961107932E+03   -0.3695725857E-02
    0.1962210246E+03   -0.3669294722E-02
    0.1963312559E+03   -0.3642381962E-02
    0.1964414872E+03   -0.3614994230E-02
    0.1965517185E+03   -0.3587138227E-02
    0.1966619498E+03   -0.3558820706E-02
    0.1967721812E+03   -0.3530048465E-02
    0.1968824125E+03   -0.3500828349E-02
    0.1969926438E+03   -0.3471167248E-02
    0.1971028751E+03   -0.3441072095E-02
    0.1972131065E+03   -0.3410549867E-02
    0.1973233378E+03   -0.3379607579E-02
    0.1974335691E+03   -0.3348252287E-02
    0.1975438004E+03   -0.3316491085E-02
    0.1976540317E+03   -0.3284331103E-02
    0.1977642631E+03   -0.3251779506E-02
    0.1978744944E+03   -0.3218843494E-02
    0.1979847257E+03   -0.3185530298E-02
    0.1980949570E+03   -0.3151847181E-02
    0.1982051883E+03   -0.3117801435E-02
    0.1983154197E+03   -0.3083400381E-02
    0.1984256510E+03   -0.3048651366E-02
    0.1985358823E+03   -0.3013561763E-02
    0.1986461136E+03   -0.2978138970E-02
    0.1987563450E+03   -0.2942390407E-02
    0.1988665763E+03   -0.2906323514E-02
    0.1989768076E+03   -0.2869945754E-02
    0.1990870389E+03   -0.2833264605E-02
    0.1991972702E+03   -0.2796287566E-02
    0.1993075016E+03   -0.2759022150E-02
    0.1994177329E+03   -0.2721475884E-02
    0.1995279642E+03   -0.2683656309E-02
    0.1996381955E+03   -0.2645570979E-02
    0.1997484268E+03   -0.2607227456E-02
    0.1998586582E+03   -0.2568633313E-02
    0.1999688895E+03   -0.2529796131E-02
    0.2000791208E+03   -0.2490723496E-02
    0.2001893521E+03   -0.2451423001E-02
    0.2002995834E+03   -0.2411902240E-02
    0.2004098148E+03   -0.2372168814E-02
    0.2005200461E+03   -0.2332230320E-02
    0.2006302774E+03   -0.2292094360E-02
    0.2007405087E+03   -0.2251768530E-02
    0.2008507401E+03   -0.2211260426E-02
    0.2009609714E+03   -0.2170577640E-02
    0.2010712027E+03   -0.2129727757E-02
    0.2011814340E+03   -0.2088718358E-02
    0.2012916653E+03   -0.2047557014E-02
    0.2014018967E+03   -0.2006251288E-02
    0.2015121280E+03   -0.1964808732E-02
    0.2016223593E+03   -0.1923236887E-02
    0.2017325906E+03   -0.1881543281E-02
    0.2018428219E+03   -0.1839735428E-02
    0.2019530533E+03   -0.1797820827E-02
    0.2020632846E+03   -0.1755806959E-02
    0.2021735159E+03   -0.1713701290E-02
    0.2022837472E+03   -0.1671511264E-02
    0.2023939786E+03   -0.1629244308E-02
    0.2025042099E+03   -0.1586907826E-02
    0.2026144412E+03   -0.1544509198E-02
    0.2027246725E+03   -0.1502055785E-02
    0.2028349038E+03   -0.1459554918E-02
    0.2029451352E+03   -0.1417013906E-02
    0.2030553665E+03   -0.1374440029E-02
    0.2031655978E+03   -0.1331840539E-02
    0.2032758291E+03   -0.1289222659E-02
    0.2033860604E+03   -0.1246593583E-02
    0.2034962918E+03   -0.1203960471E-02
    0.2036065231E+03   -0.1161330453E-02
    0.2037167544E+03   -0.1118710622E-02
    0.2038269857E+03   -0.1076108040E-02
    0.2039372170E+03   -0.1033529731E-02
    0.2040474484E+03   -0.9909826830E-03
    0.2041576797E+03   -0.9484738461E-03
    0.2042679110E+03   -0.9060101315E-03
    0.2043781423E+03   -0.8635984106E-03
    0.2044883737E+03   -0.8212455139E-03
    0.2045986050E+03   -0.7789582303E-03
    0.2047088363E+03   -0.7367433058E-03
    0.2048190676E+03   -0.6946074425E-03
    0.2049292989E+03   -0.6525572981E-03
    0.2050395303E+03   -0.6105994845E-03
    0.2051497616E+03   -0.5687405672E-03
    0.2052599929E+03   -0.5269870641E-03
    0.2053702242E+03   -0.4853454448E-03
    0.2054804555E+03   -0.4438221297E-03
    0.2055906869E+03   -0.4024234891E-03
    0.2057009182E+03   -0.3611558423E-03
    0.2058111495E+03   -0.3200254567E-03
    0.2059213808E+03   -0.2790385472E-03
    0.2060316121E+03   -0.2382012752E-03
    0.2061418435E+03   -0.1975197477E-03
    0.2062520748E+03   -0.1570000168E-03
    0.2063623061E+03   -0.1166480787E-03
    0.2064725374E+03   -0.7646987283E-04
    0.2065827688E+03   -0.3647128142E-04
    0.2066930001E+03    0.3341871515E-05
    0.2068032314E+03    0.4296382077E-04
    0.2069134627E+03    0.8238886071E-04
    0.2070236940E+03    0.1216113460E-03
    0.2071339254E+03    0.1606256921E-03
    0.2072441567E+03    0.1994263763E-03
    0.2073543880E+03    0.2380079382E-03
    0.2074646193E+03    0.2763649799E-03
    0.2075748506E+03    0.3144921676E-03
    0.2076850820E+03    0.3523842314E-03
    0.2077953133E+03    0.3900359662E-03
    0.2079055446E+03    0.4274422323E-03
    0.2080157759E+03    0.4645979558E-03
    0.2081260073E+03    0.5014981295E-03
    0.2082362386E+03    0.5381378133E-03
    0.2083464699E+03    0.5745121343E-03
    0.2084567012E+03    0.6106162882E-03
    0.2085669325E+03    0.6464455389E-03
    0.2086771639E+03    0.6819952196E-03
    0.2087873952E+03    0.7172607331E-03
    0.2088976265E+03    0.7522375520E-03
    0.2090078578E+03    0.7869212196E-03
    0.2091180891E+03    0.8213073500E-03
    0.2092283205E+03    0.8553916288E-03
    0.2093385518E+03    0.8891698129E-03
    0.2094487831E+03    0.9226377318E-03
    0.2095590144E+03    0.9557912873E-03
    0.2096692457E+03    0.9886264540E-03
    0.2097794771E+03    0.1021139280E-02
    0.2098897084E+03    0.1053325886E-02
    0.2099999397E+03    0.1085182468E-02
    0.2101101710E+03    0.1116705294E-02
    0.2102204024E+03    0.1147890710E-02
    0.2103306337E+03    0.1178735133E-02
    0.2104408650E+03    0.1209235057E-02
    0.2105510963E+03    0.1239387050E-02
    0.2106613276E+03    0.1269187757E-02
    0.2107715590E+03    0.1298633897E-02
    0.2108817903E+03    0.1327722267E-02
    0.2109920216E+03    0.1356449738E-02
    0.2111022529E+03    0.1384813257E-02
    0.2112124842E+03    0.1412809850E-02
    0.2113227156E+03    0.1440436617E-02
    0.2114329469E+03    0.1467690735E-02
    0.2115431782E+03    0.1494569460E-02
    0.2116534095E+03    0.1521070123E-02
    0.2117636409E+03    0.1547190130E-02
    0.2118738722E+03    0.1572926969E-02
    0.2119841035E+03    0.1598278201E-02
    0.2120943348E+03    0.1623241466E-02
    0.2122045661E+03    0.1647814481E-02
    0.2123147975E+03    0.1671995039E-02
    0.2124250288E+03    0.1695781012E-02
    0.2125352601E+03    0.1719170349E-02
    0.2126454914E+03    0.1742161075E-02
    0.2127557227E+03    0.1764751293E-02
    0.2128659541E+03    0.1786939183E-02
    0.2129761854E+03    0.1808723003E-02
    0.2130864167E+03    0.1830101085E-02
    0.2131966480E+03    0.1851071842E-02
    0.2133068793E+03    0.1871633761E-02
    0.2134171107E+03    0.1891785406E-02
    0.2135273420E+03    0.1911525420E-02
    0.2136375733E+03    0.1930852518E-02
    0.2137478046E+03    0.1949765496E-02
    0.2138580360E+03    0.1968263223E-02
    0.2139682673E+03    0.1986344645E-02
    0.2140784986E+03    0.2004008785E-02
    0.2141887299E+03    0.2021254738E-02
    0.2142989612E+03    0.2038081679E-02
    0.2144091926E+03    0.2054488854E-02
    0.2145194239E+03    0.2070475588E-02
    0.2146296552E+03    0.2086041276E-02
    0.2147398865E+03    0.2101185391E-02
    0.2148501178E+03    0.2115907479E-02
    0.2149603492E+03    0.2130207160E-02
    0.2150705805E+03    0.2144084127E-02
    0.2151808118E+03    0.2157538146E-02
    0.2152910431E+03    0.2170569058E-02
    0.2154012744E+03    0.2183176774E-02
    0.2155115058E+03    0.2195361279E-02
    0.2156217371E+03    0.2207122630E-02
    0.2157319684E+03    0.2218460953E-02
    0.2158421997E+03    0.2229376448E-02
    0.2159524311E+03    0.2239869386E-02
    0.2160626624E+03    0.2249940106E-02
    0.2161728937E+03    0.2259589019E-02
    0.2162831250E+03    0.2268816604E-02
    0.2163933563E+03    0.2277623411E-02
    0.2165035877E+03    0.2286010057E-02
    0.2166138190E+03    0.2293977229E-02
    0.2167240503E+03    0.2301525681E-02
    0.2168342816E+03    0.2308656233E-02
    0.2169445129E+03    0.2315369775E-02
    0.2170547443E+03    0.2321667261E-02
    0.2171649756E+03    0.2327549711E-02
    0.2172752069E+03    0.2333018211E-02
    0.2173854382E+03    0.2338073913E-02
    0.2174956696E+03    0.2342718032E-02
    0.2176059009E+03    0.2346951847E-02
    0.2177161322E+03    0.2350776700E-02
    0.2178263635E+03    0.2354193998E-02
    0.2179365948E+03    0.2357205207E-02
    0.2180468262E+03    0.2359811858E-02
    0.2181570575E+03    0.2362015540E-02
    0.2182672888E+03    0.2363817905E-02
    0.2183775201E+03    0.2365220663E-02
    0.2184877514E+03    0.2366225586E-02
    0.2185979828E+03    0.2366834501E-02
    0.2187082141E+03    0.2367049297E-02
    0.2188184454E+03    0.2366871919E-02
    0.2189286767E+03    0.2366304367E-02
    0.2190389080E+03    0.2365348701E-02
    0.2191491394E+03    0.2364007034E-02
    0.2192593707E+03    0.2362281535E-02
    0.2193696020E+03    0.2360174427E-02
    0.2194798333E+03    0.2357687987E-02
    0.2195900647E+03    0.2354824545E-02
    0.2197002960E+03    0.2351586483E-02
    0.2198105273E+03    0.2347976237E-02
    0.2199207586E+03    0.2343996290E-02
    0.2200309899E+03    0.2339649179E-02
    0.2201412213E+03    0.2334937489E-02
    0.2202514526E+03    0.2329863855E-02
    0.2203616839E+03    0.2324430958E-02
    0.2204719152E+03    0.2318641529E-02
    0.2205821465E+03    0.2312498346E-02
    0.2206923779E+03    0.2306004231E-02
    0.2208026092E+03    0.2299162053E-02
    0.2209128405E+03    0.2291974726E-02
    0.2210230718E+03    0.2284445207E-02
    0.2211333032E+03    0.2276576498E-02
    0.2212435345E+03    0.2268371640E-02
    0.2213537658E+03    0.2259833721E-02
    0.2214639971E+03    0.2250965865E-02
    0.2215742284E+03    0.2241771239E-02
    0.2216844598E+03    0.2232253049E-02
    0.2217946911E+03    0.2222414541E-02
    0.2219049224E+03    0.2212258997E-02
    0.2220151537E+03    0.2201789738E-02
    0.2221253850E+03    0.2191010120E-02
    0.2222356164E+03    0.2179923536E-02
    0.2223458477E+03    0.2168533415E-02
    0.2224560790E+03    0.2156843217E-02
    0.2225663103E+03    0.2144856438E-02
    0.2226765416E+03    0.2132576607E-02
    0.2227867730E+03    0.2120007283E-02
    0.2228970043E+03    0.2107152058E-02
    0.2230072356E+03    0.2094014553E-02
    0.2231174669E+03    0.2080598420E-02
    0.2232276983E+03    0.2066907338E-02
    0.2233379296E+03    0.2052945017E-02
    0.2234481609E+03    0.2038715191E-02
    0.2235583922E+03    0.2024221622E-02
    0.2236686235E+03    0.2009468098E-02
    0.2237788549E+03    0.1994458432E-02
    0.2238890862E+03    0.1979196459E-02
    0.2239993175E+03    0.1963686041E-02
    0.2241095488E+03    0.1947931060E-02
    0.2242197801E+03    0.1931935420E-02
    0.2243300115E+03    0.1915703046E-02
    0.2244402428E+03    0.1899237885E-02
    0.2245504741E+03    0.1882543901E-02
    0.2246607054E+03    0.1865625078E-02
    0.2247709367E+03    0.1848485418E-02
    0.2248811681E+03    0.1831128938E-02
    0.2249913994E+03    0.1813559675E-02
    0.2251016307E+03    0.1795781679E-02
    0.2252118620E+03    0.1777799015E-02
    0.2253220934E+03    0.1759615762E-02
    0.2254323247E+03    0.1741236012E-02
    0.2255425560E+03    0.1722663871E-02
    0.2256527873E+03    0.1703903454E-02
    0.2257630186E+03    0.1684958890E-02
    0.2258732500E+03    0.1665834316E-02
    0.2259834813E+03    0.1646533879E-02
    0.2260937126E+03    0.1627061733E-02
    0.2262039439E+03    0.1607422043E-02
    0.2263141752E+03    0.1587618978E-02
    0.2264244066E+03    0.1567656715E-02
    0.2265346379E+03    0.1547539437E-02
    0.2266448692E+03    0.1527271330E-02
    0.2267551005E+03    0.1506856585E-02
    0.2268653319E+03    0.1486299397E-02
    0.2269755632E+03    0.1465603962E-02
    0.2270857945E+03    0.1444774480E-02
    0.2271960258E+03    0.1423815150E-02
    0.2273062571E+03    0.1402730172E-02
    0.2274164885E+03    0.1381523746E-02
    0.2275267198E+03    0.1360200071E-02
    0.2276369511E+03    0.1338763344E-02
    0.2277471824E+03    0.1317217759E-02
    0.2278574137E+03    0.1295567507E-02
    0.2279676451E+03    0.1273816776E-02
    0.2280778764E+03    0.1251969748E-02
    0.2281881077E+03    0.1230030601E-02
    0.2282983390E+03    0.1208003506E-02
    0.2284085703E+03    0.1185892627E-02
    0.2285188017E+03    0.1163702121E-02
    0.2286290330E+03    0.1141436137E-02
    0.2287392643E+03    0.1119098816E-02
    0.2288494956E+03    0.1096694289E-02
    0.2289597270E+03    0.1074226675E-02
    0.2290699583E+03    0.1051700086E-02
    0.2291801896E+03    0.1029118619E-02
    0.2292904209E+03    0.1006486361E-02
    0.2294006522E+03    0.9838073862E-03
    0.2295108836E+03    0.9610857545E-03
    0.2296211149E+03    0.9383255125E-03
    0.2297313462E+03    0.9155306920E-03
    0.2298415775E+03    0.8927053096E-03
    0.2299518088E+03    0.8698533661E-03
    0.2300620402E+03    0.8469788459E-03
    0.2301722715E+03    0.8240857161E-03
    0.2302825028E+03    0.8011779265E-03
    0.2303927341E+03    0.7782594085E-03
    0.2305029655E+03    0.7553340745E-03
    0.2306131968E+03    0.7324058178E-03
    0.2307234281E+03    0.7094785115E-03
    0.2308336594E+03    0.6865560083E-03
    0.2309438907E+03    0.6636421397E-03
    0.2310541221E+03    0.6407407156E-03
    0.2311643534E+03    0.6178555238E-03
    0.2312745847E+03    0.5949903291E-03
    0.2313848160E+03    0.5721488733E-03
    0.2314950473E+03    0.5493348743E-03
    0.2316052787E+03    0.5265520257E-03
    0.2317155100E+03    0.5038039962E-03
    0.2318257413E+03    0.4810944293E-03
    0.2319359726E+03    0.4584269427E-03
    0.2320462039E+03    0.4358051276E-03
    0.2321564353E+03    0.4132325485E-03
    0.2322666666E+03    0.3907127426E-03
    0.2323768979E+03    0.3682492196E-03
    0.2324871292E+03    0.3458454606E-03
    0.2325973606E+03    0.3235049183E-03
    0.2327075919E+03    0.3012310162E-03
    0.2328178232E+03    0.2790271483E-03
    0.2329280545E+03    0.2568966787E-03
    0.2330382858E+03    0.2348429410E-03
    0.2331485172E+03    0.2128692379E-03
    0.2332587485E+03    0.1909788411E-03
    0.2333689798E+03    0.1691749905E-03
    0.2334792111E+03    0.1474608940E-03
    0.2335894424E+03    0.1258397272E-03
    0.2336996738E+03    0.1043146329E-03
    0.2338099051E+03    0.8288872068E-04
    0.2339201364E+03    0.6156506657E-04
    0.2340303677E+03    0.4034671283E-04
    0.2341405990E+03    0.1923666746E-04
    0.2342508304E+03   -0.1762096097E-05
    0.2343610617E+03   -0.2264663929E-04
    0.2344712930E+03   -0.4341405876E-04
    0.2345815243E+03   -0.6406148670E-04
    0.2346917557E+03   -0.8458609112E-04
    0.2348019870E+03   -0.1049850762E-03
    0.2349122183E+03   -0.1252556824E-03
    0.2350224496E+03   -0.1453951872E-03
    0.2351326809E+03   -0.1654009048E-03
    0.2352429123E+03   -0.1852701866E-03
    0.2353531436E+03   -0.2050004218E-03
    0.2354633749E+03   -0.2245890373E-03
    0.2355736062E+03   -0.2440334977E-03
    0.2356838375E+03   -0.2633313062E-03
    0.2357940689E+03   -0.2824800043E-03
    0.2359043002E+03   -0.3014771723E-03
    0.2360145315E+03   -0.3203204294E-03
    0.2361247628E+03   -0.3390074338E-03
    0.2362349942E+03   -0.3575358831E-03
    0.2363452255E+03   -0.3759035145E-03
    0.2364554568E+03   -0.3941081046E-03
    0.2365656881E+03   -0.4121474700E-03
    0.2366759194E+03   -0.4300194675E-03
    0.2367861508E+03   -0.4477219939E-03
    0.2368963821E+03   -0.4652529862E-03
    0.2370066134E+03   -0.4826104220E-03
    0.2371168447E+03   -0.4997923197E-03
    0.2372270760E+03   -0.5167967380E-03
    0.2373373074E+03   -0.5336217768E-03
    0.2374475387E+03   -0.5502655767E-03
    0.2375577700E+03   -0.5667263196E-03
    0.2376680013E+03   -0.5830022283E-03
    0.2377782326E+03   -0.5990915671E-03
    0.2378884640E+03   -0.6149926412E-03
    0.2379986953E+03   -0.6307037977E-03
    0.2381089266E+03   -0.6462234248E-03
    0.2382191579E+03   -0.6615499522E-03
    0.2383293893E+03   -0.6766818515E-03
    0.2384396206E+03   -0.6916176353E-03
    0.2385498519E+03   -0.7063558585E-03
    0.2386600832E+03   -0.7208951171E-03
    0.2387703145E+03   -0.7352340491E-03
    0.2388805459E+03   -0.7493713340E-03
    0.2389907772E+03   -0.7633056931E-03
    0.2391010085E+03   -0.7770358894E-03
    0.2392112398E+03   -0.7905607273E-03
    0.2393214711E+03   -0.8038790533E-03
    0.2394317025E+03   -0.8169897552E-03
    0.2395419338E+03   -0.8298917624E-03
    0.2396521651E+03   -0.8425840460E-03
    0.2397623964E+03   -0.8550656185E-03
    0.2398726278E+03   -0.8673355339E-03
    0.2399828591E+03   -0.8793928877E-03
    0.2400930904E+03   -0.8912368164E-03
    0.2402033217E+03   -0.9028664981E-03
    0.2403135530E+03   -0.9142811519E-03
    0.2404237844E+03   -0.9254800379E-03
    0.2405340157E+03   -0.9364624574E-03
    0.2406442470E+03   -0.9472277524E-03
    0.2407544783E+03   -0.9577753058E-03
    0.2408647096E+03   -0.9681045410E-03
    0.2409749410E+03   -0.9782149220E-03
    0.2410851723E+03   -0.9881059534E-03
    0.2411954036E+03   -0.9977771798E-03
    0.2413056349E+03   -0.1007228186E-02
    0.2414158662E+03   -0.1016458597E-02
    0.2415260976E+03   -0.1025468077E-02
    0.2416363289E+03   -0.1034256331E-02
    0.2417465602E+03   -0.1042823102E-02
    0.2418567915E+03   -0.1051168175E-02
    0.2419670229E+03   -0.1059291370E-02
    0.2420772542E+03   -0.1067192549E-02
    0.2421874855E+03   -0.1074871613E-02
    0.2422977168E+03   -0.1082328500E-02
    0.2424079481E+03   -0.1089563187E-02
    0.2425181795E+03   -0.1096575689E-02
    0.2426284108E+03   -0.1103366060E-02
    0.2427386421E+03   -0.1109934390E-02
    0.2428488734E+03   -0.1116280809E-02
    0.2429591047E+03   -0.1122405481E-02
    0.2430693361E+03   -0.1128308610E-02
    0.2431795674E+03   -0.1133990435E-02
    0.2432897987E+03   -0.1139451233E-02
    0.2434000300E+03   -0.1144691316E-02
    0.2435102613E+03   -0.1149711033E-02
    0.2436204927E+03   -0.1154510769E-02
    0.2437307240E+03   -0.1159090942E-02
    0.2438409553E+03   -0.1163452010E-02
    0.2439511866E+03   -0.1167594462E-02
    0.2440614180E+03   -0.1171518822E-02
    0.2441716493E+03   -0.1175225652E-02
    0.2442818806E+03   -0.1178715544E-02
    0.2443921119E+03   -0.1181989126E-02
    0.2445023432E+03   -0.1185047059E-02
    0.2446125746E+03   -0.1187890037E-02
    0.2447228059E+03   -0.1190518789E-02
    0.2448330372E+03   -0.1192934073E-02
    0.2449432685E+03   -0.1195136682E-02
    0.2450534998E+03   -0.1197127442E-02
    0.2451637312E+03   -0.1198907207E-02
    0.2452739625E+03   -0.1200476865E-02
    0.2453841938E+03   -0.1201837335E-02
    0.2454944251E+03   -0.1202989567E-02
    0.2456046565E+03   -0.1203934539E-02
    0.2457148878E+03   -0.1204673262E-02
    0.2458251191E+03   -0.1205206774E-02
    0.2459353504E+03   -0.1205536146E-02
    0.2460455817E+03   -0.1205662474E-02
    0.2461558131E+03   -0.1205586885E-02
    0.2462660444E+03   -0.1205310534E-02
    0.2463762757E+03   -0.1204834603E-02
    0.2464865070E+03   -0.1204160303E-02
    0.2465967383E+03   -0.1203288872E-02
    0.2467069697E+03   -0.1202221573E-02
    0.2468172010E+03   -0.1200959697E-02
    0.2469274323E+03   -0.1199504562E-02
    0.2470376636E+03   -0.1197857510E-02
    0.2471478949E+03   -0.1196019910E-02
    0.2472581263E+03   -0.1193993153E-02
    0.2473683576E+03   -0.1191778659E-02
    0.2474785889E+03   -0.1189377868E-02
    0.2475888202E+03   -0.1186792246E-02
    0.2476990516E+03   -0.1184023283E-02
    0.2478092829E+03   -0.1181072490E-02
    0.2479195142E+03   -0.1177941402E-02
    0.2480297455E+03   -0.1174631578E-02
    0.2481399768E+03   -0.1171144594E-02
    0.2482502082E+03   -0.1167482052E-02
    0.2483604395E+03   -0.1163645573E-02
    0.2484706708E+03   -0.1159636800E-02
    0.2485809021E+03   -0.1155457395E-02
    0.2486911334E+03   -0.1151109039E-02
    0.2488013648E+03   -0.1146593435E-02
    0.2489115961E+03   -0.1141912304E-02
    0.2490218274E+03   -0.1137067385E-02
    0.2491320587E+03   -0.1132060435E-02
    0.2492422901E+03   -0.1126893230E-02
    0.2493525214E+03   -0.1121567563E-02
    0.2494627527E+03   -0.1116085245E-02
    0.2495729840E+03   -0.1110448100E-02
    0.2496832153E+03   -0.1104657973E-02
    0.2497934467E+03   -0.1098716722E-02
    0.2499036780E+03   -0.1092626220E-02
    0.2500139093E+03   -0.1086388356E-02
    0.2501241406E+03   -0.1080005034E-02
    0.2502343719E+03   -0.1073478171E-02
    0.2503446033E+03   -0.1066809699E-02
    0.2504548346E+03   -0.1060001561E-02
    0.2505650659E+03   -0.1053055716E-02
    0.2506752972E+03   -0.1045974132E-02
    0.2507855285E+03   -0.1038758792E-02
    0.2508957599E+03   -0.1031411690E-02
    0.2510059912E+03   -0.1023934830E-02
    0.2511162225E+03   -0.1016330228E-02
    0.2512264538E+03   -0.1008599909E-02
    0.2513366852E+03   -0.1000745910E-02
    0.2514469165E+03   -0.9927702759E-03
    0.2515571478E+03   -0.9846750619E-03
    0.2516673791E+03   -0.9764623314E-03
    0.2517776104E+03   -0.9681341561E-03
    0.2518878418E+03   -0.9596926158E-03
    0.2519980731E+03   -0.9511397978E-03
    0.2521083044E+03   -0.9424777966E-03
    0.2522185357E+03   -0.9337087133E-03
    0.2523287670E+03   -0.9248346554E-03
    0.2524389984E+03   -0.9158577363E-03
    0.2525492297E+03   -0.9067800749E-03
    0.2526594610E+03   -0.8976037952E-03
    0.2527696923E+03   -0.8883310260E-03
    0.2528799236E+03   -0.8789639004E-03
    0.2529901550E+03   -0.8695045552E-03
    0.2531003863E+03   -0.8599551311E-03
    0.2532106176E+03   -0.8503177716E-03
    0.2533208489E+03   -0.8405946231E-03
    0.2534310803E+03   -0.8307878344E-03
    0.2535413116E+03   -0.8208995562E-03
    0.2536515429E+03   -0.8109319406E-03
    0.2537617742E+03   -0.8008871413E-03
    0.2538720055E+03   -0.7907673124E-03
    0.2539822369E+03   -0.7805746086E-03
    0.2540924682E+03   -0.7703111848E-03
    0.2542026995E+03   -0.7599791954E-03
    0.2543129308E+03   -0.7495807942E-03
    0.2544231621E+03   -0.7391181337E-03
    0.2545333935E+03   -0.7285933653E-03
    0.2546436248E+03   -0.7180086383E-03
    0.2547538561E+03   -0.7073661002E-03
    0.2548640874E+03   -0.6966678955E-03
    0.2549743188E+03   -0.6859161663E-03
    0.2550845501E+03   -0.6751130510E-03
    0.2551947814E+03   -0.6642606848E-03
    0.2553050127E+03   -0.6533611986E-03
    0.2554152440E+03   -0.6424167193E-03
    0.2555254754E+03   -0.6314293689E-03
    0.2556357067E+03   -0.6204012647E-03
    0.2557459380E+03   -0.6093345183E-03
    0.2558561693E+03   -0.5982312361E-03
    0.2559664006E+03   -0.5870935180E-03
    0.2560766320E+03   -0.5759234580E-03
    0.2561868633E+03   -0.5647231432E-03
    0.2562970946E+03   -0.5534946537E-03
    0.2564073259E+03   -0.5422400624E-03
    0.2565175572E+03   -0.5309614346E-03
    0.2566277886E+03   -0.5196608276E-03
    0.2567380199E+03   -0.5083402903E-03
    0.2568482512E+03   -0.4970018633E-03
    0.2569584825E+03   -0.4856475782E-03
    0.2570687139E+03   -0.4742794575E-03
    0.2571789452E+03   -0.4628995140E-03
    0.2572891765E+03   -0.4515097509E-03
    0.2573994078E+03   -0.4401121615E-03
    0.2575096391E+03   -0.4287087285E-03
    0.2576198705E+03   -0.4173014240E-03
    0.2577301018E+03   -0.4058922093E-03
    0.2578403331E+03   -0.3944830344E-03
    0.2579505644E+03   -0.3830758378E-03
    0.2580607957E+03   -0.3716725465E-03
    0.2581710271E+03   -0.3602750751E-03
    0.2582812584E+03   -0.3488853263E-03
    0.2583914897E+03   -0.3375051901E-03
    0.2585017210E+03   -0.3261365436E-03
    0.2586119524E+03   -0.3147812510E-03
    0.2587221837E+03   -0.3034411632E-03
    0.2588324150E+03   -0.2921181176E-03
    0.2589426463E+03   -0.2808139377E-03
    0.2590528776E+03   -0.2695304330E-03
    0.2591631090E+03   -0.2582693989E-03
    0.2592733403E+03   -0.2470326161E-03
    0.2593835716E+03   -0.2358218508E-03
    0.2594938029E+03   -0.2246388542E-03
    0.2596040342E+03   -0.2134853622E-03
    0.2597142656E+03   -0.2023630956E-03
    0.2598244969E+03   -0.1912737595E-03
    0.2599347282E+03   -0.1802190431E-03
    0.2600449595E+03   -0.1692006198E-03
    0.2601551908E+03   -0.1582201469E-03
    0.2602654222E+03   -0.1472792651E-03
    0.2603756535E+03   -0.1363795986E-03
    0.2604858848E+03   -0.1255227550E-03
    0.2605961161E+03   -0.1147103248E-03
    0.2607063475E+03   -0.1039438814E-03
    0.2608165788E+03   -0.9322498109E-04
    0.2609268101E+03   -0.8255516254E-04
    0.2610370414E+03   -0.7193594687E-04
    0.2611472727E+03   -0.6136883741E-04
    0.2612575041E+03   -0.5085531956E-04
    0.2613677354E+03   -0.4039686062E-04
    0.2614779667E+03   -0.2999490967E-04
    0.2615881980E+03   -0.1965089739E-04
    0.2616984293E+03   -0.9366235948E-05
    0.2618086607E+03    0.8576811625E-06
    0.2619188920E+03    0.1101947923E-04
    0.2620291233E+03    0.2111780248E-04
    0.2621393546E+03    0.3115131417E-04
    0.2622495860E+03    0.4111869674E-04
    0.2623598173E+03    0.5101865190E-04
    0.2624700486E+03    0.6084990077E-04
    0.2625802799E+03    0.7061118397E-04
    0.2626905112E+03    0.8030126174E-04
    0.2628007426E+03    0.8991891402E-04
    0.2629109739E+03    0.9946294054E-04
    0.2630212052E+03    0.1089321610E-03
    0.2631314365E+03    0.1183254149E-03
    0.2632416678E+03    0.1276415621E-03
    0.2633518992E+03    0.1368794824E-03
    0.2634621305E+03    0.1460380758E-03
    0.2635723618E+03    0.1551162627E-03
    0.2636825931E+03    0.1641129839E-03
    0.2637928244E+03    0.1730272005E-03
    0.2639030558E+03    0.1818578942E-03
    0.2640132871E+03    0.1906040672E-03
    0.2641235184E+03    0.1992647422E-03
    0.2642337497E+03    0.2078389627E-03
    0.2643439811E+03    0.2163257928E-03
    0.2644542124E+03    0.2247243174E-03
    0.2645644437E+03    0.2330336420E-03
    0.2646746750E+03    0.2412528932E-03
    0.2647849063E+03    0.2493812180E-03
    0.2648951377E+03    0.2574177846E-03
    0.2650053690E+03    0.2653617819E-03
    0.2651156003E+03    0.2732124197E-03
    0.2652258316E+03    0.2809689288E-03
    0.2653360629E+03    0.2886305608E-03
    0.2654462943E+03    0.2961965882E-03
    0.2655565256E+03    0.3036663045E-03
    0.2656667569E+03    0.3110390241E-03
    0.2657769882E+03    0.3183140822E-03
    0.2658872195E+03    0.3254908350E-03
    0.2659974509E+03    0.3325686596E-03
    0.2661076822E+03    0.3395469538E-03
    0.2662179135E+03    0.3464251365E-03
    0.2663281448E+03    0.3532026472E-03
    0.2664383762E+03    0.3598789463E-03
    0.2665486075E+03    0.3664535150E-03
    0.2666588388E+03    0.3729258551E-03
    0.2667690701E+03    0.3792954892E-03
    0.2668793014E+03    0.3855619605E-03
    0.2669895328E+03    0.3917248328E-03
    0.2670997641E+03    0.3977836906E-03
    0.2672099954E+03    0.4037381386E-03
    0.2673202267E+03    0.4095878023E-03
    0.2674304580E+03    0.4153323274E-03
    0.2675406894E+03    0.4209713798E-03
    0.2676509207E+03    0.4265046461E-03
    0.2677611520E+03    0.4319318326E-03
    0.2678713833E+03    0.4372526660E-03
    0.2679816147E+03    0.4424668931E-03
    0.2680918460E+03    0.4475742805E-03
    0.2682020773E+03    0.4525746148E-03
    0.2683123086E+03    0.4574677024E-03
    0.2684225399E+03    0.4622533694E-03
    0.2685327713E+03    0.4669314615E-03
    0.2686430026E+03    0.4715018441E-03
    0.2687532339E+03    0.4759644020E-03
    0.2688634652E+03    0.4803190391E-03
    0.2689736965E+03    0.4845656789E-03
    0.2690839279E+03    0.4887042638E-03
    0.2691941592E+03    0.4927347554E-03
    0.2693043905E+03    0.4966571341E-03
    0.2694146218E+03    0.5004713993E-03
    0.2695248531E+03    0.5041775689E-03
    0.2696350845E+03    0.5077756795E-03
    0.2697453158E+03    0.5112657862E-03
    0.2698555471E+03    0.5146479622E-03
    0.2699657784E+03    0.5179222993E-03
    0.2700760098E+03    0.5210889071E-03
    0.2701862411E+03    0.5241479132E-03
    0.2702964724E+03    0.5270994633E-03
    0.2704067037E+03    0.5299437204E-03
    0.2705169350E+03    0.5326808652E-03
    0.2706271664E+03    0.5353110961E-03
    0.2707373977E+03    0.5378346283E-03
    0.2708476290E+03    0.5402516945E-03
    0.2709578603E+03    0.5425625443E-03
    0.2710680916E+03    0.5447674440E-03
    0.2711783230E+03    0.5468666767E-03
    0.2712885543E+03    0.5488605421E-03
    0.2713987856E+03    0.5507493561E-03
    0.2715090169E+03    0.5525334511E-03
    0.2716192483E+03    0.5542131754E-03
    0.2717294796E+03    0.5557888931E-03
    0.2718397109E+03    0.5572609842E-03
    0.2719499422E+03    0.5586298443E-03
    0.2720601735E+03    0.5598958845E-03
    0.2721704049E+03    0.5610595308E-03
    0.2722806362E+03    0.5621212247E-03
    0.2723908675E+03    0.5630814223E-03
    0.2725010988E+03    0.5639405947E-03
    0.2726113301E+03    0.5646992273E-03
    0.2727215615E+03    0.5653578202E-03
    0.2728317928E+03    0.5659168874E-03
    0.2729420241E+03    0.5663769571E-03
    0.2730522554E+03    0.5667385714E-03
    0.2731624867E+03    0.5670022861E-03
    0.2732727181E+03    0.5671686703E-03
    0.2733829494E+03    0.5672383065E-03
    0.2734931807E+03    0.5672117905E-03
    0.2736034120E+03    0.5670897309E-03
    0.2737136434E+03    0.5668727489E-03
    0.2738238747E+03    0.5665614786E-03
    0.2739341060E+03    0.5661565662E-03
    0.2740443373E+03    0.5656586703E-03
    0.2741545686E+03    0.5650684613E-03
    0.2742648000E+03    0.5643866216E-03
    0.2743750313E+03    0.5636138450E-03
    0.2744852626E+03    0.5627508368E-03
    0.2745954939E+03    0.5617983137E-03
    0.2747057252E+03    0.5607570032E-03
    0.2748159566E+03    0.5596276437E-03
    0.2749261879E+03    0.5584109843E-03
    0.2750364192E+03    0.5571077844E-03
    0.2751466505E+03    0.5557188138E-03
    0.2752568818E+03    0.5542448522E-03
    0.2753671132E+03    0.5526866892E-03
    0.2754773445E+03    0.5510451241E-03
    0.2755875758E+03    0.5493209655E-03
    0.2756978071E+03    0.5475150314E-03
    0.2758080385E+03    0.5456281487E-03
    0.2759182698E+03    0.5436611533E-03
    0.2760285011E+03    0.5416148894E-03
    0.2761387324E+03    0.5394902100E-03
    0.2762489637E+03    0.5372879763E-03
    0.2763591951E+03    0.5350090572E-03
    0.2764694264E+03    0.5326543297E-03
    0.2765796577E+03    0.5302246784E-03
    0.2766898890E+03    0.5277209952E-03
    0.2768001203E+03    0.5251441794E-03
    0.2769103517E+03    0.5224951372E-03
    0.2770205830E+03    0.5197747814E-03
    0.2771308143E+03    0.5169840318E-03
    0.2772410456E+03    0.5141238144E-03
    0.2773512770E+03    0.5111950614E-03
    0.2774615083E+03    0.5081987109E-03
    0.2775717396E+03    0.5051357070E-03
    0.2776819709E+03    0.5020069993E-03
    0.2777922022E+03    0.4988135428E-03
    0.2779024336E+03    0.4955562975E-03
    0.2780126649E+03    0.4922362287E-03
    0.2781228962E+03    0.4888543064E-03
    0.2782331275E+03    0.4854115050E-03
    0.2783433588E+03    0.4819088034E-03
    0.2784535902E+03    0.4783471848E-03
    0.2785638215E+03    0.4747276362E-03
    0.2786740528E+03    0.4710511484E-03
    0.2787842841E+03    0.4673187160E-03
    0.2788945154E+03    0.4635313367E-03
    0.2790047468E+03    0.4596900117E-03
    0.2791149781E+03    0.4557957449E-03
    0.2792252094E+03    0.4518495432E-03
    0.2793354407E+03    0.4478524160E-03
    0.2794456721E+03    0.4438053752E-03
    0.2795559034E+03    0.4397094349E-03
    0.2796661347E+03    0.4355656112E-03
    0.2797763660E+03    0.4313749219E-03
    0.2798865973E+03    0.4271383868E-03
    0.2799968287E+03    0.4228570268E-03
    0.2801070600E+03    0.4185318643E-03
    0.2802172913E+03    0.4141639227E-03
    0.2803275226E+03    0.4097542262E-03
    0.2804377539E+03    0.4053037998E-03
    0.2805479853E+03    0.4008136691E-03
    0.2806582166E+03    0.3962848599E-03
    0.2807684479E+03    0.3917183981E-03
    0.2808786792E+03    0.3871153099E-03
    0.2809889106E+03    0.3824766209E-03
    0.2810991419E+03    0.3778033566E-03
    0.2812093732E+03    0.3730965418E-03
    0.2813196045E+03    0.3683572005E-03
    0.2814298358E+03    0.3635863559E-03
    0.2815400672E+03    0.3587850301E-03
    0.2816502985E+03    0.3539542439E-03
    0.2817605298E+03    0.3490950168E-03
    0.2818707611E+03    0.3442083664E-03
    0.2819809924E+03    0.3392953087E-03
    0.2820912238E+03    0.3343568579E-03
    0.2822014551E+03    0.3293940258E-03
    0.2823116864E+03    0.3244078222E-03
    0.2824219177E+03    0.3193992543E-03
    0.2825321490E+03    0.3143693268E-03
    0.2826423804E+03    0.3093190414E-03
    0.2827526117E+03    0.3042493973E-03
    0.2828628430E+03    0.2991613903E-03
    0.2829730743E+03    0.2940560130E-03
    0.2830833057E+03    0.2889342547E-03
    0.2831935370E+03    0.2837971013E-03
    0.2833037683E+03    0.2786455347E-03
    0.2834139996E+03    0.2734805332E-03
    0.2835242309E+03    0.2683030710E-03
    0.2836344623E+03    0.2631141182E-03
    0.2837446936E+03    0.2579146406E-03
    0.2838549249E+03    0.2527055998E-03
    0.2839651562E+03    0.2474879525E-03
    0.2840753875E+03    0.2422626509E-03
    0.2841856189E+03    0.2370306423E-03
    0.2842958502E+03    0.2317928691E-03
    0.2844060815E+03    0.2265502685E-03
    0.2845163128E+03    0.2213037726E-03
    0.2846265441E+03    0.2160543079E-03
    0.2847367755E+03    0.2108027957E-03
    0.2848470068E+03    0.2055501515E-03
    0.2849572381E+03    0.2002972850E-03
    0.2850674694E+03    0.1950451002E-03
    0.2851777008E+03    0.1897944949E-03
    0.2852879321E+03    0.1845463610E-03
    0.2853981634E+03    0.1793015840E-03
    0.2855083947E+03    0.1740610432E-03
    0.2856186260E+03    0.1688256113E-03
    0.2857288574E+03    0.1635961545E-03
    0.2858390887E+03    0.1583735323E-03
    0.2859493200E+03    0.1531585974E-03
    0.2860595513E+03    0.1479521958E-03
    0.2861697826E+03    0.1427551660E-03
    0.2862800140E+03    0.1375683400E-03
    0.2863902453E+03    0.1323925422E-03
    0.2865004766E+03    0.1272285897E-03
    0.2866107079E+03    0.1220772925E-03
    0.2867209393E+03    0.1169394527E-03
    0.2868311706E+03    0.1118158652E-03
    0.2869414019E+03    0.1067073170E-03
    0.2870516332E+03    0.1016145874E-03
    0.2871618645E+03    0.9653844765E-04
    0.2872720959E+03    0.9147966140E-04
    0.2873823272E+03    0.8643898406E-04
    0.2874925585E+03    0.8141716297E-04
    0.2876027898E+03    0.7641493731E-04
    0.2877130211E+03    0.7143303798E-04
    0.2878232525E+03    0.6647218756E-04
    0.2879334838E+03    0.6153310022E-04
    0.2880437151E+03    0.5661648163E-04
    0.2881539464E+03    0.5172302894E-04
    0.2882641777E+03    0.4685343067E-04
    0.2883744091E+03    0.4200836664E-04
    0.2884846404E+03    0.3718850796E-04
    0.2885948717E+03    0.3239451691E-04
    0.2887051030E+03    0.2762704691E-04
    0.2888153344E+03    0.2288674245E-04
    0.2889255657E+03    0.1817423907E-04
    0.2890357970E+03    0.1349016323E-04
    0.2891460283E+03    0.8835132361E-05
    0.2892562596E+03    0.4209754714E-05
    0.2893664910E+03   -0.3853706146E-06
    0.2894767223E+03   -0.4949653762E-05
    0.2895869536E+03   -0.9482514135E-05
    0.2896971849E+03   -0.1398338045E-04
    0.2898074162E+03   -0.1845169078E-04
    0.2899176476E+03   -0.2288689258E-04
    0.2900278789E+03   -0.2728844274E-04
    0.2901381102E+03   -0.3165580760E-04
    0.2902483415E+03   -0.3598846299E-04
    0.2903585729E+03   -0.4028589428E-04
    0.2904688042E+03   -0.4454759637E-04
    0.2905790355E+03   -0.4877307374E-04
    0.2906892668E+03   -0.5296184048E-04
    0.2907994981E+03   -0.5711342030E-04
    0.2909097295E+03   -0.6122734655E-04
    0.2910199608E+03   -0.6530316225E-04
    0.2911301921E+03   -0.6934042009E-04
    0.2912404234E+03   -0.7333868247E-04
    0.2913506547E+03   -0.7729752149E-04
    0.2914608861E+03   -0.8121651896E-04
    0.2915711174E+03   -0.8509526645E-04
    0.2916813487E+03   -0.8893336525E-04
    0.2917915800E+03   -0.9273042639E-04
    0.2919018113E+03   -0.9648607066E-04
    0.2920120427E+03   -0.1001999286E-03
    0.2921222740E+03   -0.1038716405E-03
    0.2922325053E+03   -0.1075008563E-03
    0.2923427366E+03   -0.1110872360E-03
    0.2924529680E+03   -0.1146304490E-03
    0.2925631993E+03   -0.1181301745E-03
    0.2926734306E+03   -0.1215861017E-03
    0.2927836619E+03   -0.1249979292E-03
    0.2928938932E+03   -0.1283653654E-03
    0.2930041246E+03   -0.1316881285E-03
    0.2931143559E+03   -0.1349659463E-03
    0.2932245872E+03   -0.1381985563E-03
    0.2933348185E+03   -0.1413857056E-03
    0.2934450498E+03   -0.1445271509E-03
    0.2935552812E+03   -0.1476226587E-03
    0.2936655125E+03   -0.1506720049E-03
    0.2937757438E+03   -0.1536749750E-03
    0.2938859751E+03   -0.1566313640E-03
    0.2939962064E+03   -0.1595409766E-03
    0.2941064378E+03   -0.1624036267E-03
    0.2942166691E+03   -0.1652191379E-03
    0.2943269004E+03   -0.1679873430E-03
    0.2944371317E+03   -0.1707080843E-03
    0.2945473631E+03   -0.1733812136E-03
    0.2946575944E+03   -0.1760065918E-03
    0.2947678257E+03   -0.1785840890E-03
    0.2948780570E+03   -0.1811135848E-03
    0.2949882883E+03   -0.1835949679E-03
    0.2950985197E+03   -0.1860281360E-03
    0.2952087510E+03   -0.1884129961E-03
    0.2953189823E+03   -0.1907494643E-03
    0.2954292136E+03   -0.1930374656E-03
    0.2955394449E+03   -0.1952769339E-03
    0.2956496763E+03   -0.1974678122E-03
    0.2957599076E+03   -0.1996100524E-03
    0.2958701389E+03   -0.2017036150E-03
    0.2959803702E+03   -0.2037484695E-03
    0.2960906016E+03   -0.2057445940E-03
    0.2962008329E+03   -0.2076919753E-03
    0.2963110642E+03   -0.2095906089E-03
    0.2964212955E+03   -0.2114404987E-03
    0.2965315268E+03   -0.2132416571E-03
    0.2966417582E+03   -0.2149941052E-03
    0.2967519895E+03   -0.2166978721E-03
    0.2968622208E+03   -0.2183529954E-03
    0.2969724521E+03   -0.2199595210E-03
    0.2970826834E+03   -0.2215175029E-03
    0.2971929148E+03   -0.2230270033E-03
    0.2973031461E+03   -0.2244880924E-03
    0.2974133774E+03   -0.2259008485E-03
    0.2975236087E+03   -0.2272653575E-03
    0.2976338400E+03   -0.2285817136E-03
    0.2977440714E+03   -0.2298500185E-03
    0.2978543027E+03   -0.2310703817E-03
    0.2979645340E+03   -0.2322429203E-03
    0.2980747653E+03   -0.2333677590E-03
    0.2981849967E+03   -0.2344450300E-03
    0.2982952280E+03   -0.2354748731E-03
    0.2984054593E+03   -0.2364574350E-03
    0.2985156906E+03   -0.2373928702E-03
    0.2986259219E+03   -0.2382813400E-03
    0.2987361533E+03   -0.2391230130E-03
    0.2988463846E+03   -0.2399180648E-03
    0.2989566159E+03   -0.2406666781E-03
    0.2990668472E+03   -0.2413690422E-03
    0.2991770785E+03   -0.2420253534E-03
    0.2992873099E+03   -0.2426358147E-03
    0.2993975412E+03   -0.2432006358E-03
    0.2995077725E+03   -0.2437200328E-03
    0.2996180038E+03   -0.2441942284E-03
    0.2997282352E+03   -0.2446234517E-03
    0.2998384665E+03   -0.2450079380E-03
    0.2999486978E+03   -0.2453479289E-03
    0.3000589291E+03   -0.2456436721E-03
    0.3001691604E+03   -0.2458954214E-03
    0.3002793918E+03   -0.2461034366E-03
    0.3003896231E+03   -0.2462679834E-03
    0.3004998544E+03   -0.2463893330E-03
    0.3006100857E+03   -0.2464677628E-03
    0.3007203170E+03   -0.2465035553E-03
    0.3008305484E+03   -0.2464969990E-03
    0.3009407797E+03   -0.2464483875E-03
    0.3010510110E+03   -0.2463580199E-03
    0.3011612423E+03   -0.2462262005E-03
    0.3012714736E+03   -0.2460532389E-03
    0.3013817050E+03   -0.2458394496E-03
    0.3014919363E+03   -0.2455851523E-03
    0.3016021676E+03   -0.2452906714E-03
    0.3017123989E+03   -0.2449563363E-03
    0.3018226303E+03   -0.2445824808E-03
    0.3019328616E+03   -0.2441694438E-03
    0.3020430929E+03   -0.2437175683E-03
    0.3021533242E+03   -0.2432272020E-03
    0.3022635555E+03   -0.2426986969E-03
    0.3023737869E+03   -0.2421324091E-03
    0.3024840182E+03   -0.2415286992E-03
    0.3025942495E+03   -0.2408879316E-03
    0.3027044808E+03   -0.2402104747E-03
    0.3028147121E+03   -0.2394967008E-03
    0.3029249435E+03   -0.2387469863E-03
    0.3030351748E+03   -0.2379617108E-03
    0.3031454061E+03   -0.2371412579E-03
    0.3032556374E+03   -0.2362860145E-03
    0.3033658687E+03   -0.2353963710E-03
    0.3034761001E+03   -0.2344727212E-03
    0.3035863314E+03   -0.2335154621E-03
    0.3036965627E+03   -0.2325249937E-03
    0.3038067940E+03   -0.2315017193E-03
    0.3039170254E+03   -0.2304460450E-03
    0.3040272567E+03   -0.2293583798E-03
    0.3041374880E+03   -0.2282391355E-03
    0.3042477193E+03   -0.2270887265E-03
    0.3043579506E+03   -0.2259075700E-03
    0.3044681820E+03   -0.2246960855E-03
    0.3045784133E+03   -0.2234546949E-03
    0.3046886446E+03   -0.2221838226E-03
    0.3047988759E+03   -0.2208838950E-03
    0.3049091072E+03   -0.2195553409E-03
    0.3050193386E+03   -0.2181985908E-03
    0.3051295699E+03   -0.2168140776E-03
    0.3052398012E+03   -0.2154022356E-03
    0.3053500325E+03   -0.2139635011E-03
    0.3054602639E+03   -0.2124983122E-03
    0.3055704952E+03   -0.2110071084E-03
    0.3056807265E+03   -0.2094903307E-03
    0.3057909578E+03   -0.2079484216E-03
    0.3059011891E+03   -0.2063818250E-03
    0.3060114205E+03   -0.2047909859E-03
    0.3061216518E+03   -0.2031763504E-03
    0.3062318831E+03   -0.2015383658E-03
    0.3063421144E+03   -0.1998774805E-03
    0.3064523457E+03   -0.1981941434E-03
    0.3065625771E+03   -0.1964888046E-03
    0.3066728084E+03   -0.1947619147E-03
    0.3067830397E+03   -0.1930139250E-03
    0.3068932710E+03   -0.1912452873E-03
    0.3070035023E+03   -0.1894564539E-03
    0.3071137337E+03   -0.1876478775E-03
    0.3072239650E+03   -0.1858200111E-03
    0.3073341963E+03   -0.1839733079E-03
    0.3074444276E+03   -0.1821082212E-03
    0.3075546590E+03   -0.1802252045E-03
    0.3076648903E+03   -0.1783247110E-03
    0.3077751216E+03   -0.1764071940E-03
    0.3078853529E+03   -0.1744731066E-03
    0.3079955842E+03   -0.1725229015E-03
    0.3081058156E+03   -0.1705570312E-03
    0.3082160469E+03   -0.1685759478E-03
    0.3083262782E+03   -0.1665801026E-03
    0.3084365095E+03   -0.1645699468E-03
    0.3085467408E+03   -0.1625459304E-03
    0.3086569722E+03   -0.1605085032E-03
    0.3087672035E+03   -0.1584581138E-03
    0.3088774348E+03   -0.1563952101E-03
    0.3089876661E+03   -0.1543202390E-03
    0.3090978975E+03   -0.1522336464E-03
    0.3092081288E+03   -0.1501358771E-03
    0.3093183601E+03   -0.1480273746E-03
    0.3094285914E+03   -0.1459085815E-03
    0.3095388227E+03   -0.1437799386E-03
    0.3096490541E+03   -0.1416418857E-03
    0.3097592854E+03   -0.1394948610E-03
    0.3098695167E+03   -0.1373393013E-03
    0.3099797480E+03   -0.1351756417E-03
    0.3100899793E+03   -0.1330043156E-03
    0.3102002107E+03   -0.1308257548E-03
    0.3103104420E+03   -0.1286403893E-03
    0.3104206733E+03   -0.1264486473E-03
    0.3105309046E+03   -0.1242509549E-03
    0.3106411359E+03   -0.1220477365E-03
    0.3107513673E+03   -0.1198394142E-03
    0.3108615986E+03   -0.1176264082E-03
    0.3109718299E+03   -0.1154091365E-03
    0.3110820612E+03   -0.1131880149E-03
    0.3111922926E+03   -0.1109634567E-03
    0.3113025239E+03   -0.1087358733E-03
    0.3114127552E+03   -0.1065056734E-03
    0.3115229865E+03   -0.1042732633E-03
    0.3116332178E+03   -0.1020390469E-03
    0.3117434492E+03   -0.9980342547E-04
    0.3118536805E+03   -0.9756679771E-04
    0.3119639118E+03   -0.9532955965E-04
    0.3120741431E+03   -0.9309210461E-04
    0.3121843744E+03   -0.9085482316E-04
    0.3122946058E+03   -0.8861810304E-04
    0.3124048371E+03   -0.8638232917E-04
    0.3125150684E+03   -0.8414788351E-04
    0.3126252997E+03   -0.8191514511E-04
    0.3127355310E+03   -0.7968448999E-04
    0.3128457624E+03   -0.7745629114E-04
    0.3129559937E+03   -0.7523091844E-04
    0.3130662250E+03   -0.7300873865E-04
    0.3131764563E+03   -0.7079011534E-04
    0.3132866877E+03   -0.6857540887E-04
    0.3133969190E+03   -0.6636497632E-04
    0.3135071503E+03   -0.6415917148E-04
    0.3136173816E+03   -0.6195834478E-04
    0.3137276129E+03   -0.5976284329E-04
    0.3138378443E+03   -0.5757301065E-04
    0.3139480756E+03   -0.5538918703E-04
    0.3140583069E+03   -0.5321170913E-04
    0.3141685382E+03   -0.5104091010E-04
    0.3142787695E+03   -0.4887711954E-04
    0.3143890009E+03   -0.4672066345E-04
    0.3144992322E+03   -0.4457186421E-04
    0.3146094635E+03   -0.4243104052E-04
    0.3147196948E+03   -0.4029850741E-04
    0.3148299262E+03   -0.3817457617E-04
    0.3149401575E+03   -0.3605955436E-04
    0.3150503888E+03   -0.3395374574E-04
    0.3151606201E+03   -0.3185745028E-04
    0.3152708514E+03   -0.2977096412E-04
    0.3153810828E+03   -0.2769457952E-04
    0.3154913141E+03   -0.2562858489E-04
    0.3156015454E+03   -0.2357326471E-04
    0.3157117767E+03   -0.2152889954E-04
    0.3158220080E+03   -0.1949576600E-04
    0.3159322394E+03   -0.1747413670E-04
    0.3160424707E+03   -0.1546428032E-04
    0.3161527020E+03   -0.1346646146E-04
    0.3162629333E+03   -0.1148094075E-04
    0.3163731646E+03   -0.9507974730E-05
    0.3164833960E+03   -0.7547815899E-05
    0.3165936273E+03   -0.5600712667E-05
    0.3167038586E+03   -0.3666909349E-05
    0.3168140899E+03   -0.1746646151E-05
    0.3169243213E+03    0.1598408429E-06
    0.3170345526E+03    0.2052319687E-05
    0.3171447839E+03    0.3930562582E-05
    0.3172550152E+03    0.5794345886E-05
    0.3173652465E+03    0.7643450127E-05
    0.3174754779E+03    0.9477660010E-05
    0.3175857092E+03    0.1129676443E-04
    0.3176959405E+03    0.1310055646E-04
    0.3178061718E+03    0.1488883340E-04
    0.3179164031E+03    0.1666139673E-04
    0.3180266345E+03    0.1841805217E-04
    0.3181368658E+03    0.2015860963E-04
    0.3182470971E+03    0.2188288325E-04
    0.3183573284E+03    0.2359069139E-04
    0.3184675598E+03    0.2528185665E-04
    0.3185777911E+03    0.2695620582E-04
    0.3186880224E+03    0.2861356997E-04
    0.3187982537E+03    0.3025378434E-04
    0.3189084850E+03    0.3187668843E-04
    0.3190187164E+03    0.3348212596E-04
    0.3191289477E+03    0.3506994485E-04
    0.3192391790E+03    0.3663999727E-04
    0.3193494103E+03    0.3819213957E-04
    0.3194596416E+03    0.3972623233E-04
    0.3195698730E+03    0.4124214032E-04
    0.3196801043E+03    0.4273973252E-04
    0.3197903356E+03    0.4421888209E-04
    0.3199005669E+03    0.4567946638E-04
    0.3200107982E+03    0.4712136690E-04
    0.3201210296E+03    0.4854446934E-04
    0.3202312609E+03    0.4994866354E-04
    0.3203414922E+03    0.5133384348E-04
    0.3204517235E+03    0.5269990727E-04
    0.3205619549E+03    0.5404675716E-04
    0.3206721862E+03    0.5537429949E-04
    0.3207824175E+03    0.5668244472E-04
    0.3208926488E+03    0.5797110735E-04
    0.3210028801E+03    0.5924020600E-04
    0.3211131115E+03    0.6048966330E-04
    0.3212233428E+03    0.6171940594E-04
    0.3213335741E+03    0.6292936463E-04
    0.3214438054E+03    0.6411947408E-04
    0.3215540367E+03    0.6528967300E-04
    0.3216642681E+03    0.6643990403E-04
    0.3217744994E+03    0.6757011381E-04
    0.3218847307E+03    0.6868025289E-04
    0.3219949620E+03    0.6977027571E-04
    0.3221051933E+03    0.7084014064E-04
    0.3222154247E+03    0.7188980989E-04
    0.3223256560E+03    0.7291924953E-04
    0.3224358873E+03    0.7392842946E-04
    0.3225461186E+03    0.7491732338E-04
    0.3226563500E+03    0.7588590877E-04
    0.3227665813E+03    0.7683416687E-04
    0.3228768126E+03    0.7776208265E-04
    0.3229870439E+03    0.7866964479E-04
    0.3230972752E+03    0.7955684565E-04
    0.3232075066E+03    0.8042368126E-04
    0.3233177379E+03    0.8127015127E-04
    0.3234279692E+03    0.8209625894E-04
    0.3235382005E+03    0.8290201111E-04
    0.3236484318E+03    0.8368741816E-04
    0.3237586632E+03    0.8445249402E-04
    0.3238688945E+03    0.8519725608E-04
    0.3239791258E+03    0.8592172521E-04
    0.3240893571E+03    0.8662592574E-04
    0.3241995885E+03    0.8730988537E-04
    0.3243098198E+03    0.8797363521E-04
    0.3244200511E+03    0.8861720969E-04
    0.3245302824E+03    0.8924064658E-04
    0.3246405137E+03    0.8984398691E-04
    0.3247507451E+03    0.9042727498E-04
    0.3248609764E+03    0.9099055832E-04
    0.3249712077E+03    0.9153388764E-04
    0.3250814390E+03    0.9205731679E-04
    0.3251916703E+03    0.9256090277E-04
    0.3253019017E+03    0.9304470566E-04
    0.3254121330E+03    0.9350878860E-04
    0.3255223643E+03    0.9395321775E-04
    0.3256325956E+03    0.9437806227E-04
    0.3257428269E+03    0.9478339426E-04
    0.3258530583E+03    0.9516928875E-04
    0.3259632896E+03    0.9553582366E-04
    0.3260735209E+03    0.9588307973E-04
    0.3261837522E+03    0.9621114057E-04
    0.3262939836E+03    0.9652009251E-04
    0.3264042149E+03    0.9681002466E-04
    0.3265144462E+03    0.9708102883E-04
    0.3266246775E+03    0.9733319950E-04
    0.3267349088E+03    0.9756663376E-04
    0.3268451402E+03    0.9778143134E-04
    0.3269553715E+03    0.9797769449E-04
    0.3270656028E+03    0.9815552800E-04
    0.3271758341E+03    0.9831503915E-04
    0.3272860654E+03    0.9845633766E-04
    0.3273962968E+03    0.9857953565E-04
    0.3275065281E+03    0.9868474763E-04
    0.3276167594E+03    0.9877209043E-04
    0.3277269907E+03    0.9884168319E-04
    0.3278372221E+03    0.9889364727E-04
    0.3279474534E+03    0.9892810630E-04
    0.3280576847E+03    0.9894518604E-04
    0.3281679160E+03    0.9894501443E-04
    0.3282781473E+03    0.9892772150E-04
    0.3283883787E+03    0.9889343932E-04
    0.3284986100E+03    0.9884230201E-04
    0.3286088413E+03    0.9877444567E-04
    0.3287190726E+03    0.9869000834E-04
    0.3288293039E+03    0.9858912997E-04
    0.3289395353E+03    0.9847195237E-04
    0.3290497666E+03    0.9833861919E-04
    0.3291599979E+03    0.9818927586E-04
    0.3292702292E+03    0.9802406956E-04
    0.3293804605E+03    0.9784314918E-04
    0.3294906919E+03    0.9764666527E-04
    0.3296009232E+03    0.9743477004E-04
    0.3297111545E+03    0.9720761724E-04
    0.3298213858E+03    0.9696536223E-04
    0.3299316172E+03    0.9670816184E-04
    0.3300418485E+03    0.9643617439E-04
    0.3301520798E+03    0.9614955963E-04
    0.3302623111E+03    0.9584847870E-04
    0.3303725424E+03    0.9553309410E-04
    0.3304827738E+03    0.9520356964E-04
    0.3305930051E+03    0.9486007041E-04
    0.3307032364E+03    0.9450276273E-04
    0.3308134677E+03    0.9413181413E-04
    0.3309236990E+03    0.9374739328E-04
    0.3310339304E+03    0.9334966998E-04
    0.3311441617E+03    0.9293881512E-04
    0.3312543930E+03    0.9251500061E-04
    0.3313646243E+03    0.9207839939E-04
    0.3314748557E+03    0.9162918533E-04
    0.3315850870E+03    0.9116753325E-04
    0.3316953183E+03    0.9069361885E-04
    0.3318055496E+03    0.9020761869E-04
    0.3319157809E+03    0.8970971013E-04
    0.3320260123E+03    0.8920007130E-04
    0.3321362436E+03    0.8867888107E-04
    0.3322464749E+03    0.8814631902E-04
    0.3323567062E+03    0.8760256537E-04
    0.3324669375E+03    0.8704780097E-04
    0.3325771689E+03    0.8648220725E-04
    0.3326874002E+03    0.8590596622E-04
    0.3327976315E+03    0.8531926035E-04
    0.3329078628E+03    0.8472227263E-04
    0.3330180941E+03    0.8411518646E-04
    0.3331283255E+03    0.8349818566E-04
    0.3332385568E+03    0.8287145440E-04
    0.3333487881E+03    0.8223517721E-04
    0.3334590194E+03    0.8158953887E-04
    0.3335692508E+03    0.8093472445E-04
    0.3336794821E+03    0.8027091925E-04
    0.3337897134E+03    0.7959830873E-04
    0.3338999447E+03    0.7891707852E-04
    0.3340101760E+03    0.7822741438E-04
    0.3341204074E+03    0.7752950214E-04
    0.3342306387E+03    0.7682352769E-04
    0.3343408700E+03    0.7610967692E-04
    0.3344511013E+03    0.7538813574E-04
    0.3345613326E+03    0.7465908996E-04
    0.3346715640E+03    0.7392272535E-04
    0.3347817953E+03    0.7317922755E-04
    0.3348920266E+03    0.7242878204E-04
    0.3350022579E+03    0.7167157415E-04
    0.3351124892E+03    0.7090778896E-04
    0.3352227206E+03    0.7013761133E-04
    0.3353329519E+03    0.6936122584E-04
    0.3354431832E+03    0.6857881677E-04
    0.3355534145E+03    0.6779056804E-04
    0.3356636459E+03    0.6699666324E-04
    0.3357738772E+03    0.6619728551E-04
    0.3358841085E+03    0.6539261761E-04
    0.3359943398E+03    0.6458284183E-04
    0.3361045711E+03    0.6376813994E-04
    0.3362148025E+03    0.6294869325E-04
    0.3363250338E+03    0.6212468247E-04
    0.3364352651E+03    0.6129628778E-04
    0.3365454964E+03    0.6046368873E-04
    0.3366557277E+03    0.5962706425E-04
    0.3367659591E+03    0.5878659263E-04
    0.3368761904E+03    0.5794245144E-04
    0.3369864217E+03    0.5709481758E-04
    0.3370966530E+03    0.5624386718E-04
    0.3372068844E+03    0.5538977563E-04
    0.3373171157E+03    0.5453271752E-04
    0.3374273470E+03    0.5367286663E-04
    0.3375375783E+03    0.5281039589E-04
    0.3376478096E+03    0.5194547738E-04
    0.3377580410E+03    0.5107828229E-04
    0.3378682723E+03    0.5020898089E-04
    0.3379785036E+03    0.4933774252E-04
    0.3380887349E+03    0.4846473556E-04
    0.3381989662E+03    0.4759012739E-04
    0.3383091976E+03    0.4671408442E-04
    0.3384194289E+03    0.4583677200E-04
    0.3385296602E+03    0.4495835445E-04
    0.3386398915E+03    0.4407899501E-04
    0.3387501228E+03    0.4319885583E-04
    0.3388603542E+03    0.4231809795E-04
    0.3389705855E+03    0.4143688126E-04
    0.3390808168E+03    0.4055536453E-04
    0.3391910481E+03    0.3967370532E-04
    0.3393012795E+03    0.3879206002E-04
    0.3394115108E+03    0.3791058380E-04
    0.3395217421E+03    0.3702943061E-04
    0.3396319734E+03    0.3614875312E-04
    0.3397422047E+03    0.3526870277E-04
    0.3398524361E+03    0.3438942970E-04
    0.3399626674E+03    0.3351108275E-04
    0.3400728987E+03    0.3263380943E-04
    0.3401831300E+03    0.3175775593E-04
    0.3402933613E+03    0.3088306709E-04
    0.3404035927E+03    0.3000988637E-04
    0.3405138240E+03    0.2913835586E-04
    0.3406240553E+03    0.2826861624E-04
    0.3407342866E+03    0.2740080680E-04
    0.3408445180E+03    0.2653506538E-04
    0.3409547493E+03    0.2567152840E-04
    0.3410649806E+03    0.2481033080E-04
    0.3411752119E+03    0.2395160609E-04
    0.3412854432E+03    0.2309548628E-04
    0.3413956746E+03    0.2224210188E-04
    0.3415059059E+03    0.2139158191E-04
    0.3416161372E+03    0.2054405387E-04
    0.3417263685E+03    0.1969964373E-04
    0.3418365998E+03    0.1885847594E-04
    0.3419468312E+03    0.1802067338E-04
    0.3420570625E+03    0.1718635738E-04
    0.3421672938E+03    0.1635564771E-04
    0.3422775251E+03    0.1552866254E-04
    0.3423877564E+03    0.1470551848E-04
    0.3424979878E+03    0.1388633052E-04
    0.3426082191E+03    0.1307121207E-04
    0.3427184504E+03    0.1226027491E-04
    0.3428286817E+03    0.1145362921E-04
    0.3429389131E+03    0.1065138350E-04
    0.3430491444E+03    0.9853644699E-05
    0.3431593757E+03    0.9060518063E-05
    0.3432696070E+03    0.8272107211E-05
    0.3433798383E+03    0.7488514109E-05
    0.3434900697E+03    0.6709839064E-05
    0.3436003010E+03    0.5936180717E-05
    0.3437105323E+03    0.5167636045E-05
    0.3438207636E+03    0.4404300347E-05
    0.3439309949E+03    0.3646267249E-05
    0.3440412263E+03    0.2893628693E-05
    0.3441514576E+03    0.2146474937E-05
    0.3442616889E+03    0.1404894553E-05
    0.3443719202E+03    0.6689744206E-06
    0.3444821515E+03   -0.6120027422E-07
    0.3445923829E+03   -0.7855460399E-06
    0.3447026142E+03   -0.1503981082E-05
    0.3448128455E+03   -0.2216425307E-05
    0.3449230768E+03   -0.2922800317E-05
    0.3450333082E+03   -0.3623029421E-05
    0.3451435395E+03   -0.4317037623E-05
    0.3452537708E+03   -0.5004751635E-05
    0.3453640021E+03   -0.5686099867E-05
    0.3454742334E+03   -0.6361012430E-05
    0.3455844648E+03   -0.7029421139E-05
    0.3456946961E+03   -0.7691259506E-05
    0.3458049274E+03   -0.8346462742E-05
    0.3459151587E+03   -0.8994967755E-05
    0.3460253900E+03   -0.9636713149E-05
    0.3461356214E+03   -0.1027163922E-04
    0.3462458527E+03   -0.1089968795E-04
    0.3463560840E+03   -0.1152080302E-04
    0.3464663153E+03   -0.1213492979E-04
    0.3465765467E+03   -0.1274201529E-04
    0.3466867780E+03   -0.1334200825E-04
    0.3467970093E+03   -0.1393485905E-04
    0.3469072406E+03   -0.1452051976E-04
    0.3470174719E+03   -0.1509894410E-04
    0.3471277033E+03   -0.1567008746E-04
    0.3472379346E+03   -0.1623390689E-04
    0.3473481659E+03   -0.1679036106E-04
    0.3474583972E+03   -0.1733941033E-04
    0.3475686285E+03   -0.1788101667E-04
    0.3476788599E+03   -0.1841514369E-04
    0.3477890912E+03   -0.1894175661E-04
    0.3478993225E+03   -0.1946082231E-04
    0.3480095538E+03   -0.1997230926E-04
    0.3481197851E+03   -0.2047618751E-04
    0.3482300165E+03   -0.2097242876E-04
    0.3483402478E+03   -0.2146100627E-04
    0.3484504791E+03   -0.2194189490E-04
    0.3485607104E+03   -0.2241507106E-04
    0.3486709418E+03   -0.2288051275E-04
    0.3487811731E+03   -0.2333819954E-04
    0.3488914044E+03   -0.2378811252E-04
    0.3490016357E+03   -0.2423023435E-04
    0.3491118670E+03   -0.2466454920E-04
    0.3492220984E+03   -0.2509104279E-04
    0.3493323297E+03   -0.2550970232E-04
    0.3494425610E+03   -0.2592051653E-04
    0.3495527923E+03   -0.2632347563E-04
    0.3496630236E+03   -0.2671857133E-04
    0.3497732550E+03   -0.2710579681E-04
    0.3498834863E+03   -0.2748514671E-04
    0.3499937176E+03   -0.2785661712E-04
    0.3501039489E+03   -0.2822020559E-04
    0.3502141803E+03   -0.2857591108E-04
    0.3503244116E+03   -0.2892373399E-04
    0.3504346429E+03   -0.2926367611E-04
    0.3505448742E+03   -0.2959574065E-04
    0.3506551055E+03   -0.2991993219E-04
    0.3507653369E+03   -0.3023625669E-04
    0.3508755682E+03   -0.3054472146E-04
    0.3509857995E+03   -0.3084533518E-04
    0.3510960308E+03   -0.3113810786E-04
    0.3512062621E+03   -0.3142305083E-04
    0.3513164935E+03   -0.3170017674E-04
    0.3514267248E+03   -0.3196949953E-04
    0.3515369561E+03   -0.3223103444E-04
    0.3516471874E+03   -0.3248479797E-04
    0.3517574187E+03   -0.3273080790E-04
    0.3518676501E+03   -0.3296908324E-04
    0.3519778814E+03   -0.3319964424E-04
    0.3520881127E+03   -0.3342251237E-04
    0.3521983440E+03   -0.3363771031E-04
    0.3523085754E+03   -0.3384526194E-04
    0.3524188067E+03   -0.3404519230E-04
    0.3525290380E+03   -0.3423752762E-04
    0.3526392693E+03   -0.3442229526E-04
    0.3527495006E+03   -0.3459952374E-04
    0.3528597320E+03   -0.3476924267E-04
    0.3529699633E+03   -0.3493148280E-04
    0.3530801946E+03   -0.3508627597E-04
    0.3531904259E+03   -0.3523365508E-04
    0.3533006572E+03   -0.3537365411E-04
    0.3534108886E+03   -0.3550630810E-04
    0.3535211199E+03   -0.3563165310E-04
    0.3536313512E+03   -0.3574972621E-04
    0.3537415825E+03   -0.3586056552E-04
    0.3538518138E+03   -0.3596421011E-04
    0.3539620452E+03   -0.3606070003E-04
    0.3540722765E+03   -0.3615007631E-04
    0.3541825078E+03   -0.3623238092E-04
    0.3542927391E+03   -0.3630765675E-04
    0.3544029705E+03   -0.3637594761E-04
    0.3545132018E+03   -0.3643729822E-04
    0.3546234331E+03   -0.3649175418E-04
    0.3547336644E+03   -0.3653936194E-04
    0.3548438957E+03   -0.3658016883E-04
    0.3549541271E+03   -0.3661422302E-04
    0.3550643584E+03   -0.3664157347E-04
    0.3551745897E+03   -0.3666226998E-04
    0.3552848210E+03   -0.3667636314E-04
    0.3553950523E+03   -0.3668390429E-04
    0.3555052837E+03   -0.3668494556E-04
    0.3556155150E+03   -0.3667953982E-04
    0.3557257463E+03   -0.3666774065E-04
    0.3558359776E+03   -0.3664960236E-04
    0.3559462090E+03   -0.3662517996E-04
    0.3560564403E+03   -0.3659452914E-04
    0.3561666716E+03   -0.3655770625E-04
    0.3562769029E+03   -0.3651476830E-04
    0.3563871342E+03   -0.3646577293E-04
    0.3564973656E+03   -0.3641077842E-04
    0.3566075969E+03   -0.3634984361E-04
    0.3567178282E+03   -0.3628302798E-04
    0.3568280595E+03   -0.3621039156E-04
    0.3569382908E+03   -0.3613199493E-04
    0.3570485222E+03   -0.3604789922E-04
    0.3571587535E+03   -0.3595816609E-04
    0.3572689848E+03   -0.3586285772E-04
    0.3573792161E+03   -0.3576203677E-04
    0.3574894474E+03   -0.3565576638E-04
    0.3575996788E+03   -0.3554411017E-04
    0.3577099101E+03   -0.3542713220E-04
    0.3578201414E+03   -0.3530489697E-04
    0.3579303727E+03   -0.3517746939E-04
    0.3580406041E+03   -0.3504491478E-04
    0.3581508354E+03   -0.3490729886E-04
    0.3582610667E+03   -0.3476468770E-04
    0.3583712980E+03   -0.3461714775E-04
    0.3584815293E+03   -0.3446474579E-04
    0.3585917607E+03   -0.3430754894E-04
    0.3587019920E+03   -0.3414562463E-04
    0.3588122233E+03   -0.3397904059E-04
    0.3589224546E+03   -0.3380786482E-04
    0.3590326859E+03   -0.3363216562E-04
    0.3591429173E+03   -0.3345201151E-04
    0.3592531486E+03   -0.3326747128E-04
    0.3593633799E+03   -0.3307861394E-04
    0.3594736112E+03   -0.3288550869E-04
    0.3595838426E+03   -0.3268822495E-04
    0.3596940739E+03   -0.3248683233E-04
    0.3598043052E+03   -0.3228140058E-04
    0.3599145365E+03   -0.3207199962E-04
    0.3600247678E+03   -0.3185869952E-04
    0.3601349992E+03   -0.3164157047E-04
    0.3602452305E+03   -0.3142068277E-04
    0.3603554618E+03   -0.3119610681E-04
    0.3604656931E+03   -0.3096791310E-04
    0.3605759244E+03   -0.3073617218E-04
    0.3606861558E+03   -0.3050095468E-04
    0.3607963871E+03   -0.3026233125E-04
    0.3609066184E+03   -0.3002037261E-04
    0.3610168497E+03   -0.2977514945E-04
    0.3611270810E+03   -0.2952673251E-04
    0.3612373124E+03   -0.2927519250E-04
    0.3613475437E+03   -0.2902060011E-04
    0.3614577750E+03   -0.2876302601E-04
    0.3615680063E+03   -0.2850254081E-04
    0.3616782377E+03   -0.2823921508E-04
    0.3617884690E+03   -0.2797311931E-04
    0.3618987003E+03   -0.2770432390E-04
    0.3620089316E+03   -0.2743289917E-04
    0.3621191629E+03   -0.2715891532E-04
    0.3622293943E+03   -0.2688244245E-04
    0.3623396256E+03   -0.2660355052E-04
    0.3624498569E+03   -0.2632230934E-04
    0.3625600882E+03   -0.2603878858E-04
    0.3626703195E+03   -0.2575305773E-04
    0.3627805509E+03   -0.2546518613E-04
    0.3628907822E+03   -0.2517524290E-04
    0.3630010135E+03   -0.2488329699E-04
    0.3631112448E+03   -0.2458941712E-04
    0.3632214761E+03   -0.2429367180E-04
    0.3633317075E+03   -0.2399612931E-04
    0.3634419388E+03   -0.2369685769E-04
    0.3635521701E+03   -0.2339592472E-04
    0.3636624014E+03   -0.2309339793E-04
    0.3637726328E+03   -0.2278934456E-04
    0.3638828641E+03   -0.2248383158E-04
    0.3639930954E+03   -0.2217692566E-04
    0.3641033267E+03   -0.2186869319E-04
    0.3642135580E+03   -0.2155920023E-04
    0.3643237894E+03   -0.2124851251E-04
    0.3644340207E+03   -0.2093669545E-04
    0.3645442520E+03   -0.2062381412E-04
    0.3646544833E+03   -0.2030993324E-04
    0.3647647146E+03   -0.1999511717E-04
    0.3648749460E+03   -0.1967942993E-04
    0.3649851773E+03   -0.1936293512E-04
    0.3650954086E+03   -0.1904569600E-04
    0.3652056399E+03   -0.1872777541E-04
    0.3653158713E+03   -0.1840923579E-04
    0.3654261026E+03   -0.1809013919E-04
    0.3655363339E+03   -0.1777054724E-04
    0.3656465652E+03   -0.1745052113E-04
    0.3657567965E+03   -0.1713012163E-04
    0.3658670279E+03   -0.1680940908E-04
    0.3659772592E+03   -0.1648844334E-04
    0.3660874905E+03   -0.1616728386E-04
    0.3661977218E+03   -0.1584598960E-04
    0.3663079531E+03   -0.1552461906E-04
    0.3664181845E+03   -0.1520323027E-04
    0.3665284158E+03   -0.1488188077E-04
    0.3666386471E+03   -0.1456062761E-04
    0.3667488784E+03   -0.1423952737E-04
    0.3668591097E+03   -0.1391863609E-04
    0.3669693411E+03   -0.1359800934E-04
    0.3670795724E+03   -0.1327770216E-04
    0.3671898037E+03   -0.1295776908E-04
    0.3673000350E+03   -0.1263826409E-04
    0.3674102664E+03   -0.1231924067E-04
    0.3675204977E+03   -0.1200075175E-04
    0.3676307290E+03   -0.1168284972E-04
    0.3677409603E+03   -0.1136558645E-04
    0.3678511916E+03   -0.1104901323E-04
    0.3679614230E+03   -0.1073318081E-04
    0.3680716543E+03   -0.1041813938E-04
    0.3681818856E+03   -0.1010393855E-04
    0.3682921169E+03   -0.9790627389E-05
    0.3684023482E+03   -0.9478254371E-05
    0.3685125796E+03   -0.9166867403E-05
    0.3686228109E+03   -0.8856513811E-05
    0.3687330422E+03   -0.8547240334E-05
    0.3688432735E+03   -0.8239093125E-05
    0.3689535049E+03   -0.7932117744E-05
    0.3690637362E+03   -0.7626359157E-05
    0.3691739675E+03   -0.7321861731E-05
    0.3692841988E+03   -0.7018669232E-05
    0.3693944301E+03   -0.6716824820E-05
    0.3695046615E+03   -0.6416371051E-05
    0.3696148928E+03   -0.6117349868E-05
    0.3697251241E+03   -0.5819802603E-05
    0.3698353554E+03   -0.5523769973E-05
    0.3699455867E+03   -0.5229292077E-05
    0.3700558181E+03   -0.4936408396E-05
    0.3701660494E+03   -0.4645157788E-05
    0.3702762807E+03   -0.4355578488E-05
    0.3703865120E+03   -0.4067708107E-05
    0.3704967433E+03   -0.3781583628E-05
    0.3706069747E+03   -0.3497241406E-05
    0.3707172060E+03   -0.3214717167E-05
    0.3708274373E+03   -0.2934046005E-05
    0.3709376686E+03   -0.2655262382E-05
    0.3710479000E+03   -0.2378400129E-05
    0.3711581313E+03   -0.2103492441E-05
    0.3712683626E+03   -0.1830571879E-05
    0.3713785939E+03   -0.1559670368E-05
    0.3714888252E+03   -0.1290819198E-05
    0.3715990566E+03   -0.1024049022E-05
    0.3717092879E+03   -0.7593898581E-06
    0.3718195192E+03   -0.4968710864E-06
    0.3719297505E+03   -0.2365214508E-06
    0.3720399818E+03    0.2163094118E-07
    0.3721502132E+03    0.2775586186E-06
    0.3722604445E+03    0.5312347465E-06
    0.3723706758E+03    0.7826331251E-06
    0.3724809071E+03    0.1031728190E-05
    0.3725911384E+03    0.1278495011E-05
    0.3727013698E+03    0.1522909291E-05
    0.3728116011E+03    0.1764947366E-05
    0.3729218324E+03    0.2004586205E-05
    0.3730320637E+03    0.2241803404E-05
    0.3731422951E+03    0.2476577191E-05
    0.3732525264E+03    0.2708886422E-05
    0.3733627577E+03    0.2938710578E-05
    0.3734729890E+03    0.3166029767E-05
    0.3735832203E+03    0.3390824719E-05
    0.3736934517E+03    0.3613076786E-05
    0.3738036830E+03    0.3832767939E-05
    0.3739139143E+03    0.4049880768E-05
    0.3740241456E+03    0.4264398479E-05
    0.3741343769E+03    0.4476304891E-05
    0.3742446083E+03    0.4685584434E-05
    0.3743548396E+03    0.4892222148E-05
    0.3744650709E+03    0.5096203680E-05
    0.3745753022E+03    0.5297515279E-05
    0.3746855336E+03    0.5496143799E-05
    0.3747957649E+03    0.5692076691E-05
    0.3749059962E+03    0.5885302001E-05
    0.3750162275E+03    0.6075808371E-05
    0.3751264588E+03    0.6263585031E-05
    0.3752366902E+03    0.6448621800E-05
    0.3753469215E+03    0.6630909079E-05
    0.3754571528E+03    0.6810437852E-05
    0.3755673841E+03    0.6987199680E-05
    0.3756776154E+03    0.7161186699E-05
    0.3757878468E+03    0.7332391613E-05
    0.3758980781E+03    0.7500807698E-05
    0.3760083094E+03    0.7666428789E-05
    0.3761185407E+03    0.7829249285E-05
    0.3762287720E+03    0.7989264139E-05
    0.3763390034E+03    0.8146468858E-05
    0.3764492347E+03    0.8300859495E-05
    0.3765594660E+03    0.8452432651E-05
    0.3766696973E+03    0.8601185466E-05
    0.3767799287E+03    0.8747115618E-05
    0.3768901600E+03    0.8890221314E-05
    0.3770003913E+03    0.9030501293E-05
    0.3771106226E+03    0.9167954817E-05
    0.3772208539E+03    0.9302581666E-05
    0.3773310853E+03    0.9434382138E-05
    0.3774413166E+03    0.9563357038E-05
    0.3775515479E+03    0.9689507682E-05
    0.3776617792E+03    0.9812835883E-05
    0.3777720105E+03    0.9933343954E-05
    0.3778822419E+03    0.1005103470E-04
    0.3779924732E+03    0.1016591141E-04
    0.3781027045E+03    0.1027797787E-04
    0.3782129358E+03    0.1038723832E-04
    0.3783231672E+03    0.1049369749E-04
    0.3784333985E+03    0.1059736058E-04
    0.3785436298E+03    0.1069823324E-04
    0.3786538611E+03    0.1079632160E-04
    0.3787640924E+03    0.1089163221E-04
    0.3788743238E+03    0.1098417211E-04
    0.3789845551E+03    0.1107394874E-04
    0.3790947864E+03    0.1116097001E-04
    0.3792050177E+03    0.1124524425E-04
    0.3793152490E+03    0.1132678022E-04
    0.3794254804E+03    0.1140558710E-04
    0.3795357117E+03    0.1148167448E-04
    0.3796459430E+03    0.1155505238E-04
    0.3797561743E+03    0.1162573121E-04
    0.3798664056E+03    0.1169372179E-04
    0.3799766370E+03    0.1175903532E-04
    0.3800868683E+03    0.1182168341E-04
    0.3801970996E+03    0.1188167805E-04
    0.3803073309E+03    0.1193903159E-04
    0.3804175623E+03    0.1199375678E-04
    0.3805277936E+03    0.1204586671E-04
    0.3806380249E+03    0.1209537486E-04
    0.3807482562E+03    0.1214229506E-04
    0.3808584875E+03    0.1218664146E-04
    0.3809687189E+03    0.1222842861E-04
    0.3810789502E+03    0.1226767134E-04
    0.3811891815E+03    0.1230438486E-04
    0.3812994128E+03    0.1233858469E-04
    0.3814096441E+03    0.1237028668E-04
    0.3815198755E+03    0.1239950697E-04
    0.3816301068E+03    0.1242626205E-04
    0.3817403381E+03    0.1245056870E-04
    0.3818505694E+03    0.1247244399E-04
    0.3819608007E+03    0.1249190529E-04
    0.3820710321E+03    0.1250897026E-04
    0.3821812634E+03    0.1252365684E-04
    0.3822914947E+03    0.1253598326E-04
    0.3824017260E+03    0.1254596800E-04
    0.3825119574E+03    0.1255362983E-04
    0.3826221887E+03    0.1255898774E-04
    0.3827324200E+03    0.1256206102E-04
    0.3828426513E+03    0.1256286917E-04
    0.3829528826E+03    0.1256143197E-04
    0.3830631140E+03    0.1255776939E-04
    0.3831733453E+03    0.1255190168E-04
    0.3832835766E+03    0.1254384928E-04
    0.3833938079E+03    0.1253363286E-04
    0.3835040392E+03    0.1252127330E-04
    0.3836142706E+03    0.1250679170E-04
    0.3837245019E+03    0.1249020936E-04
    0.3838347332E+03    0.1247154776E-04
    0.3839449645E+03    0.1245082859E-04
    0.3840551959E+03    0.1242807371E-04
    0.3841654272E+03    0.1240330517E-04
    0.3842756585E+03    0.1237654519E-04
    0.3843858898E+03    0.1234781616E-04
    0.3844961211E+03    0.1231714064E-04
    0.3846063525E+03    0.1228454132E-04
    0.3847165838E+03    0.1225004108E-04
    0.3848268151E+03    0.1221366293E-04
    0.3849370464E+03    0.1217543000E-04
    0.3850472777E+03    0.1213536558E-04
    0.3851575091E+03    0.1209349308E-04
    0.3852677404E+03    0.1204983605E-04
    0.3853779717E+03    0.1200441813E-04
    0.3854882030E+03    0.1195726310E-04
    0.3855984343E+03    0.1190839483E-04
    0.3857086657E+03    0.1185783730E-04
    0.3858188970E+03    0.1180561459E-04
    0.3859291283E+03    0.1175175087E-04
    0.3860393596E+03    0.1169627040E-04
    0.3861495910E+03    0.1163919750E-04
    0.3862598223E+03    0.1158055660E-04
    0.3863700536E+03    0.1152037218E-04
    0.3864802849E+03    0.1145866879E-04
    0.3865905162E+03    0.1139547105E-04
    0.3867007476E+03    0.1133080361E-04
    0.3868109789E+03    0.1126469121E-04
    0.3869212102E+03    0.1119715860E-04
    0.3870314415E+03    0.1112823059E-04
    0.3871416728E+03    0.1105793203E-04
    0.3872519042E+03    0.1098628777E-04
    0.3873621355E+03    0.1091332273E-04
    0.3874723668E+03    0.1083906182E-04
    0.3875825981E+03    0.1076352998E-04
    0.3876928295E+03    0.1068675216E-04
    0.3878030608E+03    0.1060875331E-04
    0.3879132921E+03    0.1052955838E-04
    0.3880235234E+03    0.1044919235E-04
    0.3881337547E+03    0.1036768014E-04
    0.3882439861E+03    0.1028504671E-04
    0.3883542174E+03    0.1020131697E-04
    0.3884644487E+03    0.1011651583E-04
    0.3885746800E+03    0.1003066816E-04
    0.3886849113E+03    0.9943798801E-05
    0.3887951427E+03    0.9855932577E-05
    0.3889053740E+03    0.9767094262E-05
    0.3890156053E+03    0.9677308588E-05
    0.3891258366E+03    0.9586600245E-05
    0.3892360679E+03    0.9494993871E-05
    0.3893462993E+03    0.9402514047E-05
    0.3894565306E+03    0.9309185300E-05
    0.3895667619E+03    0.9215032091E-05
    0.3896769932E+03    0.9120078817E-05
    0.3897872246E+03    0.9024349802E-05
    0.3898974559E+03    0.8927869299E-05
    0.3900076872E+03    0.8830661478E-05
    0.3901179185E+03    0.8732750433E-05
    0.3902281498E+03    0.8634160169E-05
    0.3903383812E+03    0.8534914600E-05
    0.3904486125E+03    0.8435037552E-05
    0.3905588438E+03    0.8334552751E-05
    0.3906690751E+03    0.8233483823E-05
    0.3907793064E+03    0.8131854291E-05
    0.3908895378E+03    0.8029687573E-05
    0.3909997691E+03    0.7927006973E-05
    0.3911100004E+03    0.7823835685E-05
    0.3912202317E+03    0.7720196783E-05
    0.3913304631E+03    0.7616113222E-05
    0.3914406944E+03    0.7511607834E-05
    0.3915509257E+03    0.7406703324E-05
    0.3916611570E+03    0.7301422269E-05
    0.3917713883E+03    0.7195787110E-05
    0.3918816197E+03    0.7089820156E-05
    0.3919918510E+03    0.6983543575E-05
    0.3921020823E+03    0.6876979395E-05
    0.3922123136E+03    0.6770149499E-05
    0.3923225449E+03    0.6663075624E-05
    0.3924327763E+03    0.6555779356E-05
    0.3925430076E+03    0.6448282130E-05
    0.3926532389E+03    0.6340605225E-05
    0.3927634702E+03    0.6232769762E-05
    0.3928737015E+03    0.6124796705E-05
    0.3929839329E+03    0.6016706851E-05
    0.3930941642E+03    0.5908520836E-05
    0.3932043955E+03    0.5800259126E-05
    0.3933146268E+03    0.5691942020E-05
    0.3934248582E+03    0.5583589643E-05
    0.3935350895E+03    0.5475221947E-05
    0.3936453208E+03    0.5366858707E-05
    0.3937555521E+03    0.5258519521E-05
    0.3938657834E+03    0.5150223807E-05
    0.3939760148E+03    0.5041990799E-05
    0.3940862461E+03    0.4933839548E-05
    0.3941964774E+03    0.4825788919E-05
    0.3943067087E+03    0.4717857588E-05
    0.3944169400E+03    0.4610064043E-05
    0.3945271714E+03    0.4502426579E-05
    0.3946374027E+03    0.4394963298E-05
    0.3947476340E+03    0.4287692109E-05
    0.3948578653E+03    0.4180630722E-05
    0.3949680966E+03    0.4073796652E-05
    0.3950783280E+03    0.3967207213E-05
    0.3951885593E+03    0.3860879518E-05
    0.3952987906E+03    0.3754830479E-05
    0.3954090219E+03    0.3649076803E-05
    0.3955192533E+03    0.3543634994E-05
    0.3956294846E+03    0.3438521350E-05
    0.3957397159E+03    0.3333751960E-05
    0.3958499472E+03    0.3229342707E-05
    0.3959601785E+03    0.3125309262E-05
    0.3960704099E+03    0.3021667089E-05
    0.3961806412E+03    0.2918431438E-05
    0.3962908725E+03    0.2815617347E-05
    0.3964011038E+03    0.2713239643E-05
    0.3965113351E+03    0.2611312937E-05
    0.3966215665E+03    0.2509851625E-05
    0.3967317978E+03    0.2408869888E-05
    0.3968420291E+03    0.2308381692E-05
    0.3969522604E+03    0.2208400785E-05
    0.3970624918E+03    0.2108940697E-05
    0.3971727231E+03    0.2010014740E-05
    0.3972829544E+03    0.1911636010E-05
    0.3973931857E+03    0.1813817380E-05
    0.3975034170E+03    0.1716571507E-05
    0.3976136484E+03    0.1619910827E-05
    0.3977238797E+03    0.1523847554E-05
    0.3978341110E+03    0.1428393685E-05
    0.3979443423E+03    0.1333560994E-05
    0.3980545736E+03    0.1239361034E-05
    0.3981648050E+03    0.1145805140E-05
    0.3982750363E+03    0.1052904422E-05
    0.3983852676E+03    0.9606697711E-06
    0.3984954989E+03    0.8691118564E-06
    0.3986057302E+03    0.7782411263E-06
    0.3987159616E+03    0.6880678076E-06
    0.3988261929E+03    0.5986019064E-06
    0.3989364242E+03    0.5098532077E-06
    0.3990466555E+03    0.4218312758E-06
    0.3991568869E+03    0.3345454546E-06
    0.3992671182E+03    0.2480048676E-06
    0.3993773495E+03    0.1622184186E-06
    0.3994875808E+03    0.7719479141E-07
    0.3995978121E+03   -0.7057549067E-08
    0.3997080435E+03   -0.9053035694E-07
    0.3998182748E+03   -0.1732156047E-06
    0.3999285061E+03   -0.2551054826E-06
    0.4000387374E+03   -0.3361923985E-06
    0.4001489687E+03   -0.4164689768E-06
    0.4002592001E+03   -0.4959280584E-06
    0.4003694314E+03   -0.5745626997E-06
    0.4004796627E+03   -0.6523661719E-06
    0.4005898940E+03   -0.7293319607E-06
    0.4007001254E+03   -0.8054537651E-06
    0.4008103567E+03   -0.8807254968E-06
    0.4009205880E+03   -0.9551412797E-06
    0.4010308193E+03   -0.1028695449E-05
    0.4011410506E+03   -0.1101382548E-05
    0.4012512820E+03   -0.1173197334E-05
    0.4013615133E+03   -0.1244134768E-05
    0.4014717446E+03   -0.1314190020E-05
    0.4015819759E+03   -0.1383358469E-05
    0.4016922072E+03   -0.1451635695E-05
    0.4018024386E+03   -0.1519017485E-05
    0.4019126699E+03   -0.1585499831E-05
    0.4020229012E+03   -0.1651078923E-05
    0.4021331325E+03   -0.1715751156E-05
    0.4022433638E+03   -0.1779513122E-05
    0.4023535952E+03   -0.1842361614E-05
    0.4024638265E+03   -0.1904293622E-05
    0.4025740578E+03   -0.1965306330E-05
    0.4026842891E+03   -0.2025397122E-05
    0.4027945205E+03   -0.2084563570E-05
    0.4029047518E+03   -0.2142803443E-05
    0.4030149831E+03   -0.2200114698E-05
    0.4031252144E+03   -0.2256495484E-05
    0.4032354457E+03   -0.2311944137E-05
    0.4033456771E+03   -0.2366459180E-05
    0.4034559084E+03   -0.2420039322E-05
    0.4035661397E+03   -0.2472683456E-05
    0.4036763710E+03   -0.2524390657E-05
    0.4037866023E+03   -0.2575160182E-05
    0.4038968337E+03   -0.2624991467E-05
    0.4040070650E+03   -0.2673884126E-05
    0.4041172963E+03   -0.2721837949E-05
    0.4042275276E+03   -0.2768852902E-05
    0.4043377589E+03   -0.2814929124E-05
    0.4044479903E+03   -0.2860066925E-05
    0.4045582216E+03   -0.2904266786E-05
    0.4046684529E+03   -0.2947529355E-05
    0.4047786842E+03   -0.2989855448E-05
    0.4048889156E+03   -0.3031246047E-05
    0.4049991469E+03   -0.3071702294E-05
    0.4051093782E+03   -0.3111225496E-05
    0.4052196095E+03   -0.3149817119E-05
    0.4053298408E+03   -0.3187478786E-05
    0.4054400722E+03   -0.3224212277E-05
    0.4055503035E+03   -0.3260019529E-05
    0.4056605348E+03   -0.3294902628E-05
    0.4057707661E+03   -0.3328863814E-05
    0.4058809974E+03   -0.3361905475E-05
    0.4059912288E+03   -0.3394030147E-05
    0.4061014601E+03   -0.3425240511E-05
    0.4062116914E+03   -0.3455539392E-05
    0.4063219227E+03   -0.3484929758E-05
    0.4064321541E+03   -0.3513414717E-05
    0.4065423854E+03   -0.3540997512E-05
    0.4066526167E+03   -0.3567681528E-05
    0.4067628480E+03   -0.3593470279E-05
    0.4068730793E+03   -0.3618367416E-05
    0.4069833107E+03   -0.3642376717E-05
    0.4070935420E+03   -0.3665502091E-05
    0.4072037733E+03   -0.3687747573E-05
    0.4073140046E+03   -0.3709117324E-05
    0.4074242359E+03   -0.3729615627E-05
    0.4075344673E+03   -0.3749246886E-05
    0.4076446986E+03   -0.3768015625E-05
    0.4077549299E+03   -0.3785926483E-05
    0.4078651612E+03   -0.3802984218E-05
    0.4079753925E+03   -0.3819193699E-05
    0.4080856239E+03   -0.3834559904E-05
    0.4081958552E+03   -0.3849087926E-05
    0.4083060865E+03   -0.3862782961E-05
    0.4084163178E+03   -0.3875650311E-05
    0.4085265492E+03   -0.3887695383E-05
    0.4086367805E+03   -0.3898923685E-05
    0.4087470118E+03   -0.3909340825E-05
    0.4088572431E+03   -0.3918952506E-05
    0.4089674744E+03   -0.3927764530E-05
    0.4090777058E+03   -0.3935782791E-05
    0.4091879371E+03   -0.3943013275E-05
    0.4092981684E+03   -0.3949462057E-05
    0.4094083997E+03   -0.3955135301E-05
    0.4095186310E+03   -0.3960039256E-05
    0.4096288624E+03   -0.3964180255E-05
    0.4097390937E+03   -0.3967564713E-05
    0.4098493250E+03   -0.3970199125E-05
    0.4099595563E+03   -0.3972090063E-05
    0.4100697877E+03   -0.3973244176E-05
    0.4101800190E+03   -0.3973668188E-05
    0.4102902503E+03   -0.3973368892E-05
    0.4104004816E+03   -0.3972353155E-05
    0.4105107129E+03   -0.3970627909E-05
    0.4106209443E+03   -0.3968200154E-05
    0.4107311756E+03   -0.3965076955E-05
    0.4108414069E+03   -0.3961265437E-05
    0.4109516382E+03   -0.3956772788E-05
    0.4110618695E+03   -0.3951606254E-05
    0.4111721009E+03   -0.3945773137E-05
    0.4112823322E+03   -0.3939280795E-05
    0.4113925635E+03   -0.3932136637E-05
    0.4115027948E+03   -0.3924348126E-05
    0.4116130261E+03   -0.3915922771E-05
    0.4117232575E+03   -0.3906868132E-05
    0.4118334888E+03   -0.3897191811E-05
    0.4119437201E+03   -0.3886901456E-05
    0.4120539514E+03   -0.3876004755E-05
    0.4121641828E+03   -0.3864509439E-05
    0.4122744141E+03   -0.3852423273E-05
    0.4123846454E+03   -0.3839754062E-05
    0.4124948767E+03   -0.3826509643E-05
    0.4126051080E+03   -0.3812697888E-05
    0.4127153394E+03   -0.3798326699E-05
    0.4128255707E+03   -0.3783404006E-05
    0.4129358020E+03   -0.3767937768E-05
    0.4130460333E+03   -0.3751935970E-05
    0.4131562646E+03   -0.3735406621E-05
    0.4132664960E+03   -0.3718357750E-05
    0.4133767273E+03   -0.3700797409E-05
    0.4134869586E+03   -0.3682733668E-05
    0.4135971899E+03   -0.3664174614E-05
    0.4137074212E+03   -0.3645128351E-05
    0.4138176526E+03   -0.3625602994E-05
    0.4139278839E+03   -0.3605606673E-05
    0.4140381152E+03   -0.3585147527E-05
    0.4141483465E+03   -0.3564233704E-05
    0.4142585779E+03   -0.3542873360E-05
    0.4143688092E+03   -0.3521074657E-05
    0.4144790405E+03   -0.3498845759E-05
    0.4145892718E+03   -0.3476194835E-05
    0.4146995031E+03   -0.3453130054E-05
    0.4148097345E+03   -0.3429659586E-05
    0.4149199658E+03   -0.3405791595E-05
    0.4150301971E+03   -0.3381534246E-05
    0.4151404284E+03   -0.3356895697E-05
    0.4152506597E+03   -0.3331884098E-05
    0.4153608911E+03   -0.3306507594E-05
    0.4154711224E+03   -0.3280774319E-05
    0.4155813537E+03   -0.3254692396E-05
    0.4156915850E+03   -0.3228269935E-05
    0.4158018164E+03   -0.3201515034E-05
    0.4159120477E+03   -0.3174435776E-05
    0.4160222790E+03   -0.3147040225E-05
    0.4161325103E+03   -0.3119336430E-05
    0.4162427416E+03   -0.3091332420E-05
    0.4163529730E+03   -0.3063036202E-05
    0.4164632043E+03   -0.3034455764E-05
    0.4165734356E+03   -0.3005599068E-05
    0.4166836669E+03   -0.2976474054E-05
    0.4167938982E+03   -0.2947088635E-05
    0.4169041296E+03   -0.2917450698E-05
    0.4170143609E+03   -0.2887568101E-05
    0.4171245922E+03   -0.2857448674E-05
    0.4172348235E+03   -0.2827100215E-05
    0.4173450548E+03   -0.2796530491E-05
    0.4174552862E+03   -0.2765747237E-05
    0.4175655175E+03   -0.2734758153E-05
    0.4176757488E+03   -0.2703570905E-05
    0.4177859801E+03   -0.2672193121E-05
    0.4178962115E+03   -0.2640632393E-05
    0.4180064428E+03   -0.2608896276E-05
    0.4181166741E+03   -0.2576992282E-05
    0.4182269054E+03   -0.2544927886E-05
    0.4183371367E+03   -0.2512710519E-05
    0.4184473681E+03   -0.2480347573E-05
    0.4185575994E+03   -0.2447846393E-05
    0.4186678307E+03   -0.2415214280E-05
    0.4187780620E+03   -0.2382458493E-05
    0.4188882933E+03   -0.2349586240E-05
    0.4189985247E+03   -0.2316604686E-05
    0.4191087560E+03   -0.2283520945E-05
    0.4192189873E+03   -0.2250342083E-05
    0.4193292186E+03   -0.2217075117E-05
    0.4194394500E+03   -0.2183727012E-05
    0.4195496813E+03   -0.2150304682E-05
    0.4196599126E+03   -0.2116814989E-05
    0.4197701439E+03   -0.2083264741E-05
    0.4198803752E+03   -0.2049660694E-05
    0.4199906066E+03   -0.2016009548E-05
    0.4201008379E+03   -0.1982317946E-05
    0.4202110692E+03   -0.1948592479E-05
    0.4203213005E+03   -0.1914839677E-05
    0.4204315318E+03   -0.1881066016E-05
    0.4205417632E+03   -0.1847277911E-05
    0.4206519945E+03   -0.1813481720E-05
    0.4207622258E+03   -0.1779683740E-05
    0.4208724571E+03   -0.1745890211E-05
    0.4209826884E+03   -0.1712107308E-05
    0.4210929198E+03   -0.1678341149E-05
    0.4212031511E+03   -0.1644597786E-05
    0.4213133824E+03   -0.1610883213E-05
    0.4214236137E+03   -0.1577203359E-05
    0.4215338451E+03   -0.1543564087E-05
    0.4216440764E+03   -0.1509971202E-05
    0.4217543077E+03   -0.1476430439E-05
    0.4218645390E+03   -0.1442947471E-05
    0.4219747703E+03   -0.1409527906E-05
    0.4220850017E+03   -0.1376177285E-05
    0.4221952330E+03   -0.1342901083E-05
    0.4223054643E+03   -0.1309704709E-05
    0.4224156956E+03   -0.1276593506E-05
    0.4225259269E+03   -0.1243572747E-05
    0.4226361583E+03   -0.1210647639E-05
    0.4227463896E+03   -0.1177823322E-05
    0.4228566209E+03   -0.1145104867E-05
    0.4229668522E+03   -0.1112497275E-05
    0.4230770835E+03   -0.1080005481E-05
    0.4231873149E+03   -0.1047634347E-05
    0.4232975462E+03   -0.1015388670E-05
    0.4234077775E+03   -0.9832731743E-06
    0.4235180088E+03   -0.9512925152E-06
    0.4236282402E+03   -0.9194512781E-06
    0.4237384715E+03   -0.8877539783E-06
    0.4238487028E+03   -0.8562050603E-06
    0.4239589341E+03   -0.8248088984E-06
    0.4240691654E+03   -0.7935697960E-06
    0.4241793968E+03   -0.7624919856E-06
    0.4242896281E+03   -0.7315796289E-06
    0.4243998594E+03   -0.7008368163E-06
    0.4245100907E+03   -0.6702675673E-06
    0.4246203220E+03   -0.6398758301E-06
    0.4247305534E+03   -0.6096654814E-06
    0.4248407847E+03   -0.5796403269E-06
    0.4249510160E+03   -0.5498041007E-06
    0.4250612473E+03   -0.5201604657E-06
    0.4251714787E+03   -0.4907130132E-06
    0.4252817100E+03   -0.4614652633E-06
    0.4253919413E+03   -0.4324206648E-06
    0.4255021726E+03   -0.4035825950E-06
    0.4256124039E+03   -0.3749543600E-06
    0.4257226353E+03   -0.3465391949E-06
    0.4258328666E+03   -0.3183402635E-06
    0.4259430979E+03   -0.2903606585E-06
    0.4260533292E+03   -0.2626034019E-06
    0.4261635605E+03   -0.2350714447E-06
    0.4262737919E+03   -0.2077676674E-06
    0.4263840232E+03   -0.1806948797E-06
    0.4264942545E+03   -0.1538558211E-06
    0.4266044858E+03   -0.1272531608E-06
    0.4267147171E+03   -0.1008894981E-06
    0.4268249485E+03   -0.7476736212E-07
    0.4269351798E+03   -0.4888921260E-07
    0.4270454111E+03   -0.2325743968E-07
    0.4271556424E+03    0.2125635710E-08
    0.4272658738E+03    0.2725776164E-07
    0.4273761051E+03    0.5213675495E-07
    0.4274863364E+03    0.7676050099E-07
    0.4275965677E+03    0.1011269534E-06
    0.4277067990E+03    0.1252341336E-06
    0.4278170304E+03    0.1490801311E-06
    0.4279272617E+03    0.1726631023E-06
    0.4280374930E+03    0.1959812710E-06
    0.4281477243E+03    0.2190329278E-06
    0.4282579556E+03    0.2418164296E-06
    0.4283681870E+03    0.2643301994E-06
    0.4284784183E+03    0.2865727261E-06
    0.4285886496E+03    0.3085425640E-06
    0.4286988809E+03    0.3302383323E-06
    0.4288091123E+03    0.3516587150E-06
    0.4289193436E+03    0.3728024604E-06
    0.4290295749E+03    0.3936683808E-06
    0.4291398062E+03    0.4142553518E-06
    0.4292500375E+03    0.4345623123E-06
    0.4293602689E+03    0.4545882639E-06
    0.4294705002E+03    0.4743322703E-06
    0.4295807315E+03    0.4937934572E-06
    0.4296909628E+03    0.5129710118E-06
    0.4298011941E+03    0.5318641821E-06
    0.4299114255E+03    0.5504722766E-06
    0.4300216568E+03    0.5687946641E-06
    0.4301318881E+03    0.5868307728E-06
    0.4302421194E+03    0.6045800899E-06
    0.4303523507E+03    0.6220421617E-06
    0.4304625821E+03    0.6392165921E-06
    0.4305728134E+03    0.6561030431E-06
    0.4306830447E+03    0.6727012337E-06
    0.4307932760E+03    0.6890109395E-06
    0.4309035074E+03    0.7050319924E-06
    0.4310137387E+03    0.7207642798E-06
    0.4311239700E+03    0.7362077444E-06
    0.4312342013E+03    0.7513623832E-06
    0.4313444326E+03    0.7662282477E-06
    0.4314546640E+03    0.7808054424E-06
    0.4315648953E+03    0.7950941251E-06
    0.4316751266E+03    0.8090945061E-06
    0.4317853579E+03    0.8228068473E-06
    0.4318955892E+03    0.8362314621E-06
    0.4320058206E+03    0.8493687147E-06
    0.4321160519E+03    0.8622190193E-06
    0.4322262832E+03    0.8747828399E-06
    0.4323365145E+03    0.8870606896E-06
    0.4324467458E+03    0.8990531298E-06
    0.4325569772E+03    0.9107607698E-06
    0.4326672085E+03    0.9221842664E-06
    0.4327774398E+03    0.9333243231E-06
    0.4328876711E+03    0.9441816892E-06
    0.4329979025E+03    0.9547571599E-06
    0.4331081338E+03    0.9650515753E-06
    0.4332183651E+03    0.9750658197E-06
    0.4333285964E+03    0.9848008212E-06
    0.4334388277E+03    0.9942575511E-06
    0.4335490591E+03    0.1003437023E-05
    0.4336592904E+03    0.1012340293E-05
    0.4337695217E+03    0.1020968458E-05
    0.4338797530E+03    0.1029322655E-05
    0.4339899843E+03    0.1037404063E-05
    0.4341002157E+03    0.1045213898E-05
    0.4342104470E+03    0.1052753417E-05
    0.4343206783E+03    0.1060023914E-05
    0.4344309096E+03    0.1067026721E-05
    0.4345411410E+03    0.1073763207E-05
    0.4346513723E+03    0.1080234776E-05
    0.4347616036E+03    0.1086442871E-05
    0.4348718349E+03    0.1092388968E-05
    0.4349820662E+03    0.1098074576E-05
    0.4350922976E+03    0.1103501240E-05
    0.4352025289E+03    0.1108670538E-05
    0.4353127602E+03    0.1113584081E-05
    0.4354229915E+03    0.1118243511E-05
    0.4355332228E+03    0.1122650500E-05
    0.4356434542E+03    0.1126806755E-05
    0.4357536855E+03    0.1130714008E-05
    0.4358639168E+03    0.1134374025E-05
    0.4359741481E+03    0.1137788598E-05
    0.4360843794E+03    0.1140959547E-05
    0.4361946108E+03    0.1143888723E-05
    0.4363048421E+03    0.1146578000E-05
    0.4364150734E+03    0.1149029280E-05
    0.4365253047E+03    0.1151244491E-05
    0.4366355361E+03    0.1153225586E-05
    0.4367457674E+03    0.1154974542E-05
    0.4368559987E+03    0.1156493362E-05
    0.4369662300E+03    0.1157784068E-05
    0.4370764613E+03    0.1158848708E-05
    0.4371866927E+03    0.1159689352E-05
    0.4372969240E+03    0.1160308091E-05
    0.4374071553E+03    0.1160707034E-05
    0.4375173866E+03    0.1160888316E-05
    0.4376276179E+03    0.1160854086E-05
    0.4377378493E+03    0.1160606515E-05
    0.4378480806E+03    0.1160147791E-05
    0.4379583119E+03    0.1159480122E-05
    0.4380685432E+03    0.1158605732E-05
    0.4381787746E+03    0.1157526859E-05
    0.4382890059E+03    0.1156245762E-05
    0.4383992372E+03    0.1154764711E-05
    0.4385094685E+03    0.1153085994E-05
    0.4386196998E+03    0.1151211912E-05
    0.4387299312E+03    0.1149144779E-05
    0.4388401625E+03    0.1146886923E-05
    0.4389503938E+03    0.1144440685E-05
    0.4390606251E+03    0.1141808417E-05
    0.4391708564E+03    0.1138992482E-05
    0.4392810878E+03    0.1135995257E-05
    0.4393913191E+03    0.1132819124E-05
    0.4395015504E+03    0.1129466481E-05
    0.4396117817E+03    0.1125939729E-05
    0.4397220130E+03    0.1122241283E-05
    0.4398322444E+03    0.1118373562E-05
    0.4399424757E+03    0.1114338995E-05
    0.4400527070E+03    0.1110140016E-05
    0.4401629383E+03    0.1105779069E-05
    0.4402731697E+03    0.1101258601E-05
    0.4403834010E+03    0.1096581064E-05
    0.4404936323E+03    0.1091748917E-05
    0.4406038636E+03    0.1086764623E-05
    0.4407140949E+03    0.1081630648E-05
    0.4408243263E+03    0.1076349461E-05
    0.4409345576E+03    0.1070923535E-05
    0.4410447889E+03    0.1065355346E-05
    0.4411550202E+03    0.1059647371E-05
    0.4412652515E+03    0.1053802086E-05
    0.4413754829E+03    0.1047821973E-05
    0.4414857142E+03    0.1041709511E-05
    0.4415959455E+03    0.1035467179E-05
    0.4417061768E+03    0.1029097456E-05
    0.4418164081E+03    0.1022602821E-05
    0.4419266395E+03    0.1015985751E-05
    0.4420368708E+03    0.1009248719E-05
    0.4421471021E+03    0.1002394200E-05
    0.4422573334E+03    0.9954246618E-06
    0.4423675648E+03    0.9883425716E-06
    0.4424777961E+03    0.9811503922E-06
    0.4425880274E+03    0.9738505822E-06
    0.4426982587E+03    0.9664455958E-06
    0.4428084900E+03    0.9589378822E-06
    0.4429187214E+03    0.9513298853E-06
    0.4430289527E+03    0.9436240431E-06
    0.4431391840E+03    0.9358227876E-06
    0.4432494153E+03    0.9279285440E-06
    0.4433596466E+03    0.9199437308E-06
    0.4434698780E+03    0.9118707587E-06
    0.4435801093E+03    0.9037120312E-06
    0.4436903406E+03    0.8954699431E-06
    0.4438005719E+03    0.8871468812E-06
    0.4439108033E+03    0.8787452230E-06
    0.4440210346E+03    0.8702673371E-06
    0.4441312659E+03    0.8617155822E-06
    0.4442414972E+03    0.8530923074E-06
    0.4443517285E+03    0.8443998512E-06
    0.4444619599E+03    0.8356405415E-06
    0.4445721912E+03    0.8268166954E-06
    0.4446824225E+03    0.8179306186E-06
    0.4447926538E+03    0.8089846050E-06
    0.4449028851E+03    0.7999809369E-06
    0.4450131165E+03    0.7909218841E-06
    0.4451233478E+03    0.7818097038E-06
    0.4452335791E+03    0.7726466404E-06
    0.4453438104E+03    0.7634349252E-06
    0.4454540417E+03    0.7541767759E-06
    0.4455642731E+03    0.7448743965E-06
    0.4456745044E+03    0.7355299770E-06
    0.4457847357E+03    0.7261456931E-06
    0.4458949670E+03    0.7167237057E-06
    0.4460051984E+03    0.7072661612E-06
    0.4461154297E+03    0.6977751907E-06
    0.4462256610E+03    0.6882529100E-06
    0.4463358923E+03    0.6787014191E-06
    0.4464461236E+03    0.6691228025E-06
    0.4465563550E+03    0.6595191285E-06
    0.4466665863E+03    0.6498924488E-06
    0.4467768176E+03    0.6402447989E-06
    0.4468870489E+03    0.6305781974E-06
    0.4469972802E+03    0.6208946460E-06
    0.4471075116E+03    0.6111961290E-06
    0.4472177429E+03    0.6014846136E-06
    0.4473279742E+03    0.5917620493E-06
    0.4474382055E+03    0.5820303676E-06
    0.4475484369E+03    0.5722914823E-06
    0.4476586682E+03    0.5625472890E-06
    0.4477688995E+03    0.5527996649E-06
    0.4478791308E+03    0.5430504686E-06
    0.4479893621E+03    0.5333015403E-06
    0.4480995935E+03    0.5235547011E-06
    0.4482098248E+03    0.5138117532E-06
    0.4483200561E+03    0.5040744798E-06
    0.4484302874E+03    0.4943446445E-06
    0.4485405187E+03    0.4846239918E-06
    0.4486507501E+03    0.4749142465E-06
    0.4487609814E+03    0.4652171136E-06
    0.4488712127E+03    0.4555342784E-06
    0.4489814440E+03    0.4458674063E-06
    0.4490916753E+03    0.4362181424E-06
    0.4492019067E+03    0.4265881121E-06
    0.4493121380E+03    0.4169789200E-06
    0.4494223693E+03    0.4073921507E-06
    0.4495326006E+03    0.3978293681E-06
    0.4496428320E+03    0.3882921158E-06
    0.4497530633E+03    0.3787819165E-06
    0.4498632946E+03    0.3693002723E-06
    0.4499735259E+03    0.3598486645E-06
    0.4500837572E+03    0.3504285535E-06
    0.4501939886E+03    0.3410413788E-06
    0.4503042199E+03    0.3316885588E-06
    0.4504144512E+03    0.3223714911E-06
    0.4505246825E+03    0.3130915519E-06
    0.4506349138E+03    0.3038500964E-06
    0.4507451452E+03    0.2946484586E-06
    0.4508553765E+03    0.2854879511E-06
    0.4509656078E+03    0.2763698655E-06
    0.4510758391E+03    0.2672954720E-06
    0.4511860705E+03    0.2582660193E-06
    0.4512963018E+03    0.2492827350E-06
    0.4514065331E+03    0.2403468251E-06
    0.4515167644E+03    0.2314594745E-06
    0.4516269957E+03    0.2226218466E-06
    0.4517372271E+03    0.2138350832E-06
    0.4518474584E+03    0.2051003051E-06
    0.4519576897E+03    0.1964186114E-06
    0.4520679210E+03    0.1877910799E-06
    0.4521781523E+03    0.1792187672E-06
    0.4522883837E+03    0.1707027085E-06
    0.4523986150E+03    0.1622439174E-06
    0.4525088463E+03    0.1538433867E-06
    0.4526190776E+03    0.1455020874E-06
    0.4527293089E+03    0.1372209696E-06
    0.4528395403E+03    0.1290009622E-06
    0.4529497716E+03    0.1208429727E-06
    0.4530600029E+03    0.1127478877E-06
    0.4531702342E+03    0.1047165727E-06
    0.4532804656E+03    0.9674987210E-07
    0.4533906969E+03    0.8884860934E-07
    0.4535009282E+03    0.8101358700E-07
    0.4536111595E+03    0.7324558679E-07
    0.4537213908E+03    0.6554536964E-07
    0.4538316222E+03    0.5791367574E-07
    0.4539418535E+03    0.5035122468E-07
    0.4540520848E+03    0.4285871542E-07
    0.4541623161E+03    0.3543682649E-07
    0.4542725474E+03    0.2808621595E-07
    0.4543827788E+03    0.2080752157E-07
    0.4544930101E+03    0.1360136087E-07
    0.4546032414E+03    0.6468331210E-08
    0.4547134727E+03   -0.5909901060E-09
    0.4548237040E+03   -0.7576045733E-08
    0.4549339354E+03   -0.1448629819E-07
    0.4550441667E+03   -0.2132122976E-07
    0.4551543980E+03   -0.2808034239E-07
    0.4552646293E+03   -0.3476315757E-07
    0.4553748607E+03   -0.4136921622E-07
    0.4554850920E+03   -0.4789807862E-07
    0.4555953233E+03   -0.5434932422E-07
    0.4557055546E+03   -0.6072255162E-07
    0.4558157859E+03   -0.6701737834E-07
    0.4559260173E+03   -0.7323344079E-07
    0.4560362486E+03   -0.7937039409E-07
    0.4561464799E+03   -0.8542791199E-07
    0.4562567112E+03   -0.9140568666E-07
    0.4563669425E+03   -0.9730342866E-07
    0.4564771739E+03   -0.1031208667E-06
    0.4565874052E+03   -0.1088577477E-06
    0.4566976365E+03   -0.1145138363E-06
    0.4568078678E+03   -0.1200889150E-06
    0.4569180992E+03   -0.1255827841E-06
    0.4570283305E+03   -0.1309952613E-06
    0.4571385618E+03   -0.1363261816E-06
    0.4572487931E+03   -0.1415753972E-06
    0.4573590244E+03   -0.1467427775E-06
    0.4574692558E+03   -0.1518282087E-06
    0.4575794871E+03   -0.1568315938E-06
    0.4576897184E+03   -0.1617528523E-06
    0.4577999497E+03   -0.1665919204E-06
    0.4579101810E+03   -0.1713487504E-06
    0.4580204124E+03   -0.1760233106E-06
    0.4581306437E+03   -0.1806155855E-06
    0.4582408750E+03   -0.1851255753E-06
    0.4583511063E+03   -0.1895532958E-06
    0.4584613376E+03   -0.1938987784E-06
    0.4585715690E+03   -0.1981620697E-06
    0.4586818003E+03   -0.2023432315E-06
    0.4587920316E+03   -0.2064423405E-06
    0.4589022629E+03   -0.2104594883E-06
    0.4590124943E+03   -0.2143947810E-06
    0.4591227256E+03   -0.2182483392E-06
    0.4592329569E+03   -0.2220202979E-06
    0.4593431882E+03   -0.2257108061E-06
    0.4594534195E+03   -0.2293200267E-06
    0.4595636509E+03   -0.2328481364E-06
    0.4596738822E+03   -0.2362953255E-06
    0.4597841135E+03   -0.2396617978E-06
    0.4598943448E+03   -0.2429477700E-06
    0.4600045761E+03   -0.2461534723E-06
    0.4601148075E+03   -0.2492791473E-06
    0.4602250388E+03   -0.2523250506E-06
    0.4603352701E+03   -0.2552914502E-06
    0.4604455014E+03   -0.2581786265E-06
    0.4605557328E+03   -0.2609868718E-06
    0.4606659641E+03   -0.2637164906E-06
    0.4607761954E+03   -0.2663677991E-06
    0.4608864267E+03   -0.2689411251E-06
    0.4609966580E+03   -0.2714368077E-06
    0.4611068894E+03   -0.2738551974E-06
    0.4612171207E+03   -0.2761966556E-06
    0.4613273520E+03   -0.2784615546E-06
    0.4614375833E+03   -0.2806502773E-06
    0.4615478146E+03   -0.2827632172E-06
    0.4616580460E+03   -0.2848007781E-06
    0.4617682773E+03   -0.2867633737E-06
    0.4618785086E+03   -0.2886514279E-06
    0.4619887399E+03   -0.2904653741E-06
    0.4620989712E+03   -0.2922056554E-06
    0.4622092026E+03   -0.2938727243E-06
    0.4623194339E+03   -0.2954670424E-06
    0.4624296652E+03   -0.2969890803E-06
    0.4625398965E+03   -0.2984393174E-06
    0.4626501279E+03   -0.2998182418E-06
    0.4627603592E+03   -0.3011263501E-06
    0.4628705905E+03   -0.3023641469E-06
    0.4629808218E+03   -0.3035321453E-06
    0.4630910531E+03   -0.3046308658E-06
    0.4632012845E+03   -0.3056608370E-06
    0.4633115158E+03   -0.3066225949E-06
    0.4634217471E+03   -0.3075166828E-06
    0.4635319784E+03   -0.3083436513E-06
    0.4636422097E+03   -0.3091040577E-06
    0.4637524411E+03   -0.3097984665E-06
    0.4638626724E+03   -0.3104274485E-06
    0.4639729037E+03   -0.3109915811E-06
    0.4640831350E+03   -0.3114914479E-06
    0.4641933663E+03   -0.3119276386E-06
    0.4643035977E+03   -0.3123007490E-06
    0.4644138290E+03   -0.3126113803E-06
    0.4645240603E+03   -0.3128601394E-06
    0.4646342916E+03   -0.3130476387E-06
    0.4647445230E+03   -0.3131744957E-06
    0.4648547543E+03   -0.3132413329E-06
    0.4649649856E+03   -0.3132487777E-06
    0.4650752169E+03   -0.3131974622E-06
    0.4651854482E+03   -0.3130880231E-06
    0.4652956796E+03   -0.3129211012E-06
    0.4654059109E+03   -0.3126973417E-06
    0.4655161422E+03   -0.3124173938E-06
    0.4656263735E+03   -0.3120819104E-06
    0.4657366048E+03   -0.3116915482E-06
    0.4658468362E+03   -0.3112469674E-06
    0.4659570675E+03   -0.3107488315E-06
    0.4660672988E+03   -0.3101978071E-06
    0.4661775301E+03   -0.3095945641E-06
    0.4662877615E+03   -0.3089397750E-06
    0.4663979928E+03   -0.3082341151E-06
    0.4665082241E+03   -0.3074782622E-06
    0.4666184554E+03   -0.3066728965E-06
    0.4667286867E+03   -0.3058187004E-06
    0.4668389181E+03   -0.3049163585E-06
    0.4669491494E+03   -0.3039665572E-06
    0.4670593807E+03   -0.3029699847E-06
    0.4671696120E+03   -0.3019273308E-06
    0.4672798433E+03   -0.3008392867E-06
    0.4673900747E+03   -0.2997065451E-06
    0.4675003060E+03   -0.2985297996E-06
    0.4676105373E+03   -0.2973097452E-06
    0.4677207686E+03   -0.2960470773E-06
    0.4678309999E+03   -0.2947424925E-06
    0.4679412313E+03   -0.2933966876E-06
    0.4680514626E+03   -0.2920103602E-06
    0.4681616939E+03   -0.2905842079E-06
    0.4682719252E+03   -0.2891189287E-06
    0.4683821566E+03   -0.2876152204E-06
    0.4684923879E+03   -0.2860737811E-06
    0.4686026192E+03   -0.2844953082E-06
    0.4687128505E+03   -0.2828804990E-06
    0.4688230818E+03   -0.2812300503E-06
    0.4689333132E+03   -0.2795446582E-06
    0.4690435445E+03   -0.2778250181E-06
    0.4691537758E+03   -0.2760718244E-06
    0.4692640071E+03   -0.2742857708E-06
    0.4693742384E+03   -0.2724675495E-06
    0.4694844698E+03   -0.2706178516E-06
    0.4695947011E+03   -0.2687373670E-06
    0.4697049324E+03   -0.2668267839E-06
    0.4698151637E+03   -0.2648867889E-06
    0.4699253951E+03   -0.2629180669E-06
    0.4700356264E+03   -0.2609213012E-06
    0.4701458577E+03   -0.2588971728E-06
    0.4702560890E+03   -0.2568463608E-06
    0.4703663203E+03   -0.2547695422E-06
    0.4704765517E+03   -0.2526673916E-06
    0.4705867830E+03   -0.2505405813E-06
    0.4706970143E+03   -0.2483897810E-06
    0.4708072456E+03   -0.2462156581E-06
    0.4709174769E+03   -0.2440188770E-06
    0.4710277083E+03   -0.2418000994E-06
    0.4711379396E+03   -0.2395599841E-06
    0.4712481709E+03   -0.2372991870E-06
    0.4713584022E+03   -0.2350183609E-06
    0.4714686335E+03   -0.2327181554E-06
    0.4715788649E+03   -0.2303992168E-06
    0.4716890962E+03   -0.2280621880E-06
    0.4717993275E+03   -0.2257077086E-06
    0.4719095588E+03   -0.2233364147E-06
    0.4720197902E+03   -0.2209489385E-06
    0.4721300215E+03   -0.2185459088E-06
    0.4722402528E+03   -0.2161279505E-06
    0.4723504841E+03   -0.2136956846E-06
    0.4724607154E+03   -0.2112497282E-06
    0.4725709468E+03   -0.2087906944E-06
    0.4726811781E+03   -0.2063191922E-06
    0.4727914094E+03   -0.2038358265E-06
    0.4729016407E+03   -0.2013411977E-06
    0.4730118720E+03   -0.1988359022E-06
    0.4731221034E+03   -0.1963205318E-06
    0.4732323347E+03   -0.1937956741E-06
    0.4733425660E+03   -0.1912619118E-06
    0.4734527973E+03   -0.1887198235E-06
    0.4735630286E+03   -0.1861699827E-06
    0.4736732600E+03   -0.1836129585E-06
    0.4737834913E+03   -0.1810493151E-06
    0.4738937226E+03   -0.1784796119E-06
    0.4740039539E+03   -0.1759044035E-06
    0.4741141853E+03   -0.1733242395E-06
    0.4742244166E+03   -0.1707396645E-06
    0.4743346479E+03   -0.1681512181E-06
    0.4744448792E+03   -0.1655594348E-06
    0.4745551105E+03   -0.1629648440E-06
    0.4746653419E+03   -0.1603679697E-06
    0.4747755732E+03   -0.1577693310E-06
    0.4748858045E+03   -0.1551694416E-06
    0.4749960358E+03   -0.1525688097E-06
    0.4751062671E+03   -0.1499679384E-06
    0.4752164985E+03   -0.1473673252E-06
    0.4753267298E+03   -0.1447674624E-06
    0.4754369611E+03   -0.1421688365E-06
    0.4755471924E+03   -0.1395719288E-06
    0.4756574238E+03   -0.1369772148E-06
    0.4757676551E+03   -0.1343851647E-06
    0.4758778864E+03   -0.1317962429E-06
    0.4759881177E+03   -0.1292109081E-06
    0.4760983490E+03   -0.1266296136E-06
    0.4762085804E+03   -0.1240528067E-06
    0.4763188117E+03   -0.1214809291E-06
    0.4764290430E+03   -0.1189144170E-06
    0.4765392743E+03   -0.1163537004E-06
    0.4766495056E+03   -0.1137992039E-06
    0.4767597370E+03   -0.1112513460E-06
    0.4768699683E+03   -0.1087105396E-06
    0.4769801996E+03   -0.1061771916E-06
    0.4770904309E+03   -0.1036517032E-06
    0.4772006622E+03   -0.1011344696E-06
    0.4773108936E+03   -0.9862588004E-07
    0.4774211249E+03   -0.9612631811E-07
    0.4775313562E+03   -0.9363616131E-07
    0.4776415875E+03   -0.9115578127E-07
    0.4777518189E+03   -0.8868554370E-07
    0.4778620502E+03   -0.8622580837E-07
    0.4779722815E+03   -0.8377692911E-07
    0.4780825128E+03   -0.8133925383E-07
    0.4781927441E+03   -0.7891312445E-07
    0.4783029755E+03   -0.7649887699E-07
    0.4784132068E+03   -0.7409684149E-07
    0.4785234381E+03   -0.7170734206E-07
    0.4786336694E+03   -0.6933069685E-07
    0.4787439007E+03   -0.6696721808E-07
    0.4788541321E+03   -0.6461721201E-07
    0.4789643634E+03   -0.6228097898E-07
    0.4790745947E+03   -0.5995881340E-07
    0.4791848260E+03   -0.5765100375E-07
    0.4792950574E+03   -0.5535783261E-07
    0.4794052887E+03   -0.5307957664E-07
    0.4795155200E+03   -0.5081650660E-07
    0.4796257513E+03   -0.4856888740E-07
    0.4797359826E+03   -0.4633697803E-07
    0.4798462140E+03   -0.4412103168E-07
    0.4799564453E+03   -0.4192129565E-07
    0.4800666766E+03   -0.3973801142E-07
    0.4801769079E+03   -0.3757141469E-07
    0.4802871392E+03   -0.3542173534E-07
    0.4803973706E+03   -0.3328919747E-07
    0.4805076019E+03   -0.3117401943E-07
    0.4806178332E+03   -0.2907641385E-07
    0.4807280645E+03   -0.2699658763E-07
    0.4808382958E+03   -0.2493474197E-07
    0.4809485272E+03   -0.2289107242E-07
    0.4810587585E+03   -0.2086576885E-07
    0.4811689898E+03   -0.1885901556E-07
    0.4812792211E+03   -0.1687099120E-07
    0.4813894525E+03   -0.1490186889E-07
    0.4814996838E+03   -0.1295181617E-07
    0.4816099151E+03   -0.1102099510E-07
    0.4817201464E+03   -0.9109562232E-08
    0.4818303777E+03   -0.7217668666E-08
    0.4819406091E+03   -0.5345460074E-08
    0.4820508404E+03   -0.3493076731E-08
    0.4821610717E+03   -0.1660653549E-08
    0.4822713030E+03    0.1516798968E-09
    0.4823815343E+03    0.1943799326E-08
    0.4824917657E+03    0.3715585728E-08
    0.4826019970E+03    0.5466925321E-08
    0.4827122283E+03    0.7197709523E-08
    0.4828224596E+03    0.8907834910E-08
    0.4829326909E+03    0.1059720318E-07
    0.4830429223E+03    0.1226572114E-07
    0.4831531536E+03    0.1391330061E-07
    0.4832633849E+03    0.1553985845E-07
    0.4833736162E+03    0.1714531648E-07
    0.4834838476E+03    0.1872960148E-07
    0.4835940789E+03    0.2029264509E-07
    0.4837043102E+03    0.2183438382E-07
    0.4838145415E+03    0.2335475900E-07
    0.4839247728E+03    0.2485371672E-07
    0.4840350042E+03    0.2633120782E-07
    0.4841452355E+03    0.2778718779E-07
    0.4842554668E+03    0.2922161682E-07
    0.4843656981E+03    0.3063445966E-07
    0.4844759294E+03    0.3202568563E-07
    0.4845861608E+03    0.3339526857E-07
    0.4846963921E+03    0.3474318678E-07
    0.4848066234E+03    0.3606942301E-07
    0.4849168547E+03    0.3737396436E-07
    0.4850270861E+03    0.3865680228E-07
    0.4851373174E+03    0.3991793252E-07
    0.4852475487E+03    0.4115735504E-07
    0.4853577800E+03    0.4237507403E-07
    0.4854680113E+03    0.4357109782E-07
    0.4855782427E+03    0.4474543882E-07
    0.4856884740E+03    0.4589811352E-07
    0.4857987053E+03    0.4702914242E-07
    0.4859089366E+03    0.4813854994E-07
    0.4860191679E+03    0.4922636446E-07
    0.4861293993E+03    0.5029261819E-07
    0.4862396306E+03    0.5133734717E-07
    0.4863498619E+03    0.5236059118E-07
    0.4864600932E+03    0.5336239374E-07
    0.4865703245E+03    0.5434280202E-07
    0.4866805559E+03    0.5530186682E-07
    0.4867907872E+03    0.5623964249E-07
    0.4869010185E+03    0.5715618690E-07
    0.4870112498E+03    0.5805156140E-07
    0.4871214812E+03    0.5892583074E-07
    0.4872317125E+03    0.5977906303E-07
    0.4873419438E+03    0.6061132972E-07
    0.4874521751E+03    0.6142270550E-07
    0.4875624064E+03    0.6221326828E-07
    0.4876726378E+03    0.6298309916E-07
    0.4877828691E+03    0.6373228230E-07
    0.4878931004E+03    0.6446090497E-07
    0.4880033317E+03    0.6516905743E-07
    0.4881135630E+03    0.6585683289E-07
    0.4882237944E+03    0.6652432750E-07
    0.4883340257E+03    0.6717164023E-07
    0.4884442570E+03    0.6779887289E-07
    0.4885544883E+03    0.6840613003E-07
    0.4886647197E+03    0.6899351889E-07
    0.4887749510E+03    0.6956114941E-07
    0.4888851823E+03    0.7010913408E-07
    0.4889954136E+03    0.7063758799E-07
    0.4891056449E+03    0.7114662869E-07
    0.4892158763E+03    0.7163637621E-07
    0.4893261076E+03    0.7210695298E-07
    0.4894363389E+03    0.7255848376E-07
    0.4895465702E+03    0.7299109562E-07
    0.4896568015E+03    0.7340491790E-07
    0.4897670329E+03    0.7380008210E-07
    0.4898772642E+03    0.7417672190E-07
    0.4899874955E+03    0.7453497306E-07
    0.4900977268E+03    0.7487497341E-07
    0.4902079581E+03    0.7519686276E-07
    0.4903181895E+03    0.7550078287E-07
    0.4904284208E+03    0.7578687742E-07
    0.4905386521E+03    0.7605529193E-07
    0.4906488834E+03    0.7630617371E-07
    0.4907591148E+03    0.7653967184E-07
    0.4908693461E+03    0.7675593710E-07
    0.4909795774E+03    0.7695512194E-07
    0.4910898087E+03    0.7713738038E-07
    0.4912000400E+03    0.7730286804E-07
    0.4913102714E+03    0.7745174203E-07
    0.4914205027E+03    0.7758416094E-07
    0.4915307340E+03    0.7770028476E-07
    0.4916409653E+03    0.7780027487E-07
    0.4917511966E+03    0.7788429395E-07
    0.4918614280E+03    0.7795250598E-07
    0.4919716593E+03    0.7800507616E-07
    0.4920818906E+03    0.7804217087E-07
    0.4921921219E+03    0.7806395763E-07
    0.4923023532E+03    0.7807060507E-07
    0.4924125846E+03    0.7806228285E-07
    0.4925228159E+03    0.7803916163E-07
    0.4926330472E+03    0.7800141304E-07
    0.4927432785E+03    0.7794920962E-07
    0.4928535099E+03    0.7788272479E-07
    0.4929637412E+03    0.7780213277E-07
    0.4930739725E+03    0.7770760860E-07
    0.4931842038E+03    0.7759932802E-07
    0.4932944351E+03    0.7747746751E-07
    0.4934046665E+03    0.7734220416E-07
    0.4935148978E+03    0.7719371571E-07
    0.4936251291E+03    0.7703218046E-07
    0.4937353604E+03    0.7685777722E-07
    0.4938455917E+03    0.7667068532E-07
    0.4939558231E+03    0.7647108452E-07
    0.4940660544E+03    0.7625915499E-07
    0.4941762857E+03    0.7603507727E-07
    0.4942865170E+03    0.7579903223E-07
    0.4943967484E+03    0.7555120103E-07
    0.4945069797E+03    0.7529176508E-07
    0.4946172110E+03    0.7502090599E-07
    0.4947274423E+03    0.7473880558E-07
    0.4948376736E+03    0.7444564576E-07
    0.4949479050E+03    0.7414160856E-07
    0.4950581363E+03    0.7382687610E-07
    0.4951683676E+03    0.7350163048E-07
    0.4952785989E+03    0.7316605381E-07
    0.4953888302E+03    0.7282032816E-07
    0.4954990616E+03    0.7246463553E-07
    0.4956092929E+03    0.7209915776E-07
    0.4957195242E+03    0.7172407659E-07
    0.4958297555E+03    0.7133957356E-07
    0.4959399868E+03    0.7094582997E-07
    0.4960502182E+03    0.7054302690E-07
    0.4961604495E+03    0.7013134513E-07
    0.4962706808E+03    0.6971096514E-07
    0.4963809121E+03    0.6928206703E-07
    0.4964911435E+03    0.6884483056E-07
    0.4966013748E+03    0.6839943505E-07
    0.4967116061E+03    0.6794605941E-07
    0.4968218374E+03    0.6748488204E-07
    0.4969320687E+03    0.6701608087E-07
    0.4970423001E+03    0.6653983329E-07
    0.4971525314E+03    0.6605631613E-07
    0.4972627627E+03    0.6556570564E-07
    0.4973729940E+03    0.6506817744E-07
    0.4974832253E+03    0.6456390652E-07
    0.4975934567E+03    0.6405306720E-07
    0.4977036880E+03    0.6353583310E-07
    0.4978139193E+03    0.6301237711E-07
    0.4979241506E+03    0.6248287138E-07
    0.4980343820E+03    0.6194748729E-07
    0.4981446133E+03    0.6140639540E-07
    0.4982548446E+03    0.6085976548E-07
    0.4983650759E+03    0.6030776642E-07
    0.4984753072E+03    0.5975056626E-07
    0.4985855386E+03    0.5918833213E-07
    0.4986957699E+03    0.5862123026E-07
    0.4988060012E+03    0.5804942591E-07
    0.4989162325E+03    0.5747308342E-07
    0.4990264638E+03    0.5689236612E-07
    0.4991366952E+03    0.5630743633E-07
    0.4992469265E+03    0.5571845537E-07
    0.4993571578E+03    0.5512558349E-07
    0.4994673891E+03    0.5452897990E-07
    0.4995776204E+03    0.5392880271E-07
    0.4996878518E+03    0.5332520893E-07
    0.4997980831E+03    0.5271835445E-07
    0.4999083144E+03    0.5210839401E-07
