 Check the initial condition
     # t        Re[psi(1)]        Im[psi(1)]      ||psi||Re[phi(2)]        Im[phi(2)]        ||phi||
-1102.3132     0.1000000000E+01    0.0000000000E+00    0.1000000000E+01    0.0000000000E+00    0.2367367120E-03    0.1403868665E+01
 Saving the dynamic parameters
 Saving the initial conditions
 Starting propagation
 nt =       20000
           1        2000  -1101.2108985741061        1.0000000000000022        3.1843594565628921        1.0000000000000022        1.7998632407842220E-028  -2.2204460492503131E-015   (1.11802722862920277E-015,1.33244517671522030E-017) (-1.87094116808999038E-016,-4.40516582054431423E-016)             (-0.49999999999995459,0.0000000000000000)
           2        2000  -1100.1085853623199        1.0000000000000027        6.8057583255915608        1.0000000000000027        3.7357152501280963E-028  -2.6645352591003757E-015  (1.20642766242386801E-015,-2.27401021353415470E-018) (-3.43789732422725316E-016,-6.37187902133657718E-016)             (-0.49999999999995481,0.0000000000000000)
           3        2000  -1099.0062721505337        1.0000000000000022        12.777932212909018        1.0000000000000027        5.1101511562229866E-028  -2.2204460492503131E-015  (6.94854167488447802E-016,-1.69135408499705509E-018)  (3.56041928484301797E-016,-9.53765315313896969E-017)             (-0.49999999999995481,0.0000000000000000)
           4        2000  -1097.9039589387476        1.0000000000000038        21.006696368708411        1.0000000000000040        6.0319765037670457E-028  -3.7747582837255322E-015  (8.69107685532967107E-016,-6.19248919099504878E-018) (-6.95298497519458292E-016,-4.27093348662383135E-016)             (-0.49999999999995548,0.0000000000000000)
           5        2000  -1096.8016457269614        1.0000000000000040        31.362278266627666        1.0000000000000044        5.9327936179947300E-028  -3.9968028886505635E-015   (7.39423599920817924E-016,1.30479279169680956E-017) (-6.62826843508119115E-016,-3.56729181054056743E-016)             (-0.49999999999995570,0.0000000000000000)
           6        2000  -1095.6993325151752        1.0000000000000029        43.681364194011884        1.0000000000000031        4.9514620917144887E-028  -2.8865798640254070E-015  (2.20066871528060715E-016,-2.51584863866114888E-018)  (2.92782834028475077E-016,-5.46275142854500937E-016)             (-0.49999999999995504,0.0000000000000000)
           7        2000  -1094.5970193033891        1.0000000000000038        57.769674806720033        1.0000000000000036        4.0087045947101282E-028  -3.7747582837255322E-015   (7.70730802374844906E-016,4.17938958302752958E-020) (-3.11184046911268788E-016,-3.87723627812673554E-016)             (-0.49999999999995526,0.0000000000000000)
           8        2000  -1093.4947060916029        1.0000000000000038        73.405029030440630        1.0000000000000040        3.1932245648692852E-028  -3.7747582837255322E-015  (1.01268704796322823E-015,-1.72291699824998804E-018) (-3.39148816083840270E-016,-3.63000423644056034E-016)             (-0.49999999999995548,0.0000000000000000)
           9        2000  -1092.3923928798167        1.0000000000000027        90.340847988958913        1.0000000000000031        2.6243745774333647E-028  -2.6645352591003757E-015   (9.98513180532215608E-016,7.80469595715055338E-018)  (4.07249889711901582E-018,-4.44675498192610292E-016)             (-0.49999999999995504,0.0000000000000000)
          10        2000  -1091.2900796680306        1.0000000000000002        108.31004370032966        1.0000000000000004        2.3818325459160037E-028  -2.2204460492503131E-016  (5.51983334585768586E-016,-8.03593696193969326E-018) (-1.65540116142808375E-016,-4.21629152391649772E-016)             (-0.49999999999995370,0.0000000000000000)
          11        2000  -1090.1877664562444        1.0000000000000000        127.02923121390747        1.0000000000000000        2.6131453922305913E-028   0.0000000000000000        (9.63254457344502903E-016,2.54518946479836542E-018)  (2.68475072120823678E-016,-8.81837743579125662E-017)             (-0.49999999999995348,0.0000000000000000)
          12        2000  -1089.0854532444582        1.0000000000000002        146.20319776030320        1.0000000000000004        2.9870109684602125E-028  -2.2204460492503131E-016   (1.04494208302511709E-015,2.98519629184673382E-019) (-6.98271185260725716E-016,-3.10165234903053076E-016)             (-0.49999999999995370,0.0000000000000000)
          13        2000  -1087.9831400326721        1.0000000000000013        165.52955843310849        1.0000000000000013        3.6889027046581245E-028  -1.3322676295501878E-015  (1.01052732166504769E-015,-5.81047205200985737E-018) (-2.99956575983632558E-016,-4.34796867762244538E-016)             (-0.49999999999995415,0.0000000000000000)
          14        2000  -1086.8808268208859        1.0000000000000009        184.70352497950353        1.0000000000000009        4.4165130633782607E-028  -8.8817841970012523E-016   (5.59942375350451112E-016,2.29550248692264156E-018) (-5.89656105798309400E-016,-3.53012828597033436E-016)             (-0.49999999999995393,0.0000000000000000)
          15        2000  -1085.7785136090997        1.0000000000000031        203.42271249308016        1.0000000000000031        4.8953066104954856E-028  -3.1086244689504383E-015   (8.37860519179530401E-016,3.13325101926231329E-018) (-1.06905951461063655E-015,-5.69354331690776210E-016)             (-0.49999999999995504,0.0000000000000000)
          16        2000  -1084.6762003973136        1.0000000000000027        221.39190820444642        1.0000000000000027        4.9813392837442591E-028  -2.6645352591003757E-015   (7.86126655758186667E-016,5.22948997606821969E-018) (-5.97670547360240774E-016,-4.88525852427823891E-016)             (-0.49999999999995481,0.0000000000000000)
          17        2000  -1083.5738871855274        1.0000000000000002        238.32772716295747        1.0000000000000004        4.9667535143476287E-028  -2.2204460492503131E-016   (5.68019272423585155E-016,4.48150220544525322E-019) (-9.94832160236088163E-016,-4.25157445178103253E-016)             (-0.49999999999995370,0.0000000000000000)
          18        2000  -1082.4715739737412        1.0000000000000002        253.96308138667084        1.0000000000000004        4.3603271105003677E-028  -2.2204460492503131E-016   (1.01923490314456573E-015,3.35820826056702890E-018) (-2.79135325713921821E-016,-1.04568181350058388E-016)             (-0.49999999999995370,0.0000000000000000)
          19        2000  -1081.3692607619550       0.99999999999999822        268.05139199936866       0.99999999999999867        3.5701027281205234E-028   1.7763568394002505E-015  (8.21971625625106325E-016,-2.23186247394864770E-018) (-2.84918467849098051E-016,-3.71983340515303391E-016)             (-0.49999999999995282,0.0000000000000000)
          20        2000  -1080.2669475501689       0.99999999999999789        280.37047792673911       0.99999999999999845        3.0604810843520198E-028   2.1094237467877974E-015  (8.21540997175533968E-016,-2.59334047407930145E-019)  (1.28315418518967272E-015,-1.68235013050441437E-016)             (-0.49999999999995270,0.0000000000000000)
          21        2000  -1079.1646343383827       0.99999999999999734        290.72605982464353       0.99999999999999756        2.6112055301695553E-028   2.6645352591003757E-015  (1.36815450417931796E-015,-3.05937268328313153E-018) (-9.07756992652470180E-016,-4.28946186786500303E-016)             (-0.49999999999995226,0.0000000000000000)
          22        2000  -1078.0623211265965        1.0000000000000000        298.95482398042600       0.99999999999999956        2.7619298303655286E-028   0.0000000000000000       (9.60113819439186593E-016,-5.72930463157121391E-018) (-6.88619681650650023E-016,-3.43854851625930403E-016)             (-0.49999999999995326,0.0000000000000000)
          23        2000  -1076.9600079148104        1.0000000000000018        304.92699786772954        1.0000000000000018        3.0553660968504189E-028  -1.7763568394002505E-015   (7.54167964688969852E-016,7.14770687725389658E-019) (-3.72953489270663323E-016,-2.27022651326601308E-016)             (-0.49999999999995437,0.0000000000000000)
          24        2000  -1075.8576947030242        1.0000000000000022        308.54839673674286        1.0000000000000027        3.5389229854866474E-028  -2.2204460492503131E-015  (4.04769585639283800E-016,-2.85892895230787704E-018) (-7.07609902651878692E-016,-4.02725646451940931E-016)             (-0.49999999999995481,0.0000000000000000)
          25        2000  -1074.7553814912380        1.0000000000000007        309.76190896398299        1.0000000000000009        4.2006125872883415E-028  -6.6613381477509392E-016   (5.54791030547208158E-016,6.76543726273361646E-018) (-4.77044934958848337E-016,-4.69177925414063960E-016)             (-0.49999999999995393,0.0000000000000000)
          26        2000  -1073.6530682794519       0.99999999999999867        308.54839673671796       0.99999999999999889        4.7356026472414305E-028   1.3322676295501878E-015  (8.52528097817421869E-016,-3.72022946477809927E-018)  (6.71297828242375382E-016,-3.88367327141853773E-016)             (-0.49999999999995293,0.0000000000000000)
          27        2000  -1072.5507550676657       0.99999999999999700        304.92699786767048       0.99999999999999711        4.8107458346287898E-028   2.9976021664879227E-015   (9.90493016442886645E-016,1.05575990396736227E-017) (-1.20319422468317055E-018,-5.09621987471507747E-016)             (-0.49999999999995204,0.0000000000000000)
          28        2000  -1071.4484418558795       0.99999999999999722        298.95482398033494       0.99999999999999734        4.5680877265765918E-028   2.7755575615628914E-015  (1.28127760872283796E-015,-4.83394766645149071E-018) (-5.29650207771181389E-016,-3.21815546831957367E-016)             (-0.49999999999995215,0.0000000000000000)
          29        2000  -1070.3461286440934       0.99999999999999889        290.72605982451978       0.99999999999999911        4.3207915504743443E-028   1.1102230246251565E-015   (8.47325395994921181E-016,2.87727144029751577E-018)  (1.06293440733095533E-016,-2.55770925505434621E-018)             (-0.49999999999995304,0.0000000000000000)
          30        2000  -1069.2438154323072        1.0000000000000016        280.37047792658797        1.0000000000000022        4.0350859399213817E-028  -1.5543122344752192E-015   (1.36932009234617737E-015,3.43166353460199781E-018) (-4.47177683422840572E-016,-3.95867254046760315E-016)             (-0.49999999999995459,0.0000000000000000)
          31        2000  -1068.1415022205210        1.0000000000000009        268.05139199919279        1.0000000000000013        3.4229840060234034E-028  -8.8817841970012523E-016  (7.99684920708686320E-016,-5.85669898092974629E-018) (-1.94499903275356911E-016,-4.32969992777861994E-017)             (-0.49999999999995415,0.0000000000000000)
          32        2000  -1067.0391890087349        1.0000000000000020        253.96308138647504        1.0000000000000022        3.1667613808067008E-028  -1.9984014443252818E-015   (5.24399502219308393E-016,2.97652348634904322E-018) (-1.08451791257380553E-015,-5.33970256235757738E-016)             (-0.49999999999995459,0.0000000000000000)
          33        2000  -1065.9368757969487        1.0000000000000033        238.32772716274590        1.0000000000000036        2.9689428044676994E-028  -3.3306690738754696E-015   (2.21854959667002056E-016,3.69336636297738803E-020)  (8.79947258317254998E-018,-3.67279297372919244E-016)             (-0.49999999999995526,0.0000000000000000)
          34        2000  -1064.8345625851625        1.0000000000000024        221.39190820421902        1.0000000000000031        2.9779761134057417E-028  -2.4424906541753444E-015  (2.49735056510541399E-017,-3.23384638593811726E-018)  (4.75973810350862935E-017,-2.09728000223764757E-016)             (-0.49999999999995504,0.0000000000000000)
          35        2000  -1063.7322493733764        1.0000000000000031        203.42271249284227        1.0000000000000036        3.2446089138988716E-028  -3.1086244689504383E-015  (9.14808478503788275E-016,-1.87063941090686775E-018) (-1.96841579947778218E-016,-5.04832840700216154E-016)             (-0.49999999999995526,0.0000000000000000)
          36        2000  -1062.6299361615902        1.0000000000000042        184.70352497925899        1.0000000000000044        3.8698645549575859E-028  -4.2188474935755949E-015   (1.50554396141011301E-015,2.61757072202882239E-019) (-3.04331073172716827E-016,-3.85338847247217043E-016)             (-0.49999999999995570,0.0000000000000000)
          37        2000  -1061.5276229498040        1.0000000000000042        165.52955843286085        1.0000000000000044        4.2478982427782002E-028  -4.2188474935755949E-015   (7.27684770987917779E-016,3.63891084813818583E-019) (-6.43065448537803167E-016,-3.84573566958257912E-016)             (-0.49999999999995570,0.0000000000000000)
          38        2000  -1060.4253097380179        1.0000000000000040        146.20319776005579        1.0000000000000044        4.6407077205341259E-028  -3.9968028886505635E-015   (8.06686855361356151E-016,6.43039200102671493E-018) (-7.01207401714934880E-016,-4.20162751127565835E-016)             (-0.49999999999995570,0.0000000000000000)
          39        2000  -1059.3229965262317        1.0000000000000042        127.02923121366325        1.0000000000000040        4.7618801432326098E-028  -4.2188474935755949E-015   (8.80559494865548566E-016,5.62784743308504063E-019) (-2.54753948819797848E-016,-3.48541008421355227E-016)             (-0.49999999999995548,0.0000000000000000)
          40        2000  -1058.2206833144455        1.0000000000000027        108.31004370009408        1.0000000000000031        4.6623841139623872E-028  -2.6645352591003757E-015  (6.17118897901449203E-016,-1.37961152795373427E-018)  (4.08036085858256885E-016,-3.62938286394646965E-016)             (-0.49999999999995504,0.0000000000000000)
          41        2000  -1057.1183701026594        1.0000000000000022        90.340847988734708        1.0000000000000022        4.1071608524463338E-028  -2.2204460492503131E-015   (1.47060395884673244E-015,7.57497681045726009E-018) (-7.08656265838171559E-016,-2.95210724040422284E-016)             (-0.49999999999995459,0.0000000000000000)
          42        2000  -1056.0160568908732        1.0000000000000027        73.405029030230963        1.0000000000000027        3.6668876635489643E-028  -2.6645352591003757E-015   (8.45010781581049873E-016,8.15769244189658786E-018) (-5.24435756898875736E-016,-2.69547416799731905E-016)             (-0.49999999999995481,0.0000000000000000)
          43        2000  -1054.9137436790870        1.0000000000000064        57.769674806528222        1.0000000000000062        3.2269171354671205E-028  -6.4392935428259079E-015   (5.66192032129656888E-016,2.51727108601611004E-018)  (4.51793927261251234E-018,-2.70489288554067770E-016)             (-0.49999999999995659,0.0000000000000000)
          44        2000  -1053.8114304673009        1.0000000000000058        43.681364193840807        1.0000000000000058        2.9711018632847228E-028  -5.7731597280508140E-015  (9.34561794219701210E-016,-9.18654926955408905E-018) (-4.76008376336302975E-016,-4.88733155009255093E-016)             (-0.49999999999995637,0.0000000000000000)
          45        2000  -1052.7091172555147        1.0000000000000053        31.362278266480939        1.0000000000000058        3.1006132111798497E-028  -5.3290705182007514E-015   (6.69092479052682122E-016,4.44840479950598275E-018) (-1.32573538392596013E-017,-2.32033390030869633E-016)             (-0.49999999999995637,0.0000000000000000)
          46        2000  -1051.6068040437285        1.0000000000000049        21.006696368588049        1.0000000000000049        3.4419498073763684E-028  -4.8849813083506888E-015   (7.52999030378498209E-016,8.75087412593637780E-019) (-1.29176515642467645E-016,-3.29857209892621742E-016)             (-0.49999999999995592,0.0000000000000000)
          47        2000  -1050.5044908319423        1.0000000000000049        12.777932212816365        1.0000000000000049        3.4923095315572602E-028  -4.8849813083506888E-015   (8.88599884770731091E-016,3.79895692373475940E-018) (-1.34125223280927498E-016,-1.66231440089201066E-016)             (-0.49999999999995592,0.0000000000000000)
          48        2000  -1049.4021776201562        1.0000000000000044        6.8057583255279983        1.0000000000000049        4.1226270012930883E-028  -4.4408920985006262E-015  (5.56834583177966568E-016,-7.21875144615954704E-018) (-6.42317463593492576E-016,-3.23204216227453898E-016)             (-0.49999999999995592,0.0000000000000000)
          49        2000  -1048.2998644083700        1.0000000000000067        3.1843594565294775        1.0000000000000062        4.6418631635252039E-028  -6.6613381477509392E-015  (8.51685305547529124E-016,-5.96392311399090447E-018) (-1.53206139680126156E-017,-6.83996577870333509E-016)             (-0.49999999999995659,0.0000000000000000)
          50        2000  -1047.1975511965838        1.0000000000000075        1.9708472293036787        1.0000000000000075        4.8070037146522386E-028  -7.5495165674510645E-015  (1.40640331773747704E-015,-1.06241732048147796E-017) (-2.14431062322728653E-016,-6.04045596808484854E-016)             (-0.49999999999995726,0.0000000000000000)
          51        2000  -1046.0952379847977        1.0000000000000082        3.1843594565910420        1.0000000000000080        4.7258265414947578E-028  -8.2156503822261584E-015   (9.77238522128983086E-016,4.85234242902142426E-018) (-6.19996378746352286E-016,-4.87424163276869411E-016)             (-0.49999999999995748,0.0000000000000000)
          52        2000  -1044.9929247730115        1.0000000000000095        6.8057583256501832        1.0000000000000098        4.4043034816134235E-028  -9.5479180117763462E-015   (8.29986160098626550E-016,3.88550064574654774E-018) (-8.08199980250205086E-016,-2.72108540292104903E-016)             (-0.49999999999995837,0.0000000000000000)
          53        2000  -1043.8906115612253        1.0000000000000084        12.777932212997129        1.0000000000000084        3.7338591884917822E-028  -8.4376949871511897E-015  (8.70793558399523049E-016,-1.41882746470659992E-017) (-5.58370371192698398E-016,-3.68917636416667346E-016)             (-0.49999999999995770,0.0000000000000000)
          54        2000  -1042.7882983494392        1.0000000000000067        21.006696368824731        1.0000000000000067        3.3542958818355592E-028  -6.6613381477509392E-015  (8.09099091773155236E-016,-1.25675436452610547E-021) (-7.97220178038967947E-016,-2.67268567402313396E-016)             (-0.49999999999995681,0.0000000000000000)
          55        2000  -1041.6859851376530        1.0000000000000060        31.362278266770186        1.0000000000000062        3.1379760329086671E-028  -5.9952043329758453E-015   (3.02802733279195348E-016,1.62627272974278302E-018) (-1.11935428319143634E-015,-3.00188495860922193E-016)             (-0.49999999999995659,0.0000000000000000)
          56        2000  -1040.5836719258668        1.0000000000000075        43.681364194177611        1.0000000000000075        3.1263696596173138E-028  -7.5495165674510645E-015   (7.58665530603782872E-016,3.48519075815888794E-018) (-2.16453846793411137E-017,-2.76142650004045774E-016)             (-0.49999999999995726,0.0000000000000000)
          57        2000  -1039.4813587140807        1.0000000000000107        57.769674806906373        1.0000000000000107        3.3176497076276369E-028  -1.0658141036401503E-014  (5.52502078496326221E-016,-1.63534786188551743E-030)  (5.20175714349201080E-016,-1.18329589290151715E-016)             (-0.49999999999995881,0.0000000000000000)
          58        2000  -1038.3790455022945        1.0000000000000127        73.405029030646531        1.0000000000000124        3.7467360907946021E-028  -1.2656542480726785E-014  (8.96241038765207025E-016,-4.80190375760801692E-020) (-1.19907680705178731E-015,-1.66426883271465481E-016)             (-0.49999999999995970,0.0000000000000000)
          59        2000  -1037.2767322905083        1.0000000000000118        90.340847989180347        1.0000000000000120        4.0188391279685313E-028  -1.1768364061026659E-014   (8.03873444564070293E-016,3.86513939759502415E-018) (-8.39023473553863284E-016,-2.22078668129268028E-016)             (-0.49999999999995948,0.0000000000000000)
          60        2000  -1036.1744190787222        1.0000000000000107        108.31004370056353        1.0000000000000102        4.3254941965924476E-028  -1.0658141036401503E-014  (1.12147348619808804E-015,-9.26509453913717879E-019) (-2.82487340661913579E-016,-3.63763395021296926E-016)             (-0.49999999999995859,0.0000000000000000)
          61        2000  -1035.0721058669360        1.0000000000000100        127.02923121414827        1.0000000000000098        4.6822491178268782E-028  -9.9920072216264089E-015  (1.11381315480412354E-015,-3.45674361258912250E-018) (-9.61385425772654610E-016,-3.86113275311084565E-016)             (-0.49999999999995837,0.0000000000000000)
          62        2000  -1033.9697926551498        1.0000000000000093        146.20319776054575        1.0000000000000093        4.6300135505496693E-028  -9.3258734068513149E-015  (2.96329592638290620E-016,-8.05520242749463058E-018) (-8.39783336490119203E-016,-2.13836339919550740E-016)             (-0.49999999999995814,0.0000000000000000)
          63        2000  -1032.8674794433637        1.0000000000000109        165.52955843335047        1.0000000000000111        4.3890800811997526E-028  -1.0880185641326534E-014   (2.74269331901436937E-016,2.15241728390891239E-018) (-7.80386953452763622E-016,-2.98941165431093226E-016)             (-0.49999999999995903,0.0000000000000000)
          64        2000  -1031.7651662315775        1.0000000000000127        184.70352497973877        1.0000000000000129        4.1923859648998785E-028  -1.2656542480726785E-014   (9.29836306556680734E-016,8.45921643446322409E-018) (-6.33079555069383585E-018,-2.03735614901240318E-016)             (-0.49999999999995992,0.0000000000000000)
          65        2000  -1030.6628530197913        1.0000000000000133        203.42271249330398        1.0000000000000138        3.7243618168685848E-028  -1.3322676295501878E-014   (6.01578257112748994E-016,7.34447032223929566E-018) (-8.94945123343785906E-016,-6.57216286363502822E-016)             (-0.49999999999996037,0.0000000000000000)
          66        2000  -1029.5605398080052        1.0000000000000153        221.39190820465794        1.0000000000000155        3.2492115631438723E-028  -1.5321077739827160E-014  (1.07226927803085714E-015,-9.74869508758752985E-020) (-5.20373233679789232E-016,-2.33652541026490261E-016)             (-0.49999999999996125,0.0000000000000000)
          67        2000  -1028.4582265962190        1.0000000000000140        238.32772716315594        1.0000000000000142        3.0614109604555917E-028  -1.3988810110276972E-014   (1.44694591120297947E-015,9.65195967760489732E-018) (-3.47218620683711862E-016,-2.08671461221238259E-016)             (-0.49999999999996059,0.0000000000000000)
          68        2000  -1027.3559133844328        1.0000000000000135        253.96308138685399        1.0000000000000138        3.1892975235258389E-028  -1.3544720900426910E-014   (9.14768301616922856E-016,2.81469739766498344E-018) (-3.34168960882941546E-016,-2.31852242550805257E-016)             (-0.49999999999996037,0.0000000000000000)
          69        2000  -1026.2536001726467        1.0000000000000124        268.05139199953601        1.0000000000000124        3.5719475582269689E-028  -1.2434497875801753E-014  (1.03583081717050953E-015,-3.97029823783233983E-018) (-1.18945527004361737E-015,-5.08946969574260516E-016)             (-0.49999999999995970,0.0000000000000000)
          70        2000  -1025.1512869608605        1.0000000000000142        280.37047792688298        1.0000000000000138        4.0936839400097484E-028  -1.4210854715202004E-014  (1.08104869175490719E-015,-3.51255915345776293E-018) (-1.64092612699308782E-016,-5.72208598904697634E-016)             (-0.49999999999996037,0.0000000000000000)
          71        2000  -1024.0489737490743        1.0000000000000162        290.72605982476506        1.0000000000000160        4.4758658164642782E-028  -1.6209256159527285E-014  (7.93905358321278320E-016,-1.82202871579838872E-018) (-3.62871545909806432E-016,-4.83399759295534461E-016)             (-0.49999999999996148,0.0000000000000000)
          72        2000  -1022.9466605372882        1.0000000000000167        298.95482398051945        1.0000000000000169        4.5703384329438475E-028  -1.6653345369377348E-014  (7.76277305627954832E-016,-2.19994481892050417E-018) (-8.35303527695141548E-016,-5.61311486398491501E-016)             (-0.49999999999996192,0.0000000000000000)
          73        2000  -1021.8443473255020        1.0000000000000160        304.92699786778729        1.0000000000000164        4.7390727783495820E-028  -1.5987211554602254E-014  (7.36673860582310883E-016,-1.37924332943227341E-017) (-4.61158023462625411E-016,-4.11140001081184714E-016)             (-0.49999999999996170,0.0000000000000000)
          74        2000  -1020.7420341137158        1.0000000000000144        308.54839673676821        1.0000000000000147        4.6118399325901527E-028  -1.4432899320127035E-014   (1.04365035716393761E-015,4.75036009537327694E-019) (-3.17702225076841212E-017,-4.80991442756816319E-016)             (-0.49999999999996081,0.0000000000000000)
          75        2000  -1019.6397209019296        1.0000000000000140        309.76190896397986        1.0000000000000142        4.1344297950631917E-028  -1.3988810110276972E-014   (8.83205806791944162E-016,5.70386219011124824E-018) (-5.86669116888747762E-016,-2.56281878139005587E-016)             (-0.49999999999996059,0.0000000000000000)
          76        2000  -1018.5374076901435        1.0000000000000144        308.54839673667851        1.0000000000000142        3.8139547963827459E-028  -1.4432899320127035E-014  (9.17978213498784982E-016,-5.85418560628035798E-018) (-6.88207000706903328E-016,-4.13124091234562089E-016)             (-0.49999999999996059,0.0000000000000000)
          77        2000  -1017.4350944783573        1.0000000000000155        304.92699786760420        1.0000000000000155        3.6215528826895541E-028  -1.5543122344752192E-014  (4.44724233443321629E-016,-1.41747571508453438E-019) (-9.82055092125361203E-016,-4.85150423183305525E-016)             (-0.49999999999996125,0.0000000000000000)
          78        2000  -1016.3327812665711        1.0000000000000167        298.95482398024660        1.0000000000000169        3.2830869621665164E-028  -1.6653345369377348E-014  (7.76618683487508827E-016,-4.77718075549832974E-018) (-4.53423629725824704E-016,-3.77388691125365789E-016)             (-0.49999999999996192,0.0000000000000000)
          79        2000  -1015.2304680547850        1.0000000000000184        290.72605982440570        1.0000000000000182        3.3573694381193370E-028  -1.8429702208777599E-014   (1.33618426904418908E-015,1.03758384717103035E-017) (-9.86501068622168602E-016,-5.62986178431581720E-016)             (-0.49999999999996259,0.0000000000000000)
          80        2000  -1014.1281548429988        1.0000000000000191        280.37047792644660        1.0000000000000191        3.6828030105371324E-028  -1.9095836023552692E-014  (9.34260237422725627E-016,-8.81747828819608661E-019) (-9.54280645273347482E-016,-3.70438249371794345E-016)             (-0.49999999999996303,0.0000000000000000)
          81        2000  -1013.0258416312126        1.0000000000000182        268.05139199902618        1.0000000000000187        3.8025137962360068E-028  -1.8207657603852567E-014  (7.00984155301158936E-016,-1.85421128044331909E-018) (-8.43614390640973362E-016,-4.16398759951084360E-016)             (-0.49999999999996281,0.0000000000000000)
          82        2000  -1011.9235284194265        1.0000000000000191        253.96308138628643        1.0000000000000191        4.0735676850343040E-028  -1.9095836023552692E-014  (1.06437047311788565E-015,-3.40484957456654694E-018) (-1.26172537684359608E-015,-4.70879255481665657E-016)             (-0.49999999999996303,0.0000000000000000)
          83        2000  -1010.8212152076403        1.0000000000000191        238.32772716253638        1.0000000000000191        4.5717770845399473E-028  -1.9095836023552692E-014  (9.88446765438115113E-016,-1.15427174583327061E-018) (-3.26157334209432833E-016,-3.64738071622187670E-017)             (-0.49999999999996303,0.0000000000000000)
          84        2000  -1009.7189019958541        1.0000000000000191        221.39190820399767        1.0000000000000191        4.7293769182337385E-028  -1.9095836023552692E-014  (7.58543062546430515E-016,-6.87785095935465392E-018) (-2.59782862755154476E-016,-5.64010984863239118E-016)             (-0.49999999999996303,0.0000000000000000)
          85        2000  -1008.6165887840680        1.0000000000000182        203.42271249261097        1.0000000000000187        4.7033761722411443E-028  -1.8207657603852567E-014  (1.07616421495714035E-015,-5.31905480176833035E-018) (-8.87615852918359140E-016,-3.77908076208372858E-016)             (-0.49999999999996281,0.0000000000000000)
          86        2000  -1007.5142755722818        1.0000000000000200        184.70352497902113        1.0000000000000200        4.5016062000352085E-028  -1.9984014443252818E-014   (1.27502585573077815E-015,4.67885389764262813E-018) (-6.31923346195166190E-016,-5.44560923772581586E-016)             (-0.49999999999996347,0.0000000000000000)
          87        2000  -1006.4119623604956        1.0000000000000209        165.52955843261773        1.0000000000000209        4.1472265473555816E-028  -2.0872192862952943E-014  (7.03396810667567263E-016,-1.35725033837768453E-017) (-5.18344725416011414E-016,-2.40467417687347328E-016)             (-0.49999999999996392,0.0000000000000000)
          88        2000  -1005.3096491487095        1.0000000000000207        146.20319775981491        1.0000000000000209        3.5171960237409711E-028  -2.0650148258027912E-014   (1.07875576331415866E-015,3.59304651058109194E-018) (-5.16859415451882885E-016,-3.95162021154032632E-016)             (-0.49999999999996392,0.0000000000000000)
          89        2000  -1004.2073359369233        1.0000000000000204        127.02923121342499        1.0000000000000209        3.2414586927489071E-028  -2.0428103653102880E-014  (6.08078098197569247E-016,-1.67504740404171328E-018) (-1.38062319539822621E-015,-5.94461236109916126E-016)             (-0.49999999999996392,0.0000000000000000)
          90        2000  -1003.1050227251371        1.0000000000000215        108.31004369986124        1.0000000000000218        3.2431977875825593E-028  -2.1538326677728037E-014  (5.13431332440201976E-016,-8.42211769181274087E-018) (-4.54281377376105358E-016,-2.54272995454865719E-016)             (-0.49999999999996436,0.0000000000000000)
          91        2000  -1002.0027095133510        1.0000000000000209        90.340847988511541        1.0000000000000213        3.4239848091512096E-028  -2.0872192862952943E-014  (2.11984992558259876E-016,-1.00091157092986936E-018) (-5.22770538389045835E-018,-4.47470631651889168E-016)             (-0.49999999999996414,0.0000000000000000)
          92        2000  -1000.9003963015648        1.0000000000000211        73.405029030022888        1.0000000000000213        3.7888047422536715E-028  -2.1094237467877974E-014  (1.00589350232214246E-015,-3.36306880852719879E-018)  (5.43241991251858817E-016,-5.57763223260909026E-016)             (-0.49999999999996414,0.0000000000000000)
          93        2000  -999.79808308977863        1.0000000000000193        57.769674806337790        1.0000000000000195        4.2756480123812454E-028  -1.9317880628477724E-014  (5.71771435491959553E-016,-1.23754715324255149E-018) (-6.01023059359187573E-016,-1.33749136150992421E-016)             (-0.49999999999996325,0.0000000000000000)
          94        2000  -998.69576987799246        1.0000000000000213        43.681364193671953        1.0000000000000209        4.5729813516851945E-028  -2.1316282072803006E-014  (1.31106814859578318E-015,-3.50273216944116703E-020) (-2.64326302134853960E-016,-4.27954105631690657E-016)             (-0.49999999999996392,0.0000000000000000)
          95        2000  -997.59345666620629        1.0000000000000226        31.362278266335341        1.0000000000000226        4.6273300482944261E-028  -2.2648549702353193E-014   (4.45844675127252345E-016,8.23425989611951619E-018) (-4.12269919702084319E-016,-5.76212270409424563E-016)             (-0.49999999999996481,0.0000000000000000)
          96        2000  -996.49114345442013        1.0000000000000235        21.006696368467825        1.0000000000000235        4.6049297145869878E-028  -2.3536728122053319E-014  (9.95619037865311004E-016,-1.24461476021036470E-017) (-4.29553921362706907E-016,-2.79025923670286507E-016)             (-0.49999999999996525,0.0000000000000000)
          97        2000  -995.38883024263396        1.0000000000000242        12.777932212723719        1.0000000000000240        4.4936565340959151E-028  -2.4202861936828413E-014   (9.03768510437071109E-016,5.22537658529073344E-019)  (6.55482139275188450E-016,-3.29379664420218396E-016)             (-0.49999999999996547,0.0000000000000000)
          98        2000  -994.28651703084779        1.0000000000000242        6.8057583254645557        1.0000000000000244        4.0710987709212102E-028  -2.4202861936828413E-014  (4.39530156082167315E-016,-1.15778276380245919E-017) (-4.46486640439558914E-016,-4.93777946196346990E-016)             (-0.49999999999996569,0.0000000000000000)
          99        2000  -993.18420381906162        1.0000000000000246        3.1843594564961530        1.0000000000000244        3.8459734516181179E-028  -2.4646951146678475E-014  (1.21461093563055985E-015,-2.64425874266153859E-019) (-6.85600721642609866E-016,-5.22926907843859108E-016)             (-0.49999999999996569,0.0000000000000000)
         100        2000  -992.08189060727545        1.0000000000000255        1.9708472293010153        1.0000000000000258        3.5612200869388618E-028  -2.5535129566378600E-014  (1.16910876787089104E-015,-1.02998245756197515E-018) (-1.98273909997032208E-016,-3.90852580121029564E-016)             (-0.49999999999996636,0.0000000000000000)
         101        2000  -990.97957739548929        1.0000000000000271        3.1843594566190641        1.0000000000000271        3.3145349913779918E-028  -2.7089441800853820E-014   (9.28270424914481085E-016,1.60786731839511922E-018) (-6.50156535517769378E-016,-4.62685331154732309E-016)             (-0.49999999999996703,0.0000000000000000)
         102        2000  -989.87726418370312        1.0000000000000271        6.8057583257084122        1.0000000000000271        3.4610696952535042E-028  -2.7089441800853820E-014   (8.54932122636860645E-016,4.55623678322515640E-018) (-1.27966928914824881E-015,-2.88346085786868052E-016)             (-0.49999999999996703,0.0000000000000000)
         103        2000  -988.77495097191695        1.0000000000000260        12.777932213084767        1.0000000000000262        3.7252302529405734E-028  -2.5979218776228663E-014   (5.49456905764261682E-016,8.03985018488031641E-018) (-1.02846008462307549E-015,-3.69147244315440258E-016)             (-0.49999999999996658,0.0000000000000000)
         104        2000  -987.67263776013078        1.0000000000000266        21.006696368940116        1.0000000000000271        4.0455685869548944E-028  -2.6645352591003757E-014  (7.46766997270192051E-016,-7.97755078548652609E-018) (-2.92028734309680557E-016,-4.32935843012835614E-016)             (-0.49999999999996703,0.0000000000000000)
         105        2000  -986.57032454834462        1.0000000000000262        31.362278266911670        1.0000000000000262        4.5577147107348135E-028  -2.6201263381153694E-014   (6.83122489388321978E-016,1.03943508735445003E-018) (-1.35443940158600809E-015,-4.20785391051863701E-016)             (-0.49999999999996658,0.0000000000000000)
         106        2000  -985.46801133655845        1.0000000000000278        43.681364194342969        1.0000000000000280        4.6687202924829431E-028  -2.7755575615628914E-014 (-2.14330843680116632E-017,-5.23663951789256124E-019) (-1.54200784111020811E-015,-3.74200762486913396E-016)             (-0.49999999999996747,0.0000000000000000)
         107        2000  -984.36569812477228        1.0000000000000293        57.769674807094241        1.0000000000000293        4.6130522857416546E-028  -2.9309887850104133E-014   (9.98763768691090229E-016,1.74838652148754492E-017) (-2.25960543370700420E-016,-3.72242653822706229E-016)             (-0.49999999999996814,0.0000000000000000)
         108        2000  -983.26338491298611        1.0000000000000318        73.405029030851907        1.0000000000000320        4.6571355329917436E-028  -3.1752378504279477E-014  (9.96745206742335931E-016,-5.12768825519545644E-019) (-6.26708480782020257E-016,-4.82281159925716329E-016)             (-0.49999999999996947,0.0000000000000000)
         109        2000  -982.16107170119994        1.0000000000000320        90.340847989401112        1.0000000000000320        4.3329342249394031E-028  -3.1974423109204508E-014  (1.39691853158950512E-015,-5.89632239786162702E-018) (-8.08566491394622740E-016,-3.00821595091732872E-016)             (-0.49999999999996947,0.0000000000000000)
         110        2000  -981.05875848941378        1.0000000000000311        108.31004370079600        1.0000000000000315        3.8284400259046393E-028  -3.1086244689504383E-014  (1.50484120070943050E-015,-5.60458401135855350E-019) (-7.09887279419874334E-016,-3.36661269509183909E-016)             (-0.49999999999996925,0.0000000000000000)
         111        2000  -979.95644527762761        1.0000000000000329        127.02923121439127        1.0000000000000329        3.7833966556730241E-028  -3.2862601528904634E-014  (3.20318583189783826E-016,-1.29407820068819613E-018) (-6.22310111031941716E-016,-2.90380049498124560E-016)             (-0.49999999999996991,0.0000000000000000)
         112        2000  -978.85413206584144        1.0000000000000351        146.20319776079640        1.0000000000000351        3.7350945014597253E-028  -3.5083047578154947E-014  (4.70515128870514567E-016,-2.23656853566360195E-018) (-7.17945034660240337E-016,-3.93893340596442217E-016)             (-0.49999999999997102,0.0000000000000000)
         113        2000  -977.75181885405527        1.0000000000000366        165.52955843360323        1.0000000000000364        3.5447665068196720E-028  -3.6637359812630166E-014   (7.05351471741205586E-016,2.20896524687006529E-018) (-4.34222765819701845E-016,-5.90563105829958003E-016)             (-0.49999999999997169,0.0000000000000000)
         114        2000  -976.64950564226911        1.0000000000000400        184.70352497999045        1.0000000000000400        3.6982952403181625E-028  -3.9968028886505635E-014   (6.51866178891934396E-016,1.15475331400168133E-028) (-6.21319271560326382E-016,-1.70073035447081505E-017)             (-0.49999999999997347,0.0000000000000000)
         115        2000  -975.54719243048294        1.0000000000000409        203.42271249355022        1.0000000000000409        3.9671287444778449E-028  -4.0856207306205761E-014   (5.60610676111995321E-016,2.30368296527616193E-018) (-1.94871879792094235E-016,-6.77153093991334939E-016)             (-0.49999999999997391,0.0000000000000000)
         116        2000  -974.44487921869677        1.0000000000000411        221.39190820489119        1.0000000000000409        4.1104005004028407E-028  -4.1078251911130792E-014   (1.35330030628298234E-015,4.67474492314639000E-019) (-4.80961026613434670E-016,-2.28409388493105631E-016)             (-0.49999999999997391,0.0000000000000000)
         117        2000  -973.34256600691060        1.0000000000000417        238.32772716337104        1.0000000000000422        4.4710600475253909E-028  -4.1744385725905886E-014   (1.37175915203269851E-015,2.00280776778143933E-018) (-4.07240492187348338E-016,-3.56183912765554825E-016)             (-0.49999999999997458,0.0000000000000000)
         118        2000  -972.24025279512443        1.0000000000000429        253.96308138704589        1.0000000000000431        4.8999813101175444E-028  -4.2854608750531042E-014  (8.93618472697408884E-016,-1.76641668415568291E-017) (-2.84725629510532212E-016,-6.06177244319982498E-016)             (-0.49999999999997502,0.0000000000000000)
         119        2000  -971.13793958333827        1.0000000000000411        268.05139199969938        1.0000000000000413        4.9472394638849898E-028  -4.1078251911130792E-014  (9.14217783556854406E-016,-2.23798237110836608E-018) (-8.51462849128102624E-016,-3.03771234814757639E-016)             (-0.49999999999997413,0.0000000000000000)
         120        2000  -970.03562637155210        1.0000000000000415        280.37047792702776        1.0000000000000413        4.7265631714385626E-028  -4.1522341120980855E-014  (5.50426955706502553E-016,-1.85176240338747101E-018) (-7.21484793103148914E-016,-1.35840039929085790E-016)             (-0.49999999999997413,0.0000000000000000)
         121        2000  -968.93331315976593        1.0000000000000426        290.72605982488722        1.0000000000000426        4.5285495311185039E-028  -4.2632564145606011E-014   (7.00241788149584543E-016,6.11826898138176381E-018) (-1.31987443664686781E-016,-5.24869251082471704E-016)             (-0.49999999999997480,0.0000000000000000)
         122        2000  -967.83099994797976        1.0000000000000415        298.95482398062131        1.0000000000000413        4.0446983525522056E-028  -4.1522341120980855E-014   (1.20872655973358062E-015,1.84718072387294712E-020) (-9.14995874572300158E-016,-2.43115027274926153E-016)             (-0.49999999999997413,0.0000000000000000)
         123        2000  -966.72868673619359        1.0000000000000429        304.92699786787119        1.0000000000000426        3.6874240567617649E-028  -4.2854608750531042E-014  (5.10963241209290766E-016,-1.54815848125685557E-018) (-1.46445134772920824E-016,-3.09330257523057263E-016)             (-0.49999999999997480,0.0000000000000000)
         124        2000  -965.62637352440743        1.0000000000000446        308.54839673682642        1.0000000000000444        3.5233264378976687E-028  -4.4630965589931293E-014   (1.30785514759137041E-015,5.03959563858712275E-018)  (2.74114712912206893E-017,-3.58088981486618190E-016)             (-0.49999999999997569,0.0000000000000000)
         125        2000  -964.52406031262126        1.0000000000000471        309.76190896400487        1.0000000000000471        3.6175863266969490E-028  -4.7073456244106637E-014   (1.38811277064025636E-015,2.56491797419851702E-018) (-5.30134236174583147E-016,-3.50892953785146987E-016)             (-0.49999999999997702,0.0000000000000000)
         126        2000  -963.42174710083509        1.0000000000000469        308.54839673667038        1.0000000000000466        3.9422218984297888E-028  -4.6851411639181606E-014   (7.71646900159969348E-016,7.05327584562046495E-018) (-8.05264429689155163E-016,-4.67682362376777567E-016)             (-0.49999999999997680,0.0000000000000000)
         127        2000  -962.31943388904892        1.0000000000000455        304.92699786756287        1.0000000000000457        4.4503593781188045E-028  -4.5519144009631418E-014   (5.85047595826845002E-016,1.14689176721888674E-017) (-4.84949964295897197E-016,-2.64677084878945474E-016)             (-0.49999999999997635,0.0000000000000000)
         128        2000  -961.21712067726276        1.0000000000000442        298.95482398017009        1.0000000000000444        4.7982431248517860E-028  -4.4186876380081230E-014  (1.08017304877043682E-015,-1.38026863822625744E-018) (-6.50551142147707718E-016,-5.80528893908709634E-016)             (-0.49999999999997569,0.0000000000000000)
         129        2000  -960.11480746547659        1.0000000000000435        290.72605982430241        1.0000000000000435        4.8344217244953871E-028  -4.3520742565306136E-014   (8.51030090561348322E-016,8.19480258897341211E-018) (-2.49060572526799029E-016,-2.91421781933110536E-016)             (-0.49999999999997524,0.0000000000000000)
         130        2000  -959.01249425369042        1.0000000000000442        280.37047792631677        1.0000000000000444        4.7570759661835739E-028  -4.4186876380081230E-014   (1.31809552161324410E-015,1.34883849504149871E-017) (-9.26752740288711871E-016,-4.34825308645885067E-016)             (-0.49999999999997569,0.0000000000000000)
         131        2000  -957.91018104190425        1.0000000000000444        268.05139199887140        1.0000000000000444        4.6764241526459784E-028  -4.4408920985006262E-014  (5.93402275393945030E-016,-5.03317365107124229E-019) (-1.17161934145901778E-015,-2.20754092309780038E-016)             (-0.49999999999997569,0.0000000000000000)
         132        2000  -956.80786783011808        1.0000000000000446        253.96308138610982        1.0000000000000449        4.3019957110683132E-028  -4.4630965589931293E-014  (3.17615653043000488E-016,-1.69255191534176902E-017) (-8.72563138633969038E-017,-6.68221242495316348E-016)             (-0.49999999999997591,0.0000000000000000)
         133        2000  -955.70555461833192        1.0000000000000457        238.32772716234263        1.0000000000000462        4.0370530229487377E-028  -4.5741188614556449E-014  (5.01653710509794358E-016,-7.97519263193600527E-018)  (-1.78099917428716867E-016,1.89559034899577458E-016)             (-0.49999999999997657,0.0000000000000000)
         134        2000  -954.60324140654575        1.0000000000000449        221.39190820378911        1.0000000000000453        3.9119684743970998E-028  -4.4853010194856324E-014  (8.08080833200355106E-016,-2.46088722997215429E-020) (-2.26319822649035280E-016,-2.81467057779396491E-016)             (-0.49999999999997613,0.0000000000000000)
         135        2000  -953.50092819475958        1.0000000000000440        203.42271249238854        1.0000000000000440        3.6538085728882854E-028  -4.3964831775156199E-014   (7.54221867838949979E-016,6.08279801301170453E-019)  (3.85298902531264105E-016,-3.67948846195575258E-016)             (-0.49999999999997546,0.0000000000000000)
         136        2000  -952.39861498297341        1.0000000000000457        184.70352497878946        1.0000000000000457        3.7302745756835027E-028  -4.5741188614556449E-014  (2.24550658959592207E-015,-2.02851386465627978E-018)  (2.33146882278589888E-016,-2.55991045863738255E-016)             (-0.49999999999997635,0.0000000000000000)
         137        2000  -951.29630177118725        1.0000000000000451        165.52955843238010        1.0000000000000457        3.9745134944078370E-028  -4.5075054799781356E-014   (1.13130693196540612E-015,3.50079443351780608E-018) (-1.14914563817015207E-015,-2.84940342717072225E-016)             (-0.49999999999997635,0.0000000000000000)
         138        2000  -950.19398855940108        1.0000000000000471        146.20319775957307        1.0000000000000471        4.2835963003466089E-028  -4.7073456244106637E-014   (9.68244395487471399E-016,3.28625358512442525E-018) (-6.75933000686072105E-016,-4.67145842524224900E-016)             (-0.49999999999997702,0.0000000000000000)
         139        2000  -949.09167534761491        1.0000000000000471        127.02923121318740        1.0000000000000471        4.5839096722183701E-028  -4.7073456244106637E-014  (6.37847335007725401E-016,-1.07330454422170480E-017) (-1.00768878443500326E-015,-2.11717167912962653E-016)             (-0.49999999999997702,0.0000000000000000)
         140        2000  -947.98936213582874        1.0000000000000495        108.31004369963055        1.0000000000000497        4.8030953966144108E-028  -4.9515946898281982E-014  (2.45873937686435660E-016,-4.02950081458604223E-018) (-6.17192224478356231E-016,-4.21711596195604404E-016)             (-0.49999999999997835,0.0000000000000000)
         141        2000  -946.88704892404257        1.0000000000000491        90.340847988292822        1.0000000000000488        4.8650906035444327E-028  -4.9071857688431919E-014  (6.07364756075339297E-016,-5.59463031183688017E-018) (-9.30273491982333194E-017,-6.63157190124889722E-016)             (-0.49999999999997791,0.0000000000000000)
         142        2000  -945.78473571225641        1.0000000000000488        73.405029029818138        1.0000000000000488        4.7528907476513766E-028  -4.8849813083506888E-014  (1.28756526095804850E-015,-3.03239013751618619E-019) (-8.59398922259239374E-016,-4.59866001439553165E-016)             (-0.49999999999997791,0.0000000000000000)
         143        2000  -944.68242250047024        1.0000000000000466        57.769674806150519        1.0000000000000471        4.6056157788824109E-028  -4.6629367034256575E-014  (8.18781685923296369E-016,-2.77868318361848861E-018) (-3.94343109477205013E-016,-4.41605830342052753E-016)             (-0.49999999999997702,0.0000000000000000)
         144        2000  -943.58010928868407        1.0000000000000475        43.681364193504436        1.0000000000000475        4.5477614616736402E-028  -4.7517545453956700E-014   (1.03975218924531825E-015,1.77428655564319133E-018) (-1.14451538446858717E-017,-4.38261125364124034E-016)             (-0.49999999999997724,0.0000000000000000)
         145        2000  -942.47779607689790        1.0000000000000480        31.362278266190877        1.0000000000000480        4.1941733519762389E-028  -4.7961634663806763E-014   (1.39842899268813535E-015,2.51040603004097113E-019) (-4.02387669521727332E-016,-1.44385285143194403E-016)             (-0.49999999999997746,0.0000000000000000)
         146        2000  -941.37548286511174        1.0000000000000508        21.006696368348418        1.0000000000000506        4.2837475571503924E-028  -5.0848214527832170E-014   (1.23130657993791597E-015,2.23781660691252023E-018) (-7.19660605998176008E-016,-3.18241155037805133E-016)             (-0.49999999999997879,0.0000000000000000)
         147        2000  -940.27316965332557        1.0000000000000508        12.777932212631210        1.0000000000000511        4.1367434846182125E-028  -5.0848214527832170E-014  (9.88186674620362462E-016,-6.10823819496194250E-018) (-6.55499298002689809E-016,-5.12323123934497152E-016)             (-0.49999999999997902,0.0000000000000000)
         148        2000  -939.17085644153940        1.0000000000000515        6.8057583254007419        1.0000000000000520        3.9768187139001568E-028  -5.1514348342607263E-014  (4.85903736611345907E-016,-4.34891818810206448E-018) (-1.26591516768156516E-015,-6.01744519970079755E-017)             (-0.49999999999997946,0.0000000000000000)
         149        2000  -938.06854322975323        1.0000000000000531        3.1843594564621136        1.0000000000000528        4.2218356907118704E-028  -5.3068660577082483E-014 (-3.04903929893478945E-016,-7.62579303619489377E-018)  (8.57058246039472339E-017,-2.27429336115863522E-016)             (-0.49999999999997990,0.0000000000000000)
         150        2000  -936.96623001796706        1.0000000000000531        1.9708472292974049        1.0000000000000533        4.4561952766096000E-028  -5.3068660577082483E-014   (8.61898705674655441E-016,7.60688445273137117E-018) (-7.99212696875726917E-017,-6.09214712317612137E-016)             (-0.49999999999998013,0.0000000000000000)
         151        2000  -935.86391680618090        1.0000000000000544        3.1843594566460820        1.0000000000000542        4.6980722783216706E-028  -5.4400928206632670E-014  (8.67852485996604109E-016,-2.22588895664705282E-019) (-9.76147824085561602E-016,-3.67995648521726194E-016)             (-0.49999999999998057,0.0000000000000000)
         152        2000  -934.76160359439473        1.0000000000000573        6.8057583257657850        1.0000000000000568        5.0137223892645125E-028  -5.7287508070658077E-014  (7.58414052652713011E-016,-3.91848992785323588E-018)  (4.02402409175542142E-016,-5.29014522023053381E-016)             (-0.49999999999998190,0.0000000000000000)
         153        2000  -933.65929038260856        1.0000000000000593        12.777932213171701        1.0000000000000595        4.9571827568465707E-028  -5.9285909514983359E-014   (1.28518306289437361E-015,8.69378290441001528E-018) (-1.19556446332769740E-016,-4.26554520845473581E-016)             (-0.49999999999998324,0.0000000000000000)
         154        2000  -932.55697717082239        1.0000000000000593        21.006696369055664        1.0000000000000595        4.8073490466408202E-028  -5.9285909514983359E-014   (9.09609374516405307E-016,9.78960820858194026E-019) (-2.62965756057958850E-016,-3.54166810213082697E-016)             (-0.49999999999998324,0.0000000000000000)
         155        2000  -931.45466395903622        1.0000000000000624        31.362278267053789        1.0000000000000622        4.7976536202081508E-028  -6.2394533983933798E-014  (1.38127516444456532E-015,-1.53812268286769391E-017) (-2.28148580396426989E-016,-5.12136014724478499E-016)             (-0.49999999999998457,0.0000000000000000)
         156        2000  -930.35235074725006        1.0000000000000626        43.681364194509626        1.0000000000000626        4.5112683528772237E-028  -6.2616578588858829E-014  (1.48152037418401785E-015,-1.97265067690085448E-018) (-1.22261277837686845E-015,-2.49055328769729018E-016)             (-0.49999999999998479,0.0000000000000000)
         157        2000  -929.25003753546389        1.0000000000000628        57.769674807282684        1.0000000000000631        4.1631444022170572E-028  -6.2838623193783860E-014  (6.75595661654159144E-016,-8.56051093374144138E-019) (-5.76953736821541810E-016,-3.67223212730467531E-016)             (-0.49999999999998501,0.0000000000000000)
         158        2000  -928.14772432367772        1.0000000000000626        73.405029031060195        1.0000000000000626        4.0201574540273298E-028  -6.2616578588858829E-014  (4.26637366600086163E-016,-1.28401432193190878E-017) (-1.21080491389406338E-016,-6.59386878051602036E-016)             (-0.49999999999998479,0.0000000000000000)
         159        2000  -927.04541111189155        1.0000000000000628        90.340847989624066        1.0000000000000631        4.0586371160683898E-028  -6.2838623193783860E-014   (8.15963682519364442E-016,7.14388678542147329E-018) (-3.98960986222380499E-016,-2.57190971353744791E-016)             (-0.49999999999998501,0.0000000000000000)
         160        2000  -925.94309790010539        1.0000000000000633        108.31004370103132        1.0000000000000635        4.0761003333030623E-028  -6.3282712403633923E-014  (4.97542958779812094E-016,-2.66652017918633445E-018) (-9.59265599860837550E-016,-5.84603603911766101E-016)             (-0.49999999999998523,0.0000000000000000)
         161        2000  -924.84078468831922        1.0000000000000651        127.02923121463435        1.0000000000000653        4.2281515285176501E-028  -6.5059069243034173E-014   (8.38209670784304471E-016,1.06294672403646893E-017)  (1.85715089349947661E-016,-4.51145897196029996E-016)             (-0.49999999999998612,0.0000000000000000)
         162        2000  -923.73847147653305        1.0000000000000637        146.20319776104483        1.0000000000000639        4.6871311404488036E-028  -6.3726801613483985E-014   (1.11562558439627701E-015,2.64687392813290158E-018) (-1.47450167696617654E-015,-3.42702785898453326E-016)             (-0.49999999999998546,0.0000000000000000)
         163        2000  -922.63615826474688        1.0000000000000644        165.52955843385158        1.0000000000000644        4.8762275304152103E-028  -6.4392935428259079E-014   (5.69969970677026339E-016,4.20887141357461948E-018) (-6.38223833478928110E-016,-3.61899195511041075E-016)             (-0.49999999999998568,0.0000000000000000)
         164        2000  -921.53384505296071        1.0000000000000635        184.70352498023300        1.0000000000000639        4.8221457265135593E-028  -6.3504757008558954E-014  (1.20025578253877120E-015,-4.99757177351179572E-018)  (2.37411612546348883E-016,-3.35601379034691784E-016)             (-0.49999999999998546,0.0000000000000000)
         165        2000  -920.43153184117455        1.0000000000000644        203.42271249378575        1.0000000000000644        4.9337809148979848E-028  -6.4392935428259079E-014   (1.13757162760049947E-015,2.36658615587374961E-018) (-1.55732536749784468E-015,-2.18361988791317378E-016)             (-0.49999999999998568,0.0000000000000000)
         166        2000  -919.32921862938838        1.0000000000000639        221.39190820511865        1.0000000000000639        4.7350547412088857E-028  -6.3948846218409017E-014   (1.39617696894501479E-015,4.00869459907393673E-018) (-5.83168251037322101E-016,-2.96165665764970184E-016)             (-0.49999999999998546,0.0000000000000000)
         167        2000  -918.22690541760221        1.0000000000000648        238.32772716358667        1.0000000000000648        4.3574582147059054E-028  -6.4837024638109142E-014   (1.25545704482774022E-015,7.90349638181392898E-018) (-9.33294649951124916E-017,-3.62619230236035569E-016)             (-0.49999999999998590,0.0000000000000000)
         168        2000  -917.12459220581604        1.0000000000000648        253.96308138724604        1.0000000000000648        4.1428701058586301E-028  -6.4837024638109142E-014  (1.20118301938155117E-015,-8.45718546826023965E-020) (-6.89355416483618555E-016,-1.78464915783487379E-016)             (-0.49999999999998590,0.0000000000000000)
         169        2000  -916.02227899402988        1.0000000000000655        268.05139199988599        1.0000000000000657        3.7678172594080894E-028  -6.5503158452884236E-014  (7.54425884155049374E-016,-7.98340579162172376E-019) (-2.89325154437823842E-016,-3.52080284530583331E-016)             (-0.49999999999998634,0.0000000000000000)
         170        2000  -914.91996578224371        1.0000000000000651        280.37047792718869        1.0000000000000653        3.6836967665101715E-028  -6.5059069243034173E-014   (1.08267149107602070E-015,9.09146346237026692E-018)  (3.72678322834732216E-018,-3.21380905072565767E-017)             (-0.49999999999998612,0.0000000000000000)
         171        2000  -913.81765257045754        1.0000000000000659        290.72605982501938        1.0000000000000657        3.9277394111447948E-028  -6.5947247662734299E-014   (1.38552395687516749E-015,2.30955459792936678E-028) (-8.81362318854562985E-016,-4.83035349408947549E-016)             (-0.49999999999998634,0.0000000000000000)
         172        2000  -912.71533935867137        1.0000000000000695        298.95482398072107        1.0000000000000697        4.2831712524899479E-028  -6.9499961341534799E-014   (5.34706742738050473E-016,1.80322428971731176E-019) (-4.53006381842474377E-016,-1.83472936108896021E-016)             (-0.49999999999998834,0.0000000000000000)
         173        2000  -911.61302614688520        1.0000000000000693        304.92699786793656        1.0000000000000693        4.5264545700119495E-028  -6.9277916736609768E-014  (1.02470460216860863E-015,-3.67781814918863950E-020)  (-2.92009673668699448E-016,5.44142797771652639E-017)             (-0.49999999999998812,0.0000000000000000)
         174        2000  -910.51071293509904        1.0000000000000699        308.54839673686149        1.0000000000000697        4.8459238945215503E-028  -6.9944050551384862E-014  (9.62286750840890913E-016,-2.69285503376797890E-018) (-1.39133348971858554E-015,-5.77567747638805546E-016)             (-0.49999999999998834,0.0000000000000000)
         175        2000  -909.40839972331287        1.0000000000000702        309.76190896401312        1.0000000000000706        5.0636368694968099E-028  -7.0166095156309893E-014   (9.74559075684425358E-016,8.56141509389025589E-018)  (5.87805763296898761E-016,-3.59926345700152442E-016)             (-0.49999999999998879,0.0000000000000000)
         176        2000  -908.30608651152670        1.0000000000000704        308.54839673664964        1.0000000000000706        4.8005246001330655E-028  -7.0388139761234925E-014   (1.90368661275014641E-015,1.41400880684856502E-017)  (-8.67920567741093747E-016,1.57302726258693163E-016)             (-0.49999999999998879,0.0000000000000000)
         177        2000  -907.20377329974053        1.0000000000000711        304.92699786751916        1.0000000000000711        4.3475569632828592E-028  -7.1054273576010019E-014  (9.24970799612169724E-016,-2.51845033851237655E-018) (-1.05525215831839324E-015,-6.37091546104999731E-017)             (-0.49999999999998901,0.0000000000000000)
         178        2000  -906.10146008795437        1.0000000000000728        298.95482398009995        1.0000000000000728        4.2281720932550397E-028  -7.2830630415410269E-014  (1.09583736371025320E-015,-1.47761548717016149E-017)  (3.59490803189108510E-016,-7.14153778141977163E-016)             (-0.49999999999998990,0.0000000000000000)
         179        2000  -904.99914687616820        1.0000000000000722        290.72605982420322        1.0000000000000724        4.1389269313815219E-028  -7.2164496600635175E-014  (1.10969786616427592E-015,-4.22969646910304786E-018) (-1.94168476557665018E-015,-3.67485114993096850E-016)             (-0.49999999999998967,0.0000000000000000)
         180        2000  -903.89683366438203        1.0000000000000719        280.37047792619040        1.0000000000000719        3.9854354538821737E-028  -7.1942451995710144E-014  (8.06254905646325810E-016,-1.26779525391229587E-018) (-5.18381407525217317E-016,-5.12089593694935910E-016)             (-0.49999999999998945,0.0000000000000000)
         181        2000  -902.79452045259586        1.0000000000000704        268.05139199872747        1.0000000000000706        4.0312869309567404E-028  -7.0388139761234925E-014   (9.78282074199968838E-016,3.70994670380415569E-020) (-5.89254056402090208E-017,-4.87091683662619539E-016)             (-0.49999999999998879,0.0000000000000000)
         182        2000  -901.69220724080969        1.0000000000000711        253.96308138594577        1.0000000000000711        4.0878409309761478E-028  -7.1054273576010019E-014   (1.20377873565732095E-015,8.88320022393627924E-019) (-7.23681392097113652E-016,-4.39585576601416301E-016)             (-0.49999999999998901,0.0000000000000000)
         183        2000  -900.58989402902353        1.0000000000000711        238.32772716215788        1.0000000000000715        4.2053217139486192E-028  -7.1054273576010019E-014  (1.13847943861349750E-015,-1.14638130551813696E-018) (-6.32932155798989109E-016,-2.86140531009689060E-016)             (-0.49999999999998923,0.0000000000000000)
         184        2000  -899.48758081723736        1.0000000000000724        221.39190820358630        1.0000000000000728        4.4705017413915716E-028  -7.2386541205560206E-014   (1.21277198296893562E-015,9.03199558237981146E-018) (-6.72880414088195738E-016,-4.47513267252736827E-016)             (-0.49999999999998990,0.0000000000000000)
         185        2000  -898.38526760545119        1.0000000000000719        203.42271249217055        1.0000000000000719        4.6064621311295978E-028  -7.1942451995710144E-014  (5.03794989411022975E-016,-1.85176241826790719E-018) (-1.22095594880015830E-015,-3.34263077508221528E-016)             (-0.49999999999998945,0.0000000000000000)
         186        2000  -897.28295439366502        1.0000000000000719        184.70352497856129        1.0000000000000724        4.8696600064255398E-028  -7.1942451995710144E-014  (8.20989750470831139E-016,-3.32361116636864504E-018) (-1.14349103762488454E-017,-5.21801154232462604E-016)             (-0.49999999999998967,0.0000000000000000)
         187        2000  -896.18064118187885        1.0000000000000711        165.52955843214892        1.0000000000000715        4.9034569372395935E-028  -7.1054273576010019E-014   (1.43256992246734859E-016,1.97484240016321072E-018)  (4.28007293587737582E-017,-6.33195328646833306E-017)             (-0.49999999999998923,0.0000000000000000)
         188        2000  -895.07832797009269        1.0000000000000706        146.20319775934257        1.0000000000000706        4.5579628574137247E-028  -7.0610184366159956E-014   (1.11070094471238833E-015,1.58694637038065606E-019)  (3.46330516903616723E-016,-1.35272197453077741E-016)             (-0.49999999999998879,0.0000000000000000)
         189        2000  -893.97601475830652        1.0000000000000702        127.02923121296050        1.0000000000000706        4.3230001589772998E-028  -7.0166095156309893E-014  (1.74379973096445612E-015,-2.34061660860648264E-018)  (3.89494932005368528E-016,-3.23242136442181912E-016)             (-0.49999999999998879,0.0000000000000000)
         190        2000  -892.87370154652035        1.0000000000000717        108.31004369941249        1.0000000000000719        4.2851286436842437E-028  -7.1720407390785113E-014   (8.16054694368933522E-016,5.71345433492481600E-019)  (-4.77568681264646611E-016,1.26503210673582244E-016)             (-0.49999999999998945,0.0000000000000000)
         191        2000  -891.77138833473418        1.0000000000000722        90.340847988083539        1.0000000000000719        4.2102588614124822E-028  -7.2164496600635175E-014  (9.13522657937832610E-016,-4.71364949637669677E-019) (-1.18392927907845528E-015,-2.14934619342543014E-016)             (-0.49999999999998945,0.0000000000000000)
         192        2000  -890.66907512294802        1.0000000000000748        73.405029029622781        1.0000000000000746        4.1049111330945004E-028  -7.4829031859735551E-014  (6.69859758026041883E-016,-1.25765097092235120E-017)  (3.02104483222701014E-016,-4.15129147802471466E-016)             (-0.49999999999999079,0.0000000000000000)
         193        2000  -889.56676191116185        1.0000000000000746        57.769674805970389        1.0000000000000751        4.2533794186693984E-028  -7.4606987254810520E-014   (1.59890292241510834E-016,2.19996607400562138E-018) (-7.56761461338004660E-016,-2.35297274458935880E-016)             (-0.49999999999999101,0.0000000000000000)
         194        2000  -888.46444869937568        1.0000000000000728        43.681364193343583        1.0000000000000737        4.4521479248138606E-028  -7.2830630415410269E-014  (8.23359907082207973E-016,-5.85107386912023878E-019) (-1.03023835174346864E-015,-5.32405427293868518E-016)             (-0.49999999999999034,0.0000000000000000)
         195        2000  -887.36213548758951        1.0000000000000724        31.362278266051639        1.0000000000000728        4.3527348713124989E-028  -7.2386541205560206E-014   (4.45581247572099330E-016,6.57202700565945153E-018) (-2.55857756623986767E-016,-3.46332678964039125E-016)             (-0.49999999999998990,0.0000000000000000)
         196        2000  -886.25982227580334        1.0000000000000728        21.006696368233616        1.0000000000000728        4.5316913956918759E-028  -7.2830630415410269E-014  (8.81880522557537393E-016,-4.22921039395031320E-018) (-6.72566033794609813E-016,-3.79618194883251616E-016)             (-0.49999999999998990,0.0000000000000000)
         197        2000  -885.15750906401718        1.0000000000000746        12.777932212542620        1.0000000000000751        4.5791298806180938E-028  -7.4606987254810520E-014  (1.47840507775836792E-015,-1.89186069396190533E-018) (-1.01640338159890006E-015,-5.59146550185255458E-016)             (-0.49999999999999101,0.0000000000000000)
         198        2000  -884.05519585223101        1.0000000000000744        6.8057583253395064        1.0000000000000746        4.6973716631579078E-028  -7.4384942649885488E-014  (1.58281357588916686E-015,-5.39605530969107786E-019) (-1.05176285008912729E-016,-5.59360735741203005E-016)             (-0.49999999999999079,0.0000000000000000)
         199        2000  -882.95288264044484        1.0000000000000751        3.1843594564294437        1.0000000000000755        5.0660771811434928E-028  -7.5051076464660582E-014  (1.76810667148629703E-015,-3.17710149167790829E-018) (-3.39005386954867811E-015,-5.67523187033787956E-016)             (-0.49999999999999123,0.0000000000000000)
         200        2000  -881.85056942865867        1.0000000000000751        1.9708472292939103        1.0000000000000755        5.0509521130764586E-028  -7.5051076464660582E-014   (1.48459667064898109E-016,5.32256211389133536E-018) (-2.06808399844064557E-015,-3.96878749374051671E-016)             (-0.49999999999999123,0.0000000000000000)
         201        2000  -880.74825621687251        1.0000000000000764        3.1843594566719400        1.0000000000000764        4.7645672594715788E-028  -7.6383344094210770E-014  (1.27765390451110887E-017,-6.16128262481731391E-018)  (1.85585205982937278E-016,-2.57875628183067765E-016)             (-0.49999999999999167,0.0000000000000000)
         202        2000  -879.64594300508634        1.0000000000000775        6.8057583258206771        1.0000000000000777        4.6487324283941435E-028  -7.7493567118835927E-014   (5.65371072148864856E-016,3.96770185596138183E-018) (-8.43298800371140454E-016,-3.65800068327143571E-016)             (-0.49999999999999234,0.0000000000000000)
         203        2000  -878.54362979330017        1.0000000000000804        12.777932213254955        1.0000000000000804        4.5180697280077711E-028  -8.0380146982861334E-014  (7.91307786376349818E-016,-3.72861957977047099E-020)  (1.89692108141512182E-019,-3.68001953637633773E-016)             (-0.49999999999999367,0.0000000000000000)
         204        2000  -877.44131658151400        1.0000000000000824        21.006696369166153        1.0000000000000822        4.4368867463737884E-028  -8.2378548427186615E-014   (1.63949874384500621E-015,1.11628084431182925E-018)  (8.98393680130908478E-017,-4.51125680653157586E-016)             (-0.49999999999999456,0.0000000000000000)
         205        2000  -876.33900336972783        1.0000000000000842        31.362278267189431        1.0000000000000844        4.4180461251345168E-028  -8.4154905266586866E-014  (1.78707735486194966E-015,-2.31628225577492169E-018) (-3.87292202077084910E-015,-3.75252170510458469E-016)             (-0.49999999999999567,0.0000000000000000)
         206        2000  -875.23669015794167        1.0000000000000853        43.681364194669079        1.0000000000000857        4.6357829660540865E-028  -8.5265128291212022E-014   (8.58014026253295346E-016,7.36673638781066971E-018)  (1.08404119047656009E-015,-2.58688361114573555E-016)             (-0.49999999999999634,0.0000000000000000)
         207        2000  -874.13437694615550        1.0000000000000848        57.769674807462685        1.0000000000000853        4.9517300136224980E-028  -8.4821039081361960E-014  (8.78533545623183502E-016,-1.71105939152529367E-018) (-6.18507078086846644E-016,-4.81549987424455039E-016)             (-0.49999999999999611,0.0000000000000000)
         208        2000  -873.03206373436933        1.0000000000000859        73.405029031258181        1.0000000000000862        5.0918513537119956E-028  -8.5931262105987116E-014  (1.62920534399406193E-016,-6.35779307539382056E-019) (-2.27737504544820083E-015,-2.00548541655780821E-016)             (-0.49999999999999656,0.0000000000000000)
         209        2000  -871.92975052258316        1.0000000000000866        90.340847989837712        1.0000000000000870        5.4063682764046689E-028  -8.6597395920762210E-014  (7.35209653587370243E-016,-5.59998987861463808E-018)  (1.71169849891157909E-015,-4.97179535924125810E-016)             (-0.49999999999999700,0.0000000000000000)
         210        2000  -870.82743731079700        1.0000000000000893        108.31004370125611        1.0000000000000893        5.6933685550078409E-028  -8.9261931179862586E-014  (1.41581237711853427E-015,-1.81496775180650989E-017)  (-1.17600870361198444E-015,3.49956411431061353E-016)             (-0.49999999999999811,0.0000000000000000)
         211        2000  -869.72512409901083        1.0000000000000913        127.02923121486782        1.0000000000000915        5.5124384256396477E-028  -9.1260332624187868E-014  (8.61166960189710797E-016,-1.92926674746076293E-018) (-2.67331627818913281E-015,-2.02333634504886158E-016)             (-0.49999999999999922,0.0000000000000000)
         212        2000  -868.62281088722466        1.0000000000000930        146.20319776128036        1.0000000000000933        5.1629806006068409E-028  -9.3036689463588118E-014   (1.66111751091151173E-015,1.45464478630704608E-018)  (2.89216576486336987E-015,-3.42976950521805664E-016)             (-0.50000000000000011,0.0000000000000000)
         213        2000  -867.52049767543849        1.0000000000000944        165.52955843408890        1.0000000000000950        5.0094256424558536E-028  -9.4368957093138306E-014   (2.21119604509118092E-015,1.15550371207166597E-017)  (-2.28576265962719874E-015,1.54537228550821470E-016)             (-0.50000000000000100,0.0000000000000000)
         214        2000  -866.41818446365232        1.0000000000000955        184.70352498047203        1.0000000000000959        4.7506136714930522E-028  -9.5479180117763462E-014   (2.11435417600008706E-016,1.38153037579452153E-018) (-2.17640893735901714E-015,-1.21028563776256746E-016)             (-0.50000000000000144,0.0000000000000000)
         215        2000  -865.31587125186616        1.0000000000000964        203.42271249402242        1.0000000000000964        4.6849518555757276E-028  -9.6367358537463588E-014   (1.56039159139221191E-015,1.80152096138286383E-017)  (1.18816282046086422E-015,-7.14324466314955027E-016)             (-0.50000000000000167,0.0000000000000000)
         216        2000  -864.21355804007999        1.0000000000000973        221.39190820534790        1.0000000000000977        4.7023904455210763E-028  -9.7255536957163713E-014  (4.83349380523943731E-016,-3.63482369218028248E-018) (-2.24373597738235400E-015,-1.01304891311854678E-016)             (-0.50000000000000233,0.0000000000000000)
         217        2000  -863.11124482829382        1.0000000000000968        238.32772716380342        1.0000000000000973        4.7080180809002200E-028  -9.6811447747313650E-014   (1.06612051046175767E-016,2.02460463887611215E-019) (-9.80129810748176438E-016,-2.35599356196357843E-016)             (-0.50000000000000211,0.0000000000000000)
         218        2000  -862.00893161650765        1.0000000000000950        253.96308138744993        1.0000000000000955        5.1490728367991617E-028  -9.5035090907913400E-014   (1.09240766027954012E-015,7.96159323045753637E-018)  (3.67330593491244193E-016,-5.12496904987349245E-016)             (-0.50000000000000122,0.0000000000000000)
         219        2000  -860.90661840472148        1.0000000000000941        268.05139200006869        1.0000000000000941        5.5321874090184757E-028  -9.4146912488213275E-014   (8.43626606247796893E-016,5.53566094568578991E-018) (-1.66026714886588522E-015,-4.50720282411870731E-016)             (-0.50000000000000056,0.0000000000000000)
         220        2000  -859.80430519293532        1.0000000000000973        280.37047792734847        1.0000000000000973        5.4764223870822966E-028  -9.7255536957163713E-014  (7.12954745939244233E-016,-3.24915275201468755E-018)  (1.11061439931614172E-015,-3.10573336937453059E-016)             (-0.50000000000000211,0.0000000000000000)
         221        2000  -858.70199198114915        1.0000000000000986        290.72605982515449        1.0000000000000986        5.5129683955850062E-028  -9.8587804586713901E-014  (2.11311966181556492E-015,-2.21796996086297314E-018)  (1.06080992197529796E-016,-5.97250654566831618E-016)             (-0.50000000000000278,0.0000000000000000)
         222        2000  -857.59967876936298        1.0000000000001010        298.95482398083033        1.0000000000001008        5.4685462561276982E-028  -1.0103029524088925E-013   (7.80192019874244719E-016,1.50161504027293479E-018) (-1.98144998019201494E-015,-2.97301107423949289E-016)             (-0.50000000000000389,0.0000000000000000)
         223        2000  -856.49736555757681        1.0000000000001004        304.92699786801819        1.0000000000001008        5.3544911688122963E-028  -1.0036416142611415E-013  (1.22300696984983035E-015,-3.05450112779455231E-018)  (1.50190346684785675E-015,-4.72119752534591859E-016)             (-0.50000000000000389,0.0000000000000000)
         224        2000  -855.39505234579065        1.0000000000001001        308.54839673691242        1.0000000000001004        4.9935548875471827E-028  -1.0014211682118912E-013  (8.56569173664785159E-016,-5.16390929270480525E-018) (-1.04204277660942747E-015,-4.08714708712628927E-016)             (-0.50000000000000366,0.0000000000000000)
         225        2000  -854.29273913400448        1.0000000000000995        309.76190896403506        1.0000000000000999        4.8751565567484616E-028  -9.9475983006414026E-014 (-4.11004826320887378E-016,-4.41954705333624901E-019) (-2.22498369729931521E-015,-1.66476209809793544E-016)             (-0.50000000000000344,0.0000000000000000)
         226        2000  -853.19042592221831        1.0000000000000995        308.54839673664247        1.0000000000000995        4.8947470666533865E-028  -9.9475983006414026E-014   (4.50752153222256896E-017,9.60951844767272897E-018)  (4.75647177082566525E-016,-4.19441665844601239E-016)             (-0.50000000000000322,0.0000000000000000)
         227        2000  -852.08811271043214        1.0000000000000981        304.92699786748426        1.0000000000000986        5.1370300995127173E-028  -9.8143715376863838E-014  (6.43823343888414488E-016,-2.19995477090146671E-018)  (-1.01242834461220078E-015,2.10746748184124944E-016)             (-0.50000000000000278,0.0000000000000000)
         228        2000  -850.98579949864597        1.0000000000000999        298.95482398003799        1.0000000000000999        5.3448279417214142E-028  -9.9920072216264089E-014  (7.01355151846223150E-016,-3.73564782982931729E-028) (-5.60808834441369578E-016,-1.44325119548289432E-016)             (-0.50000000000000344,0.0000000000000000)
         229        2000  -849.88348628685981        1.0000000000001008        290.72605982411409        1.0000000000001013        5.3378690687899632E-028  -1.0080825063596421E-013   (1.12209461151982456E-015,7.36689222147711157E-018)  (1.07513558905889028E-015,-5.21543188627475809E-016)             (-0.50000000000000411,0.0000000000000000)
         230        2000  -848.78117307507364        1.0000000000001021        280.37047792607910        1.0000000000001026        5.4724385616289977E-028  -1.0214051826551440E-013   (3.91433037048057769E-016,9.56384759363600741E-018) (-1.01546261481338850E-015,-2.04053134018682854E-016)             (-0.50000000000000477,0.0000000000000000)
         231        2000  -847.67885986328747        1.0000000000001030        268.05139199858894        1.0000000000001030        5.8054776478007683E-028  -1.0302869668521453E-013  (1.51521020050593218E-015,-1.56036556685545432E-018)  (-2.21241225243226286E-015,2.02051710155239118E-017)             (-0.50000000000000500,0.0000000000000000)
         232        2000  -846.57654665150130        1.0000000000001028        253.96308138578385        1.0000000000001030        5.7206146218366119E-028  -1.0280665208028950E-013  (2.20263173556476814E-015,-8.92905943055183543E-018)  (9.91167948446353500E-016,-6.98846499779289878E-016)             (-0.50000000000000500,0.0000000000000000)
         233        2000  -845.47423343971514        1.0000000000001021        238.32772716198005        1.0000000000001026        5.8823803426894584E-028  -1.0214051826551440E-013   (2.10142813697001746E-015,2.23360732259713377E-019) (-2.71958733682722843E-015,-7.81951990089184672E-017)             (-0.50000000000000477,0.0000000000000000)
         234        2000  -844.37192022792897        1.0000000000001010        221.39190820339519        1.0000000000001013        5.8594461242126140E-028  -1.0103029524088925E-013 (-1.47324491429607432E-016,-3.79496584361524181E-018) (-1.77886975206914754E-015,-2.50906518098120111E-016)             (-0.50000000000000411,0.0000000000000000)
         235        2000  -843.26960701614280        1.0000000000001008        203.42271249196958        1.0000000000001013        5.6121379309980119E-028  -1.0080825063596421E-013   (1.49874749527956541E-015,6.72700389725142184E-018)  (8.67914138207654756E-016,-6.23806981897273611E-016)             (-0.50000000000000411,0.0000000000000000)
         236        2000  -842.16729380435663        1.0000000000001006        184.70352497835165        1.0000000000001008        5.4591655180526538E-028  -1.0058620603103918E-013  (1.62016591544865868E-016,-5.91901161059452604E-018) (-2.90035641891922182E-015,-2.23598506405226229E-016)             (-0.50000000000000389,0.0000000000000000)
         237        2000  -841.06498059257046        1.0000000000001021        165.52955843193303        1.0000000000001021        5.3657644897033338E-028  -1.0214051826551440E-013  (-1.04900900694820537E-016,3.10036981236183252E-018)  (1.62414326961073151E-016,-8.83556962585721012E-017)             (-0.50000000000000455,0.0000000000000000)
         238        2000  -839.96266738078430        1.0000000000001046        146.20319775912367        1.0000000000001044        5.3281087094863260E-028  -1.0458300891968975E-013  (1.90060717092470241E-015,-1.08419802911996792E-018)  (1.61783013481019127E-016,-6.55107051351136453E-016)             (-0.50000000000000566,0.0000000000000000)
         239        2000  -838.86035416899813        1.0000000000001046        127.02923121274137        1.0000000000001048        5.3944351315781940E-028  -1.0458300891968975E-013   (5.81746238118104984E-016,4.06162459288708391E-018) (-2.72272750090601032E-015,-2.10947598295088612E-016)             (-0.50000000000000588,0.0000000000000000)
         240        2000  -837.75804095721196        1.0000000000001052        108.31004369919513        1.0000000000001057        5.3584813949354145E-028  -1.0524914273446484E-013   (6.55838083865706739E-016,5.94060102483450619E-018)  (1.04640519003852033E-015,-5.53144613493997586E-016)             (-0.50000000000000633,0.0000000000000000)
         241        2000  -836.65572774542579        1.0000000000001081        90.340847987873772        1.0000000000001084        5.7412453974782615E-028  -1.0813572259849025E-013  (2.00412268279607983E-015,-4.06289007009247200E-018) (-1.00389394003137942E-015,-4.01113088332724934E-016)             (-0.50000000000000766,0.0000000000000000)
         242        2000  -835.55341453363963        1.0000000000001077        73.405029029424725        1.0000000000001079        5.8777284567096573E-028  -1.0769163338864018E-013  (6.25184016407224515E-016,-2.65877054501726451E-018) (-2.85663070685733149E-015,-9.09445176656423921E-017)             (-0.50000000000000744,0.0000000000000000)
         243        2000  -834.45110132185346        1.0000000000001084        57.769674805788924        1.0000000000001084        6.0733753759374094E-028  -1.0835776720341528E-013   (7.93776675531053627E-016,1.63058751114581299E-018)   (2.03996183328230092E-015,7.82524514823851520E-017)             (-0.50000000000000766,0.0000000000000000)
         244        2000  -833.34878811006729        1.0000000000001104        43.681364193181089        1.0000000000001106        6.3255102944144207E-028  -1.1035616864774056E-013  (8.24835232747277009E-016,-3.99905546052621894E-019)  (-2.35857645107057024E-015,1.93888773023843656E-016)             (-0.50000000000000877,0.0000000000000000)
         245        2000  -832.24647489828112        1.0000000000001124        31.362278265910724        1.0000000000001119        6.0689852063584048E-028  -1.1235457009206584E-013 (-1.03467523419778935E-015,-1.39174984665441676E-019)  (-1.46496529452031861E-015,2.63778520242309315E-016)             (-0.50000000000000944,0.0000000000000000)
         246        2000  -831.14416168649495        1.0000000000001132        21.006696368116383        1.0000000000001132        6.0235083009174036E-028  -1.1324274851176597E-013  (1.33347603371126185E-015,-2.27384376188391260E-018)  (2.05164159673462472E-015,-3.95595744817962394E-016)             (-0.50000000000001010,0.0000000000000000)
         247        2000  -830.04184847470879        1.0000000000001126        12.777932212451910        1.0000000000001128        6.0314930608529143E-028  -1.1257661469699087E-013  (1.81519747545291626E-015,-5.04574917303137061E-019)  (-1.78135559819845254E-015,1.45340016261487672E-016)             (-0.50000000000000988,0.0000000000000000)
         248        2000  -828.93953526292262        1.0000000000001121        6.8057583252770018        1.0000000000001124        5.8165101315436816E-028  -1.1213252548714081E-013   (1.57197723603631066E-015,1.85104221115158712E-020) (-9.65490953992583073E-016,-2.02984216597688572E-016)             (-0.50000000000000966,0.0000000000000000)
         249        2000  -827.83722205113645        1.0000000000001108        3.1843594563961672        1.0000000000001115        5.4966474687634226E-028  -1.1080025785759062E-013  (1.40264606576177787E-015,-5.86778436318934806E-018)  (6.19581671462723045E-016,-2.25600166812406182E-016)             (-0.50000000000000921,0.0000000000000000)
         250        2000  -826.73490883935028        1.0000000000001117        1.9708472292906241        1.0000000000001119        5.6362948347438803E-028  -1.1168843627729075E-013  (4.73424827432087005E-017,-1.26469721329272541E-018)  (-3.85205783102437219E-016,1.11996096901246199E-016)             (-0.50000000000000944,0.0000000000000000)
         251        2000  -825.63259562756411        1.0000000000001115        3.1843594566988984        1.0000000000001119        5.6663498356380433E-028  -1.1146639167236572E-013 (-5.14166452972797550E-016,-5.16948864207897234E-019)  (1.81315750997584164E-015,-3.92948591454166533E-016)             (-0.50000000000000944,0.0000000000000000)
         252        2000  -824.53028241577795        1.0000000000001097        6.8057583258777381        1.0000000000001101        5.6384313000112544E-028  -1.0969003483296547E-013  (4.74800364545420656E-016,-7.81382723312517146E-018)  (4.63422817872245939E-016,-5.37995360696688142E-016)             (-0.50000000000000855,0.0000000000000000)
         253        2000  -823.42796920399178        1.0000000000001101        12.777932213341323        1.0000000000001101        6.0021457073835664E-028  -1.1013412404281553E-013  (9.50364668919815595E-016,-2.61735775367514383E-019) (-1.31262050529426062E-015,-4.75773350507832488E-016)             (-0.50000000000000855,0.0000000000000000)
         254        2000  -822.32565599220561        1.0000000000001106        21.006696369280476        1.0000000000001106        6.3490968021683623E-028  -1.1057821325266559E-013   (1.74194606913470533E-015,5.49487263077890126E-024)  (9.96463797775460102E-016,-1.18462382630419116E-016)             (-0.50000000000000877,0.0000000000000000)
         255        2000  -821.22334278041944        1.0000000000001097        31.362278267330879        1.0000000000001097        6.3626906659865066E-028  -1.0969003483296547E-013  (2.92980545891710717E-015,-3.79376376813848772E-018) (-6.97204697556360179E-016,-7.36446429632725115E-016)             (-0.50000000000000833,0.0000000000000000)
         256        2000  -820.12102956863328        1.0000000000001121        43.681364194834806        1.0000000000001119        6.3758393122988074E-028  -1.1213252548714081E-013  (4.33010111860305088E-016,-4.08466409362117885E-018) (-3.58057715216504060E-015,-3.12728576900113698E-016)             (-0.50000000000000944,0.0000000000000000)
         257        2000  -819.01871635684711        1.0000000000001130        57.769674807650752        1.0000000000001132        6.2185329012024373E-028  -1.1302070390684094E-013  (-5.57119493504564133E-016,2.80217899176798565E-019) (-3.14868519046889278E-016,-5.17006167472932993E-016)             (-0.50000000000001010,0.0000000000000000)
         258        2000  -817.91640314506094        1.0000000000001130        73.405029031465659        1.0000000000001132        5.8434305276098954E-028  -1.1302070390684094E-013   (5.28022632558602868E-016,7.37529846602477416E-018) (-3.48810521295978853E-016,-3.60099055950229845E-016)             (-0.50000000000001010,0.0000000000000000)
         259        2000  -816.81408993327477        1.0000000000001126        90.340847990063608        1.0000000000001128        5.5509285163531982E-028  -1.1257661469699087E-013 (-1.59312165321812576E-016,-2.15251322555248563E-018) (-5.83660714101912695E-016,-4.08729889598923106E-016)             (-0.50000000000000988,0.0000000000000000)
         260        2000  -815.71177672148860        1.0000000000001146        108.31004370149567        1.0000000000001146        5.3251873362317277E-028  -1.1457501614131615E-013   (1.68607300556839642E-015,2.79731078697632063E-018)  (1.74403681193740631E-015,-5.28567190274658827E-016)             (-0.50000000000001077,0.0000000000000000)
         261        2000  -814.60946350970244        1.0000000000001155        127.02923121511793        1.0000000000001155        5.3680815974885859E-028  -1.1546319456101628E-013  (3.03196542102378356E-015,-9.66789599770219573E-018) (-2.55255793872227547E-015,-4.08887952643751803E-016)             (-0.50000000000001121,0.0000000000000000)
         262        2000  -813.50715029791627        1.0000000000001157        146.20319776153815        1.0000000000001164        5.6426955901259679E-028  -1.1568523916594131E-013   (4.58596065086172716E-016,1.61440154860412157E-019)  (-2.79433580720155097E-015,1.21410845442748681E-016)             (-0.50000000000001166,0.0000000000000000)
         263        2000  -812.40483708613010        1.0000000000001152        165.52955843434756        1.0000000000001155        5.8099264973763348E-028  -1.1524114995609125E-013  (-4.55890115724100629E-017,5.59764169621633420E-018)  (7.96781350085786509E-016,-6.71552154626028697E-016)             (-0.50000000000001121,0.0000000000000000)
         264        2000  -811.30252387434393        1.0000000000001157        184.70352498073069        1.0000000000001159        6.0003023868493410E-028  -1.1568523916594131E-013   (8.32960200113130240E-016,4.12453929212131084E-018) (-1.95790532561099402E-015,-4.15458190653035111E-016)             (-0.50000000000001144,0.0000000000000000)
         265        2000  -810.20021066255777        1.0000000000001152        203.42271249427426        1.0000000000001155        6.2992616921352498E-028  -1.1524114995609125E-013  (6.61280571125617210E-016,-1.38720630130259527E-018) (-1.11882213457405585E-015,-2.94270162585463088E-016)             (-0.50000000000001121,0.0000000000000000)
         266        2000  -809.09789745077160        1.0000000000001164        221.39190820558713        1.0000000000001164        6.3262922613004164E-028  -1.1635137298071641E-013  (1.53570799040260722E-015,-4.43433193587026313E-018)  (5.15514664711938484E-016,-1.71781967859330006E-016)             (-0.50000000000001166,0.0000000000000000)
         267        2000  -807.99558423898543        1.0000000000001164        238.32772716402738        1.0000000000001168        6.3414215505770219E-028  -1.1635137298071641E-013   (9.55141653968352827E-016,1.31648926894999445E-017) (-1.47336547801561580E-015,-4.63810407801598448E-016)             (-0.50000000000001188,0.0000000000000000)
         268        2000  -806.89327102719926        1.0000000000001166        253.96308138765633        1.0000000000001168        6.2718645327651971E-028  -1.1657341758564144E-013  (4.11411006326931520E-016,-2.75329322999302166E-019)  (1.34571103429112204E-015,-2.40120502589033704E-016)             (-0.50000000000001188,0.0000000000000000)
         269        2000  -805.79095781541309        1.0000000000001186        268.05139200025616        1.0000000000001186        5.9955474608132323E-028  -1.1857181902996672E-013   (5.35917194293938183E-016,1.46572882827625083E-018) (-3.62510756384279272E-016,-4.50476431722689228E-016)             (-0.50000000000001277,0.0000000000000000)
         270        2000  -804.68864460362693        1.0000000000001175        280.37047792751503        1.0000000000001177        5.9420958720921657E-028  -1.1746159600534156E-013   (1.42969839769604774E-015,1.20183075273300479E-017) (-1.40430506972630060E-015,-3.34215655179329559E-016)             (-0.50000000000001232,0.0000000000000000)
         271        2000  -803.58633139184076        1.0000000000001181        290.72605982529637        1.0000000000001186        5.7465934926445279E-028  -1.1812772982011666E-013  (5.55948354147260286E-016,-4.03066919597290589E-020)  (6.72579851601934419E-016,-4.15501840244370433E-016)             (-0.50000000000001277,0.0000000000000000)
         272        2000  -802.48401818005459        1.0000000000001192        298.95482398094481        1.0000000000001195        5.7338775158883976E-028  -1.1923795284474181E-013   (1.29564430328304848E-015,1.02236480046567535E-017) (-2.57507766385532097E-016,-1.66824808938316162E-017)             (-0.50000000000001321,0.0000000000000000)
         273        2000  -801.38170496826842        1.0000000000001212        304.92699786810681        1.0000000000001212        5.8698963837278572E-028  -1.2123635428906709E-013  (-9.48880154399381344E-016,1.32849835163505522E-018) (-2.39541758248109753E-015,-3.03145239573725722E-016)             (-0.50000000000001410,0.0000000000000000)
         274        2000  -800.27939175648226        1.0000000000001215        308.54839673697182        1.0000000000001217        5.8620984085654892E-028  -1.2145839889399213E-013  (-9.61385965162037123E-016,3.33859235490725477E-020)  (1.54658430262107614E-015,-6.01244369558708040E-016)             (-0.50000000000001432,0.0000000000000000)
         275        2000  -799.17707854469609        1.0000000000001223        309.76190896406132        1.0000000000001226        6.1788692663614195E-028  -1.2234657731369225E-013   (1.94677452220548297E-015,3.67778894888567697E-020) (-6.79634789825799112E-017,-6.17129421095154825E-016)             (-0.50000000000001477,0.0000000000000000)
         276        2000  -798.07476533290992        1.0000000000001215        308.54839673664117        1.0000000000001217        6.5734848543187788E-028  -1.2145839889399213E-013   (1.38684128892534981E-015,7.32196080962173004E-018)  (-1.37023542446693966E-015,4.15920681715524409E-016)             (-0.50000000000001432,0.0000000000000000)
         277        2000  -796.97245212112375        1.0000000000001206        304.92699786744799        1.0000000000001212        6.5210747058736511E-028  -1.2057022047429200E-013   (1.03768429191065124E-015,2.43749928765656296E-018)  (6.04355737717010312E-016,-7.24791892505760602E-016)             (-0.50000000000001410,0.0000000000000000)
         278        2000  -795.87013890933758        1.0000000000001197        298.95482397997012        1.0000000000001203        6.8005929011081824E-028  -1.1968204205459188E-013   (2.10082874377856770E-015,4.03797662940208542E-018) (-8.72602925323473386E-016,-8.28658524863884623E-016)             (-0.50000000000001366,0.0000000000000000)
         279        2000  -794.76782569755142        1.0000000000001186        290.72605982402206        1.0000000000001186        6.5905916679603291E-028  -1.1857181902996672E-013  (6.30631632489773114E-017,-1.92364021777152366E-018) (-2.80347735015664375E-015,-4.87938630426122246E-017)             (-0.50000000000001277,0.0000000000000000)
         280        2000  -793.66551248576525        1.0000000000001203        280.37047792596337        1.0000000000001203        6.2535848810353554E-028  -1.2034817586936697E-013   (4.48681214211905927E-018,3.11030430549168840E-019)  (1.42574247779612864E-015,-4.39209262388497840E-016)             (-0.50000000000001366,0.0000000000000000)
         281        2000  -792.56319927397908        1.0000000000001230        268.05139199844723        1.0000000000001235        6.2383201656194925E-028  -1.2301271112846734E-013   (2.67764879874459202E-015,1.78001432044478054E-018) (-1.61723767674620421E-015,-7.12342103074066378E-016)             (-0.50000000000001521,0.0000000000000000)
         282        2000  -791.46088606219291        1.0000000000001219        253.96308138562031        1.0000000000001221        6.0034624916470454E-028  -1.2190248810384219E-013  (5.56188372078833640E-016,-1.20805720222828266E-018) (-2.52861653259378599E-015,-1.22831316131121547E-016)             (-0.50000000000001454,0.0000000000000000)
         283        2000  -790.35857285040674        1.0000000000001210        238.32772716179545        1.0000000000001212        5.6866689726254923E-028  -1.2101430968414206E-013  (1.74474477646423624E-015,-1.76748401263760222E-017)  (1.46234833996229352E-015,-2.38328815284938221E-016)             (-0.50000000000001410,0.0000000000000000)
         284        2000  -789.25625963862058        1.0000000000001203        221.39190820318964        1.0000000000001203        5.5314052626750383E-028  -1.2034817586936697E-013  (4.25555538215199807E-016,-7.89862482401253438E-018) (-1.87838216260486601E-015,-4.49400528360128936E-016)             (-0.50000000000001366,0.0000000000000000)
         285        2000  -788.15394642683441        1.0000000000001217        203.42271249175124        1.0000000000001221        5.7959106183130058E-028  -1.2168044349891716E-013   (1.35868733377315665E-016,4.91861615389289214E-029) (-4.49321272402676297E-016,-2.80426024955635921E-016)             (-0.50000000000001454,0.0000000000000000)
         286        2000  -787.05163321504824        1.0000000000001210        184.70352497812553        1.0000000000001212        5.9756087552556711E-028  -1.2101430968414206E-013   (7.07428274338385568E-016,4.08240648234134617E-018)  (5.73535025048544386E-016,-6.91693996753567657E-016)             (-0.50000000000001410,0.0000000000000000)
         287        2000  -785.94932000326207        1.0000000000001226        165.52955843170210        1.0000000000001221        5.9590840308862943E-028  -1.2256862191861728E-013  (4.59435617645453356E-016,-5.89363265287616774E-018) (-1.21161607598513371E-015,-3.63703021762288068E-016)             (-0.50000000000001454,0.0000000000000000)
         288        2000  -784.84700679147591        1.0000000000001248        146.20319775889214        1.0000000000001248        6.3717717721677755E-028  -1.2478906796786760E-013   (1.32717962344726740E-015,4.98199168303199474E-019)  (1.14883608492306719E-015,-8.44474992184748584E-016)             (-0.50000000000001588,0.0000000000000000)
         289        2000  -783.74469357968974        1.0000000000001281        127.02923121251524        1.0000000000001283        6.4050548724733476E-028  -1.2811973704174306E-013   (1.59048401965860765E-015,2.70567365839887220E-020) (-2.47096915964540605E-017,-2.31466689855599057E-016)             (-0.50000000000001765,0.0000000000000000)
         290        2000  -782.64238036790357        1.0000000000001288        108.31004369897704        1.0000000000001292        6.2352539394867458E-028  -1.2878587085651816E-013   (7.24727007227162784E-016,7.97145180868293092E-018) (-1.66548719780784319E-015,-2.19593057263734262E-016)             (-0.50000000000001810,0.0000000000000000)
         291        2000  -781.54006715611740        1.0000000000001292        90.340847987665498        1.0000000000001297        6.1773726663536835E-028  -1.2922996006636822E-013   (1.02817907837810656E-015,6.82793818669141567E-019)  (1.17375230320878124E-015,-7.49642978823776387E-016)             (-0.50000000000001832,0.0000000000000000)
         292        2000  -780.43775394433123        1.0000000000001286        73.405029029227961        1.0000000000001288        5.8652463087837395E-028  -1.2856382625159313E-013   (5.62899949492964135E-016,3.46192544602712132E-018) (-4.41527949598110840E-016,-2.50162992570099127E-016)             (-0.50000000000001787,0.0000000000000000)
         293        2000  -779.33544073254507        1.0000000000001279        57.769674805607139        1.0000000000001283        5.3943124329572474E-028  -1.2789769243681803E-013  (2.44926420946738174E-016,-7.65241474536761880E-018)  (-8.85434770501662487E-016,1.66327198069929048E-016)             (-0.50000000000001765,0.0000000000000000)
         294        2000  -778.23312752075890        1.0000000000001281        43.681364193018368        1.0000000000001279        5.2990117133685661E-028  -1.2811973704174306E-013   (9.61912002925781086E-016,4.83758331464420496E-018)  (1.47047886015046969E-015,-4.64344946541639771E-016)             (-0.50000000000001743,0.0000000000000000)
         295        2000  -777.13081430897273        1.0000000000001272        31.362278265769916        1.0000000000001275        5.4425653681133238E-028  -1.2723155862204294E-013   (2.52612844550207740E-016,1.76926980267051010E-018) (-9.55307084372817585E-016,-6.49978136368816261E-016)             (-0.50000000000001721,0.0000000000000000)
         296        2000  -776.02850109718656        1.0000000000001266        21.006696368000398        1.0000000000001270        5.5748730267873411E-028  -1.2656542480726785E-013  (9.03724692573620211E-016,-7.90092091823128523E-018) (-1.83218869772407134E-015,-1.54526972365502466E-016)             (-0.50000000000001699,0.0000000000000000)
         297        2000  -774.92618788540040        1.0000000000001275        12.777932212361939        1.0000000000001275        5.8047747924562584E-028  -1.2745360322696797E-013  (1.27973890044839876E-015,-4.19154571720886563E-018)  (8.34442834339805847E-016,-4.56766541016416764E-016)             (-0.50000000000001721,0.0000000000000000)
         298        2000  -773.82387467361423        1.0000000000001292        6.8057583252148701        1.0000000000001297        6.0504458798993939E-028  -1.2922996006636822E-013  (2.18628411499110101E-015,-2.28755023599917694E-018) (-8.03495896282491692E-016,-1.17941682958921106E-015)             (-0.50000000000001832,0.0000000000000000)
         299        2000  -772.72156146182806        1.0000000000001308        3.1843594563631528        1.0000000000001306        6.2287510953540540E-028  -1.3078427230084344E-013  (1.00394759369322579E-015,-3.53335799120936751E-018) (-4.38790343368226657E-015,-1.24223387106747027E-016)             (-0.50000000000001876,0.0000000000000000)
         300        2000  -771.61924825004189        1.0000000000001315        1.9708472292874391        1.0000000000001315        6.4869767375338244E-028  -1.3145040611561853E-013  (-3.42945323511154055E-017,1.89303345908412939E-017)  (8.35870381506463653E-016,-4.53885920214303985E-017)             (-0.50000000000001921,0.0000000000000000)
         301        2000  -770.51693503825572        1.0000000000001303        3.1843594567258027        1.0000000000001310        6.5181435404476066E-028  -1.3034018309099338E-013  (3.97360627544284331E-016,-6.12095872623017545E-018) (-1.76494978990170404E-016,-8.18571562771262170E-016)             (-0.50000000000001898,0.0000000000000000)
         302        2000  -769.41462182646956        1.0000000000001295        6.8057583259344581        1.0000000000001297        6.5318209725513740E-028  -1.2945200467129325E-013 (-9.71188003949316579E-017,-1.15188549572686389E-018)   (1.79114801499788135E-016,2.08605348347823945E-016)             (-0.50000000000001832,0.0000000000000000)
         303        2000  -768.31230861468339        1.0000000000001288        12.777932213427158        1.0000000000001292        6.2880201990572679E-028  -1.2878587085651816E-013   (9.73386317226226906E-016,8.19731593026306143E-018)  (2.52799456693093256E-015,-4.93795543189011597E-016)             (-0.50000000000001810,0.0000000000000000)
         304        2000  -767.20999540289722        1.0000000000001283        21.006696369394454        1.0000000000001288        6.3637332528516232E-028  -1.2834178164666810E-013  (2.87625028012436599E-015,-1.27721421740876745E-017) (-2.74851943946471611E-015,-7.31149221357510402E-016)             (-0.50000000000001787,0.0000000000000000)
         305        2000  -766.10768219111105        1.0000000000001268        31.362278267470678        1.0000000000001270        6.2202862057172719E-028  -1.2678746941219288E-013  (4.61188571593739007E-016,-2.28693190684278921E-019) (-5.01441590571939134E-015,-4.62167926060228912E-016)             (-0.50000000000001699,0.0000000000000000)
         306        2000  -765.00536897932489        1.0000000000001292        43.681364194998864        1.0000000000001292        6.2119967991028535E-028  -1.2922996006636822E-013  (6.85775044405556998E-016,-4.43670008313392435E-018)   (7.76032313656195256E-016,1.39162361590632822E-017)             (-0.50000000000001810,0.0000000000000000)
         307        2000  -763.90305576753872        1.0000000000001301        57.769674807836388        1.0000000000001306        6.2908568001103721E-028  -1.3011813848606835E-013  (5.90214662931254212E-016,-5.69867003280427111E-018) (-2.00659346347040492E-015,-5.06977767461474611E-016)             (-0.50000000000001876,0.0000000000000000)
         308        2000  -762.80074255575255        1.0000000000001303        73.405029031670367        1.0000000000001306        6.0678635350170567E-028  -1.3034018309099338E-013  (1.73302808594921274E-016,-6.99923613290504107E-019)  (1.32138522271066159E-015,-3.13065573867047518E-016)             (-0.50000000000001876,0.0000000000000000)
         309        2000  -761.69842934396638        1.0000000000001317        90.340847990282086        1.0000000000001319        6.2431221585341336E-028  -1.3167245072054357E-013   (1.61308354035774224E-015,3.95500177837278343E-018)  (8.18188509159834698E-016,-3.50794126761209709E-017)             (-0.50000000000001943,0.0000000000000000)
         310        2000  -760.59611613218021        1.0000000000001317        108.31004370172676        1.0000000000001319        6.5775316981274022E-028  -1.3167245072054357E-013   (7.87288131907734238E-016,1.12415847248803512E-017) (-2.93532589893068273E-015,-1.80111150338571875E-016)             (-0.50000000000001943,0.0000000000000000)
         311        2000  -759.49380292039405        1.0000000000001315        127.02923121535763        1.0000000000001315        6.5681137728198964E-028  -1.3145040611561853E-013 (-2.18294456629047250E-016,-4.67094471884827385E-018)  (7.98519563994222152E-016,-4.58514836842732874E-016)             (-0.50000000000001921,0.0000000000000000)
         312        2000  -758.39148970860788        1.0000000000001303        146.20319776178496        1.0000000000001306        6.6152644313488195E-028  -1.3034018309099338E-013  (8.46469652817873464E-016,-6.11860119482464518E-018)   (1.02844413488134435E-016,1.96367212904516953E-017)             (-0.50000000000001876,0.0000000000000000)
         313        2000  -757.28917649682171        1.0000000000001308        165.52955843459705        1.0000000000001310        6.8202762289129718E-028  -1.3078427230084344E-013   (7.00948553064841413E-016,2.09205897205030820E-018)  (-1.59940541784231152E-015,3.12773336982186949E-017)             (-0.50000000000001898,0.0000000000000000)
         314        2000  -756.18686328503554        1.0000000000001303        184.70352498097611        1.0000000000001306        6.7138249842436458E-028  -1.3034018309099338E-013   (1.86631620761214547E-015,3.72216808991884602E-018)  (3.30939823325096523E-015,-2.12663184459605832E-016)             (-0.50000000000001876,0.0000000000000000)
         315        2000  -755.08455007324937        1.0000000000001315        203.42271249451258        1.0000000000001315        6.5119154124203059E-028  -1.3145040611561853E-013  (1.76468127946490034E-015,-9.06521908701939599E-018) (-1.26708076105325014E-015,-6.73346077191245464E-016)             (-0.50000000000001921,0.0000000000000000)
         316        2000  -753.98223686146321        1.0000000000001297        221.39190820581723        1.0000000000001301        6.4109047442077664E-028  -1.2967404927621828E-013   (1.26207394082702294E-016,3.89619715867719174E-018)  (-2.55496806961475202E-015,5.57982442978826565E-017)             (-0.50000000000001854,0.0000000000000000)
         317        2000  -752.87992364967704        1.0000000000001308        238.32772716424586        1.0000000000001310        6.1544368595888153E-028  -1.3078427230084344E-013  (4.86687329740036621E-016,-5.58228945697132411E-019)   (2.19351381737954146E-015,3.48702759888995201E-017)             (-0.50000000000001898,0.0000000000000000)
         318        2000  -751.77761043789087        1.0000000000001312        253.96308138785488        1.0000000000001315        5.8981541375144563E-028  -1.3122836151069350E-013   (1.22541520084529284E-015,1.24073963281546530E-018)  (9.60373176295750860E-016,-5.53346863254245177E-016)             (-0.50000000000001921,0.0000000000000000)
         319        2000  -750.67529722610470        1.0000000000001315        268.05139200043448        1.0000000000001315        5.9678941705624118E-028  -1.3145040611561853E-013  (2.26320326408233505E-015,-2.08236873809875138E-018)  (4.30940648700789771E-015,-1.60405355067085971E-017)             (-0.50000000000001921,0.0000000000000000)
         320        2000  -749.57298401431854        1.0000000000001312        280.37047792767135        1.0000000000001315        6.3226337392371548E-028  -1.3122836151069350E-013   (2.73981565518673522E-015,5.58976008466354330E-018)  (1.03024160637920857E-015,-4.52050206900525906E-017)             (-0.50000000000001921,0.0000000000000000)
         321        2000  -748.47067080253237        1.0000000000001321        290.72605982543041        1.0000000000001323        6.5264043300060200E-028  -1.3211653993039363E-013  (1.30606159721425651E-015,-4.23081720987483225E-018) (-1.47989124614087435E-015,-4.18708853469730256E-016)             (-0.50000000000001965,0.0000000000000000)
         322        2000  -747.36835759074620        1.0000000000001319        298.95482398105599        1.0000000000001319        6.8928342989143471E-028  -1.3189449532546860E-013  (-3.67639604250444894E-016,3.28708008851856487E-019)  (3.79284357482785996E-015,-4.99098278954354101E-016)             (-0.50000000000001943,0.0000000000000000)
         323        2000  -746.26604437896003        1.0000000000001334        304.92699786819026        1.0000000000001337        7.3121672649223807E-028  -1.3344880755994382E-013  (2.59839209298301245E-015,-8.91355764737835163E-018)  (3.79261833612696668E-015,-5.53587520551508871E-016)             (-0.50000000000002032,0.0000000000000000)
         324        2000  -745.16373116717386        1.0000000000001292        308.54839673702617        1.0000000000001297        7.3143078074828421E-028  -1.2922996006636822E-013  (2.62244530330865412E-015,-5.90438649736834191E-018)  (7.33690819987524014E-016,-7.19286164593738112E-016)             (-0.50000000000001832,0.0000000000000000)
         325        2000  -744.06141795538770        1.0000000000001286        309.76190896408582        1.0000000000001288        7.5205964962298278E-028  -1.2856382625159313E-013   (5.72876253535784384E-015,5.72189462250148230E-019)  (1.20459681963486547E-014,-7.66414761469335472E-016)             (-0.50000000000001787,0.0000000000000000)
         326        2000  -742.95910474360153        1.0000000000001306        308.54839673663014        1.0000000000001306        7.3129298401829384E-028  -1.3056222769591841E-013  (6.36846470799146871E-015,-1.16823186314300362E-017)  (1.65577579503419659E-017,-3.25283980343055793E-016)             (-0.50000000000001876,0.0000000000000000)
         327        2000  -741.85679153181536        1.0000000000001332        304.92699786740513        1.0000000000001337        6.9276645200653819E-028  -1.3322676295501878E-013  (2.55759800393318036E-015,-2.30827509301217899E-018) (-2.03438489658413228E-016,-3.12110619196221569E-017)             (-0.50000000000002032,0.0000000000000000)
         328        2000  -740.75447832002919        1.0000000000001357        298.95482397989997        1.0000000000001359        6.8849007595631160E-028  -1.3566925360919413E-013   (1.30779022409283427E-015,1.10787424385571162E-018)  (8.32336682128066438E-015,-5.63846920297617122E-017)             (-0.50000000000002143,0.0000000000000000)
         329        2000  -739.65216510824303        1.0000000000001361        290.72605982391775        1.0000000000001363        7.2643570334472132E-028  -1.3611334281904419E-013  (5.14745964411315497E-015,-1.15112095896578475E-017)  (2.22768577947604183E-015,-1.51885214225576849E-015)             (-0.50000000000002165,0.0000000000000000)
         330        2000  -738.54985189645686        1.0000000000001370        280.37047792582769        1.0000000000001372        7.4788833370505474E-028  -1.3700152123874432E-013  (6.86286931439325745E-015,-8.52706640724604142E-019)  (5.92545104571412647E-015,-1.64304892164918003E-016)             (-0.50000000000002209,0.0000000000000000)
         331        2000  -737.44753868467069        1.0000000000001357        268.05139199829074        1.0000000000001359        7.9471495377794137E-028  -1.3566925360919413E-013  (7.51008925138653413E-015,-5.10478418318848140E-018)   (1.43594139917307715E-014,1.76073496599875619E-016)             (-0.50000000000002143,0.0000000000000000)
         332        2000  -736.34522547288452        1.0000000000001366        253.96308138543858        1.0000000000001368        8.2000601865988146E-028  -1.3655743202889425E-013   (2.57606476166718635E-015,1.71429506727854481E-017)  (8.75754678422280287E-016,-8.01482478679446950E-016)             (-0.50000000000002187,0.0000000000000000)
         333        2000  -735.24291226109835        1.0000000000001363        238.32772716159477        1.0000000000001363        8.7352002570160060E-028  -1.3633538742396922E-013  (8.99335068908368990E-016,-4.83143929998058073E-018)   (5.94930649203541444E-015,2.15229104293047175E-016)             (-0.50000000000002165,0.0000000000000000)
         334        2000  -734.14059904931219        1.0000000000001368        221.39190820297540        1.0000000000001372        9.4919595382951053E-028  -1.3677947663381929E-013   (4.37530607714779176E-015,3.93334332017108705E-018)  (9.40265913090312641E-015,-1.92573806554001253E-016)             (-0.50000000000002209,0.0000000000000000)
         335        2000  -733.03828583752602        1.0000000000001357        203.42271249152392        1.0000000000001359        9.6012185860601936E-028  -1.3566925360919413E-013  (4.67214342711749949E-015,-9.90734891742075739E-018)  (7.28466534575773734E-015,-4.26651028955788471E-016)             (-0.50000000000002143,0.0000000000000000)
         336        2000  -731.93597262573985        1.0000000000001357        184.70352497789085        1.0000000000001354        1.0349358914522321E-027  -1.3566925360919413E-013   (8.33143303602023935E-015,2.53683413091261259E-018)   (7.00226750679824289E-015,2.93836958001284671E-017)             (-0.50000000000002121,0.0000000000000000)
         337        2000  -730.83365941395368        1.0000000000001359        165.52955843146503        1.0000000000001363        9.9038137332643106E-028  -1.3589129821411916E-013   (4.40872276631079245E-015,1.00318081408618259E-017)   (4.47267420209548928E-015,3.75785005296724607E-016)             (-0.50000000000002165,0.0000000000000000)
         338        2000  -729.73134620216752        1.0000000000001381        146.20319775865346        1.0000000000001381        9.5632587942302319E-028  -1.3811174426336947E-013  (-3.18574912296717162E-015,9.26024085669351676E-018) (-1.58592746783459435E-015,-1.04624289665497090E-015)             (-0.50000000000002254,0.0000000000000000)
         339        2000  -728.62903299038135        1.0000000000001381        127.02923121227492        1.0000000000001381        9.6210023799225166E-028  -1.3811174426336947E-013  (-1.18657087298853891E-015,5.11634824051350506E-019)   (8.99143777488735898E-015,2.42305961271621617E-016)             (-0.50000000000002254,0.0000000000000000)
         340        2000  -727.52671977859518        1.0000000000001361        108.31004369874148        1.0000000000001363        9.6941194047800642E-028  -1.3611334281904419E-013 (-1.64244443359450734E-015,-3.86547163368916820E-018)  (-8.31096474605452440E-015,4.54686647242610179E-016)             (-0.50000000000002165,0.0000000000000000)
         341        2000  -726.42440656680901        1.0000000000001381        90.340847987441805        1.0000000000001386        1.0184172173264959E-027  -1.3811174426336947E-013  (3.34115284359586678E-015,-2.37055153034323346E-017)   (5.95253277261391231E-016,1.63944669979287495E-015)             (-0.50000000000002276,0.0000000000000000)
         342        2000  -725.32209335502284        1.0000000000001370        73.405029029019687        1.0000000000001372        1.1244025002682606E-027  -1.3700152123874432E-013   (2.58190527427724578E-016,1.31025070551186456E-028) (-2.80995192183223228E-014,-2.02039763986437379E-015)             (-0.50000000000002209,0.0000000000000000)
         343        2000  -724.21978014323668        1.0000000000001377        57.769674805417104        1.0000000000001377        1.5698070035039198E-027  -1.3766765505351941E-013  (-8.51928647319023266E-015,5.99484615597129455E-018) (-2.28600676343249224E-014,-6.62684767978974610E-015)             (-0.50000000000002232,0.0000000000000000)
         344        2000  -723.11746693145051        1.0000000000001390        43.681364192848847        1.0000000000001390        1.7086352957913312E-027  -1.3899992268306960E-013  (-2.02411695917409245E-014,1.97500920446326501E-018) (-3.26104164118329137E-014,-8.05932022896359507E-016)             (-0.50000000000002298,0.0000000000000000)
         345        2000  -722.01515371966434        1.0000000000001388        31.362278265624038        1.0000000000001386        2.0693527537588760E-027  -1.3877787807814457E-013  (-1.89876239131871400E-014,1.69135648992162821E-018) (-5.06590760471417892E-014,-2.06443693061124674E-015)             (-0.50000000000002276,0.0000000000000000)
         346        2000  -720.91284050787817        1.0000000000001412        21.006696367880156        1.0000000000001412        2.7418235746366802E-027  -1.4122036873231991E-013 (-3.84359223115268896E-014,-6.42301773903005772E-018) (-5.75801724349554110E-014,-3.31314580705233107E-015)             (-0.50000000000002409,0.0000000000000000)
         347        2000  -719.81052729609200        1.0000000000001423        12.777932212269620        1.0000000000001426        3.0427895900119777E-027  -1.4233059175694507E-013 (-2.67314701929262342E-014,-1.50752440759757120E-018) (-6.52835674826090426E-014,-1.40885104960956731E-014)             (-0.50000000000002476,0.0000000000000000)
         348        2000  -718.70821408430584        1.0000000000001412        6.8057583251516007        1.0000000000001412        3.6964580436574348E-027  -1.4122036873231991E-013 (-4.23928715881622430E-014,-1.13663046860756933E-019)  (-8.97290748772986649E-014,7.43524459420110761E-015)             (-0.50000000000002409,0.0000000000000000)
         349        2000  -717.60590087251967        1.0000000000001397        3.1843594563299225        1.0000000000001399        5.0817550889989964E-027  -1.3966605649784469E-013  (-6.17403018151470885E-014,1.19764463509844578E-019) (-8.62673512156683348E-014,-4.48504219773703693E-015)             (-0.50000000000002343,0.0000000000000000)
         350        2000  -716.50358766073350        1.0000000000001401        1.9708472292847015        1.0000000000001403        7.2311473773517072E-027  -1.4011014570769476E-013  (-9.67323815964479001E-014,3.12154033929719162E-018)  (-2.84930243213734748E-014,3.46426589853412618E-015)             (-0.50000000000002365,0.0000000000000000)
         351        2000  -715.40127444894733        1.0000000000001426        3.1843594567535756        1.0000000000001426        8.0279588249040446E-027  -1.4255263636187010E-013 (-8.98556878357249814E-014,-6.99915306786691809E-018) (-4.74175275651349718E-014,-1.09667138562831473E-014)             (-0.50000000000002476,0.0000000000000000)
         352        2000  -714.29896123716117        1.0000000000001421        6.8057583259922572        1.0000000000001426        7.3817461362661093E-027  -1.4210854715202004E-013 (-8.17237567258869186E-014,-1.92771556890085002E-017)   (4.19345744986983142E-014,1.85211813051091696E-015)             (-0.50000000000002476,0.0000000000000000)
         353        2000  -713.19664802537500        1.0000000000001434        12.777932213514124        1.0000000000001434        6.9078337166619513E-027  -1.4344081478157023E-013 (-7.34013062090858536E-014,-4.33122106945956042E-018) (-4.38807358413270391E-014,-2.60412390755299194E-014)             (-0.50000000000002520,0.0000000000000000)
         354        2000  -712.09433481358883        1.0000000000001461        21.006696369509090        1.0000000000001461        6.9287745473424566E-027  -1.4610535004067060E-013 (-8.39155921583787162E-014,-2.64254104598460028E-019)   (1.32339862000494421E-014,1.11244041337601149E-014)             (-0.50000000000002653,0.0000000000000000)
         355        2000  -710.99202160180266        1.0000000000001463        31.362278267611721        1.0000000000001465        6.4318931895822485E-027  -1.4632739464559563E-013  (-4.29303670416228857E-014,1.80621476688514685E-018) (-3.48822853342331175E-015,-2.18158897839088977E-014)             (-0.50000000000002676,0.0000000000000000)
         356        2000  -709.88970839001649        1.0000000000001450        43.681364195164129        1.0000000000001452        5.0166483773651404E-027  -1.4499512701604544E-013  (-3.93491469413723432E-014,2.54784969427124453E-018) (-2.58100327628676417E-014,-2.35533720662803402E-015)             (-0.50000000000002609,0.0000000000000000)
         357        2000  -708.78739517823033        1.0000000000001439        57.769674808022501        1.0000000000001439        6.9496742687000279E-027  -1.4388490399142029E-013 (-4.68079140460938131E-014,-9.90805403497906917E-018) (-1.05735498964818074E-013,-8.27541906899467255E-015)             (-0.50000000000002542,0.0000000000000000)
         358        2000  -707.68508196644416        1.0000000000001446        73.405029031874705        1.0000000000001448        7.9595060620116746E-027  -1.4455103780619538E-013  (-7.82175108169268727E-014,5.59763170370618280E-018)  (1.62102337171856774E-016,-5.09052347409173334E-018)             (-0.50000000000002587,0.0000000000000000)
         359        2000  -706.58276875465799        1.0000000000001439        90.340847990501715        1.0000000000001443        9.2476143941399830E-027  -1.4388490399142029E-013 (-8.05858470510994152E-014,-5.15859355219847806E-019)  (-6.01918408420876006E-014,5.82110676970095883E-015)             (-0.50000000000002565,0.0000000000000000)
         360        2000  -705.48045554287182        1.0000000000001457        108.31004370195835        1.0000000000001457        8.6043396748665799E-027  -1.4566126083082054E-013  (-8.20426640783930429E-014,5.95791276409272508E-018)   (3.19460983320872684E-014,2.07836542940445285E-014)             (-0.50000000000002631,0.0000000000000000)
         361        2000  -704.37814233108566        1.0000000000001457        127.02923121559874        1.0000000000001457        7.8676861113424283E-027  -1.4566126083082054E-013  (-4.65277507919337768E-014,3.89228877506578350E-018) (-7.48447695670674167E-014,-7.24053729209157832E-015)             (-0.50000000000002631,0.0000000000000000)
         362        2000  -703.27582911929949        1.0000000000001472        146.20319776202930        1.0000000000001470        6.6416505809519090E-027  -1.4721557306529576E-013  (-2.45350847459450611E-014,5.97423902153510921E-019)   (1.82732232811958446E-014,2.24694906782881352E-014)             (-0.50000000000002698,0.0000000000000000)
         363        2000  -702.17351590751332        1.0000000000001470        165.52955843484264        1.0000000000001474        7.0740209511039300E-027  -1.4699352846037073E-013  (2.29487621186036774E-015,-3.96340850586240395E-020)  (-3.22738570023535546E-014,1.43913169582050554E-015)             (-0.50000000000002720,0.0000000000000000)
         364        2000  -701.07120269572715        1.0000000000001474        184.70352498121974        1.0000000000001479        7.4456953300156110E-027  -1.4743761767022079E-013   (2.57211931457992411E-014,2.20263458400165459E-018)  (2.48993768568551698E-014,-8.38392062184905432E-015)             (-0.50000000000002742,0.0000000000000000)
         365        2000  -699.96888948394098        1.0000000000001474        203.42271249474817        1.0000000000001474        9.0358815349930902E-027  -1.4743761767022079E-013   (5.64125496751070978E-014,1.13755021748047860E-018)  (-8.74491088950574253E-015,1.08009340025392086E-014)             (-0.50000000000002720,0.0000000000000000)
         366        2000  -698.86657627215482        1.0000000000001463        221.39190820604418        1.0000000000001465        1.3077095594061259E-026  -1.4632739464559563E-013   (9.22813386910097761E-014,4.46306702416793914E-018)  (1.36173679299724018E-013,-9.02326641345159250E-015)             (-0.50000000000002676,0.0000000000000000)
         367        2000  -697.76426306036865        1.0000000000001450        238.32772716445953        1.0000000000001452        1.9773501259187772E-026  -1.4499512701604544E-013   (1.42637813829260549E-013,1.04226877636564783E-018) (-3.37621018889922820E-014,-1.18217644457887747E-014)             (-0.50000000000002609,0.0000000000000000)
         368        2000  -696.66194984858248        1.0000000000001452        253.96308138805358        1.0000000000001452        2.8376450858114514E-026  -1.4521717162097048E-013   (1.79991499835826919E-013,5.74421486420184321E-018)   (1.45591864328291679E-013,1.22270355211292497E-015)             (-0.50000000000002609,0.0000000000000000)
         369        2000  -695.55963663679631        1.0000000000001468        268.05139200061194        1.0000000000001470        3.9590178221168286E-026  -1.4677148385544569E-013   (2.32705098997554814E-013,1.01020778655118508E-018)  (4.72331770257985223E-014,-3.11089366367550191E-014)             (-0.50000000000002698,0.0000000000000000)
         370        2000  -694.45732342501015        1.0000000000001485        280.37047792782658        1.0000000000001488        5.2731248683317878E-026  -1.4854784069484595E-013   (2.76432902568063216E-013,1.04417523329449459E-018)  (9.04077024812298532E-014,-3.13773704578809662E-014)             (-0.50000000000002787,0.0000000000000000)
         371        2000  -693.35501021322398        1.0000000000001454        290.72605982555837        1.0000000000001457        7.1781086327454679E-026  -1.4543921622589551E-013   (3.33242253220709795E-013,6.20049235556851522E-019)  (5.06980771425174541E-014,-5.83903264389466646E-014)             (-0.50000000000002631,0.0000000000000000)
         372        2000  -692.25269700143781        1.0000000000001441        298.95482398115513        1.0000000000001448        9.2543176025161348E-026  -1.4410694859634532E-013   (3.84857516315596723E-013,1.85439966857335833E-018)  (1.71071004665066938E-013,-7.06509025378119513E-014)             (-0.50000000000002587,0.0000000000000000)
         373        2000  -691.15038378965164        1.0000000000001441        304.92699786825960        1.0000000000001439        1.1367507690542837E-025  -1.4410694859634532E-013  (4.26826330562426323E-013,-7.77130970119216879E-018)  (1.75332517532118176E-014,-5.65720334531212865E-014)             (-0.50000000000002542,0.0000000000000000)
         374        2000  -690.04807057786547        1.0000000000001463        308.54839673706738        1.0000000000001461        1.4122150696328262E-025  -1.4632739464559563E-013  (4.89703980483012024E-013,-7.90550123689430615E-020)  (1.95309481443463940E-013,-8.92107096009038998E-014)             (-0.50000000000002653,0.0000000000000000)
         375        2000  -688.94575736607931        1.0000000000001485        309.76190896410026        1.0000000000001483        1.6725127617692120E-025  -1.4854784069484595E-013  (5.23976404342873201E-013,-1.07487765904973997E-017)  (3.80614633359633633E-014,-9.34756885257932521E-014)             (-0.50000000000002764,0.0000000000000000)
         376        2000  -687.84344415429314        1.0000000000001492        308.54839673661547        1.0000000000001492        1.9585925637252288E-025  -1.4921397450962104E-013  (5.79607906299500675E-013,-2.59931792459620939E-018)  (1.40184082850644137E-013,-7.11560888232560427E-014)             (-0.50000000000002809,0.0000000000000000)
         377        2000  -686.74113094250697        1.0000000000001497        304.92699786736051        1.0000000000001501        2.1809426690377703E-025  -1.4965806371947110E-013  (6.04124787226438580E-013,-1.28117759480390334E-017)  (6.47310045281421250E-014,-1.00545556680785639E-013)             (-0.50000000000002853,0.0000000000000000)
         378        2000  -685.63881773072080        1.0000000000001492        298.95482397982698        1.0000000000001497        2.3905562018033535E-025  -1.4921397450962104E-013  (6.40903772927846613E-013,-7.67868431564173010E-018)  (1.88359414166258939E-014,-1.07001535444902739E-013)             (-0.50000000000002831,0.0000000000000000)
         379        2000  -684.53650451893463        1.0000000000001479        290.72605982381612        1.0000000000001479        2.4729878304276790E-025  -1.4788170688007085E-013   (6.43798748332254270E-013,2.96128665173989164E-019)  (1.81265665792848791E-015,-5.36810467125702168E-014)             (-0.50000000000002742,0.0000000000000000)
         380        2000  -683.43419130714847        1.0000000000001470        280.37047792570019        1.0000000000001474        2.5007863005356728E-025  -1.4699352846037073E-013  (6.58392998813013592E-013,-3.75794700450969056E-018)  (4.13436622182057491E-014,-1.28643698450527397E-013)             (-0.50000000000002720,0.0000000000000000)
         381        2000  -682.33187809536230        1.0000000000001481        268.05139199813698        1.0000000000001479        2.4095879733485686E-025  -1.4810375148499588E-013   (6.34603953886717832E-013,3.72649012219564602E-020) (-1.24235642025716637E-013,-7.85413853504106720E-014)             (-0.50000000000002742,0.0000000000000000)
         382        2000  -681.22956488357613        1.0000000000001492        253.96308138526882        1.0000000000001492        2.2632949258442154E-025  -1.4921397450962104E-013  (6.22027817532843087E-013,-2.24940453997158123E-020) (-1.15759714552640199E-015,-8.51538896492606801E-014)             (-0.50000000000002809,0.0000000000000000)
         383        2000  -680.12725167178996        1.0000000000001492        238.32772716140474        1.0000000000001497        1.9052080462730034E-025  -1.4921397450962104E-013  (5.54893690298790825E-013,-7.46793987814345946E-018) (-1.32050421580983027E-013,-8.24978486839770749E-014)             (-0.50000000000002831,0.0000000000000000)
         384        2000  -679.02493846000380        1.0000000000001501        221.39190820276923        1.0000000000001505        1.5677376199911609E-025  -1.5010215292932116E-013   (5.07862137497302011E-013,7.86863055528464143E-018) (-1.44220567759060260E-013,-8.64882819607420524E-014)             (-0.50000000000002875,0.0000000000000000)
         385        2000  -677.92262524821763        1.0000000000001521        203.42271249130840        1.0000000000001519        1.1110458091719748E-025  -1.5210055437364645E-013   (3.95728935248479363E-013,4.42314973044735385E-019) (-1.58273192238509933E-013,-6.77176142039483509E-014)             (-0.50000000000002942,0.0000000000000000)
         386        2000  -676.82031203643146        1.0000000000001514        184.70352497766382        1.0000000000001519        7.2284052699562297E-026  -1.5143442055887135E-013  (2.90114391539140522E-013,-3.69542503089994086E-020) (-2.22449104270523009E-013,-7.21830916766446276E-014)             (-0.50000000000002942,0.0000000000000000)
         387        2000  -675.71799882464529        1.0000000000001501        165.52955843122845        1.0000000000001501        4.2945333027557851E-026  -1.5010215292932116E-013   (1.10302176901174396E-013,2.79479183036740965E-018)  (-2.18266987319400119E-013,1.62555243968645109E-014)             (-0.50000000000002853,0.0000000000000000)
         388        2000  -674.61568561285912        1.0000000000001523        146.20319775841440        1.0000000000001528        4.3278620629331165E-026  -1.5232259897857148E-013  (-4.29457544530842775E-014,7.50055606661807228E-018) (-1.57893691291986900E-013,-2.58344660876164010E-014)             (-0.50000000000002986,0.0000000000000000)
         389        2000  -673.51337240107296        1.0000000000001543        127.02923121204083        1.0000000000001545        8.2577338350226743E-026  -1.5432100042289676E-013 (-2.37890433486851176E-013,-6.16109558881353464E-018)  (-2.75870792435280496E-013,1.21090313784331542E-014)             (-0.50000000000003075,0.0000000000000000)
         390        2000  -672.41105918928679        1.0000000000001557        108.31004369851442        1.0000000000001554        1.8188264060625747E-025  -1.5565326805244695E-013  (-4.43513547323403759E-013,1.15926369792423447E-018)  (-3.14351086928024236E-013,7.73598904906228566E-014)             (-0.50000000000003120,0.0000000000000000)
         391        2000  -671.30874597750062        1.0000000000001557        90.340847987225132        1.0000000000001559        3.7590646390272344E-025  -1.5565326805244695E-013  (-7.23828387561762820E-013,7.42509434311487712E-018)  (-2.56877921686099316E-013,1.05182779447692231E-013)             (-0.50000000000003142,0.0000000000000000)
         392        2000  -670.20643276571445        1.0000000000001543        73.405029028816912        1.0000000000001545        6.7367259505470220E-025  -1.5432100042289676E-013 (-1.00106069802979813E-012,-4.47379957400825798E-018)  (-4.26677419608238740E-013,1.42416694822562573E-013)             (-0.50000000000003075,0.0000000000000000)
         393        2000  -669.10411955392829        1.0000000000001554        57.769674805231190        1.0000000000001554        1.1121494310182014E-024  -1.5543122344752192E-013  (-1.33294021010503313E-012,2.30192842610759893E-018)  (-3.49527616431858609E-013,2.51061846762740876E-013)             (-0.50000000000003120,0.0000000000000000)
         394        2000  -668.00180634214212        1.0000000000001557        43.681364192682786        1.0000000000001559        1.6866737493009990E-024  -1.5565326805244695E-013  (-1.65387800846946299E-012,6.20754024095552666E-018)  (-4.01228336957148029E-013,2.29739758396915220E-013)             (-0.50000000000003142,0.0000000000000000)
         395        2000  -666.89949313035595        1.0000000000001581        31.362278265480747        1.0000000000001581        2.4473650423934395E-024  -1.5809575870662229E-013 (-2.02838308863240991E-012,-2.74149463758726850E-018)  (-4.68587858627960286E-013,3.46924084769644755E-013)             (-0.50000000000003253,0.0000000000000000)
         396        2000  -665.79717991856978        1.0000000000001577        21.006696367761737        1.0000000000001572        3.3291721144440882E-024  -1.5765166949677223E-013  (-2.37462959135573977E-012,7.25300931405835372E-019)  (-4.03038599864236525E-013,4.12578857285561304E-013)             (-0.50000000000003209,0.0000000000000000)
         397        2000  -664.69486670678361        1.0000000000001601        12.777932212178072        1.0000000000001603        4.3717890671548656E-024  -1.6009416015094757E-013 (-2.74181324319904042E-012,-2.23437610717254062E-018)  (-4.02528217440683338E-013,4.37400845238343508E-013)             (-0.50000000000003364,0.0000000000000000)
         398        2000  -663.59255349499745        1.0000000000001612        6.8057583250886271        1.0000000000001616        5.5346790210020234E-024  -1.6120438317557273E-013 (-3.09576484725538575E-012,-2.18490883446786054E-017)  (-5.51169869064360428E-013,5.28007732181956378E-013)             (-0.50000000000003431,0.0000000000000000)
         399        2000  -662.49024028321128        1.0000000000001588        3.1843594562965860        1.0000000000001590        6.7939113191344104E-024  -1.5876189252139739E-013  (-3.45071053756914819E-012,1.82409657848744244E-028)  (-3.30414678255523867E-013,6.11875584284001034E-013)             (-0.50000000000003297,0.0000000000000000)
         400        2000  -661.38792707142511        1.0000000000001574        1.9708472292817580        1.0000000000001577        8.0617911543994317E-024  -1.5742962489184720E-013 (-3.75870372217734861E-012,-2.56564600395646892E-019)  (-4.49567437158361186E-013,5.87856650286350063E-013)             (-0.50000000000003231,0.0000000000000000)
         401        2000  -660.28561385963894        1.0000000000001579        3.1843594567812050        1.0000000000001577        9.2897043142593157E-024  -1.5787371410169726E-013 (-4.05119189176237618E-012,-2.19956546353339330E-018)  (-4.11439578078692497E-013,7.14020982921443617E-013)             (-0.50000000000003231,0.0000000000000000)
         402        2000  -659.18330064785278        1.0000000000001579        6.8057583260501984        1.0000000000001577        1.0372411735213615E-023  -1.5787371410169726E-013 (-4.28081360359877676E-012,-3.22488216992337294E-019)  (-2.55291541976043168E-013,7.08396301089827800E-013)             (-0.50000000000003231,0.0000000000000000)
         403        2000  -658.08098743606661        1.0000000000001588        12.777932213601483        1.0000000000001585        1.1209701632803335E-023  -1.5876189252139739E-013  (-4.45343020634342280E-012,6.72097709695009887E-018)  (-2.36874100525630389E-013,7.01952528557308497E-013)             (-0.50000000000003275,0.0000000000000000)
         404        2000  -656.97867422428044        1.0000000000001610        21.006696369624695        1.0000000000001612        1.1693746655899526E-023  -1.6098233857064770E-013 (-4.54486807403932938E-012,-5.60592274136011517E-019)  (-1.74302555119868538E-013,7.74684930372356933E-013)             (-0.50000000000003408,0.0000000000000000)
         405        2000  -655.87636101249427        1.0000000000001634        31.362278267753499        1.0000000000001634        1.1776804322746734E-023  -1.6342482922482304E-013 (-4.56003448028588573E-012,-5.15359565349794560E-019)   (7.22714380459384857E-014,7.14802178540229712E-013)             (-0.50000000000003519,0.0000000000000000)
         406        2000  -654.77404780070810        1.0000000000001630        43.681364195330502        1.0000000000001630        1.1345594753838100E-023  -1.6298074001497298E-013  (-4.46385071904935135E-012,5.71179649062061070E-019)   (5.26967203185246369E-014,6.94864406006089407E-013)             (-0.50000000000003497,0.0000000000000000)
         407        2000  -653.67173458892194        1.0000000000001616        57.769674808211690        1.0000000000001616        1.0369213511176807E-023  -1.6164847238542279E-013 (-4.25040264325655592E-012,-5.13808756719778768E-018)   (3.57180227487588049E-013,7.01959672945927053E-013)             (-0.50000000000003431,0.0000000000000000)
         408        2000  -652.56942137713577        1.0000000000001648        73.405029032082993        1.0000000000001648        8.9034969787144088E-024  -1.6475709685437323E-013  (-3.90421056834232770E-012,3.98626207049544025E-018)   (5.36302369019633921E-013,5.75976247325650451E-013)             (-0.50000000000003586,0.0000000000000000)
         409        2000  -651.46710816534960        1.0000000000001672        90.340847990726331        1.0000000000001670        7.0166646071000302E-024  -1.6719958750854857E-013 (-3.40041946017780297E-012,-2.82733154525633422E-018)   (6.78841842039006304E-013,5.06933336483080745E-013)             (-0.50000000000003697,0.0000000000000000)
         410        2000  -650.36479495356343        1.0000000000001683        108.31004370219594        1.0000000000001683        4.9476588056861605E-024  -1.6830981053317373E-013  (-2.73830714091113274E-012,6.61709458035011044E-018)   (9.61595437330616649E-013,4.51478725504420162E-013)             (-0.50000000000003764,0.0000000000000000)
         411        2000  -649.26248174177726        1.0000000000001683        127.02923121584357        1.0000000000001683        3.0668504154390441E-024  -1.6830981053317373E-013 (-1.90801632425872347E-012,-3.91177187580644996E-018)   (1.27411604461131632E-012,2.48242064755291723E-013)             (-0.50000000000003764,0.0000000000000000)
         412        2000  -648.16016852999110        1.0000000000001674        146.20319776228001        1.0000000000001679        1.8340211979532054E-024  -1.6742163211347361E-013  (-9.10717749733111361E-013,1.36601524322705351E-017)   (1.35450391286539408E-012,1.47284224144384115E-013)             (-0.50000000000003741,0.0000000000000000)
         413        2000  -647.05785531820493        1.0000000000001679        165.52955843509235        1.0000000000001679        1.8639348858844405E-024  -1.6786572132332367E-013  (2.82840109290981893E-013,-3.20675342960957822E-019)  (1.79284119232519830E-012,-4.84068788923660313E-014)             (-0.50000000000003741,0.0000000000000000)
         414        2000  -645.95554210641876        1.0000000000001708        184.70352498146283        1.0000000000001705        3.9072657337177280E-024  -1.7075230118734908E-013  (1.66994311245499139E-012,-9.64647307459934751E-018)  (1.95621905782187377E-012,-3.21244556005731967E-013)             (-0.50000000000003875,0.0000000000000000)
         415        2000  -644.85322889463259        1.0000000000001708        203.42271249498486        1.0000000000001710        8.8307155255633124E-024  -1.7075230118734908E-013  (3.25016167696031235E-012,-4.38714462200313082E-018)  (2.13076663424223549E-012,-5.34714590390935023E-013)             (-0.50000000000003897,0.0000000000000000)
         416        2000  -643.75091568284643        1.0000000000001728        221.39190820626985        1.0000000000001728        1.7560920125362873E-023  -1.7275070263167436E-013  (5.00290498932752477E-012,-1.02648128970772493E-020)  (2.43483688131566369E-012,-8.07764037061735530E-013)             (-0.50000000000003986,0.0000000000000000)
         417        2000  -642.64860247106026        1.0000000000001723        238.32772716467113        1.0000000000001723        3.0991388059998139E-023  -1.7230661342182430E-013  (6.92557609563839561E-012,-8.95818750440661839E-018)  (2.55956622974218284E-012,-1.16995074099002576E-012)             (-0.50000000000003963,0.0000000000000000)
         418        2000  -641.54628925927409        1.0000000000001725        253.96308138824804        1.0000000000001728        4.9944874173938018E-023  -1.7252865802674933E-013   (8.98045058142856671E-012,1.11922526497018145E-017)  (2.69409689222563742E-012,-1.45223724592036815E-012)             (-0.50000000000003986,0.0000000000000000)
         419        2000  -640.44397604748792        1.0000000000001712        268.05139200078810        1.0000000000001714        7.5177632393391795E-023  -1.7119639039719914E-013  (1.11745936925201685E-011,-4.22031492657771186E-019)  (2.90826789255653497E-012,-1.85845755873161791E-012)             (-0.50000000000003919,0.0000000000000000)
         420        2000  -639.34166283570175        1.0000000000001732        280.37047792798126        1.0000000000001732        1.0705131909799876E-022  -1.7319479184152442E-013   (1.34516078197935453E-011,2.01242929356709736E-018)  (2.84850019438858681E-012,-2.23198793412450300E-012)             (-0.50000000000004008,0.0000000000000000)
         421        2000  -638.23934962391559        1.0000000000001743        290.72605982568973        1.0000000000001750        1.4554431320234929E-022  -1.7430501486614958E-013   (1.57850301803275399E-011,3.61712002701753388E-018)  (2.96624567576671780E-012,-2.57577580785182714E-012)             (-0.50000000000004097,0.0000000000000000)
         422        2000  -637.13703641212942        1.0000000000001754        298.95482398126046        1.0000000000001754        1.9009781082346183E-022  -1.7541523789077473E-013   (1.81208293529609965E-011,2.40710012617663132E-018)  (2.98061208772294431E-012,-2.99667469128008724E-012)             (-0.50000000000004119,0.0000000000000000)
         423        2000  -636.03472320034325        1.0000000000001765        304.92699786833248        1.0000000000001767        2.3980875018795515E-022  -1.7652546091539989E-013   (2.04335547088565237E-011,1.78052166746536390E-018)  (2.77469167827660086E-012,-3.37697383804339030E-012)             (-0.50000000000004186,0.0000000000000000)
         424        2000  -634.93240998855708        1.0000000000001743        308.54839673711166        1.0000000000001750        2.9257327546432739E-022  -1.7430501486614958E-013   (2.26240699770009464E-011,3.05654354350745908E-018)  (2.69107080987541148E-012,-3.68785613848320775E-012)             (-0.50000000000004097,0.0000000000000000)
         425        2000  -633.83009677677092        1.0000000000001765        309.76190896410401        1.0000000000001767        3.4596970457258459E-022  -1.7652546091539989E-013  (2.46634715548050124E-011,-1.97289973323356381E-020)  (2.45067287405986252E-012,-4.09237456055714426E-012)             (-0.50000000000004186,0.0000000000000000)
         426        2000  -632.72778356498475        1.0000000000001770        308.54839673658853        1.0000000000001772        3.9651112594365912E-022  -1.7696955012524995E-013   (2.64413626042330380E-011,1.06081805703646438E-017)  (1.98134025055768882E-012,-4.34350340820258808E-012)             (-0.50000000000004208,0.0000000000000000)
         427        2000  -631.62547035319858        1.0000000000001745        304.92699786730623        1.0000000000001754        4.4042341623266024E-022  -1.7452705947107461E-013  (2.79030041292778519E-011,-2.08143981652871436E-020)  (1.64602803194457653E-012,-4.56313447542151388E-012)             (-0.50000000000004119,0.0000000000000000)
         428        2000  -630.52315714141241        1.0000000000001745        298.95482397974132        1.0000000000001750        4.7347720758469287E-022  -1.7452705947107461E-013   (2.89511659846075342E-011,1.42690536257410046E-018)  (1.04880150424126074E-012,-4.77674187681219598E-012)             (-0.50000000000004097,0.0000000000000000)
         429        2000  -629.42084392962624        1.0000000000001741        290.72605982370777        1.0000000000001745        4.9160842402626044E-022  -1.7408297026122455E-013  (2.95039869139354399E-011,-1.12268387957526554E-017)  (3.09361579476677804E-013,-4.80621742386295606E-012)             (-0.50000000000004075,0.0000000000000000)
         430        2000  -628.31853071784008        1.0000000000001708        280.37047792556933        1.0000000000001710        4.9113673026522896E-022  -1.7075230118734908E-013  (2.94673823474290505E-011,-2.81478015459986433E-018) (-3.49740616344903036E-013,-4.79760090981059975E-012)             (-0.50000000000003897,0.0000000000000000)
         431        2000  -627.21621750605391        1.0000000000001721        268.05139199798111        1.0000000000001719        4.6950845718954293E-022  -1.7208456881689926E-013  (2.87581893058009670E-011,-8.74024810425526595E-018) (-1.38871069782562737E-012,-4.72040241612715239E-012)             (-0.50000000000003941,0.0000000000000000)
         432        2000  -626.11390429426774        1.0000000000001736        253.96308138508783        1.0000000000001736        4.2579132723380339E-022  -1.7363888105137448E-013   (2.72650407976635637E-011,5.10823761763469137E-018) (-2.40063794142347050E-012,-4.39373816467012325E-012)             (-0.50000000000004030,0.0000000000000000)
         433        2000  -625.01159108248157        1.0000000000001710        238.32772716120732        1.0000000000001719        3.6196726558971578E-022  -1.7097434579227411E-013  (2.49292109338034190E-011,-4.76514852469103624E-018) (-3.45706434023805011E-012,-4.03989161122076012E-012)             (-0.50000000000003941,0.0000000000000000)
         434        2000  -623.90927787069540        1.0000000000001699        221.39190820255692        1.0000000000001701        2.8312768614266205E-022  -1.6986412276764895E-013  (2.16498819080497248E-011,-1.76675712606549113E-018) (-4.80855749781847272E-012,-3.49011014700721737E-012)             (-0.50000000000003852,0.0000000000000000)
         435        2000  -622.80696465890924        1.0000000000001725        203.42271249108285        1.0000000000001723        1.9856113104895630E-022  -1.7252865802674933E-013   (1.73774012197560664E-011,6.54193719639499457E-018) (-6.08829439396407379E-012,-2.72796800644629666E-012)             (-0.50000000000003963,0.0000000000000000)
         436        2000  -621.70465144712307        1.0000000000001739        184.70352497743104        1.0000000000001736        1.2212642782537362E-022  -1.7386092565629951E-013   (1.20457832966761462E-011,2.36785747796596598E-019) (-7.40979400467985263E-012,-1.87836382984046856E-012)             (-0.50000000000004030,0.0000000000000000)
         437        2000  -620.60233823533690        1.0000000000001772        165.52955843099315        1.0000000000001772        7.2566638768497993E-023  -1.7719159473017498E-013  (5.61098044051012139E-012,-5.69615542139472926E-018) (-8.97872110877097829E-012,-8.06147551833940351E-013)             (-0.50000000000004208,0.0000000000000000)
         438        2000  -619.50002502355073        1.0000000000001776        146.20319775817970        1.0000000000001781        7.3684939658613955E-023  -1.7763568394002505E-013  (-1.94716713060344186E-012,2.56541870130510423E-018)  (-1.03167315281756698E-011,4.75543479870572932E-013)             (-0.50000000000004252,0.0000000000000000)
         439        2000  -618.39771181176457        1.0000000000001796        127.02923121180834        1.0000000000001803        1.5392968589494500E-022  -1.7963408538435033E-013 (-1.06298214620809034E-011,-3.35204550801167106E-019)  (-1.18057322306874872E-011,1.85667240753207500E-012)             (-0.50000000000004363,0.0000000000000000)
         440        2000  -617.29539859997840        1.0000000000001790        108.31004369828754        1.0000000000001790        3.4528663973320011E-022  -1.7896795156957523E-013 (-2.04333534415040824E-011,-1.73500461327500077E-018)  (-1.32705194804547666E-011,3.50671216282263815E-012)             (-0.50000000000004297,0.0000000000000000)
         441        2000  -616.19308538819223        1.0000000000001770        90.340847987008431        1.0000000000001772        6.8122685872856765E-022  -1.7696955012524995E-013  (-3.12767338526575317E-011,6.06258151225841100E-018)  (-1.44494486965439934E-011,5.29783823026469658E-012)             (-0.50000000000004208,0.0000000000000000)
         442        2000  -615.09077217640606        1.0000000000001792        73.405029028614095        1.0000000000001790        1.1947146355839045E-021  -1.7918999617450027E-013 (-4.30776587610908010E-011,-4.33896805902082650E-018)  (-1.56750703597030390E-011,7.17804213109022590E-012)             (-0.50000000000004297,0.0000000000000000)
         443        2000  -613.98845896461989        1.0000000000001839        57.769674805045582        1.0000000000001839        1.9149994467967544E-021  -1.8385293287792592E-013  (-5.57218996221925196E-011,6.79517603462059297E-018)  (-1.66759790099154750E-011,9.31175331389236153E-012)             (-0.50000000000004541,0.0000000000000000)
         444        2000  -612.88614575283373        1.0000000000001856        43.681364192517137        1.0000000000001861        2.8639130808916071E-021  -1.8562928971732617E-013 (-6.90390559052530001E-011,-5.61903900445039360E-018)  (-1.73252419280113564E-011,1.14629661403337077E-011)             (-0.50000000000004652,0.0000000000000000)
         445        2000  -611.78383254104756        1.0000000000001859        31.362278265338308        1.0000000000001856        4.0526204206652734E-021  -1.8585133432225120E-013 (-8.28486187103313026E-011,-6.48504230692559224E-018)  (-1.79011321583671033E-011,1.36995208420302762E-011)             (-0.50000000000004630,0.0000000000000000)
         446        2000  -610.68151932926139        1.0000000000001901        21.006696367644356        1.0000000000001901        5.4759052424497003E-021  -1.9007018181582680E-013  (-9.68986676042337973E-011,6.08133463509061681E-018)  (-1.79964454896402437E-011,1.60420554315159636E-011)             (-0.50000000000004852,0.0000000000000000)
         447        2000  -609.57920611747522        1.0000000000001896        12.777932212087444        1.0000000000001896        7.1094241712700567E-021  -1.8962609260597674E-013  (-1.10909541712853687E-010,6.95970274364307363E-018)  (-1.76724273406151312E-011,1.82773826731842216E-011)             (-0.50000000000004829,0.0000000000000000)
         448        2000  -608.47689290568906        1.0000000000001890        6.8057583250262761        1.0000000000001892        8.9055280078563495E-021  -1.8895995879120164E-013  (-1.24557356919996797E-010,1.60135272942555935E-022)  (-1.71033920905859361E-011,2.04985421422725276E-011)             (-0.50000000000004807,0.0000000000000000)
         449        2000  -607.37457969390289        1.0000000000001894        3.1843594562636062        1.0000000000001896        1.0793384908383466E-020  -1.8940404800105171E-013  (-1.37495302230067472E-010,4.05700714243910137E-018)  (-1.58378841981467410E-011,2.26311665832967015E-011)             (-0.50000000000004829,0.0000000000000000)
         450        2000  -606.27226648211672        1.0000000000001863        1.9708472292786534        1.0000000000001865        1.2675042614235575E-020  -1.8629542353210127E-013  (-1.49309936565914751E-010,8.50621837000880784E-019)  (-1.41274530227660062E-011,2.45017176966384339E-011)             (-0.50000000000004674,0.0000000000000000)
         451        2000  -605.16995327033055        1.0000000000001867        3.1843594568080809        1.0000000000001865        1.4430021772315735E-020  -1.8673951274195133E-013  (-1.59559977982128779E-010,4.26647566926223365E-018)  (-1.18873309834468293E-011,2.61646602401295319E-011)             (-0.50000000000004674,0.0000000000000000)
         452        2000  -604.06764005854438        1.0000000000001887        6.8057583261066696        1.0000000000001887        1.5921967755225759E-020  -1.8873791418627661E-013 (-1.67792909624299693E-010,-9.01201173452983784E-019)  (-8.93646582014993614E-012,2.74927411165588110E-011)             (-0.50000000000004785,0.0000000000000000)
         453        2000  -602.96532684675822        1.0000000000001887        12.777932213686769        1.0000000000001887        1.7005331319903236E-020  -1.8873791418627661E-013  (-1.73513596668229701E-010,3.25176657319623796E-018)  (-5.41343994256904071E-012,2.83549655490176549E-011)             (-0.50000000000004785,0.0000000000000000)
         454        2000  -601.86301363497205        1.0000000000001883        21.006696369737444        1.0000000000001883        1.7539102720454150E-020  -1.8829382497642655E-013  (-1.76218798997767334E-010,1.81499981387916892E-017)  (-1.29964897515986198E-012,2.87828823297228026E-011)             (-0.50000000000004763,0.0000000000000000)
         455        2000  -600.76070042318588        1.0000000000001874        31.362278267892201        1.0000000000001874        1.7405691259687630E-020  -1.8740564655672642E-013 (-1.75401041785301502E-010,-2.34078237280363736E-018)   (3.62728751374891041E-012,2.85857491327832067E-011)             (-0.50000000000004718,0.0000000000000000)
         456        2000  -599.65838721139971        1.0000000000001890        43.681364195492158        1.0000000000001892        1.6526282380963481E-020  -1.8895995879120164E-013  (-1.70546864762113624E-010,3.38531721313895362E-028)   (8.99948343030510781E-012,2.77161177367923251E-011)             (-0.50000000000004807,0.0000000000000000)
         457        2000  -598.55607399961355        1.0000000000001901        57.769674808393319        1.0000000000001901        1.4890127106810168E-020  -1.9007018181582680E-013  (-1.61173139067008486E-010,1.35305323563830197E-017)   (1.50943623873869732E-011,2.61591631987751572E-011)             (-0.50000000000004852,0.0000000000000000)
         458        2000  -597.45376078782738        1.0000000000001896        73.405029032282542        1.0000000000001896        1.2574966811115743E-020  -1.8962609260597674E-013 (-1.46817598204637103E-010,-1.30234138509430869E-017)   (2.17499896011975795E-011,2.37208965663432621E-011)             (-0.50000000000004829,0.0000000000000000)
         459        2000  -596.35144757604121        1.0000000000001912        90.340847990940645        1.0000000000001910        9.7720244340091851E-021  -1.9118040484045196E-013  (-1.27057840593223374E-010,1.17535657074043769E-019)   (2.88369736841938598E-011,2.04111881702411319E-011)             (-0.50000000000004896,0.0000000000000000)
         460        2000  -595.24913436425504        1.0000000000001943        108.31004370242078        1.0000000000001945        6.8070795909671713E-021  -1.9428902930940239E-013  (-1.01540287282368723E-010,3.90246406871673099E-018)   (3.63662990253865628E-011,1.61876658332948866E-011)             (-0.50000000000005074,0.0000000000000000)
         461        2000  -594.14682115246887        1.0000000000001952        127.02923121607742        1.0000000000001954        4.1581994139020554E-021  -1.9517720772910252E-013 (-6.99800769327687497E-011,-2.27116494700008122E-018)   (4.42575445905822081E-011,1.09196722271525551E-011)             (-0.50000000000005118,0.0000000000000000)
         462        2000  -593.04450794068271        1.0000000000001952        146.20319776251756        1.0000000000001954        2.4596299220710913E-021  -1.9517720772910252E-013  (-3.22080222602928588E-011,3.38390032657805534E-018)   (5.21579649334485882E-011,4.66753663058852652E-012)             (-0.50000000000005118,0.0000000000000000)
         463        2000  -591.94219472889654        1.0000000000001970        165.52955843533127        1.0000000000001976        2.4976082473758609E-021  -1.9695356456850277E-013   (1.18590777986850162E-011,1.40534739644208501E-018)  (6.02251925732852769E-011,-2.58363789600312153E-012)             (-0.50000000000005229,0.0000000000000000)
         464        2000  -590.83988151711037        1.0000000000001943        184.70352498170143        1.0000000000001950        5.1885704275059507E-021  -1.9428902930940239E-013   (6.21577932407924774E-011,8.53703970591003741E-018)  (6.80969962459806250E-011,-1.09061753222474168E-011)             (-0.50000000000005096,0.0000000000000000)
         465        2000  -589.73756830532420        1.0000000000001927        203.42271249521656        1.0000000000001927        1.1541065126751868E-020  -1.9273471707492718E-013   (1.18496779418718167E-010,4.54557690553926258E-018)  (7.55378231390812647E-011,-2.01896263545498385E-011)             (-0.50000000000004985,0.0000000000000000)
         466        2000  -588.63525509353803        1.0000000000001936        221.39190820649037        1.0000000000001936        2.2594628918311331E-020  -1.9362289549462730E-013  (1.80483316687147835E-010,-1.40650999433286154E-017)  (8.24612784047836050E-011,-3.03558815359395724E-011)             (-0.50000000000005029,0.0000000000000000)
         467        2000  -587.53294188175187        1.0000000000001950        238.32772716487818        1.0000000000001954        3.9341692265220220E-020  -1.9495516312417749E-013  (2.47589269656897502E-010,-8.14392547586445002E-019)  (8.85669955295957452E-011,-4.14168240970320529E-011)             (-0.50000000000005118,0.0000000000000000)
         468        2000  -586.43062866996570        1.0000000000001954        253.96308138843958        1.0000000000001954        6.2626247530982451E-020  -1.9539925233402755E-013  (3.19037015102695152E-010,-3.05905723931414086E-018)  (9.34890921346514952E-011,-5.31067954542059950E-011)             (-0.50000000000005118,0.0000000000000000)
         469        2000  -585.32831545817953        1.0000000000001970        268.05139200095743        1.0000000000001976        9.3037744134646215E-020  -1.9695356456850277E-013  (3.93915671576829964E-010,-4.23132143082213841E-020)  (9.72402394769197264E-011,-6.53709389118752879E-011)             (-0.50000000000005229,0.0000000000000000)
         470        2000  -584.22600224639336        1.0000000000001976        280.37047792812649        1.0000000000001976        1.3077524788817030E-019  -1.9761969838327786E-013   (4.71029252926132024E-010,7.43719557956953630E-019)  (9.92085766522435366E-011,-7.79923176449333302E-011)             (-0.50000000000005229,0.0000000000000000)
         471        2000  -583.12368903460720        1.0000000000001990        290.72605982580819        1.0000000000001985        1.7553955376796955E-019  -1.9895196601282805E-013  (5.49028171671978240E-010,-1.04342050284106608E-017)  (9.93312870433722146E-011,-9.07019391017963057E-011)             (-0.50000000000005274,0.0000000000000000)
         472        2000  -582.02137582282103        1.0000000000001972        298.95482398135221        1.0000000000001981        2.2639954160105463E-019  -1.9717560917342780E-013  (6.26273704303814513E-010,-7.13940498505128594E-018)  (9.73392648960298002E-011,-1.03288700794004969E-010)             (-0.50000000000005251,0.0000000000000000)
         473        2000  -580.91906261103486        1.0000000000001952        304.92699786840052        1.0000000000001954        2.8174358698380439E-019  -1.9517720772910252E-013  (7.00993897939893427E-010,-1.66066829074313257E-018)  (9.27929180889979531E-011,-1.15451754804893501E-010)             (-0.50000000000005118,0.0000000000000000)
         474        2000  -579.81674939924869        1.0000000000001967        308.54839673715168        1.0000000000001963        3.3920413252193626E-019  -1.9673151996357774E-013  (7.71150005542224430E-010,-4.69877804782872291E-018)  (8.56282142536241181E-011,-1.26786782818473864E-010)             (-0.50000000000005163,0.0000000000000000)
         475        2000  -578.71443618746252        1.0000000000001965        309.76190896412345        1.0000000000001963        3.9570843276225092E-019  -1.9650947535865271E-013  (8.34574546615732950E-010,-7.13942097166333482E-018)  (7.55557993428029233E-011,-1.37058658085142195E-010)             (-0.50000000000005163,0.0000000000000000)
         476        2000  -577.61212297567636        1.0000000000001958        308.54839673658131        1.0000000000001958        4.4754008460077731E-019  -1.9584334154387761E-013  (8.88869201937294224E-010,-2.93820974754533079E-019)  (6.23154325902343100E-011,-1.45760866294129288E-010)             (-0.50000000000005140,0.0000000000000000)
         477        2000  -576.50980976389019        1.0000000000001974        304.92699786726723        1.0000000000001972        4.9056330161663547E-019  -1.9739765377835283E-013  (9.31573655969601641E-010,-2.03067469521434690E-018)  (4.58647434087137357E-011,-1.52550497669238076E-010)             (-0.50000000000005207,0.0000000000000000)
         478        2000  -575.40749655210402        1.0000000000001976        298.95482397967265        1.0000000000001985        5.2048723217294966E-019  -1.9761969838327786E-013  (9.60058597934447561E-010,-5.85668866425557001E-018)  (2.60669429656271782E-011,-1.56980826530754245E-010)             (-0.50000000000005274,0.0000000000000000)
         479        2000  -574.30518334031785        1.0000000000001974        290.72605982360682        1.0000000000001976        5.3329125650198410E-019  -1.9739765377835283E-013  (9.71710964184865417E-010,-3.77512013694734592E-019)  (2.82118830413071526E-012,-1.58633817141784520E-010)             (-0.50000000000005229,0.0000000000000000)
         480        2000  -573.20287012853169        1.0000000000002001        280.37047792543831        1.0000000000001998        5.2571215219323514E-019  -2.0006218903745321E-013  (9.63859895427447512E-010,-1.18855330350449482E-017) (-2.36812257380036848E-011,-1.57052922858847293E-010)             (-0.50000000000005340,0.0000000000000000)
         481        2000  -572.10055691674552        1.0000000000001970        268.05139199782627        1.0000000000001972        4.9584306468254178E-019  -1.9695356456850277E-013  (9.33947714649698649E-010,-2.61735796807614792E-019) (-5.35134545668136836E-011,-1.51863581603608995E-010)             (-0.50000000000005207,0.0000000000000000)
         482        2000  -570.99824370495935        1.0000000000001974        253.96308138491665        1.0000000000001972        4.4375731800985459E-019  -1.9739765377835283E-013  (8.79472696487262443E-010,-2.79629718069388994E-018) (-8.63134514216367369E-011,-1.42613993134686753E-010)             (-0.50000000000005207,0.0000000000000000)
         483        2000  -569.89593049317318        1.0000000000001992        238.32772716101897        1.0000000000001990        3.7221520790756886E-019  -1.9917401061775308E-013   (7.98187700976691132E-010,6.68980342749036563E-018) (-1.21914444644751721E-010,-1.28966746819667451E-010)             (-0.50000000000005296,0.0000000000000000)
         484        2000  -568.79361728138701        1.0000000000002010        221.39190820235351        1.0000000000002012        2.8725305355902970E-019  -2.0095036745715333E-013   (6.88085125869493327E-010,1.97383280672130509E-018) (-1.59767519093974882E-010,-1.10604531465659332E-010)             (-0.50000000000005407,0.0000000000000000)
         485        2000  -567.69130406960085        1.0000000000002005        203.42271249086758        1.0000000000002007        1.9871213937435360E-019  -2.0050627824730327E-013  (5.47515210785657439E-010,-2.61301201715365924E-018) (-1.99575109108312023E-010,-8.72335338106378108E-011)             (-0.50000000000005385,0.0000000000000000)
         486        2000  -566.58899085781468        1.0000000000002025        184.70352497720728        1.0000000000002025        1.2056914901742438E-019  -2.0250467969162855E-013   (3.75264906609183243E-010,1.30070395290445845E-017) (-2.40425301874395835E-010,-5.86839811761727866E-011)             (-0.50000000000005473,0.0000000000000000)
         487        2000  -565.48667764602851        1.0000000000002032        165.52955843076450        1.0000000000002029        7.0996927525557468E-020  -2.0317081350640365E-013  (1.70679888923155186E-010,-1.26051689805483983E-017) (-2.81948794177511623E-010,-2.48641577508291157E-011)             (-0.50000000000005496,0.0000000000000000)
         488        2000  -564.38436443424234        1.0000000000002041        146.20319775795005        1.0000000000002043        7.2041751001073496E-020  -2.0405899192610377E-013 (-6.63284119380513644E-011,-5.03168628757364765E-018)  (-3.22968134831829619E-010,1.42731269375098749E-011)             (-0.50000000000005562,0.0000000000000000)
         489        2000  -563.28205122245618        1.0000000000002047        127.02923121158200        1.0000000000002047        1.4890434571486679E-019  -2.0472512574087887E-013 (-3.35111118298901281E-010,-3.98740617210842397E-018)  (-3.62787482216958284E-010,5.85539439336356318E-011)             (-0.50000000000005584,0.0000000000000000)
         490        2000  -562.17973801067001        1.0000000000002061        108.31004369806820        1.0000000000002061        3.2870769256540485E-019  -2.0605739337042905E-013 (-6.34261891578550207E-010,-2.53450949029598768E-018)  (-4.00172003152807322E-010,1.07774271941909048E-010)             (-0.50000000000005651,0.0000000000000000)
         491        2000  -561.07742479888384        1.0000000000002081        90.340847986797257        1.0000000000002078        6.3874904580837910E-019  -2.0805579481475434E-013 (-9.61490336622338478E-010,-5.95790312302675680E-018)  (-4.34161287833142468E-010,1.61555999904629178E-010)             (-0.50000000000005740,0.0000000000000000)
         492        2000  -559.97511158709767        1.0000000000002096        73.405029028416493        1.0000000000002101        1.1042466159843044E-018  -2.0961010704922955E-013  (-1.31358087986567674E-009,5.39981286928517501E-018)  (-4.63312035295987602E-010,2.19332309196088142E-010)             (-0.50000000000005851,0.0000000000000000)
         493        2000  -558.87279837531150        1.0000000000002103        57.769674804864330        1.0000000000002101        1.7456803350836005E-018  -2.1027624086400465E-013 (-1.68637148793401101E-009,-2.09867315192222184E-019)  (-4.86596706539392177E-010,2.80430249804909411E-010)             (-0.50000000000005851,0.0000000000000000)
         494        2000  -557.77048516352534        1.0000000000002112        43.681364192355225        1.0000000000002114        2.5757261220810932E-018  -2.1116441928370477E-013  (-2.07462548115392484E-009,5.94150723852253090E-018)  (-5.02438787228583119E-010,3.43976819936193753E-010)             (-0.50000000000005917,0.0000000000000000)
         495        2000  -556.66817195173917        1.0000000000002125        31.362278265197858        1.0000000000002127        3.5961671933873305E-018  -2.1249668691325496E-013  (-2.47208581286963682E-009,5.02048962300287617E-019)  (-5.09710896230370825E-010,4.08939338279388631E-010)             (-0.50000000000005984,0.0000000000000000)
         496        2000  -555.56585873995300        1.0000000000002141        21.006696367528093        1.0000000000002141        4.7948781821999197E-018  -2.1405099914773018E-013 (-2.87142945976304455E-009,-2.57341126146563100E-020)  (-5.06894929338727969E-010,4.74077417615185422E-010)             (-0.50000000000006051,0.0000000000000000)
         497        2000  -554.46354552816683        1.0000000000002156        12.777932211997372        1.0000000000002158        6.1432687958250206E-018  -2.1560531138220540E-013 (-3.26430074987705141E-009,-3.71100636618465999E-020)  (-4.92890236763596787E-010,5.38095123618075290E-010)             (-0.50000000000006140,0.0000000000000000)
         498        2000  -553.36123231638066        1.0000000000002145        6.8057583249640912        1.0000000000002149        7.5945830650768834E-018  -2.1449508835758024E-013 (-3.64133845901304317E-009,-2.27960098398463889E-017)  (-4.66151667085506539E-010,5.99361359147174664E-010)             (-0.50000000000006095,0.0000000000000000)
         499        2000  -552.25891910459450        1.0000000000002176        3.1843594562304975        1.0000000000002176        9.0834046273879759E-018  -2.1760371282653068E-013 (-3.99228158992346019E-009,-8.84472112659720520E-019)  (-4.25914430860974731E-010,6.56211346994378206E-010)             (-0.50000000000006228,0.0000000000000000)
         500        2000  -551.15660589280833        1.0000000000002196        1.9708472292752111        1.0000000000002203        1.0526748229143909E-017  -2.1960211427085596E-013 (-4.30599651579292552E-009,-1.91991977754494026E-017)  (-3.70971562606824373E-010,7.06869216212103918E-010)             (-0.50000000000006362,0.0000000000000000)
         501        2000  -550.05429268102216        1.0000000000002174        3.1843594568346423        1.0000000000002180        1.1827351730737464E-017  -2.1738166822160565E-013 (-4.57071510383229242E-009,-2.57786100458741543E-018)  (-3.00587815458033303E-010,7.49375860384493727E-010)             (-0.50000000000006251,0.0000000000000000)
         502        2000  -548.95197946923599        1.0000000000002183        6.8057583261629606        1.0000000000002180        1.2878994359377721E-017  -2.1826984664130578E-013  (-4.77406808055019749E-009,3.08188733763379126E-018)  (-2.14233521141382153E-010,7.81631628636556171E-010)             (-0.50000000000006251,0.0000000000000000)
         503        2000  -547.84966625744983        1.0000000000002203        12.777932213771960        1.0000000000002203        1.3574671179686029E-017  -2.2026824808563106E-013  (-4.90343769978414377E-009,2.82623475315375228E-018)  (-1.11696235829513162E-010,8.01755162347414169E-010)             (-0.50000000000006362,0.0000000000000000)
         504        2000  -546.74735304566366        1.0000000000002194        21.006696369850498        1.0000000000002194        1.3816860829630000E-017  -2.1938006966593093E-013  (-4.94602318082720496E-009,3.56979335841031528E-018)   (7.26328209835984839E-012,8.07445607791716890E-010)             (-0.50000000000006317,0.0000000000000000)
         505        2000  -545.64503983387749        1.0000000000002183        31.362278268031389        1.0000000000002180        1.3530353267792664E-017  -2.1826984664130578E-013 (-4.88926654395827337E-009,-1.82126979157923579E-019)   (1.41796294283620364E-010,7.96796282900333923E-010)             (-0.50000000000006251,0.0000000000000000)
         506        2000  -544.54272662209132        1.0000000000002198        43.681364195655831        1.0000000000002198        1.2676547840990994E-017  -2.1982415887578100E-013 (-4.72099544765270123E-009,-3.78890353361335907E-018)   (2.91565043445185629E-010,7.67825146926050980E-010)             (-0.50000000000006339,0.0000000000000000)
         507        2000  -543.44041341030515        1.0000000000002174        57.769674808579467        1.0000000000002176        1.1268900776550799E-017  -2.1738166822160565E-013  (-4.42988404355895391E-009,2.34988567863895692E-019)   (4.55167818091432109E-010,7.18597253441139934E-010)             (-0.50000000000006228,0.0000000000000000)
         508        2000  -542.33810019851899        1.0000000000002185        73.405029032487604        1.0000000000002185        9.3879823319115626E-018  -2.1849189124623081E-013 (-4.00567212072405003E-009,-1.51948107914036658E-017)   (6.30745904399354354E-010,6.47528084628222935E-010)             (-0.50000000000006273,0.0000000000000000)
         509        2000  -541.23578698673282        1.0000000000002196        90.340847991162377        1.0000000000002198        7.1951756356981385E-018  -2.1960211427085596E-013 (-3.43969811475654668E-009,-8.16523280183127771E-018)   (8.16444769650276077E-010,5.53297169438437680E-010)             (-0.50000000000006339,0.0000000000000000)
         510        2000  -540.13347377494665        1.0000000000002205        108.31004370265457        1.0000000000002203        4.9426541351056750E-018  -2.2049029269055609E-013  (-2.72507365082563617E-009,2.56572321011275861E-018)   (1.00950138777521964E-009,4.34612884244471210E-010)             (-0.50000000000006362,0.0000000000000000)
         511        2000  -539.03116056316048        1.0000000000002220        127.02923121631899        1.0000000000002220        2.9787699619426343E-018  -2.2204460492503131E-013 (-1.85732211003205991E-009,-2.07903562672197243E-018)   (1.20649242130050149E-009,2.90956206947680500E-010)             (-0.50000000000006450,0.0000000000000000)
         512        2000  -537.92884735137432        1.0000000000002227        146.20319776276517        1.0000000000002234        1.7460012846153324E-018  -2.2271073873980640E-013 (-8.34546323940647310E-010,-2.24459905844370280E-019)   (1.40412699184269807E-009,1.21992960745874794E-010)             (-0.50000000000006517,0.0000000000000000)
         513        2000  -536.82653413958815        1.0000000000002223        165.52955843558300        1.0000000000002225        1.7704381283690973E-018  -2.2226664952995634E-013   (3.41980408582945734E-010,1.39610337146273058E-026)  (1.59800167594233675E-009,-7.20760160875335697E-011)             (-0.50000000000006473,0.0000000000000000)
         514        2000  -535.72422092780198        1.0000000000002260        184.70352498194842        1.0000000000002256        3.6409161866164697E-018  -2.2604140781368187E-013   (1.66761943291229782E-009,3.93495082233885087E-018)  (1.78340296268697092E-009,-2.90367770121112263E-010)             (-0.50000000000006628,0.0000000000000000)
         515        2000  -534.62190771601581        1.0000000000002272        203.42271249545985        1.0000000000002274        7.9771051114848965E-018  -2.2715163083830703E-013  (3.13384197265737386E-009,-1.17241414778182109E-017)  (1.95557809088476764E-009,-5.31457591029756069E-010)             (-0.50000000000006717,0.0000000000000000)
         516        2000  -533.51959450422964        1.0000000000002243        221.39190820672616        1.0000000000002247        1.5386424552295359E-017  -2.2426505097428162E-013  (4.72809401795871602E-009,-5.40392525822635784E-019)  (2.10874649159266064E-009,-7.93332819754792377E-010)             (-0.50000000000006584,0.0000000000000000)
         517        2000  -532.41728129244348        1.0000000000002240        238.32772716509959        1.0000000000002243        2.6410304418586723E-017  -2.2404300636935659E-013  (6.43334990411569699E-009,-5.18118899426642644E-021)  (2.23742145358148398E-009,-1.07299024009694150E-009)             (-0.50000000000006561,0.0000000000000000)
         518        2000  -531.31496808065731        1.0000000000002294        253.96308138864671        1.0000000000002296        4.1462445425150234E-017  -2.2937207688755734E-013  (8.22810065361277662E-009,-2.24192681207300216E-018)  (2.33560037077902368E-009,-1.36702647592298456E-009)             (-0.50000000000006828,0.0000000000000000)
         519        2000  -530.21265486887114        1.0000000000002318        268.05139200114741        1.0000000000002318        6.0761602402530191E-017  -2.3181456754173269E-013   (1.00860331863291669E-008,4.24998067375494595E-018)  (2.39717539037959083E-009,-1.67098476136714453E-009)             (-0.50000000000006939,0.0000000000000000)
         520        2000  -529.11034165708497        1.0000000000002325        280.37047792829327        1.0000000000002327        8.4264567652555669E-017  -2.3248070135650778E-013  (1.19761774466401085E-008,-1.35303452977416519E-017)  (2.41614538978426314E-009,-1.97977666728648675E-009)             (-0.50000000000006983,0.0000000000000000)
         521        2000  -528.00802844529881        1.0000000000002323        290.72605982595087        1.0000000000002323        1.1160446952229361E-016  -2.3225865675158275E-013   (1.38627895273775083E-008,1.36821767692930749E-018)  (2.38666387287665808E-009,-2.28752870079472645E-009)             (-0.50000000000006961,0.0000000000000000)
         522        2000  -526.90571523351264        1.0000000000002327        298.95482398146970        1.0000000000002327        1.4204258441635021E-016  -2.3270274596143281E-013  (1.57056505343833516E-008,-4.24792026267159528E-018)  (2.30294136818818909E-009,-2.58759736412365734E-009)             (-0.50000000000006983,0.0000000000000000)
         523        2000  -525.80340202172647        1.0000000000002327        304.92699786848885        1.0000000000002327        1.7444078214925337E-016  -2.3270274596143281E-013  (1.74602473313985915E-008,-1.14849971740896888E-017)  (2.16002682985014070E-009,-2.87266140512527799E-009)             (-0.50000000000006983,0.0000000000000000)
         524        2000  -524.70108880994030        1.0000000000002323        308.54839673721006        1.0000000000002323        2.0726382634651269E-016  -2.3225865675158275E-013   (1.90782585515876237E-008,1.11970655910634318E-018)  (1.95310403390927932E-009,-3.13480995267566400E-009)             (-0.50000000000006961,0.0000000000000000)
         525        2000  -523.59877559815413        1.0000000000002340        309.76190896415176        1.0000000000002336        2.3861856855134977E-016  -2.3403501359098300E-013   (2.05080280564688772E-008,1.17030331640025087E-018)  (1.67857087211558542E-009,-3.36555513920619278E-009)             (-0.50000000000007028,0.0000000000000000)
         526        2000  -522.49646238636797        1.0000000000002343        308.54839673657540        1.0000000000002345        2.6633796649780209E-016  -2.3425705819590803E-013   (2.16953272764348388E-008,3.31839674391184140E-019)  (1.33341618545713702E-009,-3.55602800220364633E-009)             (-0.50000000000007072,0.0000000000000000)
         527        2000  -521.39414917458180        1.0000000000002340        304.92699786723199        1.0000000000002336        2.8811317489730479E-016  -2.3403501359098300E-013  (2.25840892904528858E-008,-1.16757840661240826E-018)  (9.16137245782882747E-010,-3.69705881669902179E-009)             (-0.50000000000007028,0.0000000000000000)
         528        2000  -520.29183596279563        1.0000000000002380        298.95482397960831        1.0000000000002380        3.0167670475506126E-016  -2.3803181647963356E-013  (2.31174639710046462E-008,-5.36779228886119446E-018)  (4.26173983980926778E-010,-3.77935103623299784E-009)             (-0.50000000000007250,0.0000000000000000)
         529        2000  -519.18952275100946        1.0000000000002374        290.72605982351934        1.0000000000002376        3.0503281898105399E-016  -2.3736568266485847E-013   (2.32388599901684147E-008,1.15921362149999855E-017) (-1.35112051179314857E-010,-3.79368622882463789E-009)             (-0.50000000000007228,0.0000000000000000)
         530        2000  -518.08720953922329        1.0000000000002391        280.37047792532809        1.0000000000002385        2.9672880320173912E-016  -2.3914203950425872E-013  (2.28932313368131119E-008,-1.49762882750381560E-018) (-7.65160192127310623E-010,-3.73111827301943648E-009)             (-0.50000000000007272,0.0000000000000000)
         531        2000  -516.98489632743713        1.0000000000002440        268.05139199769218        1.0000000000002438        2.7615262131142863E-016  -2.4402702081260941E-013   (2.20284089887834955E-008,2.70470581779126324E-018) (-1.45912412703789354E-009,-3.58314367637349994E-009)             (-0.50000000000007538,0.0000000000000000)
         532        2000  -515.88258311565096        1.0000000000002429        253.96308138475993        1.0000000000002434        2.4383947209447918E-016  -2.4291679778798425E-013  (2.05965843697308034E-008,-5.02392500373221074E-019) (-2.21065848806687228E-009,-3.34204209732705107E-009)             (-0.50000000000007516,0.0000000000000000)
         533        2000  -514.78026990386479        1.0000000000002427        238.32772716083971        1.0000000000002425        2.0176111874829342E-016  -2.4269475318305922E-013   (1.85558765557786577E-008,1.88259196387616143E-020) (-3.01102775947897469E-009,-3.00106861652264552E-009)             (-0.50000000000007472,0.0000000000000000)
         534        2000  -513.67795669207862        1.0000000000002480        221.39190820215632        1.0000000000002474        1.5356876346461860E-016  -2.4802382370125997E-013  (1.58719440526821407E-008,-3.05449584148136725E-018) (-3.84965456123560216E-009,-2.55467393671893889E-009)             (-0.50000000000007716,0.0000000000000000)
         535        2000  -512.57564348029246        1.0000000000002489        203.42271249065729        1.0000000000002496        1.0475585498378322E-016  -2.4891200212096010E-013   (1.25196713733670938E-008,2.23705459184944495E-018) (-4.71352375527623733E-009,-1.99894020110272956E-009)             (-0.50000000000007827,0.0000000000000000)
         536        2000  -511.47333026850629        1.0000000000002485        184.70352497698562        1.0000000000002487        6.2705107720759488E-017  -2.4846791291111003E-013  (8.48482673518713223E-009,-3.88587828987632104E-019) (-5.58792692960024546E-009,-1.33164222850719581E-009)             (-0.50000000000007783,0.0000000000000000)
         537        2000  -510.37101705672012        1.0000000000002538        165.52955843053689        1.0000000000002536        3.6585860341094100E-017  -2.5379698342931079E-013  (3.76574475819842955E-009,-1.20397181672505648E-018) (-6.45556130829416315E-009,-5.52676657960034376E-010)             (-0.50000000000008027,0.0000000000000000)
         538        2000  -509.26870384493395        1.0000000000002518        146.20319775771884        1.0000000000002527        3.7071443837537457E-017  -2.5179858198498550E-013  (-1.62512933011854828E-009,1.02085176834070443E-017)  (-7.29757864306713947E-009,3.35719728631607874E-010)             (-0.50000000000007983,0.0000000000000000)
         539        2000  -508.16639063314778        1.0000000000002478        127.02923121135187        1.0000000000002478        7.5855200964910331E-017  -2.4780177909633494E-013 (-7.65970544227892246E-009,-6.61465898904949275E-018)  (-8.09312148679212833E-009,1.32877568546646177E-009)             (-0.50000000000007738,0.0000000000000000)
         540        2000  -507.06407742136162        1.0000000000002500        108.31004369784497        1.0000000000002496        1.6495552716564179E-016  -2.5002222514558525E-013  (-1.42929671935509100E-008,5.28508872817050391E-019)  (-8.81979615742396843E-009,2.41898373308400201E-009)             (-0.50000000000007827,0.0000000000000000)
         541        2000  -505.96176420957545        1.0000000000002469        90.340847986583384        1.0000000000002469        3.1581667239305140E-016  -2.4691360067663481E-013  (-2.14617877359907052E-008,4.54726635305842221E-018)  (-9.45386948962749219E-009,3.59570342763125052E-009)             (-0.50000000000007694,0.0000000000000000)
         542        2000  -504.85945099778928        1.0000000000002480        73.405029028215708        1.0000000000002478        5.3823289614748264E-016  -2.4802382370125997E-013 (-2.90841017362634444E-008,-1.07204597745040355E-018)  (-9.97083225128095275E-009,4.84539896274080687E-009)             (-0.50000000000007738,0.0000000000000000)
         543        2000  -503.75713778600311        1.0000000000002498        57.769674804679276        1.0000000000002491        8.3914437983645273E-016  -2.4980018054066022E-013  (-3.70582374912692952E-008,5.23590103998144543E-018)  (-1.03453428413135020E-008,6.15119431996462598E-009)             (-0.50000000000007805,0.0000000000000000)
         544        2000  -502.65482457421695        1.0000000000002438        43.681364192190266        1.0000000000002434        1.2213814968662809E-015  -2.4380497620768438E-013  (-4.52627570566709627E-008,1.13691657311248239E-018)  (-1.05522187875625249E-008,7.49301551114072290E-009)             (-0.50000000000007516,0.0000000000000000)
         545        2000  -501.55251136243078        1.0000000000002442        31.362278265054755        1.0000000000002425        1.6824517615387444E-015  -2.4424906541753444E-013  (-5.35565011248103817E-008,7.93808250763876763E-018)  (-1.05666532153661669E-008,8.84760817004147208E-009)             (-0.50000000000007472,0.0000000000000000)
         546        2000  -500.45019815064461        1.0000000000002522        21.006696367408743        1.0000000000002491        2.2134936545662458E-015  -2.5224267119483557E-013 (-6.17792460008253600E-008,-7.94562257564216748E-018)  (-1.03647896552650266E-008,1.01885847777189318E-008)             (-0.50000000000007805,0.0000000000000000)
         547        2000  -499.34788493885844        1.0000000000002613        12.777932211906030        1.0000000000002576        2.7985292581793113E-015  -2.6134649999676185E-013 (-6.97526839216083394E-008,-4.59839630788677965E-018)  (-9.92456289939279731E-009,1.14865886859920571E-008)             (-0.50000000000008227,0.0000000000000000)
         548        2000  -498.24557172707227        1.0000000000002751        6.8057583249000047        1.0000000000002705        3.4141634892348665E-015  -2.7511326550211379E-013 (-7.72820309259418548E-008,-1.02960672131591677E-017)  (-9.22612209347265681E-009,1.27097010131380385E-008)             (-0.50000000000008871,0.0000000000000000)
         549        2000  -497.14325851528611        1.0000000000002875        3.1843594561955495        1.0000000000002824        4.0298713717638582E-015  -2.8754776337791554E-013  (-8.41580679548660877E-008,4.86793504982724041E-018)  (-8.25269172659367026E-009,1.38235344335169621E-008)             (-0.50000000000009470,0.0000000000000000)
         550        2000  -496.04094530349994        1.0000000000002944        1.9708472292716452        1.0000000000002887        4.6090028290080382E-015  -2.9443114613059151E-013 (-9.01598444174532112E-008,-2.24599878787542694E-019)  (-6.99125141702241443E-009,1.47919477275101123E-008)             (-0.50000000000009781,0.0000000000000000)
         551        2000  -494.93863209171377        1.0000000000003182        3.1843594568595650        1.0000000000003104        5.1105987780489057E-015  -3.1818991885756986E-013 (-9.50578229037998441E-008,-3.35520720338016168E-018)  (-5.43312711366765967E-009,1.55773490416832158E-008)             (-0.50000000000010869,0.0000000000000000)
         552        2000  -493.83631887992760        1.0000000000003415        6.8057583262194630        1.0000000000003344        5.4920746088271485E-015  -3.4150460237469815E-013  (-9.86177043424293892E-008,3.62099099122701624E-018)  (-3.57493491974273254E-009,1.61414484723127638E-008)             (-0.50000000000012068,0.0000000000000000)
         553        2000  -492.73400566814144        1.0000000000003553        12.777932213858247        1.0000000000003486        5.7127556491934206E-015  -3.5527136788005009E-013  (-1.00604696777347271E-007,3.49715219032900984E-020)  (-1.41912545886038343E-009,1.64459633181225515E-008)             (-0.50000000000012779,0.0000000000000000)
         554        2000  -491.63169245635527        1.0000000000003955        21.006696369964363        1.0000000000003859        5.7381798513958844E-015  -3.9546144137148076E-013 (-1.00788423316167463E-007,-5.98115719627536055E-018)   (1.02551897009382994E-009,1.64533284266753214E-008)             (-0.50000000000014644,0.0000000000000000)
         555        2000  -490.52937924456910        1.0000000000004174        31.362278268174109        1.0000000000004112        5.5449811811428522E-015  -4.1744385725905886E-013 (-9.89481652471789411E-008,-2.86410941457674359E-018)   (3.74278166365620503E-009,1.61276379792447887E-008)             (-0.50000000000015909,0.0000000000000000)
         556        2000  -489.42706603278293        1.0000000000004308        43.681364195823342        1.0000000000004245        5.1260920630942391E-015  -4.3076653355456074E-013 (-9.48786914125724535E-008,-9.65653937606082767E-019)   (6.70927861024600437E-009,1.54356686772348169E-008)             (-0.50000000000016576,0.0000000000000000)
         557        2000  -488.32475282099676        1.0000000000004752        57.769674808769835        1.0000000000004658        4.4958808693574119E-015  -4.7517545453956700E-013 (-8.83962898635203334E-008,-1.41068725850008768E-017)   (9.89345513749292489E-009,1.43476087065171805E-008)             (-0.50000000000018641,0.0000000000000000)
         558        2000  -487.22243960921060        1.0000000000004992        73.405029032701748        1.0000000000004947        3.6947772351702269E-015  -4.9915627187147038E-013  (-7.93451753910616515E-008,2.86230196913732967E-018)   (1.32553844819220028E-008,1.28384492405701996E-008)             (-0.50000000000020084,0.0000000000000000)
         559        2000  -486.12012639742443        1.0000000000005091        90.340847991393019        1.0000000000005049        2.7928544231229477E-015  -5.0914827909309679E-013 (-6.76040045439560378E-008,-1.11986703570895352E-018)   (1.67470693725122787E-008,1.08888189791414705E-008)             (-0.50000000000020595,0.0000000000000000)
         560        2000  -485.01781318563826        1.0000000000005453        108.31004370290331        1.0000000000005409        1.8918003463726626E-015  -5.4534154969587689E-013 (-5.30924355039338672E-008,-7.97234705230759372E-018)   (2.03119777742119460E-008,8.48604083833621865E-009)             (-0.50000000000022393,0.0000000000000000)
         561        2000  -483.91549997385209        1.0000000000005511        127.02923121658198        1.0000000000005507        1.1247139651170677E-015  -5.5111470942392771E-013 (-3.57776087747996636E-008,-2.64804801940022566E-018)   (2.38853192267801917E-008,5.62541238646221884E-009)             (-0.50000000000022882,0.0000000000000000)
         562        2000  -482.81318676206592        1.0000000000005498        146.20319776303680        1.0000000000005489        6.5320757742392074E-016  -5.4978244179437752E-013  (-1.56803734938946663E-008,6.76526050755883260E-018)   (2.73949780927319075E-008,2.31096133068080643E-009)             (-0.50000000000022793,0.0000000000000000)
         563        2000  -481.71087355027976        1.0000000000005582        165.52955843585946        1.0000000000005573        6.6140471734243775E-016  -5.5822013678152871E-013   (7.11885286432327436E-009,5.07112817810830964E-018)  (3.07613098528797006E-008,-1.44350940636516301E-009)             (-0.50000000000023215,0.0000000000000000)
         564        2000  -480.60856033849359        1.0000000000005476        184.70352498222971        1.0000000000005480        1.3465914141462450E-015  -5.4756199574512721E-013  (3.24748548595376262E-008,-2.30176265059598904E-018)  (3.38985628944568900E-008,-5.61345265751998488E-009)             (-0.50000000000022748,0.0000000000000000)
         565        2000  -479.50624712670742        1.0000000000005294        203.42271249573966        1.0000000000005280        2.9065122819944450E-015  -5.2935433814127464E-013   (6.01730510706186244E-008,5.55800823670312643E-018)  (3.67159003582921877E-008,-1.01630448972091133E-008)             (-0.50000000000021749,0.0000000000000000)
         566        2000  -478.40393391492125        1.0000000000005276        221.39190820700020        1.0000000000005227        5.5235915410529195E-015  -5.2757798130187439E-013   (8.99259297461925247E-008,8.54037679050670441E-019)  (3.91182746400813987E-008,-1.50445174886957532E-008)             (-0.50000000000021483,0.0000000000000000)
         567        2000  -477.30162070313509        1.0000000000005205        238.32772716536869        1.0000000000005116        9.3466937452320471E-015  -5.2047255394427339E-013  (1.21370519258220255E-007,-1.77998861732230775E-018)  (4.10085007409960024E-008,-2.01976509483898503E-008)             (-0.50000000000020928,0.0000000000000000)
         568        2000  -476.19930749134892        1.0000000000005205        253.96308138889879        1.0000000000005049        1.4471409948756052E-014  -5.2047255394427339E-013  (1.54067216070855671E-007,-5.68822117598329008E-019)  (4.22887250254208921E-008,-2.55498693256764209E-008)             (-0.50000000000020595,0.0000000000000000)
         569        2000  -475.09699427956275        1.0000000000005713        268.05139200137705        1.0000000000005453        2.0920215605366598E-014  -5.7132076847210556E-013  (1.87499997836760152E-007,-2.03369530781488251E-019)  (4.28621928198229190E-008,-3.10160159051847297E-008)             (-0.50000000000022615,0.0000000000000000)
         570        2000  -473.99468106777658        1.0000000000006435        280.37047792850552        1.0000000000006075        2.8624194383538642E-014  -6.4348526507274073E-013   (2.21078303711159734E-007,1.09838491604177748E-024)  (4.26358989733413813E-008,-3.64987838041197651E-008)             (-0.50000000000025724,0.0000000000000000)
         571        2000  -472.89236785599041        1.0000000000007463        290.72605982613470        1.0000000000007021        3.7408294659255248E-014  -7.4629191715303023E-013   (2.54140634074487437E-007,2.30382747664294494E-018)  (4.15225751008023346E-008,-4.18894457901878300E-008)             (-0.50000000000030453,0.0000000000000000)
         572        2000  -471.79005464420425        1.0000000000007865        298.95482398163023        1.0000000000007407        4.6982265655322842E-014  -7.8648199064446089E-013  (2.85960082510025623E-007,-1.76910538700919314E-018)  (3.94429910808387317E-008,-4.70685656428362263E-008)             (-0.50000000000032385,0.0000000000000000)
         573        2000  -470.68774143241808        1.0000000000007876        304.92699786862079        1.0000000000007305        5.6939438312827180E-014  -7.8759221366908605E-013   (3.15751782614690709E-007,2.04995739088882698E-018)  (3.63291861842929093E-008,-5.19073295072080919E-008)             (-0.50000000000031875,0.0000000000000000)
         574        2000  -469.58542822063191        1.0000000000007825        308.54839673730453        1.0000000000007110        6.6765383135981275E-014  -7.8248518775581033E-013  (3.42682474695446525E-007,-7.97523044497661470E-018)  (3.21263408358170681E-008,-5.62692499265276734E-008)             (-0.50000000000030898,0.0000000000000000)
         575        2000  -468.48311500884574        1.0000000000008533        309.76190896421974        1.0000000000007705        7.5858095667261317E-014  -8.5331741672689532E-013  (3.65882071519270094E-007,-1.86416743775887635E-019)  (2.67958753627472632E-008,-6.00118579833599809E-008)             (-0.50000000000033018,0.0000000000000000)
         576        2000  -467.38080179705958        1.0000000000009182        308.54839673661189        1.0000000000008273        8.3560783126678090E-014  -9.1815444136500446E-013  (3.84457350805747938E-007,-5.85066096538063827E-019)  (2.03180137636428989E-008,-6.29890709701180956E-008)             (-0.50000000000035427,0.0000000000000000)
         577        2000  -466.27848858527341        1.0000000000010083        304.92699786723085        1.0000000000009104        8.9207510249454605E-014  -1.0083045509645672E-012  (3.97507639476842203E-007,-2.09607281972905339E-018)  (1.26942346633738915E-008,-6.50538825244119051E-008)             (-0.50000000000039357,0.0000000000000000)
         578        2000  -465.17617537348724        1.0000000000010645        298.95482397958517        1.0000000000009681        9.2180882912313784E-014  -1.0644818360106001E-012  (4.04142375297803394E-007,-4.41148724290369122E-018)  (3.94938082244679756E-009,-6.60610136730296085E-008)             (-0.50000000000042155,0.0000000000000000)
         579        2000  -464.07386216170107        1.0000000000011149        290.72605982345686        1.0000000000010196        9.1979801456106950E-014  -1.1148859613285822E-012   (4.03500504310883070E-007,4.12493467480270626E-019) (-5.86553658981592905E-009,-6.58702636397759441E-008)             (-0.50000000000044742,0.0000000000000000)
         580        2000  -462.97154894991490        1.0000000000011491        280.37047792523765        1.0000000000010529        8.8293872441499970E-014  -1.1490808304870370E-012   (3.94771302920273073E-007,9.45741380421793476E-018) (-1.66724423997055079E-008,-6.43499888575284796E-008)             (-0.50000000000046552,0.0000000000000000)
         581        2000  -461.86923573812874        1.0000000000012219        268.05139199757832        1.0000000000011360        8.1079825757833094E-014  -1.2219114609024473E-012   (3.77216577470361270E-007,4.09740145948907848E-018) (-2.83641472955421325E-008,-6.13804763961969650E-008)             (-0.50000000000051037,0.0000000000000000)
         582        2000  -460.76692252634257        1.0000000000012668        253.96308138460986        1.0000000000011924        7.0633947036241533E-014  -1.2667644710973036E-012  (3.50193810794598952E-007,-9.32494346830397859E-018) (-4.08032130283471850E-008,-5.68579549373316925E-008)             (-0.50000000000054967,0.0000000000000000)
         583        2000  -459.66460931455640        1.0000000000013407        238.32772716067473        1.0000000000012741        5.7653438709978587E-014  -1.3407053245373390E-012   (3.13179882448155654E-007,2.98042485603018202E-018) (-5.38222548330949129E-008,-5.06985527236044831E-008)             (-0.50000000000059053,0.0000000000000000)
         584        2000  -458.56229610277023        1.0000000000013991        221.39190820196984        1.0000000000013491        4.3278987864653297E-014  -1.3991030556326223E-012   (2.65794867926608807E-007,1.71157829638386801E-018) (-6.72232715164066424E-008,-4.28417372395882120E-008)             (-0.50000000000062805,0.0000000000000000)
         585        2000  -457.45998289098407        1.0000000000014511        203.42271249045154        1.0000000000014193        2.9110596055835078E-014  -1.4510614931850796E-012  (2.07825729377688518E-007,-3.32127424555049521E-018) (-8.07783715708670460E-008,-3.32547998658665208E-008)             (-0.50000000000066314,0.0000000000000000)
         586        2000  -456.35766967919790        1.0000000000014651        184.70352497676816        1.0000000000014491        1.7189101337818504E-014  -1.4650503032953566E-012  (1.39248912013846636E-007,-5.33320678632678395E-018) (-9.42321687234312992E-008,-2.19360444488295928E-008)             (-0.50000000000067801,0.0000000000000000)
         587        2000  -455.25535646741173        1.0000000000014500        165.52955843030702        1.0000000000014420        9.9370571602845874E-015  -1.4499512701604544E-012   (6.02517631060462516E-008,1.08280128351331332E-018) (-1.07302542691838073E-007,-8.91837855176244718E-009)             (-0.50000000000067446,0.0000000000000000)
         588        2000  -454.15304325562556        1.0000000000014178        146.20319775748649        1.0000000000014104        1.0054578295196618E-014  -1.4177548024463249E-012  (-2.87482520963522986E-008,2.33658734807490720E-021)  (-1.19684623124310143E-007,5.72730679265990030E-009)             (-0.50000000000065870,0.0000000000000000)
         589        2000  -453.05073004383939        1.0000000000013975        127.02923121111697        1.0000000000013793        2.0368614102305079E-014  -1.3975487433981471E-012 (-1.27086724512078384E-007,-1.13603944566828269E-017)  (-1.31054312334848082E-007,2.18898092584657393E-008)             (-0.50000000000064315,0.0000000000000000)
         590        2000  -451.94841683205323        1.0000000000013889        108.31004369761571        1.0000000000013469        4.3637681301871255E-014  -1.3888890038060708E-012 (-2.33838944098774883E-007,-7.43722801569518909E-019)  (-1.41072312463132656E-007,3.94152821783517899E-008)             (-0.50000000000062694,0.0000000000000000)
         591        2000  -450.84610362026706        1.0000000000013931        90.340847986357460        1.0000000000013096        8.2318370942814015E-014  -1.3931078512996464E-012 (-3.47810206049097148E-007,-1.71593026315662152E-018)  (-1.49390137555481200E-007,5.81055326086302244E-008)             (-0.50000000000059686,0.0000000000000000)
         592        2000  -449.74379040848089        1.0000000000014189        73.405029028000314        1.0000000000012776        1.3830462730370613E-013  -1.4188650254709501E-012 (-4.67530765834558508E-007,-1.19419055678655981E-017)  (-1.55655877645003021E-007,7.77176860477101306E-008)             (-0.50000000000056655,0.0000000000000000)
         593        2000  -448.64147719669472        1.0000000000014722        57.769674804486264        1.0000000000012528        2.1265563125972306E-013  -1.4721557306529576E-012  (-5.91255667367645089E-007,8.27806213434041749E-019)  (-1.59520838533936652E-007,9.79637340808863170E-008)             (-0.50000000000054334,0.0000000000000000)
         594        2000  -447.53916398490855        1.0000000000015059        43.681364192001574        1.0000000000011995        3.0533275067048845E-013  -1.5059065106015623E-012  (-7.16970418548948211E-007,6.11152556872366084E-019)  (-1.60647486022357446E-007,1.18511810163114083E-007)             (-0.50000000000049416,0.0000000000000000)
         595        2000  -446.43685077312239        1.0000000000015352        31.362278264899881        1.0000000000011195        4.1496984400157919E-013  -1.5352163984516665E-012  (-8.42402509298045134E-007,2.71763256161760985E-018)  (-1.58717127814371478E-007,1.38988138215422076E-007)             (-0.50000000000042810,0.0000000000000000)
         596        2000  -445.33453756133622        1.0000000000015430        21.006696367278334        1.0000000000010036        5.3870405269726658E-013  -1.5429879596240426E-012 (-9.65039619577324857E-007,-6.05477840486461882E-020)  (-1.53438293184425388E-007,1.58979888517937859E-007)             (-0.50000000000034617,0.0000000000000000)
         597        2000  -444.23222434955005        1.0000000000015528        12.777932211789032        1.0000000000008802        6.7209512864245060E-013  -1.5527579222407439E-012  (-1.08215449113363297E-006,1.29961311830799775E-017)  (-1.44556346572910823E-007,1.78039467515241510E-007)             (-0.50000000000025235,0.0000000000000000)
         598        2000  -443.12991113776388        1.0000000000015716        6.8057583248364644        1.0000000000007589        8.0916044228770069E-013  -1.5716317136593716E-012  (-1.19083699011157100E-006,1.93660722255436824E-018)  (-1.31861393122393099E-007,1.95689877032547404E-007)             (-0.50000000000015887,0.0000000000000000)
         599        2000  -442.02759792597772        1.0000000000015956        3.1843594561482149        1.0000000000006497        9.4254894783623775E-013  -1.5956125309912750E-012  (-1.28803307564463952E-006,6.44778749658208566E-018)  (-1.15198317683916976E-007,2.11430900265367498E-007)             (-0.50000000000007760,0.0000000000000000)
         600        2000  -440.92528471419155        1.0000000000016289        1.9708472292558550        1.0000000000005596        1.0638712341362901E-012  -1.6289192217300297E-012 (-1.37059100031905446E-006,-5.97815346532840195E-019)  (-9.44751833522555581E-008,2.24747020625067077E-007)             (-0.50000000000000910,0.0000000000000000)
         601        2000  -439.82297150240538        1.0000000000016440        3.1843594569039873        1.0000000000004787        1.1641933438184367E-012  -1.6440182548649318E-012  (-1.43531424200231837E-006,9.54282478912786467E-021)  (-6.96719059407690042E-008,2.35115944598412188E-007)             (-0.49999999999994982,0.0000000000000000)
         602        2000  -438.72065829061921        1.0000000000016624        6.8057583262663748        1.0000000000004263        1.2346901243408933E-012  -1.6624479570737094E-012  (-1.47902096921807719E-006,6.09969194887689378E-018)  (-4.08479615701394521E-008,2.42018387175311856E-007)             (-0.49999999999990824,0.0000000000000000)
         603        2000  -437.61834507883304        1.0000000000016913        12.777932213966364        1.0000000000004192        1.2674395321335578E-012  -1.6913137557139635E-012  (-1.49860942803056649E-006,2.43563676729044219E-018)  (-8.15025297092140005E-009,2.44948921544985587E-007)             (-0.49999999999989919,0.0000000000000000)
         604        2000  -436.51603186704688        1.0000000000017024        21.006696370106791        1.0000000000004459        1.2563234821914111E-012  -1.7024159859602150E-012  (-1.49112856648495016E-006,1.16948762782567958E-019)   (2.81819741664725522E-008,2.43427473993181172E-007)             (-0.49999999999991529,0.0000000000000000)
         605        2000  -435.41371865526071        1.0000000000017182        31.362278268332542        1.0000000000005196        1.1979841673781295E-012  -1.7181811529098923E-012  (-1.45385293655912488E-006,2.99243409612103029E-018)   (6.78109402193967186E-008,2.37011540384261477E-007)             (-0.49999999999996692,0.0000000000000000)
         606        2000  -434.31140544347454        1.0000000000017439        43.681364196042061        1.0000000000006493        1.0927690878799327E-012  -1.7439383270811959E-012  (-1.38436088726743279E-006,5.01893813766443132E-019)   (1.10298051967129698E-007,2.25309157760414018E-007)             (-0.50000000000005118,0.0000000000000000)
         607        2000  -433.20909223168837        1.0000000000017637        57.769674809003938        1.0000000000008162        9.4558409726148453E-013  -1.7637002969195237E-012 (-1.28061469902389726E-006,-1.39806277538249550E-019)   (1.55101643264389221E-007,2.07991842464042987E-007)             (-0.50000000000016520,0.0000000000000000)
         608        2000  -432.10677901990221        1.0000000000017730        73.405029032961423        1.0000000000010054        7.6656383194345504E-013  -1.7730261703263750E-012 (-1.14104125107795751E-006,-4.56660743184973423E-018)   (2.01577638485835987E-007,1.84807774487202628E-007)             (-0.50000000000030254,0.0000000000000000)
         609        2000  -431.00446580811604        1.0000000000017939        90.340847991693352        1.0000000000012181        5.7146440078395203E-013  -1.7938983631893279E-012 (-9.64611699292077741E-007,-5.85670960730230534E-018)   (2.48981448215992986E-007,1.55594950784221790E-007)             (-0.50000000000045308,0.0000000000000000)
         610        2000  -429.90215259632987        1.0000000000018112        108.31004370320787        1.0000000000014269        3.8168540446689494E-013  -1.8112178423734804E-012 (-7.50918329980603244E-007,-5.76786862270949041E-019)   (2.96473612290254349E-007,1.20293510370506056E-007)             (-0.50000000000059941,0.0000000000000000)
         611        2000  -428.79983938454370        1.0000000000018283        127.02923121691147        1.0000000000016041        2.2383917295940168E-013  -1.8283152769527078E-012 (-5.00246801397926376E-007,-8.53042663100315906E-018)   (3.43125673565042871E-007,7.89574743386600338E-008)             (-0.50000000000072553,0.0000000000000000)
         612        2000  -427.69752617275753        1.0000000000018288        146.20319776337902        1.0000000000017017        1.2880499603106274E-013  -1.8287593661625579E-012  (-2.13641889272816232E-007,4.57484789210797257E-018)   (3.87930873265106857E-007,3.17656618204960891E-008)             (-0.50000000000078748,0.0000000000000000)
         613        2000  -426.59521296097137        1.0000000000017952        165.52955843621106        1.0000000000016698        1.3023534699342014E-013  -1.7952306308188781E-012  (1.07035392971809779E-007,-1.32130043985044446E-019)  (4.29815963765051104E-007,-2.09693995666154196E-008)             (-0.50000000000077127,0.0000000000000000)
         614        2000  -425.49289974918520        1.0000000000017710        184.70352498257753        1.0000000000015086        2.6251973864962608E-013  -1.7710277688820497E-012  (4.59061267600298152E-007,-9.66303441204682797E-018)  (4.67655801314019686E-007,-7.87938846243653232E-008)             (-0.50000000000066402,0.0000000000000000)
         615        2000  -424.39058653739903        1.0000000000017764        203.42271249608967        1.0000000000012177        5.5825801996584186E-013  -1.7763568394002505E-012   (8.38815169008027955E-007,7.64737779628093735E-018)  (5.00290947932523859E-007,-1.41107012198286083E-007)             (-0.50000000000045586,0.0000000000000000)
         616        2000  -423.28827332561286        1.0000000000017930        221.39190820734740        1.0000000000007465        1.0453468720197547E-012  -1.7930101847696278E-012   (1.24176041085116464E-006,1.24932841267899934E-018)  (5.26547783921902472E-007,-2.07158479246286951E-007)             (-0.50000000000011335,0.0000000000000000)
         617        2000  -422.18596011382670        1.0000000000018194        238.32772716567803        1.0000000000000724        1.7438375654546917E-012  -1.8194334927557065E-012   (1.66244113102786185E-006,5.59494189920410874E-018)  (5.45259497122034818E-007,-2.76047820565754290E-007)             (-0.49999999999962785,0.0000000000000000)
         618        2000  -421.08364690204053        1.0000000000018283        253.96308138923177       0.99999999999916422        2.6627759303390241E-012  -1.8283152769527078E-012   (2.09449747158965845E-006,2.94547675286237451E-018)  (5.55291579768136542E-007,-3.46727046872064531E-007)             (-0.49999999999897987,0.0000000000000000)
         619        2000  -419.98133369025436        1.0000000000018343        268.05139200167292       0.99999999999803624        3.7972819335118392E-012  -1.8343104812856836E-012   (2.53070029417546857E-006,1.18601543023847254E-018)  (5.55566701414876991E-007,-4.18006827055180385E-007)             (-0.49999999999817674,0.0000000000000000)
         620        2000  -418.87902047846819        1.0000000000018170        280.37047792875961       0.99999999999669487        5.1261613539071658E-012  -1.8169910021015312E-012   (2.96300683968637978E-006,6.20372969449332628E-018)  (5.45092289752345951E-007,-4.88565466568692684E-007)             (-0.49999999999722461,0.0000000000000000)
         621        2000  -417.77670726668202        1.0000000000017915        290.72605982642585       0.99999999999518474        6.6103601590696119E-012  -1.7914558725351526E-012  (3.38263815385872691E-006,-2.80205524964379664E-019)  (5.22989165433014454E-007,-5.56961841906062660E-007)             (-0.49999999999615680,0.0000000000000000)
         622        2000  -416.67439405489586        1.0000000000017781        298.95482398182446       0.99999999999358646        8.1925684580343657E-012  -1.7781331962396507E-012  (3.78017901291044726E-006,-7.66320020510722575E-019)  (4.88519999645152576E-007,-6.21652220839745728E-007)             (-0.49999999999502326,0.0000000000000000)
         623        2000  -415.57208084310969        1.0000000000017579        304.92699786882758       0.99999999999196088        9.7982509454772910E-012  -1.7579271371914729E-012   (4.14570035676622684E-006,2.63914155282601336E-018)  (4.41117911709898222E-007,-6.81009992485360207E-007)             (-0.49999999999387407,0.0000000000000000)
         624        2000  -414.46976763132352        1.0000000000017619        308.54839673751292       0.99999999999042521        1.1338321984728859E-011  -1.7619239400801234E-012  (4.46890432594215223E-006,-1.43331242330679524E-018)  (3.80415581768040480E-007,-7.33349979256242887E-007)             (-0.49999999999278288,0.0000000000000000)
         625        2000  -413.36745441953735        1.0000000000017666        309.76190896430552       0.99999999998905409        1.2713593214046846E-011  -1.7665868767835491E-012  (4.73929071545536828E-006,-5.07087283930823685E-019)  (3.06271004371730776E-007,-7.76955758771463587E-007)             (-0.49999999999181183,0.0000000000000000)
         626        2000  -412.26514120775118        1.0000000000017690        308.54839673676224       0.99999999998794786        1.3821003844778371E-011  -1.7690293674377244E-012   (4.94634407684595360E-006,1.55031617400491890E-017)  (2.18793360469882397E-007,-8.10110141173347862E-007)             (-0.49999999999102879,0.0000000000000000)
         627        2000  -411.16282799596502        1.0000000000017715        304.92699786731038       0.99999999998721001        1.4561499064970742E-011  -1.7714718580918998E-012  (5.07973939379214172E-006,-3.27243844592379762E-026)  (1.18365505278778680E-007,-8.31129283217028686E-007)             (-0.49999999999051037,0.0000000000000000)
         628        2000  -410.06051478417885        1.0000000000017808        298.95482397959006       0.99999999998693068        1.4849259227736488E-011  -1.7807977314987511E-012  (5.12956421282300026E-006,-5.85654382173892465E-018)  (5.66236398884074945E-009,-8.38399014987184408E-007)             (-0.49999999999031719,0.0000000000000000)
         629        2000  -408.95820157239268        1.0000000000017886        290.72605982353042       0.99999999998716627        1.4621810281713022E-011  -1.7885692926711272E-012  (5.08655412596547786E-006,-6.06509487266392959E-018) (-1.18333130449592251E-007,-8.30413111383873894E-007)             (-0.49999999999049144,0.0000000000000000)
         630        2000  -407.85588836060651        1.0000000000017917        280.37047792518064       0.99999999998794076        1.3850377738591689E-011  -1.7916779171400776E-012  (4.94233854103266925E-006,-1.25800970077276727E-018) (-2.52319792908958109E-007,-8.05814110599141046E-007)             (-0.49999999999104938,0.0000000000000000)
         631        2000  -406.75357514882035        1.0000000000017939        268.05139199752915       0.99999999998924394        1.2549694480232711E-011  -1.7938983631893279E-012   (4.68969236633440418E-006,3.67898373948360188E-020) (-3.94673863385639288E-007,-7.63433891274942534E-007)             (-0.49999999999198530,0.0000000000000000)
         632        2000  -405.65126193703418        1.0000000000017915        253.96308138456843       0.99999999999100520        1.0786356711215063E-011  -1.7914558725351526E-012  (4.32278952364062006E-006,-1.76927050909775645E-018) (-5.43448710744292766E-007,-7.02335305173141571E-007)             (-0.49999999999324629,0.0000000000000000)
         633        2000  -404.54894872524801        1.0000000000017855        238.32772716053094       0.99999999999310352        8.6847552554432115E-012  -1.7854606682021767E-012  (3.83745310308607287E-006,-1.11970640301698715E-018) (-6.96383314199351583E-007,-6.21853146158891208E-007)             (-0.49999999999474848,0.0000000000000000)
         634        2000  -403.44663551346184        1.0000000000017699        221.39190820186664       0.99999999999534217        6.4296095699280200E-012  -1.7699175458574246E-012  (3.23139704359942876E-006,-7.97284503594469602E-018) (-8.50916580770467502E-007,-5.21633178370223364E-007)             (-0.49999999999635214,0.0000000000000000)
         635        2000  -402.34432230167567        1.0000000000017675        203.42271249030679       0.99999999999750599        4.2642111316732815E-012  -1.7674750552032492E-012   (2.50445347368376354E-006,3.70309735804932308E-018) (-1.00420867553565588E-006,-4.01669290177392298E-007)             (-0.49999999999789824,0.0000000000000000)
         636        2000  -401.24200908988951        1.0000000000017801        184.70352497659232       0.99999999999929323        2.4836521731831982E-012  -1.7801315976839760E-012   (1.65878010127757760E-006,2.66660307146999472E-018) (-1.15317125179066484E-006,-2.62337305278405194E-007)             (-0.49999999999917227,0.0000000000000000)
         637        2000  -400.13969587810334        1.0000000000017952        165.52955843013609        1.0000000000003713        1.4225772902946736E-012  -1.7952306308188781E-012  (6.99041209187486808E-007,-3.69336814741591650E-020) (-1.29450456151327336E-006,-1.04423857667805745E-007)             (-0.49999999999993783,0.0000000000000000)
         638        2000  -399.03738266631717        1.0000000000017875        146.20319775729834        1.0000000000003531        1.4373489318367951E-012  -1.7874590696465020E-012  (-3.67443400844737500E-007,1.07133166116839212E-017)  (-1.42474204433936474E-006,7.08492064672349881E-008)             (-0.49999999999992578,0.0000000000000000)
         639        2000  -397.93506945453100        1.0000000000017926        127.02923121092248       0.99999999999890976        2.8829497510435310E-012  -1.7925660955597778E-012 (-1.53058793491397319E-006,-1.55421195934513872E-018)  (-1.54030370715579360E-006,2.61807339382519836E-007)             (-0.49999999999889444,0.0000000000000000)
         640        2000  -396.83275624274484        1.0000000000017928        108.31004369739136       0.99999999999571054        6.0854375782527744E-012  -1.7927881401647028E-012 (-2.77747408374875234E-006,-1.65052745302263924E-018)  (-1.63755547257930981E-006,4.66312962568737251E-007)             (-0.49999999999661526,0.0000000000000000)
         641        2000  -395.73044303095867        1.0000000000017801        90.340847986213049       0.99999999999046763        1.1311293156134214E-011  -1.7801315976839760E-012 (-4.09233422674191705E-006,-3.23438633891457730E-018)  (-1.71287564792372544E-006,6.81763050030813349E-007)             (-0.49999999999288347,0.0000000000000000)
         642        2000  -394.62812981917250        1.0000000000017832        73.405029027787947       0.99999999998304800        1.8735519786232823E-011  -1.7832402221529264E-012  (-5.45658899596592628E-006,3.35805244840916081E-018)  (-1.76272793884363422E-006,9.05095783314242739E-007)             (-0.49999999998760108,0.0000000000000000)
         643        2000  -393.52581660738633        1.0000000000017748        57.769674804311407       0.99999999997336397        2.8410825244270697E-011  -1.7748025271657752E-012  (-6.84894391910695268E-006,8.37145725778391721E-018)  (-1.78373845280596276E-006,1.13280713670460545E-006)             (-0.49999999998070860,0.0000000000000000)
         644        2000  -392.42350339560016        1.0000000000017772        43.681364191940403       0.99999999996153632        4.0240590180816001E-011  -1.7772450178199506E-012 (-8.24554832540995880E-006,-1.46986162956891195E-018)  (-1.77277754467120083E-006,1.36097713516580642E-006)             (-0.49999999997229067,0.0000000000000000)
         645        2000  -391.32119018381400        1.0000000000017786        31.362278264697469       0.99999999994781996        5.3958556156237286E-011  -1.7785772854495008E-012  (-9.62021954351226189E-006,7.76046604553370865E-018)  (-1.72704406010007006E-006,1.58530723244633625E-006)             (-0.49999999996253458,0.0000000000000000)
         646        2000  -390.21887697202783        1.0000000000017781        21.006696367250630       0.99999999993266031        6.9118200267686307E-011  -1.7781331962396507E-012  (-1.09447335896608655E-005,8.91606033253442394E-018)  (-1.64415087799023326E-006,1.80116846741424747E-006)             (-0.49999999995175687,0.0000000000000000)
         647        2000  -389.11656376024166        1.0000000000017804        12.777932211800817       0.99999999991668509        8.5094565348709198E-011  -1.7803536422889010E-012 (-1.21891830287469975E-005,-7.57920318439947578E-019)  (-1.52220987730383617E-006,2.00366041737154069E-006)             (-0.49999999994040639,0.0000000000000000)
         648        2000  -388.01425054845549        1.0000000000017806        6.8057583246851587       0.99999999990068122        1.0110085171344630E-010  -1.7805756868938261E-012  (-1.33224008775473004E-005,7.82918384363909421E-018)  (-1.35991552305050982E-006,2.18768105920585594E-006)             (-0.49999999992903926,0.0000000000000000)
         649        2000  -386.91193733666933        1.0000000000017921        3.1843594563431825       0.99999999988557020        1.1622133777266188E-010  -1.7921220063499277E-012  (-1.43124483794402079E-005,3.15500418533260345E-018)  (-1.15662361021554761E-006,2.34800716566880944E-006)             (-0.49999999991831723,0.0000000000000000)
         650        2000  -385.80962412488316        1.0000000000018019        1.9708472292307071       0.99999999987234101        1.2946118745539080E-010  -1.8018919689666291E-012  (-1.51271626569902661E-005,2.91999309629312474E-018)  (-9.12424852125972949E-007,2.47938400202108913E-006)             (-0.49999999990894450,0.0000000000000000)
         651        2000  -384.70731091309699        1.0000000000018099        3.1843594569533904       0.99999999986199772        1.3981245400385623E-010  -1.8098855747439302E-012 (-1.57347590981711508E-005,-3.86551841818637519E-018)  (-6.28210542162497334E-007,2.57662450469439886E-006)             (-0.49999999990163502,0.0000000000000000)
         652        2000  -383.60499770131082        1.0000000000018177        6.8057583265368216       0.99999999985548294        1.4633415351331886E-010  -1.8176571359163063E-012 (-1.61044812141090881E-005,-1.39762340775266848E-018)  (-3.05727723720396887E-007,2.63471567874862367E-006)             (-0.49999999989705857,0.0000000000000000)
         653        2000  -382.50268448952465        1.0000000000018252        12.777932213953738       0.99999999985358112        1.4824274739816480E-010  -1.8252066524837574E-012  (-1.62072898039625820E-005,3.88331000755050021E-018)   (5.23767246048977112E-008,2.64893140912385916E-006)             (-0.49999999989577282,0.0000000000000000)
         654        2000  -381.40037127773849        1.0000000000018281        21.006696370332584       0.99999999985681987        1.4500783274785517E-010  -1.8280932323477828E-012 (-1.60165810447800432E-005,-1.89604976186484063E-018)   (4.42526020640096599E-007,2.61495016808206566E-006)             (-0.49999999989815047,0.0000000000000000)
         655        2000  -380.29805806595232        1.0000000000018283        31.362278268580482       0.99999999986538213        1.3644643111779610E-010  -1.8283152769527078E-012 (-1.55089221862965959E-005,-7.91726844960804860E-018)   (8.60199813014083719E-007,2.52897521252555697E-006)             (-0.49999999990432148,0.0000000000000000)
         656        2000  -379.19574485416615        1.0000000000018401        43.681364196081866       0.99999999987902943        1.2280811850655321E-010  -1.8400836410137345E-012  (-1.46647916882253566E-005,4.99347701948345853E-018)   (1.29993656384211910E-006,2.38785533402213468E-006)             (-0.49999999991410815,0.0000000000000000)
         657        2000  -378.09343164237998        1.0000000000018416        57.769674809336500       0.99999999989699817        1.0484250055840978E-010  -1.8416379532482097E-012  (-1.34693098792720423E-005,1.85389165693667231E-018)   (1.75535574068201030E-006,2.18920434627053854E-006)             (-0.49999999992696986,0.0000000000000000)
         658        2000  -376.99111843059381        1.0000000000018534        73.405029033130219       0.99999999991801136        8.3840339475409817E-011  -1.8534063173092363E-012  (-1.19129445951626007E-005,2.23689461322324128E-018)   (2.21919987340074710E-006,1.93151583378378478E-006)             (-0.49999999994199018,0.0000000000000000)
         659        2000  -375.88880521880765        1.0000000000018565        90.340847991856620       0.99999999994021782        6.1640106190359801E-011  -1.8565149417781868E-012 (-9.99217597572681569E-006,-5.23621878084359242E-019)   (2.68339710609145784E-006,1.61427133830915067E-006)             (-0.49999999995785155,0.0000000000000000)
         660        2000  -374.78649200702148        1.0000000000018618        108.31004370351951       0.99999999996126809        4.0592943513349773E-011  -1.8618440122963875E-012 (-7.71010346710071737E-006,-2.73612578344449780E-018)   (3.13914583636284433E-006,1.23803911177102523E-006)             (-0.49999999997287770,0.0000000000000000)
         661        2000  -373.68417879523531        1.0000000000018623        127.02923121709426       0.99999999997838152        2.3481030642935895E-011  -1.8622881015062376E-012 (-5.07697815951017294E-006,-5.49465061460595668E-020)   (3.57702132843138084E-006,8.04560150882356618E-007)             (-0.49999999998508893,0.0000000000000000)
         662        2000  -372.58186558344914        1.0000000000018567        146.20319776363721       0.99999999998846989        1.3387118752084574E-011  -1.8567369863831118E-012  (-2.11064327291133505E-006,1.00984145144956596E-017)   (3.98710302272145149E-006,3.16819289703652202E-007)             (-0.49999999999228179,0.0000000000000000)
         663        2000  -371.47955237166298        1.0000000000018592        165.52955843646154       0.99999999998834177        1.3516483227158998E-011  -1.8591794770372871E-012   (1.16313374098567967E-006,4.92984666120419916E-018)  (4.35912385975733528E-006,-2.20901387526688185E-007)             (-0.49999999999219141,0.0000000000000000)
         664        2000  -370.37723915987681        1.0000000000018570        184.70352498289679       0.99999999997487943        2.6976559084117742E-011  -1.8569590309880368E-012   (4.71045382883734951E-006,3.47050984120211111E-019)  (4.68263886352491131E-006,-8.02990084679878942E-007)             (-0.49999999998259848,0.0000000000000000)
         665        2000  -369.27492594809064        1.0000000000018519        203.42271249630747       0.99999999994532840        5.6523870251394955E-011  -1.8518520050747611E-012   (8.48921817783093778E-006,1.71608545216915371E-018)  (4.94721196691687784E-006,-1.42249523643631092E-006)             (-0.49999999996154670,0.0000000000000000)
         666        2000  -368.17261273630447        1.0000000000018510        221.39190820766007       0.99999999989755928        1.0429224065438953E-010  -1.8509638266550610E-012   (1.24492133497701446E-005,3.42651904518190321E-020)  (5.14261901940334202E-006,-2.07114093481207717E-006)             (-0.49999999992752603,0.0000000000000000)
         667        2000  -367.07029952451830        1.0000000000018601        238.32772716610069       0.99999999983033705        1.7152033848624576E-010  -1.8600676554569873E-012   (1.65323607075132767E-005,4.20112377876254614E-019)  (5.25906444816345276E-006,-2.73936901898967630E-006)             (-0.49999999987966121,0.0000000000000000)
         668        2000  -365.96798631273214        1.0000000000018641        253.96308138928904       0.99999999974356313        2.5829997655503045E-010  -1.8640644583456378E-012  (2.06731400566705764E-005,-5.16912850782883324E-018)  (5.28740760978258512E-006,-3.41641001802316904E-006)             (-0.49999999981789661,0.0000000000000000)
         669        2000  -364.86567310094597        1.0000000000018650        268.05139200221259       0.99999999963849673        3.6336886640284240E-010  -1.8649526367653380E-012  (2.47991937930238147E-005,-9.96909940881841972E-018)  (5.21939672744024118E-006,-4.09038316595429492E-006)             (-0.49999999974313797,0.0000000000000000)
         670        2000  -363.76335988915980        1.0000000000018623        280.37047792896533       0.99999999951788898        4.8397233079524293E-010  -1.8622881015062376E-012  (2.88321156624262489E-005,-1.26777937485110882E-018)  (5.04790492188291236E-006,-4.74842713782958302E-006)             (-0.49999999965735858,0.0000000000000000)
         671        2000  -362.66104667737363        1.0000000000018683        290.72605982648696       0.99999999938604978        6.1581747678838255E-010  -1.8682833058392134E-012  (3.26884241844644459E-005,-1.59846875421895047E-017)  (4.76716463739056203E-006,-5.37686048194436321E-006)             (-0.49999999956362340,0.0000000000000000)
         672        2000  -361.55873346558747        1.0000000000018732        298.95482398241501       0.99999999924873340        7.5314028669751418E-010  -1.8731682871475641E-012  (3.62807179284386271E-005,-7.72871482768254355E-020)  (4.37299559437463272E-006,-5.96137189248658348E-006)             (-0.49999999946604873,0.0000000000000000)
         673        2000  -360.45642025380130        1.0000000000018812        304.92699786862727       0.99999999911297910        8.8890085785781884E-010  -1.8811618929248652E-012   (3.95190052429806227E-005,3.08189265628431191E-018)  (3.86302158648258121E-006,-6.48723900922784579E-006)             (-0.49999999936964956,0.0000000000000000)
         674        2000  -359.35410704201513        1.0000000000018829        308.54839673768481       0.99999999898676961        1.0151146536459839E-009  -1.8829382497642655E-012   (4.23121975965493023E-005,2.25111258184654295E-018)  (3.23686931695196546E-006,-6.93957363878941681E-006)             (-0.49999999928011396,0.0000000000000000)
         675        2000  -358.25179383022896        1.0000000000018876        309.76190896456916       0.99999999887856927        1.1233183158125472E-009  -1.8876011864676912E-012   (4.45697511272136226E-005,1.23210727368028579E-018)  (2.49634679526137462E-006,-7.30359108761882301E-006)             (-0.49999999920346838,0.0000000000000000)
         676        2000  -357.14948061844279        1.0000000000018934        308.54839673628436       0.99999999879673607        1.2051577291253750E-009  -1.8933743461957420E-012   (4.62034370912808986E-005,5.89909744395674068E-018)  (1.64559257044145993E-006,-7.56490056852505426E-006)             (-0.49999999914565385,0.0000000000000000)
         677        2000  -356.04716740665663        1.0000000000018918        304.92699786748062       0.99999999874881795        1.2530742129983767E-009  -1.8918200339612667E-012  (4.71292174350934989E-005,-3.25952777642572733E-018)  (6.91193393296794532E-007,-7.70981222334752602E-006)             (-0.49999999911204757,0.0000000000000000)
         678        2000  -354.94485419487046        1.0000000000018932        298.95482397944272       0.99999999874084122        1.2610527194944847E-009  -1.8931523015908169E-012   (4.72691980201949045E-005,2.79487472408238754E-018) (-3.57736491619897571E-007,-7.72565680695236553E-006)             (-0.49999999910691584,0.0000000000000000)
         679        2000  -353.84254098308429        1.0000000000018943        290.72605982285319       0.99999999877651069        1.2253846519399404E-009  -1.8942625246154421E-012   (4.65536278802320460E-005,1.55056750824718275E-017) (-1.48951810118316220E-006,-7.60111273420768293E-006)             (-0.49999999913288312,0.0000000000000000)
         680        2000  -352.74022777129812        1.0000000000019014        280.37047792541574       0.99999999885651136        1.1453884215687163E-009  -1.9013679519730431E-012  (4.49229096150000428E-005,-4.96912790066032413E-018) (-2.68991812009726643E-006,-7.32653418681285452E-006)             (-0.49999999919042043,0.0000000000000000)
         681        2000  -351.63791455951196        1.0000000000019087        268.05139199680019       0.99999999897788383        1.0240241817257578E-009  -1.9086954239355691E-012   (4.23295827423013818E-005,6.60649391888549658E-020) (-3.94220781596808349E-006,-6.89427494936306868E-006)             (-0.49999999927739430,0.0000000000000000)
         682        2000  -350.53560134772579        1.0000000000019185        253.96308138425533       0.99999999913358040        8.6833635604891787E-010  -1.9184653865522705E-012   (3.87402393923166508E-005,5.22836132588827646E-018) (-5.22727787933194017E-006,-6.29900075779877013E-006)             (-0.49999999938876438,0.0000000000000000)
         683        2000  -349.43328813593962        1.0000000000019216        238.32772716037934       0.99999999931226191        6.8965948662869511E-010  -1.9215740110212209E-012  (3.41373294946200533E-005,-1.01749922544335906E-017) (-6.52380627428400401E-006,-5.53798280910299070E-006)             (-0.49999999951643975,0.0000000000000000)
         684        2000  -348.33097492415345        1.0000000000019247        221.39190820124296       0.99999999949839657        5.0353025557710108E-010  -1.9246826354901714E-012  (2.85208115043478586E-005,-8.30795905105640460E-023) (-7.80848450120428684E-006,-4.61136634664490729E-006)             (-0.49999999964934050,0.0000000000000000)
         685        2000  -347.22866171236728        1.0000000000019236        203.42271249011415       0.99999999967266207        3.2926162358002103E-010  -1.9235724124655462E-012  (2.19096039538182276E-005,-1.19192808339225028E-017) (-9.05630011265610367E-006,-3.52240588745506317E-006)             (-0.49999999977369747,0.0000000000000000)
         686        2000  -346.12634850058112        1.0000000000019307        184.70352497629307       0.99999999981277687        1.8915384657975763E-010  -1.9306778398231472E-012  (1.43427935133382175E-005,-4.72811452853615014E-019) (-1.02408753938794045E-005,-2.27766024501631334E-006)             (-0.49999999987363897,0.0000000000000000)
         687        2000  -345.02403528879495        1.0000000000019342        165.52955842984051       0.99999999989459254        1.0734116178541326E-010  -1.9342305535019477E-012   (5.88055636013945059E-006,2.04428964790590396E-018) (-1.13348594710529198E-005,-8.87140911467681735E-007)             (-0.49999999993197469,0.0000000000000000)
         688        2000  -343.92172207700878        1.0000000000019420        146.20319775701250       0.99999999989364063        1.0830118592431795E-010  -1.9420021146743238E-012  (-3.39524829784091301E-006,1.60803374987883236E-018)  (-1.23103726347299225E-005,6.35594060527794223E-007)             (-0.49999999993129696,0.0000000000000000)
         689        2000  -342.81940886522261        1.0000000000019373        127.02923121080167       0.99999999978685317        2.1508501501704799E-010  -1.9373391779708982E-012  (-1.33808504156059863E-005,9.09131859835632989E-018)  (-1.31394941964656028E-005,2.27340597069424765E-006)             (-0.49999999985520849,0.0000000000000000)
         690        2000  -341.71709565343644        1.0000000000019362        108.31004369723921       0.99999999955457874        4.4735768689872699E-010  -1.9362289549462730E-012 (-2.39507410569022095E-005,-1.76926533674243246E-018)  (-1.37947927936112504E-005,4.00560665598253993E-006)             (-0.49999999968975156,0.0000000000000000)
         691        2000  -340.61478244165028        1.0000000000019418        90.340847985664652       0.99999999918257076        8.1936868223283484E-010  -1.9417800700693988E-012  (-3.49582727292931217E-005,5.52061875686253695E-018)  (-1.42498887780728587E-005,5.80806034615247384E-006)             (-0.49999999942483353,0.0000000000000000)
         692        2000  -339.51246922986411        1.0000000000019407        73.405029028098838       0.99999999866394407        1.3379978650840954E-009  -1.9406698470447736E-012 (-4.62367111233574407E-005,-1.44268741467419271E-018)  (-1.44800409491170426E-005,7.65335934205805518E-006)             (-0.49999999905560899,0.0000000000000000)
         693        2000  -338.41015601807794        1.0000000000019396        57.769674803574574       0.99999999800089912        2.0010409395170787E-009  -1.9395596240201485E-012  (-5.76007536658061254E-005,2.64821381508415097E-018)  (-1.44627491234562281E-005,9.51107542277747574E-006)             (-0.49999999858370908,0.0000000000000000)
         694        2000  -337.30784280629177        1.0000000000019456        43.681364191603024       0.99999999720604005        2.7959074979301234E-009  -1.9455548283531243E-012  (-6.88485232322840266E-005,3.38398731063039618E-018)  (-1.41783619877398324E-005,1.13480900180923798E-005)             (-0.49999999801817047,0.0000000000000000)
         695        2000  -336.20552959450561        1.0000000000019553        31.362278264825594       0.99999999630305525        3.6989017090624674E-009  -1.9553247909698257E-012  (-7.97640358894407967E-005,3.63348295762473004E-019)  (-1.36106760780463130E-005,1.31290008388283989E-005)             (-0.49999999737593176,0.0000000000000000)
         696        2000  -335.10321638271944        1.0000000000019538        21.006696365998870       0.99999999532671335        4.6752389102903730E-009  -1.9537704787353505E-012  (-9.01201331227754961E-005,7.02684150911641790E-018)  (-1.27475186297475583E-005,1.48166044706013875E-005)             (-0.49999999668181211,0.0000000000000000)
         697        2000  -334.00090317093327        1.0000000000019578        12.777932211682810       0.99999999432203768        5.6799198246842924E-009  -1.9577672816240010E-012 (-9.96818583729441719E-005,-1.13207327980028967E-018)  (-1.15812969941349038E-005,1.63724519176944403E-005)             (-0.49999999596790773,0.0000000000000000)
         698        2000  -332.89858995914710        1.0000000000019580        6.8057583244404229       0.99999999334242107        6.6595379024539997E-009  -1.9579893262289261E-012 (-1.08210248285803019E-004,-4.20531366045124043E-019)  (-1.01095027934598930E-005,1.77574710242897960E-005)             (-0.49999999527227706,0.0000000000000000)
         699        2000  -331.79627674736093        1.0000000000019560        3.1843594546157159       0.99999999244692095        7.5550355372947964E-009  -1.9559909247846008E-012 (-1.15466497962202880E-004,-8.35888386748201714E-018)  (-8.33515988966226110E-006,1.89326493867431715E-005)             (-0.49999999463697903,0.0000000000000000)
         700        2000  -330.69396353557477        1.0000000000019522        1.9708472298559669       0.99999999169660070        8.3053541500253086E-009  -1.9522161665008753E-012 (-1.21216449927037345E-004,-3.65171682928108440E-018)  (-6.26719950180371282E-006,1.98597710559438223E-005)             (-0.49999999410547907,0.0000000000000000)
         701        2000  -329.59165032378860        1.0000000000019560        3.1843594556608910       0.99999999115011096        8.8518450161787303E-009  -1.9559909247846008E-012  (-1.25235345298460441E-004,1.00471823524677254E-018)  (-3.92075053636176263E-006,2.05021938170660862E-005)             (-0.49999999371949727,0.0000000000000000)
         702        2000  -328.48933711200243        1.0000000000019496        6.8057583256722847       0.99999999085872315        9.1432272743077528E-009  -1.9495516312417749E-012 (-1.27312767091825827E-004,-5.85920167679582180E-018)  (-1.31733656382411270E-006,2.08256583260385478E-005)             (-0.49999999351547358,0.0000000000000000)
         703        2000  -327.38702390021626        1.0000000000019504        12.777932214589082       0.99999999086114721        9.1408025100382343E-009  -1.9504398096614750E-012 (-1.27257695120814321E-004,-6.81440552288572705E-018)   (1.51503782138209844E-006,2.07991150624612529E-005)             (-0.49999999352087254,0.0000000000000000)
         704        2000  -326.28471068843010        1.0000000000019542        21.006696368813003       0.99999999117838589        8.8235684528013554E-009  -1.9542145679452005E-012  (-1.24903584919280105E-004,8.16273693191345123E-019)   (4.54191662634584402E-006,2.03955533661327864E-005)             (-0.49999999375053261,0.0000000000000000)
         705        2000  -325.18239747664393        1.0000000000019598        31.362278268937800       0.99999999180913468        8.1928242690129304E-009  -1.9597656830683263E-012 (-1.20113374804782419E-004,-2.84768161758601615E-018)   (7.72254640073668312E-006,1.95928189036201309E-005)             (-0.49999999420339480,0.0000000000000000)
         706        2000  -324.08008426485776        1.0000000000019591        43.681364196305722       0.99999999272612561        7.2758335006361283E-009  -1.9590995492535512E-012 (-1.12784320363188082E-004,-2.19509420389013300E-018)   (1.10101651439332587E-005,1.83744023505451581E-005)             (-0.49999999485989832,0.0000000000000000)
         707        2000  -322.97777105307159        1.0000000000019609        57.769674808620216       0.99999999387384952        6.1281135333664841E-009  -1.9608759060929515E-012 (-1.02852550284495146E-004,-1.32972119149803258E-019)   (1.43524260751065837E-005,1.67301803808584170E-005)             (-0.49999999568037512,0.0000000000000000)
         708        2000  -321.87545784128542        1.0000000000019582        73.405029034021439       0.99999999516800142        4.8339571863904752E-009  -1.9582113708338511E-012 (-9.02972359384498005E-005,-1.15323640401594876E-018)   (1.76919593663173015E-005,1.46570943605464410E-005)             (-0.49999999660467825,0.0000000000000000)
         709        2000  -320.77314462949926        1.0000000000019578        90.340847991964793       0.99999999649709359        3.5048649887763810E-009  -1.9577672816240010E-012 (-7.51442654302551246E-005,-2.19994515006258576E-018)   (2.09670749695375234E-005,1.21597465383630661E-005)             (-0.49999999755331354,0.0000000000000000)
         710        2000  -319.67083141771309        1.0000000000019607        108.31004370359781       0.99999999772628456        2.2756761132208763E-009  -1.9606538614880265E-012 (-5.74693151696998152E-005,-1.13926960519958451E-018)   (2.41125981270314400E-005,9.25089633421061925E-006)             (-0.49999999843021026,0.0000000000000000)
         711        2000  -318.56851820592692        1.0000000000019627        127.02923121780094       0.99999999870363410        1.2983289446334388E-009  -1.9626522629323517E-012  (-3.74002147922126697E-005,7.36422371134058947E-018)   (2.70608334849853976E-005,5.95184188270498765E-006)             (-0.49999999912716664,0.0000000000000000)
         712        2000  -317.46620499414075        1.0000000000019684        146.20319776383710       0.99999999926861460        7.3335312955918774E-010  -1.9684254226604025E-012 (-1.51185080131950500E-005,-5.61852069627761447E-019)   (2.97426527573684664E-005,2.29266857020315514E-006)             (-0.49999999952992402,0.0000000000000000)
         713        2000  -316.36389178235459        1.0000000000019682        165.52955843666689       0.99999999926258321        7.3938470183533566E-010  -1.9682033780554775E-012   (9.13988061589512412E-006,3.96526625275028334E-018)  (3.20886857704317553E-005,-1.68764965590391986E-006)             (-0.49999999952563573,0.0000000000000000)
         714        2000  -315.26157857056842        1.0000000000019698        184.70352498287644       0.99999999854077659        1.4611928489003300E-009  -1.9697576902899527E-012  (3.50849516576226444E-005,-1.01535383767758710E-017)  (3.40306071726341152E-005,-5.94130671877450680E-006)             (-0.49999999901140418,0.0000000000000000)
         715        2000  -314.15926535878225        1.0000000000019746        203.42271249685143       0.99999999698507813        3.0168968760899569E-009  -1.9746426715983034E-012  (6.23739758462903241E-005,-2.81577751033356198E-018)  (3.55024986592657554E-005,-1.04118928554029279E-005)             (-0.49999999790336869,0.0000000000000000)
         716        2000  -313.05695214699608        1.0000000000019775        221.39190820673332       0.99999999451675703        5.4852192091062010E-009  -1.9775292514623288E-012  (9.06139289699399350E-005,-1.32565911140607282E-018)  (3.64422629538992362E-005,-1.50348008455053932E-005)             (-0.49999999614578006,0.0000000000000000)
         717        2000  -311.95463893520991        1.0000000000019815        238.32772716603816       0.99999999110823290        8.8937484094949243E-009  -1.9815260543509794E-012  (1.19365050482268939E-004,-3.82551626307420272E-018)  (3.67930709238019181E-005,-1.97378151790134511E-005)             (-0.49999999371934456,0.0000000000000000)
         718        2000  -310.85232572342375        1.0000000000019837        253.96308138956627       0.99999998679272406        1.3209259265270633E-008  -1.9837465004002297E-012  (1.48145540405187097E-004,-1.00017666403541074E-019)  (3.65048153021550813E-005,-2.44418888118156664E-005)             (-0.49999999064809669,0.0000000000000000)
         719        2000  -309.75001251163758        1.0000000000019855        268.05139199994426       0.99999998167084503        1.8331140996284833E-008  -1.9855228572396300E-012   (1.76437388464864759E-004,2.59409493910323267E-019)  (3.55355388015421851E-005,-2.90621039303366342E-005)             (-0.49999998700405945,0.0000000000000000)
         720        2000  -308.64769929985141        1.0000000000019826        280.37047792999113       0.99999997591307388        2.4088908650774651E-008  -1.9826362773756045E-012  (2.03693307119676766E-004,-1.02119152595396343E-017)  (3.38528158572974381E-005,-3.35088122692301130E-005)             (-0.49999998290899034,0.0000000000000000)
         721        2000  -307.54538608806524        1.0000000000019826        290.72605982536464       0.99999996975737204        3.0244610566941438E-008  -1.9826362773756045E-012   (2.29344717186396484E-004,1.13190942378435397E-018)  (3.14350514371633798E-005,-3.76889484974271750E-005)             (-0.49999997853263517,0.0000000000000000)
         722        2000  -306.44307287627907        1.0000000000019771        298.95482398041867       0.99999996350128340        3.6500695779357062E-008  -1.9770851622524788E-012  (2.52810710632492047E-004,-3.21990461913335735E-018)  (2.82726673299732899E-005,-4.15075013244581165E-005)             (-0.49999997408710034,0.0000000000000000)
         723        2000  -305.34075966449291        1.0000000000019771        304.92699787074952       0.99999995748840220        4.2513575540535617E-008  -1.9770851622524788E-012   (2.73507891286204599E-004,7.56776835298681846E-018)  (2.43691489012652191E-005,-4.48691271974174956E-005)             (-0.49999996981716732,0.0000000000000000)
         724        2000  -304.23844645270674        1.0000000000019733        308.54839673492648       0.99999995208925851        4.7912715904064945E-008  -1.9733104039687532E-012  (2.90860970207216856E-004,-7.57822649857285088E-019)  (1.97419181297744370E-005,-4.76798875998736411E-005)             (-0.49999996598667473,0.0000000000000000)
         725        2000  -303.13613324092057        1.0000000000019713        309.76190896504448       0.99999994767731670        5.2324654013274041E-008  -1.9713120025244280E-012   (3.04313969106835536E-004,5.86758735258407141E-018)  (1.44230037337667602E-005,-4.98490829929813193E-005)             (-0.49999996286140108,0.0000000000000000)
         726        2000  -302.03382002913440        1.0000000000019738        308.54839673777803       0.99999994460110531        5.5400866460903096E-008  -1.9737544931786033E-012   (3.13341863394252273E-004,6.50481680654435499E-018)  (8.45948686086168264E-006,-5.12911577071664389E-005)             (-0.49999996068922981,0.0000000000000000)
         727        2000  -300.93150681734824        1.0000000000019751        304.92699786501288       0.99999994315400687        5.6847966488847115E-008  -1.9750867608081535E-012  (3.17462475983168371E-004,-1.57000606789190276E-018)  (1.91369001715461791E-006,-5.19276452987641301E-005)             (-0.49999995967861766,0.0000000000000000)
         728        2000  -299.82919360556207        1.0000000000019738        298.95482398191240       0.99999994354367050        5.6458304387362771E-008  -1.9737544931786033E-012   (3.16248414711374980E-004,5.10370824780555253E-018) (-5.13690727242332591E-006,-5.16891178413212205E-005)             (-0.49999995997684654,0.0000000000000000)
         729        2000  -298.72688039377590        1.0000000000019722        290.72605982308517       0.99999994586324104        5.4138730398664956E-008  -1.9722001809441281E-012   (3.09338831132441718E-004,7.31660362210873233E-018) (-1.26000433273865170E-005,-5.05171054877773311E-005)             (-0.49999996164955907,0.0000000000000000)
         730        2000  -297.62456718198973        1.0000000000019698        280.37047792426335       0.99999995006688147        4.9935088651640934E-008  -1.9697576902899527E-012  (2.96450766112394358E-004,-1.81106805648660444E-018) (-2.03693570107884190E-005,-4.83659471129209699E-005)             (-0.49999996466336327,0.0000000000000000)
         731        2000  -296.52225397020356        1.0000000000019706        268.05139199973468       0.99999995595199453        4.4049976933408523E-008  -1.9706458687096529E-012   (2.77389839191870843E-004,3.49369855048876512E-018) (-2.83253828472361494E-005,-4.52045306865797055E-005)             (-0.49999996887323317,0.0000000000000000)
         732        2000  -295.41994075841740        1.0000000000019746        253.96308138300122       0.99999996315051798        3.6851455979421133E-008  -1.9746426715983034E-012   (2.52060034689215228E-004,1.06996591773391903E-017) (-3.63368604289622567E-005,-4.10178859592068873E-005)             (-0.49999997401635138,0.0000000000000000)
         733        2000  -294.31762754663123        1.0000000000019731        238.32772716080291       0.99999997113123618        2.8870738426163432E-008  -1.9730883593638282E-012   (2.20472337434762924E-004,5.15657003234072328E-018) (-4.42623599592229078E-005,-3.58085870518665912E-005)             (-0.49999997971383814,0.0000000000000000)
         734        2000  -293.21531433484506        1.0000000000019762        221.39190820230095       0.99999997921454187        2.0787433740400474E-008  -1.9761969838327786E-012  (1.82751976468793721E-004,-1.30117253162627694E-017) (-5.19522080539003476E-005,-2.95979254278690897E-005)             (-0.49999998548131253,0.0000000000000000)
         735        2000  -292.11300112305889        1.0000000000019726        203.42271248883398       0.99999998660031464        1.3401658197418730E-008  -1.9726442701539781E-012   (1.39144044840129962E-004,3.00066274217836153E-018) (-5.92507005374479328E-005,-2.24268172572063147E-005)             (-0.49999999074880608,0.0000000000000000)
         736        2000  -291.01068791127273        1.0000000000019740        184.70352497640761       0.99999999240876281        7.5932092674104200E-009  -1.9739765377835283E-012  (9.00172792952510999E-005,-4.30233701836049053E-018) (-6.59985810931059801E-005,-1.43564082414453327E-005)             (-0.49999999488989788,0.0000000000000000)
         737        2000  -289.90837469948656        1.0000000000019751        165.52955842922316       0.99999999573297038        4.2690059175348652E-009  -1.9750867608081535E-012   (3.58658038283028868E-005,9.31863434817664520E-018) (-7.20357523453816833E-005,-5.46834393390894241E-006)             (-0.49999999725917077,0.0000000000000000)
         738        2000  -288.80606148770039        1.0000000000019889        146.20319775647209       0.99999999570093667        4.3010500686149984E-009  -1.9888535263135054E-012  (-2.26913330188026993E-005,1.68337458858618129E-018)  (-7.72041859289136241E-005,4.13532038280617341E-006)             (-0.49999999723639965,0.0000000000000000)
         739        2000  -287.70374827591422        1.0000000000019942        127.02923120918479       0.99999999154379715        8.4581967590352171E-009  -1.9941825968317062E-012 (-8.49129670060421653E-005,-1.35278426126044028E-017)  (-8.13509909364664130E-005,1.43325950270179982E-005)             (-0.49999999427515140,0.0000000000000000)
         740        2000  -286.60143506412805        1.0000000000020000        108.31004369735004       0.99999998266604873        1.7335950061045583E-008  -1.9999557565597570E-012  (-1.49941077681329420E-004,2.19727632656245709E-018)  (-8.43315890297965259E-005,2.49824326622433830E-005)             (-0.49999998795273271,0.0000000000000000)
         741        2000  -285.49912185234189        1.0000000000019971        90.340847985205158       0.99999996871275298        3.1289243497832978E-008  -1.9970691766957316E-012 (-2.16808563753397536E-004,-5.45211690859078649E-022)  (-8.60129471444434846E-005,3.59260158115784001E-005)             (-0.49999997801802054,0.0000000000000000)
         742        2000  -284.39680864055572        1.0000000000019968        73.405029025880012       0.99999994962836092        5.0373635250573169E-008  -1.9968471320908066E-012  (-2.84449556544309323E-004,2.19977901305065894E-018)  (-8.62768100710463464E-005,4.69884604663548563E-005)             (-0.49999996443324785,0.0000000000000000)
         743        2000  -283.29449542876955        1.0000000000019968        57.769674806589215       0.99999992570151885        7.4300476555579197E-008  -1.9968471320908066E-012  (-3.51712247324302107E-004,1.81449824043458176E-017)  (-8.50228692899430478E-005,5.79809302948357987E-005)             (-0.49999994740583348,0.0000000000000000)
         744        2000  -282.19218221698338        1.0000000000019997        43.681364190116199       0.99999989759066010        1.0241133919435505E-007  -1.9997337119548320E-012  (-4.17374155591585059E-004,5.68419585520643685E-019)  (-8.21718081381941370E-005,6.87031484982296729E-005)             (-0.49999992740645521,0.0000000000000000)
         745        2000  -281.08986900519722        1.0000000000019993        31.362278265193790       0.99999986632571902        1.3367628015243353E-007  -1.9992896227449819E-012 (-4.80159714876468645E-004,-1.55919858081013748E-017)  (-7.76681566554340971E-005,7.89462887459061857E-005)             (-0.49999990517016124,0.0000000000000000)
         746        2000  -279.98755579341105        1.0000000000020026        21.006696371538883       0.99999983328263153        1.6671937199743452E-007  -2.0026202918188574E-012  (-5.38760000857141830E-004,2.41450491686965177E-018)  (-7.14828873931116338E-005,8.84962140144026092E-005)             (-0.49999988167806048,0.0000000000000000)
         747        2000  -278.88524258162488        1.0000000000019922        12.777932208965133       0.99999980012863365        1.9987336244675479E-007  -1.9921841953873809E-012 (-5.91854374950348495E-004,-5.66687320668953163E-019)  (-6.36156913931261344E-005,9.71370262449406844E-005)             (-0.49999985811823933,0.0000000000000000)
         748        2000  -277.78292936983871        1.0000000000019740        6.8057583302132185       0.99999976873856777        2.3126340736737327E-007  -1.9739765377835283E-012 (-6.38133765639395238E-004,-1.29218997096336164E-017)  (-5.40968662989713858E-005,1.04654881965664446E-004)             (-0.49999983582605151,0.0000000000000000)
         749        2000  -276.68061615805254        1.0000000000019644        3.1843594589602704       0.99999974108432232        2.5891764435365909E-007  -1.9644286197717520E-012 (-6.76325260345495569E-004,-3.70603283963434266E-018)  (-4.29887562274731480E-005,1.10842018363545311E-004)             (-0.49999981620529044,0.0000000000000000)
         750        2000  -275.57830294626638        1.0000000000019456        1.9708472282137692       0.99999971910188079        2.8090006870364918E-007  -1.9455548283531243E-012 (-7.05217634578336663E-004,-1.35037637292789776E-017)  (-3.03866887755526284E-005,1.15500929160334843E-004)             (-0.49999980063349214,0.0000000000000000)
         751        2000  -274.47598973448021        1.0000000000019367        3.1843594653072707       0.99999970454304277        2.9545889629421562E-007  -1.9366730441561231E-012 (-7.23687402467528473E-004,-5.55814279623830238E-018)  (-1.64193556895888357E-005,1.18448622765222287E-004)             (-0.49999979035631958,0.0000000000000000)
         752        2000  -273.37367652269404        1.0000000000019256        6.8057583254757343       0.99999969882040229        3.0118152471748373E-007  -1.9255708139098715E-012  (-7.30724935482597940E-004,1.56662551026650206E-018)  (-1.24859388801227611E-006,1.19520887095139514E-004)             (-0.49999978637724984,0.0000000000000000)
         753        2000  -272.27136331090787        1.0000000000019127        12.777932217079599       0.99999970285639683        2.9714551898901021E-007  -1.9126922268242197E-012  (-7.25460165235554443E-004,3.04871837937094451E-018)   (1.49314655878317380E-005,1.18576483283687589E-004)             (-0.49999978935018113,0.0000000000000000)
         754        2000  -271.16905009912170        1.0000000000019011        21.006696375870110       0.99999971694797174        2.8305393071555400E-007  -1.9011459073681181E-012  (-7.07187362464334768E-004,2.65346214052718038E-018)   (3.18959095090280397E-005,1.15501185552754454E-004)             (-0.49999979948322937,0.0000000000000000)
         755        2000  -270.06673688733554        1.0000000000019000        31.362278266824287       0.99999974065903230        2.5934287000351463E-007  -1.9000356843434929E-012 (-6.75388469357956329E-004,-1.40789415230550524E-018)   (4.93912254369925009E-005,1.10211581064236324E-004)             (-0.49999981646234454,0.0000000000000000)
         756        2000  -268.96442367554937        1.0000000000018856        43.681364200179878       0.99999977275217433        2.2724971358792204E-007  -1.8856027850233659E-012 (-6.29754456711006743E-004,-1.02165710432615353E-019)   (6.71381570512474748E-005,1.02658545377211062E-004)             (-0.49999983940296144,0.0000000000000000)
         757        2000  -267.86211046376320        1.0000000000018769        57.769674811799156       0.99999981117014936        1.8883172820429622E-007  -1.8769430454312896E-012 (-5.70204182191835340E-004,-2.13569630682434387E-018)   (8.48352207612279119E-005,9.28303076528934129E-005)             (-0.49999986683704495,0.0000000000000000)
         758        2000  -266.75979725197703        1.0000000000018767        73.405029031534241       0.99999985307464623        1.4692723134260063E-007  -1.8767210008263646E-012 (-4.96900241316957183E-004,-6.30958705259280141E-019)   (1.02162855029578812E-004,8.07550224237665740E-005)             (-0.49999989674098860,0.0000000000000000)
         759        2000  -265.65748404019087        1.0000000000018852        90.340847996185516       0.99999989494723629        1.0505464884036938E-007  -1.8851586958135158E-012  (-4.10261329682541122E-004,2.61569969574581025E-019)   (1.18788161404079177E-004,6.65027706410198241E-005)             (-0.49999992660775455,0.0000000000000000)
         760        2000  -264.55517082840470        1.0000000000018869        108.31004370343837       0.99999993275305621        6.7248831137715889E-008  -1.8869350526529161E-012  (-3.10970672588160716E-004,7.16231785310732796E-019)   (1.34370184633003686E-004,5.01869165583210313E-005)             (-0.49999995356366367,0.0000000000000000)
         761        2000  -263.45285761661853        1.0000000000018923        127.02923121873178       0.99999996216333764        3.7838554314308478E-008  -1.8922641231711168E-012 (-1.99980126955831013E-004,-2.45608151739423712E-019)   (1.48565660220197304E-004,3.19647556135452249E-005)             (-0.49999997452702016,0.0000000000000000)
         762        2000  -262.35054440483236        1.0000000000018889        146.20319776605589       0.99999997882790292        2.1173986804295559E-008  -1.8889334540972413E-012  (-7.85096190948860232E-005,1.96793895465690222E-018)   (1.61035150558374327E-004,1.20373986272189872E-005)             (-0.49999998640228432,0.0000000000000000)
         763        2000  -261.24823119304619        1.0000000000018889        165.52955843947191       0.99999997868416746        2.1317720923166627E-008  -1.8889334540972413E-012   (5.19583498264024308E-005,2.31313599239471045E-018)  (1.71449477248994668E-004,-9.35115279228627024E-006)             (-0.49999998630013603,0.0000000000000000)
         764        2000  -260.14591798126003        1.0000000000018923        184.70352498569594       0.99999995828450716        4.1717385660602891E-008  -1.8922641231711168E-012   (1.89689322533960985E-004,1.27200783813013760E-018)  (1.79496345842478371E-004,-3.19157715220882770E-005)             (-0.49999997177055017,0.0000000000000000)
         765        2000  -259.04360476947386        1.0000000000018856        203.42271249987738       0.99999991512039133        8.4881494759206321E-008  -1.8856027850233659E-012   (3.32712736963175579E-004,5.89346622385776068E-018)  (1.84887054005770810E-004,-5.53328281364888323E-005)             (-0.49999994103343615,0.0000000000000000)
         766        2000  -257.94129155768769        1.0000000000018898        221.39190821478826       0.99999984791921670        1.5208267535888644E-007  -1.8898216325169415E-012  (4.78843029439006906E-004,-8.60908132414773297E-018)  (1.87363165240612197E-004,-7.92436763879028676E-005)             (-0.49999989318975585,0.0000000000000000)
         767        2000  -256.83897834590152        1.0000000000018772        238.32772716800147       0.99999975688843590        2.4311344146305512E-007  -1.8771650900362147E-012   (6.25705914954897816E-004,1.15049691719329012E-018)  (1.86703024803545751E-004,-1.03258987357599793E-004)             (-0.49999982839499785,0.0000000000000000)
         768        2000  -255.73666513411544        1.0000000000018612        253.96308139612810       0.99999964388289664        3.5611896647876764E-007  -1.8611778784816124E-012   (7.70769672879368251E-004,5.58505499873716009E-018)  (1.82727992844196059E-004,-1.26963903266166328E-004)             (-0.49999974797785729,0.0000000000000000)
         769        2000  -254.63435192232956        1.0000000000018567        268.05139201003504       0.99999951247314833        4.8752870921327141E-007  -1.8567369863831118E-012  (9.11381166659423953E-004,-7.68701151903794285E-018)  (1.75308265594487182E-004,-1.49923965310645404E-004)             (-0.49999965448832812,0.0000000000000000)
         770        2000  -253.53203871054367        1.0000000000018638        280.37047792652305       0.99999936789764732        6.3210421615659479E-007  -1.8638424137407128E-012  (1.04480622547334281E-003,-5.65094415809795128E-024)  (1.64368155022390292E-004,-1.71691751802063224E-004)             (-0.49999955166306914,0.0000000000000000)
         771        2000  -252.42972549875779        1.0000000000018658        290.72605983801304       0.99999921688781368        7.8311405394364882E-007  -1.8658408151850381E-012   (1.16827391487084624E-003,1.34826684292076831E-017)  (1.49890699710668546E-004,-1.91814146859837256E-004)             (-0.49999944430022969,0.0000000000000000)
         772        2000  -251.32741228697191        1.0000000000018661        298.95482397896291       0.99999906736300315        9.3263886055036920E-007  -1.8660628597899631E-012  (1.27902412375681938E-003,-3.64605123689745005E-019)  (1.31921479791756116E-004,-2.09840143658471902E-004)             (-0.49999933804168084,0.0000000000000000)
         773        2000  -250.22509907518602        1.0000000000018632        304.92699786745675       0.99999892800153334        1.0720003303902984E-006  -1.8631762799259377E-012   (1.37435779767562400E-003,3.89373547534044377E-018)  (1.10571515687953571E-004,-2.25329069609792835E-004)             (-0.49999923906709087,0.0000000000000000)
         774        2000  -249.12278586340014        1.0000000000018641        308.54839674058314       0.99999880770377014        1.1922980949066900E-006  -1.8640644583456378E-012  (1.45168905601085344E-003,-9.58504851290219725E-018)  (8.60191369735856628E-005,-2.37859107632414443E-004)             (-0.49999915371133802,0.0000000000000000)
         775        2000  -248.02047265161426        1.0000000000018681        309.76190895260163       0.99999871497329895        1.2850285716855848E-006  -1.8680612612342884E-012  (1.50859834435350718E-003,-1.98389220818434754E-018)  (5.85107177118078661E-005,-2.47035973821618283E-004)             (-0.49999908802377580,0.0000000000000000)
         776        2000  -246.91815943982837        1.0000000000018598        308.54839672984468       0.99999865725119630        1.3427506644574559E-006  -1.8598456108520622E-012   (1.54288569720947865E-003,5.59746587765877939E-018)  (2.83601897068897671E-005,-2.52501600657362092E-004)             (-0.49999904729437156,0.0000000000000000)
         777        2000  -245.81584622804249        1.0000000000018536        304.92699786109216       0.99999864024637819        1.3597554776095866E-006  -1.8536283619141614E-012  (1.55262312203989722E-003,-4.47395540523535626E-018) (-4.05273678797511439E-006,-2.53942666297819004E-004)             (-0.49999903557728387,0.0000000000000000)
         778        2000  -244.71353301625660        1.0000000000018519        298.95482395665067       0.99999866731012588        1.3326917253967993E-006  -1.8518520050747611E-012   (1.53620506795509025E-003,1.34147359637118284E-018) (-3.82856948800821217E-005,-2.51098803381953248E-004)             (-0.49999905524614419,0.0000000000000000)
         779        2000  -243.61121980447072        1.0000000000018456        290.72605981549907       0.99999873890588586        1.2610959574529658E-006  -1.8456347561368602E-012  (1.49239591346741595E-003,-1.21477884209624494E-017) (-7.38381458995241178E-005,-2.43770317220428479E-004)             (-0.49999910661734298,0.0000000000000000)
         780        2000  -242.50890659268484        1.0000000000018348        280.37047790526759       0.99999885222419738        1.1477776398510715E-006  -1.8347545704955337E-012  (1.42037340110829648E-003,-8.14412052886927355E-018) (-1.10157222258429417E-004,-2.31825242790330359E-004)             (-0.49999918767677470,0.0000000000000000)
         781        2000  -241.40659338089895        1.0000000000018294        268.05139197501802       0.99999900098795191        9.9901387630028316E-007  -1.8294254999773329E-012   (1.31976696483597890E-003,6.20848789668358156E-019) (-1.46644888856711650E-004,-2.15205572178401254E-004)             (-0.49999929394213766,0.0000000000000000)
         782        2000  -240.30428016911307        1.0000000000018212        253.96308137292078       0.99999917548460193        8.2451722161862978E-007  -1.8212098495951068E-012   (1.19068993972716174E-003,1.58657691032810952E-017) (-1.82666351874759015E-004,-1.93932490674451956E-004)             (-0.49999941848680801,0.0000000000000000)
         783        2000  -239.20196695732719        1.0000000000018157        238.32772713604015       0.99999936284938462        6.3715243228051650E-007  -1.8156587344719810E-012   (1.03376471354761092E-003,1.02488596412526140E-017) (-2.17559611172996796E-004,-1.68110469526304136E-004)             (-0.49999955214236019,0.0000000000000000)
         784        2000  -238.09965374554130        1.0000000000018097        221.39190818674865       0.99999954760820386        4.5239360559363101E-007  -1.8096635301390052E-012   (8.50139974703426234E-004,3.67544778819761714E-018) (-2.50646023291704705E-004,-1.37930076061764799E-004)             (-0.49999968388584093,0.0000000000000000)
         785        2000  -236.99734053375542        1.0000000000017994        203.42271247477683       0.99999971247063391        2.8753116505160106E-007  -1.7994494783124537E-012  (6.41499328652898209E-004,-9.05671155338298503E-018) (-2.81241712267446141E-004,-1.03669379540573611E-004)             (-0.49999980140503220,0.0000000000000000)
         786        2000  -235.89502732196954        1.0000000000018059        184.70352496081003       0.99999983934433545        1.6065746944347483E-007  -1.8058887718552796E-012   (4.10060691488340235E-004,8.53453135854185647E-018) (-3.08669648347608642E-004,-6.56938506423266201E-005)             (-0.49999989182121152,0.0000000000000000)
         787        2000  -234.79271411018365        1.0000000000018086        165.52955841779442       0.99999991052264647        8.9479161997782648E-008  -1.8085533071143800E-012  (1.58566020356950649E-004,-8.98251469825119290E-018) (-3.32272193830777376E-004,-2.44546750510167739E-005)             (-0.49999994253511681,0.0000000000000000)
         788        2000  -233.69040089839777        1.0000000000018077        146.20319774608635       0.99999990997949784        9.0022310404895801E-008  -1.8076651286946799E-012  (-1.09738898911855798E-004,4.79511533099954738E-018)  (-3.51423907790580079E-004,1.95145716986764599E-005)             (-0.49999994214914056,0.0000000000000000)
         789        2000  -232.58808768661189        1.0000000000018072        127.02923120310791       0.99999982469033932        1.7531146588156348E-007  -1.8072210394848298E-012 (-3.91134721188968041E-004,-1.11845487370037355E-018)  (-3.65544397572441313E-004,6.56029146233212934E-005)             (-0.49999988140783080,0.0000000000000000)
         790        2000  -231.48577447482600        1.0000000000017870        108.31004368449022       0.99999964588717627        3.5411460972714150E-007  -1.7870149804366520E-012 (-6.81468817000660337E-004,-2.41827572104654052E-019)  (-3.74111001552745450E-004,1.13128631973062740E-004)             (-0.49999975409117869,0.0000000000000000)
         791        2000  -230.38346126304012        1.0000000000017852        90.340847983465295       0.99999937015043117        6.2985135445700448E-007  -1.7852386235972517E-012  (-9.76205337015459223E-004,2.32998499577328590E-018)  (-3.76671093450287031E-004,1.61347535697535619E-004)             (-0.49999955779127586,0.0000000000000000)
         792        2000  -229.28114805125423        1.0000000000017850        73.405029017821334       0.99999900024099808        9.9976078638531909E-007  -1.7850165789923267E-012 (-1.27048468975285412E-003,-1.72333304716539820E-018)  (-3.72853800955198083E-004,2.09462816858871934E-004)             (-0.49999929450348213,0.0000000000000000)
         793        2000  -228.17883483946835        1.0000000000017801        57.769674793487894       0.99999854558439460        1.4544173852483495E-006  -1.7801315976839760E-012  (-1.55919189688177168E-003,9.60129989849562479E-018)  (-3.62380929285835603E-004,2.56636359675750040E-004)             (-0.49999897096926865,0.0000000000000000)
         794        2000  -227.07652162768247        1.0000000000017819        43.681364191259043       0.99999802233343116        1.9776683501552746E-006  -1.7819079545233762E-012  (-1.83703313168549873E-003,1.82711056510628769E-017)  (-3.45076884760775970E-004,3.02001398273182430E-004)             (-0.49999859871840552,0.0000000000000000)
         795        2000  -225.97420841589658        1.0000000000017804        31.362278248845961       0.99999745295811127        2.5470436702240848E-006  -1.7803536422889010E-012  (-2.09861958380853572E-003,2.25058177161956264E-018)  (-3.20877383529001971E-004,3.44676360474657263E-004)             (-0.49999819377418675,0.0000000000000000)
         796        2000  -224.87189520411070        1.0000000000017857        21.006696359800049       0.99999686533962562        3.1346621601758019E-006  -1.7856827128071018E-012 (-2.33855762440533842E-003,-4.54308473866354672E-018)  (-2.89836724289978113E-004,3.83779712495256045E-004)             (-0.49999777600541834,0.0000000000000000)
         797        2000  -223.76958199232482        1.0000000000017881        12.777932208325629       0.99999629137809098        3.7086236973322070E-006  -1.7881252034612771E-012  (-2.55154406902965676E-003,3.64338614737563228E-018)  (-2.52133398675289267E-004,4.18445590983141584E-004)             (-0.49999736813251389,0.0000000000000000)
         798        2000  -222.66726878053893        1.0000000000017970        6.8057583059303521       0.99999576515998911        4.2348418066214392E-006  -1.7970069876582784E-012  (-2.73246515253721626E-003,3.04398641363703655E-021)  (-2.08073806841095236E-004,4.47839983408991670E-004)             (-0.49999699442083301,0.0000000000000000)
         799        2000  -221.56495556875305        1.0000000000018012        3.1843594537416493       0.99999532076803632        4.6792337645977335E-006  -1.8012258351518540E-012 (-2.87649764434980745E-003,-1.19071426244665588E-017)  (-1.58093849380154582E-004,4.71177192178729397E-004)             (-0.49999667912053020,0.0000000000000000)
         800        2000  -220.46264235696717        1.0000000000018021        1.9708472253971867       0.99999498985166446        5.0101501369895474E-006  -1.8021140135715541E-012 (-2.97921035443784836E-003,-1.02069005817355452E-017)  (-1.02758187751791091E-004,4.87736298354339017E-004)             (-0.49999644473736399,0.0000000000000000)
         801        2000  -219.36032914518128        1.0000000000017977        3.1843594376316084       0.99999479910682498        5.2008949739002960E-006  -1.7976731214730535E-012 (-3.03666411909389502E-003,-1.55054009465880587E-018)  (-4.27569913737430553E-005,4.96877323980869970E-004)             (-0.49999631024033997,0.0000000000000000)
         802        2000  -218.25801593339540        1.0000000000018001        6.8057583400223738       0.99999476783713037        5.2321646691739553E-006  -1.8001156121272288E-012 (-3.04550822726436287E-003,-2.32386887365401070E-018)   (2.10999584765194312E-005,4.98056778612912293E-004)             (-0.49999628932849749,0.0000000000000000)
         803        2000  -217.15570272160952        1.0000000000018054        12.777932200146116       0.99999490578134631        5.0942204587522404E-006  -1.8054446826454296E-012  (-3.00307116515019772E-003,2.25599008800115723E-018)   (8.78918721321589471E-005,4.90842270359245856E-004)             (-0.49999638888807679,0.0000000000000000)
         804        2000  -216.05338950982363        1.0000000000018219        21.006696375037752       0.99999521139288405        4.7886089367711223E-006  -1.8218759834098819E-012  (-2.90744353257993415E-003,1.32215258924944518E-019)   (1.56598252354917298E-004,4.74925861874997217E-004)             (-0.49999660777165306,0.0000000000000000)
         805        2000  -214.95107629803775        1.0000000000018203        31.362278278857449       0.99999567074350404        4.3292583148168307E-006  -1.8203216711754067E-012  (-2.75755102831744823E-003,1.36039236402796841E-017)   (2.26112792016330036E-004,4.50135856474385336E-004)             (-0.49999693602125395,0.0000000000000000)
         806        2000  -213.84876308625186        1.0000000000018234        43.681364196505712       0.99999625719586616        3.7428059568068848E-006  -1.8234302956443571E-012 (-2.55321551932867529E-003,-4.19115070683182360E-018)   (2.95259677665305517E-004,4.16446716604823282E-004)             (-0.49999735463783401,0.0000000000000000)
         807        2000  -212.74644987446598        1.0000000000018343        57.769674825125414       0.99999693194749084        3.0680543444285405E-006  -1.8343104812856836E-012  (-2.29520239942638616E-003,6.20459614627830560E-018)   (3.62812023947277546E-004,3.73986835793104194E-004)             (-0.49999783596998654,0.0000000000000000)
         808        2000  -211.64413666268010        1.0000000000018368        73.405029050256005       0.99999764549564907        2.3545061870224648E-006  -1.8367529719398590E-012  (-1.98525270307838746E-003,3.85525253658663066E-018)   (4.27512079953579682E-004,3.23043914659934290E-004)             (-0.49999834475719424,0.0000000000000000)
         809        2000  -210.54182345089421        1.0000000000018512        90.340848005499410       0.99999834001003507        1.6599918137844599E-006  -1.8511858712599860E-012  (-1.62609875627362931E-003,1.82962842436212035E-018)   (4.88092790901547462E-004,2.64067727576603015E-004)             (-0.49999883981872767,0.0000000000000000)
         810        2000  -209.43951023910833        1.0000000000018514        108.31004373081849       0.99999895253264814        1.0474692051527606E-006  -1.8514079158649110E-012 (-1.22146250438979185E-003,-8.89827705478763780E-019)   (5.43300256721221029E-004,1.97670107080906990E-004)             (-0.49999927633154345,0.0000000000000000)
         811        2000  -208.33719702732245        1.0000000000018572        127.02923124203002       0.99999941885759314        5.8114426246008011E-007  -1.8571810755929619E-012  (-7.76036032952644866E-004,3.44422786774373322E-020)   (5.91916615822659200E-004,1.24622020429593171E-004)             (-0.49999960859304987,0.0000000000000000)
         812        2000  -207.23488381553656        1.0000000000018732        146.20319779362012       0.99999967788075028        3.2212112141135882E-007  -1.8731682871475641E-012  (-2.95444167384256370E-004,3.53542770993898508E-018)   (6.32782903875850279E-004,4.58476647633150429E-005)             (-0.49999979311968273,0.0000000000000000)
         813        2000  -206.13257060375068        1.0000000000018736        165.52955846949854       0.99999967615728513        3.2384458662081398E-007  -1.8736123763574142E-012   (2.13810625263786535E-004,5.16695235833217360E-018)  (6.64821483865777642E-004,-3.75844411307080844E-005)             (-0.49999979189474614,0.0000000000000000)
         814        2000  -205.03025739196480        1.0000000000018749        184.70352502322356       0.99999937236707936        6.2763479436993279E-007  -1.8749446439869644E-012   (7.44420527081053585E-004,5.62954929925365248E-018)  (6.87057716880616317E-004,-1.24473334087701459E-004)             (-0.49999957555127233,0.0000000000000000)
         815        2000  -203.92794418017891        1.0000000000018674        203.42271253180266       0.99999874136725875        1.2586346113494195E-006  -1.8673951274195133E-012   (1.28836113479277657E-003,8.83227222838479641E-019)  (6.98640626858634166E-004,-2.13500366840702738E-004)             (-0.49999912626024495,0.0000000000000000)
         816        2000  -202.82563096839303        1.0000000000018627        221.39190824904932       0.99999777751110808        2.2224907570411443E-006  -1.8627321907160876E-012  (1.83699583860237560E-003,-5.55783114908920917E-018)  (6.98862387394649635E-004,-3.03246713445852814E-004)             (-0.49999844009410005,0.0000000000000000)
         817        2000  -201.72331775660714        1.0000000000018612        238.32772721086985       0.99999649693285220        3.5030690083538643E-006  -1.8611778784816124E-012  (2.38119486402427541E-003,-3.91084908205009758E-018)  (6.87176507596024303E-004,-3.92213434943459972E-004)             (-0.49999752864994301,0.0000000000000000)
         818        2000  -200.62100454482126        1.0000000000018598        253.96308141996101       0.99999493853994736        5.0614619116290034E-006  -1.8598456108520622E-012   (2.91146795655692877E-003,5.43937547464724073E-019)  (6.63214595178724525E-004,-4.78843874953532704E-004)             (-0.49999641974753939,0.0000000000000000)
         819        2000  -199.51869133303538        1.0000000000018567        268.05139203821386       0.99999316351699585        6.8364848605463467E-006  -1.8567369863831118E-012   (3.41810959635007079E-003,6.28001437027426963E-018)  (6.26801523671831882E-004,-5.61548112228583670E-004)             (-0.49999515706272690,0.0000000000000000)
         820        2000  -198.41637812124949        1.0000000000018570        280.37047795961058       0.99999125322714810        8.7467747122735590E-006  -1.8569590309880368E-012  (3.89135546581163014E-003,-5.85904618457084532E-018)  (5.77968725081874743E-004,-6.38729154193761047E-004)             (-0.49999379861653243,0.0000000000000000)
         821        2000  -197.31406490946361        1.0000000000018603        290.72605982473124       0.99998930549503318        1.0694506826680882E-005  -1.8602897000619123E-012   (4.32154862165388693E-003,1.12766559755806999E-018)  (5.16965193398745350E-004,-7.08810511498887881E-004)             (-0.49999241411141021,0.0000000000000000)
         822        2000  -196.21175169767773        1.0000000000018479        298.95482399891705       0.99998742936646812        1.2570635382460003E-005  -1.8478552021861105E-012  (4.69931342882731317E-003,-7.58919092487296515E-018)  (4.44265646773818967E-004,-7.70264748006807207E-004)             (-0.49999108118602897,0.0000000000000000)
         823        2000  -195.10943848589184        1.0000000000018292        304.92699784039422       0.99998573855819917        1.4261443633071869E-005  -1.8292034553724079E-012  (5.01573481212934293E-003,-1.47091664398069825E-018)  (3.60575193389035820E-004,-8.21642554320653105E-004)             (-0.49998988074402101,0.0000000000000000)
         824        2000  -194.00712527410596        1.0000000000018194        308.54839669693462       0.99998434392887792        1.5656072943377725E-005  -1.8194334927557065E-012   (5.26253981655717788E-003,3.73522727220022081E-018)  (2.66829815401794861E-004,-8.61601847569500186E-004)             (-0.49998889159510895,0.0000000000000000)
         825        2000  -192.90481206232008        1.0000000000018152        309.76190891846232       0.99998334541050060        1.6654591316853138E-005  -1.8152146452621309E-012   (5.43227790980867209E-003,8.61529432819226504E-018)  (1.64192042454735626E-004,-8.88936362923429483E-004)             (-0.49998818472224715,0.0000000000000000)
         826        2000  -191.80249885053419        1.0000000000018106        308.54839664033301       0.99998282392768889        1.7176074123029186E-005  -1.8105517085587053E-012  (5.51849598412579127E-003,-1.65802288228711240E-018)  (5.40413328155941213E-005,-9.02603172134226338E-004)             (-0.49998781754896371,0.0000000000000000)
         827        2000  -190.70018563874831        1.0000000000018110        304.92699777133890       0.99998283388949494        1.7166112314893379E-005  -1.8109957977685553E-012  (5.51590369191386470E-003,-5.33429183805019519E-018) (-6.20410999006945396E-005,-9.01748551627286343E-004)             (-0.49998782861979324,0.0000000000000000)
         828        2000  -189.59787242696243        1.0000000000018061        298.95482386025105       0.99998339685615334        1.6603145651497753E-005  -1.8061108164602047E-012  (5.42052462422888161E-003,-1.87128105418620369E-018) (-1.82293023626187362E-004,-8.85731624503260364E-004)             (-0.49998823311778479,0.0000000000000000)
         829        2000  -188.49555921517654        1.0000000000017994        290.72605967138315       0.99998449695511482        1.5503046686302631E-005  -1.7994494783124537E-012   (5.22982893380831860E-003,9.01684906927559187E-019) (-3.04797238200473712E-004,-8.54145218694186297E-004)             (-0.49998901962240788,0.0000000000000000)
         830        2000  -187.39324600339066        1.0000000000017830        280.37047778015983       0.99998607854357646        1.3921458208620112E-005  -1.7830181775480014E-012   (4.94284330899544613E-003,1.51739087356224875E-018) (-4.27512445630735989E-004,-8.06833416817149011E-004)             (-0.49999014845701234,0.0000000000000000)
         831        2000  -186.29093279160477        1.0000000000017810        268.05139183062585       0.99998804649098527        1.1953510796747170E-005  -1.7810197761036761E-012   (4.56023470519707243E-003,5.07112816811894089E-018) (-5.48308233956401624E-004,-7.43905317688711818E-004)             (-0.49999155188866906,0.0000000000000000)
         832        2000  -185.18861957981889        1.0000000000017824        253.96308120836068       0.99999026928975276        9.7307120278662500E-006  -1.7823520437332263E-012  (4.08436491890200749E-003,-8.48749566722573700E-019) (-6.65003262535698858E-004,-6.65744582594110447E-004)             (-0.49999313632875358,0.0000000000000000)
         833        2000  -184.08630636803301        1.0000000000017748        238.32772700015815       0.99999258500758581        7.4149941898237515E-006  -1.7748025271657752E-012   (3.51931393641475871E-003,5.53225479466492116E-018) (-7.75405546038908486E-004,-5.73014406519392529E-004)             (-0.49999478654732882,0.0000000000000000)
         834        2000  -182.98399315624712        1.0000000000017730        221.39190802739054       0.99999480988315370        5.1901186195110154E-006  -1.7730261703263750E-012   (2.87087098797633375E-003,5.87472406949280619E-018) (-8.77353563191765780E-004,-4.66657630731368001E-004)             (-0.49999637176713174,0.0000000000000000)
         835        2000  -181.88167994446124        1.0000000000017779        203.42271233363593       0.99999674915711212        3.2508446649907911E-006  -1.7779111516347257E-012  (2.14649335243333834E-003,-2.35683455237595927E-019) (-9.68756803184664698E-004,-3.47891807211010132E-004)             (-0.49999775335566937,0.0000000000000000)
         836        2000  -180.77936673267536        1.0000000000017781        184.70352482857763       0.99999820954067198        1.7904611065323414E-006  -1.7781331962396507E-012   (1.35523410211044215E-003,3.86497426672356124E-018) (-1.04763438146507760E-003,-2.18199135249205420E-004)             (-0.49999879369841943,0.0000000000000000)
         837        2000  -179.67705352088947        1.0000000000017808        165.52955829228978       0.99999901257142643        9.8743035338160608E-007  -1.7807977314987511E-012  (5.07641010813198617E-004,-1.30261135568902240E-017) (-1.11215057055631260E-003,-7.93113089282035481E-005)             (-0.49999936572428921,0.0000000000000000)
         838        2000  -178.57474030910359        1.0000000000017844        146.20319763280881       0.99999900800400221        9.9199778203018761E-007  -1.7843504451775516E-012  (-3.84370410999386957E-004,2.75589415052209283E-019)  (-1.16064652886034309E-003,6.68105649361780711E-005)             (-0.49999936247567428,0.0000000000000000)
         839        2000  -177.47242709731771        1.0000000000017863        127.02923110092982       0.99999808633801668        1.9136637696831877E-006  -1.7863488466218769E-012 (-1.30766652078373870E-003,-8.62781348501844518E-018)  (-1.19166814796717833E-003,2.18000713176544255E-004)             (-0.49999870607584213,0.0000000000000000)
         840        2000  -176.37011388553182        1.0000000000017872        108.31004360265591       0.99999618959650949        3.8104052774719074E-006  -1.7872370250415770E-012  (-2.24806486418870121E-003,2.86143595314432328E-018)  (-1.20399063579655912E-003,3.71917764063010490E-004)             (-0.49999735544735013,0.0000000000000000)
         841        2000  -175.26780067374594        1.0000000000017937        90.340847892303117       0.99999331952786774        6.6804739240264559E-006  -1.7936763185844029E-012 (-3.19052114564088692E-003,-4.79923281596453854E-018)  (-1.19664103659929957E-003,5.26077749816913757E-004)             (-0.49999531217481047,0.0000000000000000)
         842        2000  -174.16548746196005        1.0000000000017963        73.405028960681250       0.99998954250498095        1.0457496815082351E-005  -1.7963408538435033E-012  (-4.11933299358835554E-003,1.82751791098995984E-017)  (-1.16892013719762104E-003,6.77890646112640932E-004)             (-0.49999262397952515,0.0000000000000000)
         843        2000  -173.06317425017417        1.0000000000018034        57.769674736653819       0.99998499053132728        1.5009470476015319E-005  -1.8034462812011043E-012  (-5.01836086988383025E-003,2.05243020628640752E-018)  (-1.12042497833725243E-003,8.24700056406540939E-004)             (-0.49998938537873622,0.0000000000000000)
         844        2000  -171.96086103838829        1.0000000000018086        43.681364127064683       0.99997985793539057        2.0142066418002654E-005  -1.8085533071143800E-012  (-5.87126724338504075E-003,4.51001253806914995E-018)  (-1.05107243977738086E-003,9.63825648924643806E-004)             (-0.49998573523712370,0.0000000000000000)
         845        2000  -170.85854782660240        1.0000000000018130        31.362278233075045       0.99997439354910300        2.5606452710316014E-005  -1.8129941992128806E-012  (-6.66177509515133992E-003,1.35310194199147827E-017)  (-9.61123231398630109E-004,1.09260792212767977E-003)             (-0.49998185108349508,0.0000000000000000)
         846        2000  -169.75623461481652        1.0000000000018210        21.006696314799019       0.99996888842984366        3.1111571976523776E-005  -1.8209878049901818E-012 (-7.37394573468735763E-003,-2.30714198641777055E-018)  (-8.51204373735805478E-004,1.20845479424822500E-003)             (-0.49997794026237735,0.0000000000000000)
         847        2000  -168.65392140303064        1.0000000000018348        12.777932186615466       0.99996365949996735        3.6340501867111109E-005  -1.8347545704955337E-012 (-7.99247384893078151E-003,-6.68544948309643218E-018)  (-7.22327256579609702E-004,1.30888937951301708E-003)             (-0.49997422821521348,0.0000000000000000)
         848        2000  -167.55160819124475        1.0000000000018432        6.8057583172397624       0.99995902982879625        4.0970173047605768E-005  -1.8431922654826849E-012  (-8.50299504096066819E-003,4.39231312783603668E-018)  (-5.75897957472207983E-004,1.39159814667588126E-003)             (-0.49997094442880663,0.0000000000000000)
         849        2000  -166.44929497945887        1.0000000000018561        3.1843594321739772       0.99995530663844867        4.4693363406721491E-005  -1.8560708525683367E-012  (-8.89239842991204274E-003,1.41139126047815465E-018)  (-4.13716874381502161E-004,1.45447848906000423E-003)             (-0.49996830682922622,0.0000000000000000)
         850        2000  -165.34698176767299        1.0000000000018656        1.9708472507015240       0.99995275843131248        4.7241570553779356E-005  -1.8656187705801131E-012 (-9.14913481801265388E-003,-1.34503632543170555E-017)  (-2.37965818217946362E-004,1.49568461463484861E-003)             (-0.49996650560957712,0.0000000000000000)
         851        2000  -164.24466855588710        1.0000000000018696        3.1843594732292160       0.99995159286590096        4.8407135968780518E-005  -1.8696155734687636E-012 (-9.26350996006033815E-003,-3.54894235648064627E-018)  (-5.11822070610299759E-005,1.51367062800276042E-003)             (-0.49996568763033994,0.0000000000000000)
         852        2000  -163.14235534410122        1.0000000000018836        6.8057583521030773       0.99995193710997299        4.8062891908001809E-005  -1.8836043835790406E-012 (-9.22795272688007283E-003,-1.77107258585159875E-018)   (1.43778596218396571E-004,1.50722973998392365E-003)             (-0.49996594259572641,0.0000000000000000)
         853        2000  -162.04004213231534        1.0000000000018825        12.777932276731942       0.99995382235614705        4.6177645735869495E-005  -1.8824941605544154E-012  (-9.03724915456878726E-003,7.79482660613282666E-018)   (3.43790928069182119E-004,1.47552868301207597E-003)             (-0.49996729217562658,0.0000000000000000)
         854        2000  -160.93772892052945        1.0000000000018798        21.006696424481234       0.99995717399705930        4.2826004820268174E-005  -1.8798296252953151E-012  (-8.68873493366152140E-003,3.49054754517547786E-018)   (5.45514554072546072E-004,1.41813658513135891E-003)             (-0.49996968310938938,0.0000000000000000)
         855        2000  -159.83541570874357        1.0000000000018812        31.362278349418890       0.99996180863766992        3.8191364210586692E-005  -1.8811618929248652E-012 (-8.18244020704289587E-003,-1.98090333310777864E-022)   (7.45457215268362531E-004,1.33504769243125558E-003)             (-0.49997298510458249,0.0000000000000000)
         856        2000  -158.73310249695768        1.0000000000018847        43.681364302460317       0.99996743869082694        3.2561311057962423E-005  -1.8847146066036657E-012 (-7.52118131049898768E-003,-1.56654425096198027E-017)   (9.40043438787965271E-004,1.22669738441210491E-003)             (-0.49997699404539631,0.0000000000000000)
         857        2000  -157.63078928517180        1.0000000000018960        57.769674916213994       0.99997368477505599        2.6315226839081425E-005  -1.8960388814548423E-012  (-6.71059454216908421E-003,1.35696692614704361E-017)   (1.12568914336968161E-003,1.09397090354385485E-003)             (-0.49998144066645223,0.0000000000000000)
         858        2000  -156.52847607338592        1.0000000000019043        73.405029179843226       0.99998009553357337        1.9904468330069601E-005  -1.9042545318370685E-012 (-5.75910793621252533E-003,-1.40398193193668005E-018)   (1.29888053092585155E-003,9.38204175423603152E-004)             (-0.49998600444478297,0.0000000000000000)
         859        2000  -155.42616286160003        1.0000000000019083        90.340848157800849       0.99998617386220712        1.3826139701382960E-005  -1.9082513347257191E-012 (-4.67784925641675890E-003,-2.45417248298053122E-018)   (1.45625364462977189E-003,7.61176132526707617E-004)             (-0.49999033204124821,0.0000000000000000)
         860        2000  -154.32384964981415        1.0000000000019091        108.31004389495691       0.99999140794068286        8.5920612250124511E-006  -1.9091395131454192E-012  (-3.48049255165885441E-003,2.09454525858164432E-018)   (1.59466861316283045E-003,5.65092168427403429E-004)             (-0.49999405922148604,0.0000000000000000)
         861        2000  -153.22153643802827        1.0000000000019083        127.02923145020515       0.99999530499938560        4.6950025221688048E-006  -1.9082513347257191E-012 (-2.18305127344290643E-003,-6.04792820905649168E-018)   (1.71127125786508139E-003,3.52558759339651915E-004)             (-0.49999683485872370,0.0000000000000000)
         862        2000  -152.11922322624238        1.0000000000019014        146.20319802815374       0.99999742550954684        2.5744923575435387E-006  -1.9013679519730431E-012 (-8.03631742688301880E-004,-6.16647474742756454E-018)   (1.80353560951220784E-003,1.26549830234756240E-004)             (-0.49999834541881927,0.0000000000000000)
         863        2000  -151.01691001445650        1.0000000000019094        165.52955873979602       0.99999741550267573        2.5844992331908578E-006  -1.9093615577503442E-012   (6.37835438228116997E-004,3.40189293901584000E-018)  (1.86928446863088749E-003,-1.09634038522859464E-004)             (-0.49999833828430995,0.0000000000000000)
         864        2000  -149.91459680267062        1.0000000000019060        184.70352532095393       0.99999503497282127        4.9650290873109975E-006  -1.9060308886764687E-012   (2.11986862718974937E-003,3.95056909345316837E-018)  (1.90669080699406202E-003,-3.52412165432854996E-004)             (-0.49999664238093949,0.0000000000000000)
         865        2000  -148.81228359088473        1.0000000000019060        203.42271287223414       0.99999018068666257        9.8193152445997103E-006  -1.9060308886764687E-012   (3.61970084761999936E-003,6.85393353863618635E-019)  (1.91426883310846243E-003,-5.97974710628567524E-004)             (-0.49999318477796673,0.0000000000000000)
         866        2000  -147.70997037909885        1.0000000000019009        221.39190859801380       0.99998290207792384        1.7097923979990029E-005  -1.9009238627631930E-012  (5.11353533762599812E-003,-1.67858807202319435E-019)  (1.89086777485272133E-003,-8.42337005660072206E-004)             (-0.49998800216848294,0.0000000000000000)
         867        2000  -146.60765716731296        1.0000000000018985        238.32772756642510       0.99997340912471921        2.6590877181227842E-005  -1.8984813721090177E-012   (6.57679985811704393E-003,8.46455527130249589E-019)  (1.83568194589174777E-003,-1.08139687083461718E-003)             (-0.49998124633692531,0.0000000000000000)
         868        2000  -145.50534395552708        1.0000000000018938        253.96308179455693       0.99996207118662117        3.7928815275416743E-005  -1.8938184354055920E-012  (7.98441863265963829E-003,-1.17440337269638419E-018)  (1.74828664887371121E-003,-1.31099512252957234E-003)             (-0.49997318287234915,0.0000000000000000)
         869        2000  -144.40303074374120        1.0000000000018943        268.05139235000644       0.99994940582254965        5.0594179344834540E-005  -1.8942625246154421E-012   (9.31112557060166830E-003,1.53939554360478781E-018)  (1.62870157348144417E-003,-1.52697984656026083E-003)             (-0.49996418253481467,0.0000000000000000)
         870        2000  -143.30071753195531        1.0000000000018920        280.37047824768803       0.99993605681822462        6.3943183667630876E-005  -1.8920420785661918E-012  (1.05318395839135125E-002,-2.54421542928255688E-018)  (1.47747356661799252E-003,-1.72527496998332148E-003)             (-0.49995470492132349,0.0000000000000000)
         871        2000  -142.19840432016943        1.0000000000018816        290.72606005477883       0.99992276121699086        7.7238784890927542E-005  -1.8816059821347153E-012   (1.16221120461745542E-002,8.19496820868911124E-018)  (1.29576194351381166E-003,-1.90195311247225206E-003)             (-0.49994527450156478,0.0000000000000000)
         872        2000  -141.09609110838355        1.0000000000018772        298.95482408944025       0.99991030614760124        8.9693854275935117E-005  -1.8771650900362147E-012  (1.25586400388900815E-002,-4.24374679191317906E-019)  (1.08540495238762242E-003,-2.05331172601980021E-003)             (-0.49993644974163137,0.0000000000000000)
         873        2000  -139.99377789659766        1.0000000000018694        304.92699788016591       0.99989947755940511        1.0052244246318950E-004  -1.8693935288638386E-012  (1.33198215145328685E-002,-2.03357270901362495E-018)  (8.48947811398193712E-004,-2.17595036312383900E-003)             (-0.49992878684763242,0.0000000000000000)
         874        2000  -138.89146468481178        1.0000000000018638        308.54839657244435       0.99989100430492339        1.0899569694069302E-004  -1.8638424137407128E-012   (1.38863154999676712E-002,7.33608881923411649E-018)  (5.89621340993359659E-004,-2.26684591033328529E-003)             (-0.49992280048295695,0.0000000000000000)
         875        2000  -137.78915147302590        1.0000000000018647        309.76190865765784       0.99988550196931458        1.1449803254886703E-004  -1.8647305921604129E-012   (1.42415668206013323E-002,1.06300775986930177E-019)  (3.11273513975971253E-004,-2.32342220692942228E-003)             (-0.49991892443174668,0.0000000000000000)
         876        2000  -136.68683826124001        1.0000000000018492        308.54839627643747       0.99988342115373929        1.1657884811062736E-004  -1.8491874698156607E-012  (1.43722625229268288E-002,-4.20964064809022055E-018)  (1.82696622599336643E-005,-2.34361093137319199E-003)             (-0.49991747542130877,0.0000000000000000)
         877        2000  -135.58452504945413        1.0000000000018356        304.92699723949045       0.99988500453968188        1.1499546215276619E-004  -1.8356427489152338E-012  (1.42687037886814593E-002,-8.01981845429687093E-019) (-2.84615132996088207E-004,-2.32590197708183342E-003)             (-0.49991862312229179,0.0000000000000000)
         878        2000  -134.48221183766825        1.0000000000018288        298.95482321755492       0.99989025623420358        1.0974376762719458E-004  -1.8287593661625579E-012  (1.39250958784667596E-002,-1.40499197070136843E-020) (-5.92290400974738529E-004,-2.26938335587052774E-003)             (-0.49992236881835522,0.0000000000000000)
         879        2000  -133.37989862588236        1.0000000000018248        290.72605895580165       0.99989892599485930        1.0107400696608915E-004  -1.8247625632739073E-012  (1.33397705665750047E-002,-5.30497128437246582E-018) (-8.99423711340860670E-004,-2.17377216721353081E-003)             (-0.49992853458228431,0.0000000000000000)
         880        2000  -132.27758541409648        1.0000000000018106        280.37047693383187       0.99991051021348554        8.9489788324042841E-005  -1.8105517085587053E-012  (1.25153535931102674E-002,-3.97281134362097036E-018) (-1.20050481379374769E-003,-2.03943852615842604E-003)             (-0.49993676419534805,0.0000000000000000)
         881        2000  -131.17527220231059        1.0000000000017997        268.05139098282007       0.99992427094035485        7.5729061443109450E-005  -1.7996715229173788E-012   (1.14588730465144482E-002,3.83816772299740221E-018) (-1.48992778783158669E-003,-1.86742313013213207E-003)             (-0.49994653653210891,0.0000000000000000)
         882        2000  -130.07295899052471        1.0000000000017919        253.96308030990150       0.99993927338802246        6.0726613768383930E-005  -1.7918999617450027E-012   (1.01817808458046100E-002,2.96376750233056672E-018) (-1.76212031640253855E-003,-1.65944671751160912E-003)             (-0.49995719154641377,0.0000000000000000)
         883        2000  -128.97064577873883        1.0000000000017848        238.32772610295524       0.99995444086009744        4.5559141687521648E-005  -1.7847945343874017E-012   (8.69984249019133647E-003,3.66732372460648049E-018) (-2.01173214923958989E-003,-1.41790722977677241E-003)             (-0.49996796810390176,0.0000000000000000)
         884        2000  -127.86833256695294        1.0000000000017870        221.39190717495657       0.99996862383862384        3.1376163164949426E-005  -1.7870149804366520E-012  (7.03285389406930941E-003,-5.37695550767735161E-018) (-2.23386352809097589E-003,-1.14585956580331993E-003)             (-0.49997805162073078,0.0000000000000000)
         885        2000  -126.76601935516706        1.0000000000017877        203.42271151055255       0.99998067754770381        1.9322454083188086E-005  -1.7876811142514271E-012  (5.20417443230138457E-003,-1.24309312595002180E-018) (-2.42428264288788338E-003,-8.46974415820336618E-004)             (-0.49998662801065941,0.0000000000000000)
         886        2000  -125.66370614338118        1.0000000000017781        184.70352407329489       0.99998954064778389        1.0459353996021231E-005  -1.7781331962396507E-012   (3.24011513288624108E-003,7.11883959877604361E-018) (-2.57956622283245143E-003,-5.25476594055222746E-004)             (-0.49999293932773797,0.0000000000000000)
         887        2000  -124.56139293159529        1.0000000000017741        165.52955760719567       0.99999430770848863        5.6922932855725551E-006  -1.7741363933510002E-012   (1.16927106903516880E-003,1.03023594343280866E-017) (-2.69711061488492375E-003,-1.86068012646770358E-004)             (-0.49999633626529760,0.0000000000000000)
         888        2000  -123.45907971980941        1.0000000000017828        146.20319702184068       0.99999429001688300        5.7099848989798871E-006  -1.7827961329430764E-012 (-9.78085922820708152E-004,-4.20687116057305464E-018)  (-2.77500075109453955E-003,1.66156228352095953E-004)             (-0.49999632355467410,0.0000000000000000)
         889        2000  -122.35676650802353        1.0000000000017903        127.02923055467504       0.99998906240710728        1.0937594683672474E-005  -1.7903456495105274E-012  (-3.17045043379169614E-003,7.00840671531654950E-019)  (-2.81177651199352374E-003,5.25789874083540279E-004)             (-0.49999259597447138,0.0000000000000000)
         890        2000  -121.25445329623764        1.0000000000017961        108.31004312558481       0.99997849672424788        2.1503277546865601E-005  -1.7961188092385783E-012 (-5.37531160058672252E-003,-4.07294246755599848E-018)  (-2.80617877809196704E-003,8.87189939821610867E-004)             (-0.49998506436636692,0.0000000000000000)
         891        2000  -120.15214008445176        1.0000000000017966        90.340847489823147       0.99996278379434145        3.7216207456089265E-005  -1.7965628984484283E-012 (-7.55919264523528985E-003,-5.90757359143787892E-018)  (-2.75697300644572180E-003,1.24454289856747386E-003)             (-0.49997387193610898,0.0000000000000000)
         892        2000  -119.04982687266588        1.0000000000018092        73.405028571607431       0.99994244465002025        5.7555351789770451E-005  -1.8092194409291551E-012 (-9.68760432803529928E-003,-3.56167157287049267E-019)  (-2.66292984370781203E-003,1.59192711577392683E-003)             (-0.49995940078716239,0.0000000000000000)
         893        2000  -117.94751366087999        1.0000000000018239        57.769674439168227       0.99991832877221298        8.1671229609678599E-005  -1.8238743848542072E-012 (-1.17250629339441109E-002,-2.20213726453561607E-018)  (-2.52299621027228006E-003,1.92337932762636572E-003)             (-0.49994226734528346,0.0000000000000000)
         894        2000  -116.84520044909411        1.0000000000018221        43.681363844268930       0.99989159389683657        1.0840610498253795E-004  -1.8220980280148069E-012  (-1.36353261368314209E-002,1.13305559818693343E-017)  (-2.33663098433415815E-003,2.23297353626694672E-003)             (-0.49992330392736312,0.0000000000000000)
         895        2000  -115.74288723730822        1.0000000000018188        31.362277972971896       0.99986366060377707        1.3633939804407938E-004  -1.8187673589409314E-012  (-1.53819534541164669E-002,5.79125477113804631E-019)  (-2.10422383751165520E-003,2.51491849199758297E-003)             (-0.49990352323970699,0.0000000000000000)
         896        2000  -114.64057402552234        1.0000000000018321        21.006696143370519       0.99983613702274765        1.6386297908505410E-004  -1.8320900352364333E-012  (-1.69292120109425515E-002,9.88089429661848520E-018)  (-1.82747920793214038E-003,2.76367544997741183E-003)             (-0.49988406383573258,0.0000000000000000)
         897        2000  -113.53826081373646        1.0000000000018565        12.777932008545202       0.99981071467568161        1.8928532617491613E-004  -1.8565149417781868E-012  (-1.82432448316321438E-002,1.03963459250246656E-017)  (-1.50964199979357490E-003,2.97409185224191712E-003)             (-0.49986611761158178,0.0000000000000000)
         898        2000  -112.43594760195057        1.0000000000018625        6.8057581906575573       0.99978904399651525        2.1095600535132108E-004  -1.8625101461111626E-012  (-1.92933282011191892E-002,4.73119169677369744E-019)  (-1.15547527859369802E-003,3.14154010220333733E-003)             (-0.49985084449908196,0.0000000000000000)
         899        2000  -111.33363439016469        1.0000000000018698        3.1843594078134654       0.99977260432183224        2.2739568003853932E-004  -1.8698376180736886E-012  (-2.00529999256647724E-002,2.41680983583949801E-018)  (-7.70972533432730364E-004,3.26204556486665940E-003)             (-0.49983928315785792,0.0000000000000000)
         900        2000  -110.23132117837881        1.0000000000018752        1.9708471933143366       0.99976258503302351        2.3741496885115696E-004  -1.8751666885918894E-012  (-2.05008675692188932E-002,4.23041320921136249E-018)  (-3.62882908739827663E-004,3.33238691837470843E-003)             (-0.49983226804702890,0.0000000000000000)
         901        2000  -109.12900796659292        1.0000000000018898        3.1843595524680515       0.99975979076797350        2.4020923391508160E-004  -1.8898216325169415E-012 (-2.06210100470685040E-002,-1.64276376891993211E-018)   (6.17859061092403388E-005,3.35015729877293335E-003)             (-0.49983036181611473,0.0000000000000000)
         902        2000  -108.02669475480704        1.0000000000018983        6.8057584582303736       0.99976457593644141        2.3542406545561136E-004  -1.8982593275040927E-012  (-2.04030394522821679E-002,1.14995087733762377E-017)   (4.96090164907804672E-004,3.31378649489640683E-003)             (-0.49983380794889914,0.0000000000000000)
         903        2000  -106.92438154302116        1.0000000000019056        12.777932422078859       0.99977680648182221        2.2319352008430554E-004  -1.9055867994666187E-012  (-1.98420313044848362E-002,2.96659414182494022E-018)   (9.33158409117387441E-004,3.22253915114788670E-003)             (-0.49984250400924674,0.0000000000000000)
         904        2000  -105.82206833123527        1.0000000000019107        21.006696688301133       0.99979584448643755        2.0415551547387954E-004  -1.9106938253798944E-012 (-1.89385850150220643E-002,-5.74968848170649794E-018)   (1.36589303410062529E-003,3.07651435059284710E-003)             (-0.49985599330153413,0.0000000000000000)
         905        2000  -104.71975511944939        1.0000000000019296        31.362278622153852       0.99982055544941384        1.7944455251534835E-004  -1.9295676167985221E-012 (-1.76991903113272175E-002,-6.68912572024849330E-018)   (1.78655528883162789E-003,2.87667039640142255E-003)             (-0.49987347385807285,0.0000000000000000)
         906        2000  -103.61744190766350        1.0000000000019313        43.681364670413849       0.99984934571651973        1.5065428540937968E-004  -1.9313439736379223E-012  (-1.61368610231064774E-002,6.23239243741065784E-018)   (2.18654732661345162E-003,2.62488194921212808E-003)             (-0.49989382747026417,0.0000000000000000)
         907        2000  -102.51512869587762        1.0000000000019282        57.769675367294283       0.99988024192520653        1.1975807672002721E-004  -1.9282353491689719E-012  (-1.42717448324551910E-002,2.49840805527886063E-018)   (2.55667764229418684E-003,2.32401048395853953E-003)             (-0.49991567455386898,0.0000000000000000)
         908        2000  -101.41281548409174        1.0000000000019336        73.405029685794545       0.99991101951282124        8.8980489111844280E-005  -1.9335644196871726E-012  (-1.21312643967637617E-002,3.91597632850293239E-018)   (2.88799287248677101E-003,1.97794696024859154E-003)             (-0.49993745909009368,0.0000000000000000)
         909        2000  -100.31050227230585        1.0000000000019422        90.340848780808926       0.99993937290102486        6.0627100916451662E-005  -1.9422241592792489E-012 (-9.74940665699583313E-003,-1.14796044434608019E-018)   (3.17295694558752863E-003,1.59158253996775283E-003)             (-0.49995756042362605,0.0000000000000000)
         910        2000  -99.208189060519970        1.0000000000019496        108.31004462163834       0.99996310263177057        3.6897370176946885E-005  -1.9495516312417749E-012 (-7.16506875948394722E-003,-1.36318963309539459E-017)   (3.40651445549832116E-003,1.17068535331960001E-003)             (-0.49997441843126011,0.0000000000000000)
         911        2000  -98.105875848734087        1.0000000000019484        127.02923228052552       0.99998028495361713        1.9715048331591584E-005  -1.9484414082171497E-012  (-4.41977682962102925E-003,1.71540778077700436E-019)   (3.58654001019572148E-003,7.21699996952556550E-004)             (-0.49998665168289802,0.0000000000000000)
         912        2000  -97.003562636948203        1.0000000000019496        146.20319899631855       0.99998939462158476        1.0605380364957947E-005  -1.9495516312417749E-012  (-1.55542063514006799E-003,2.82181946622287948E-020)   (3.71339697211038253E-003,2.51521212879383114E-004)             (-0.49999314989941934,0.0000000000000000)
         913        2000  -95.901249425162320        1.0000000000019611        165.52955983484944       0.99998937096079232        1.0629041168473987E-005  -1.9610979506978765E-012  (1.38728250723894279E-003,-1.44402031318846208E-017)  (3.78870993497065463E-003,-2.32695954444721954E-004)             (-0.49999313247414273,0.0000000000000000)
         914        2000  -94.798936213376436        1.0000000000019598        184.70352653558749       0.99997964084034829        2.0359161611462703E-005  -1.9597656830683263E-012  (4.36912025106542951E-003,-8.62548792649299844E-018)  (3.81380336328563567E-003,-7.23646851208287764E-004)             (-0.49998617852435834,0.0000000000000000)
         915        2000  -93.696623001590552        1.0000000000019600        203.42271418362196       0.99996012722460936        3.9872777351557162E-005  -1.9599877276732514E-012   (7.35148720590002303E-003,1.12092123708487381E-018)  (3.78840186406262250E-003,-1.21390491624872557E-003)             (-0.49997224295651516,0.0000000000000000)
         916        2000  -92.594309789804669        1.0000000000019473        221.39191001554428       0.99993126991349535        6.8730088452930785E-005  -1.9473311851925246E-012   (1.02946890161759244E-002,1.26289816532677330E-017)  (3.71007285200246730E-003,-1.69589926850750384E-003)             (-0.49995167217780956,0.0000000000000000)
         917        2000  -91.491996578018785        1.0000000000019418        238.32772899126786       0.99989406654268620        1.0593345925578167E-004  -1.9417800700693988E-012  (1.31561691394144059E-002,-9.66773254065159722E-018)  (3.57460315307215823E-003,-2.16189245388938691E-003)             (-0.49992522305855902,0.0000000000000000)
         918        2000  -90.389683366232902        1.0000000000019227        253.96308320323172       0.99985011596820961        1.4988403371405065E-004  -1.9226842340458461E-012   (1.58894087701605610E-002,4.22386246942262130E-018)  (3.37718578825261205E-003,-2.60400332956142689E-003)             (-0.49989407529037166,0.0000000000000000)
         919        2000  -89.287370154447018        1.0000000000019182        268.05139373633682       0.99980162571576159        1.9837428615688564E-004  -1.9182433419473455E-012  (1.84440476270753551E-002,-1.33993855775089134E-017)  (3.11406810178364336E-003,-3.01430139068731935E-003)             (-0.49985981758073456,0.0000000000000000)
         920        2000  -88.185056942661134        1.0000000000019107        280.37047939996341       0.99975134127929044        2.4865872262318288E-004  -1.9106938253798944E-012   (2.07674281101520343E-002,4.31806988658705633E-018)  (2.78421031753561289E-003,-3.38497911013309208E-003)             (-0.49982438720588845,0.0000000000000000)
         921        2000  -87.082743730875251        1.0000000000018980        290.72606107117736       0.99970237245830695        2.9762754359372072E-004  -1.8980372828991676E-012  (2.28073721147848754E-002,-3.96841420727773004E-018)  (2.39049656605742206E-003,-3.70859367865020032E-003)             (-0.49978995156488637,0.0000000000000000)
         922        2000  -85.980430519089367        1.0000000000018916        298.95482482550881       0.99965792653430552        3.4207346758931078E-004  -1.8915979893563417E-012   (2.45156325260610132E-002,1.50811634456579730E-018)  (1.94010364522331303E-003,-3.97835572367755217E-003)             (-0.49975873713640817,0.0000000000000000)
         923        2000  -84.878117307303484        1.0000000000018869        304.92699820450912       0.99962099674236893        3.7900325951895444E-004  -1.8869350526529161E-012   (2.58511920917920551E-002,8.88114218607107687E-018)  (1.44378681695881556E-003,-4.18842480714029086E-003)             (-0.49973283022385195,0.0000000000000000)
         924        2000  -83.775804095517600        1.0000000000018783        308.54839665033876       0.99959407840950321        4.0592159237809000E-004  -1.8782753130608398E-012   (2.67825075504841484E-002,8.17983887794935552E-018)  (9.14130527688581502E-004,-4.33415173689459792E-003)             (-0.49971398745268147,0.0000000000000000)
         925        2000  -82.673490883731716        1.0000000000018816        309.76190823337220       0.99957897813091701        4.2102187096836399E-004  -1.8816059821347153E-012   (2.72880235859122959E-002,1.59447014801840294E-017)  (3.63225511691642514E-004,-4.41219959874114900E-003)             (-0.49970349432843686,0.0000000000000000)
         926        2000  -81.571177671945833        1.0000000000018716        308.54839548158299       0.99957674077303704        4.2325922883783393E-004  -1.8716139749130889E-012   (2.73548520564077906E-002,1.85272762413962273E-018) (-1.99362613259382641E-004,-4.42049789586229733E-003)             (-0.49970209340007798,0.0000000000000000)
         927        2000  -80.468864460159949        1.0000000000018696        304.92699610476819       0.99958766266150445        4.1233734037005829E-004  -1.8696155734687636E-012  (2.69763057743645090E-002,-5.49536883682700580E-018) (-7.67326396336222988E-004,-4.35804578519974339E-003)             (-0.49970997458958377,0.0000000000000000)
         928        2000  -79.366551248374066        1.0000000000018674        298.95482166020020       0.99961132019917109        3.8867980269709782E-004  -1.8673951274195133E-012   (2.61496668654691219E-002,7.29952004319627424E-018) (-1.33640519135494245E-003,-4.22466336507970261E-003)             (-0.49972679391053570,0.0000000000000000)
         929        2000  -78.264238036588182        1.0000000000018614        290.72605715441415       0.99964655122649582        3.5344877536664797E-004  -1.8613999230865375E-012  (2.48757253275318536E-002,-7.31179081733753738E-019) (-1.90147105530284613E-003,-4.02084816931522898E-003)             (-0.49975168154157257,0.0000000000000000)
         930        2000  -77.161924824802298        1.0000000000018592        280.37047493345437       0.99969138503069666        3.0861497116419862E-004  -1.8591794770372871E-012   (2.31609502083043352E-002,5.69362275578457175E-018) (-2.45322847773254233E-003,-3.74787441756584475E-003)             (-0.49978322504093070,0.0000000000000000)
         931        2000  -76.059611613016415        1.0000000000018574        268.05138874861484       0.99974299258857646        2.5700741328380731E-004  -1.8574031201978869E-012   (2.10217717877731781E-002,7.67240624566284094E-018) (-2.97647430869295467E-003,-3.40815502241105777E-003)             (-0.49981945675505440,0.0000000000000000)
         932        2000  -74.957298401230531        1.0000000000018434        253.96307811401081       0.99979776692975131        2.0223307209574391E-004  -1.8434143100876099E-012  (1.84889822063786409E-002,-4.93660387149749959E-019) (-3.45147222907803575E-003,-3.00571574165981901E-003)             (-0.49985790593734009,0.0000000000000000)
         933        2000  -73.854985189444648        1.0000000000018423        238.32772383554527       0.99985160596710987        1.4839403473145864E-004  -1.8423040870629848E-012  (1.56095896479066191E-002,-1.47309195252287590E-018) (-3.85852084498978631E-003,-2.54650888806719298E-003)             (-0.49989576610621000,0.0000000000000000)
         934        2000  -72.752671977658764        1.0000000000018363        221.39190499177508       0.99990036770677104        9.9632295066492802E-005  -1.8363088827300089E-012   (1.24442047840902150E-002,7.65660988384424485E-018) (-4.18391834565861025E-003,-2.03831956821499917E-003)             (-0.49993017298030623,0.0000000000000000)
         935        2000  -71.650358765872880        1.0000000000018261        203.42270947114179       0.99994036190701063        5.9638094817929930E-005  -1.8260948309034575E-012  (9.06004687066319821E-003,-1.02584929962619126E-018) (-4.42438697155024801E-003,-1.49020760744261998E-003)             (-0.49995852003931107,0.0000000000000000)
         936        2000  -70.548045554086997        1.0000000000018228        184.70352215730506       0.99996870621206935        3.1293789755627499E-005  -1.8227641618295820E-012  (5.52194280962654133E-003,-1.37921844866434512E-017) (-4.58747704323840631E-003,-9.11684101145812599E-004)             (-0.49997870637398406,0.0000000000000000)
         937        2000  -69.445732342301113        1.0000000000018223        165.52955588544162       0.99998344003065309        1.6559971171139197E-005  -1.8223200726197319E-012   (1.88495296558630694E-003,2.75656519947302150E-018) (-4.68742590540265503E-003,-3.11981073989519935E-004)             (-0.49998924352807833,0.0000000000000000)
         938        2000  -68.343419130515230        1.0000000000018223        146.20319548037980       0.99998341935069879        1.6580651125831286E-005  -1.8223200726197319E-012 (-1.80829950567990201E-003,-8.31342079233804873E-018)  (-4.73829468116607547E-003,3.00274892898418837E-004)             (-0.49998922704919418,0.0000000000000000)
         939        2000  -67.241105918729346        1.0000000000018274        127.02922921695419       0.99996812936647117        3.1870635356751394E-005  -1.8274270985330077E-012  (-5.52462805382158018E-003,3.66359731974138591E-020)  (-4.74753793781777875E-003,9.16902017863280880E-004)             (-0.49997825149654440,0.0000000000000000)
         940        2000  -66.138792706943462        1.0000000000018248        108.31004192115803       0.99993758041731873        6.2419584505901714E-005  -1.8247625632739073E-012 (-9.23313979456518927E-003,-6.76654779658449168E-018)  (-4.71274390221372574E-003,1.52969167744521984E-003)             (-0.49995636608565441,0.0000000000000000)
         941        2000  -65.036479495157579        1.0000000000018401        90.340846478212029       0.99989238430098071        1.0761570085730174E-004  -1.8400836410137345E-012 (-1.28970643880423081E-002,-2.82135775884129503E-018)  (-4.62252959576947911E-003,2.12993170925823445E-003)             (-0.49992412355727250,0.0000000000000000)
         942        2000  -63.934166283371695        1.0000000000018543        73.405027716651944       0.99983398818950231        1.6601181234978391E-004  -1.8542944957289365E-012 (-1.64677098617171183E-002,-1.85219985555407155E-017)  (-4.46066582484381906E-003,2.70817385417128093E-003)             (-0.49988270131487578,0.0000000000000000)
         943        2000  -62.831853071585812        1.0000000000018656        57.769673628860438       0.99976493868609251        2.3506131577334958E-004  -1.8656187705801131E-012  (-1.98825006365412442E-002,2.90984984409888220E-018)  (-4.21149653517846178E-003,3.25432401237124276E-003)             (-0.49983401822100193,0.0000000000000000)
         944        2000  -61.729539859799928        1.0000000000018685        43.681363273335506       0.99968900637089686        3.1099363097422520E-004  -1.8685053504441385E-012  (-2.30674683382262463E-002,1.38584616168063232E-018)  (-3.86486040820194872E-003,3.75798117989190614E-003)             (-0.49978075911500836,0.0000000000000000)
         945        2000  -60.627226648014044        1.0000000000018807        31.362277429127214       0.99961103426348641        3.8896573839455808E-004  -1.8807178037150152E-012 (-2.59433431316186611E-002,-1.21382502625881489E-017)  (-3.41948378567035567E-003,4.20890250713955652E-003)             (-0.49972624819559391,0.0000000000000000)
         946        2000  -59.524913436228161        1.0000000000018812        21.006695693456027       0.99953646834974974        4.6353165213223460E-004  -1.8811618929248652E-012 (-2.84337487805228564E-002,-3.31759553722683131E-018)  (-2.88444095660965807E-003,4.59751689759146411E-003)             (-0.49967416207981757,0.0000000000000000)
         947        2000  -58.422600224442277        1.0000000000018852        12.777931789028759       0.99947065567962567        5.2934432226067003E-004  -1.8851586958135158E-012  (-3.04737002367469131E-002,2.80233308453588274E-019)  (-2.27842648969260684E-003,4.91546612432948275E-003)             (-0.49962812649050159,0.0000000000000000)
         948        2000  -57.320287012656394        1.0000000000018945        6.8057579269581501       0.99941811212092158        5.8188788097338908E-004  -1.8944845692203671E-012  (-3.20163692938787436E-002,1.65606767993379651E-017)  (-1.62653419324111496E-003,5.15614244821426329E-003)             (-0.49959128688912607,0.0000000000000000)
         949        2000  -56.217973800870510        1.0000000000019036        3.1843593427832859       0.99938201074900734        6.1798925289501872E-004  -1.9035883980222934E-012  (-3.30360101740221346E-002,1.95583539842004859E-019)  (-9.54589691280926644E-004,5.31510579460791124E-003)             (-0.49956597019716525,0.0000000000000000)
         950        2000  -55.115660589084627        1.0000000000019102        1.9708472876524676       0.99936407328741239        6.3592671449878499E-004  -1.9102497361700443E-012  (-3.35254942532202324E-002,1.00603333115874231E-017)  (-2.82187512194460280E-004,5.39017609362997356E-003)             (-0.49955354102184052,0.0000000000000000)
         951        2000  -54.013347377298743        1.0000000000019094        3.1843595956068760       0.99936486001120861        6.3513999070183020E-004  -1.9093615577503442E-012  (-3.34885411090637547E-002,4.00490791598720425E-018)   (3.82935515873029507E-004,5.38102297620171328E-003)             (-0.49955448506508165,0.0000000000000000)
         952        2000  -52.911034165512859        1.0000000000019227        6.8057588072471944       0.99938422810520389        6.1577189671703720E-004  -1.9226842340458461E-012  (-3.29292797035704785E-002,1.66505231944070599E-018)   (1.04580217975660172E-003,5.28828293180263510E-003)             (-0.49956863931690265,0.0000000000000000)
         953        2000  -51.808720953726976        1.0000000000019413        12.777932758848104       0.99942160547071379        5.7839453122682867E-004  -1.9413359808595487E-012  (-3.18441071807584811E-002,9.95551124309595735E-018)   (1.71813937326514279E-003,5.11256245318030943E-003)             (-0.49959539305667877,0.0000000000000000)
         954        2000  -50.706407741941092        1.0000000000019484        21.006697127890089       0.99947582301318705        5.2417698876290424E-004  -1.9484414082171497E-012  (-3.02212123180317198E-002,9.28517834765929827E-018)   (2.40649704752266816E-003,4.85393290159395318E-003)             (-0.49963368533402114,0.0000000000000000)
         955        2000  -49.604094530155209        1.0000000000019575        31.362279285356617       0.99954455237505080        4.5544762690808766E-004  -1.9575452370190760E-012  (-2.80503519279683804E-002,1.11873867401050371E-018)   (3.09985966157899813E-003,4.51243792405734302E-003)             (-0.49968176027145511,0.0000000000000000)
         956        2000  -48.501781318369325        1.0000000000019589        43.681365310510103       0.99962373300455143        3.7626699740992683E-004  -1.9588775046486262E-012  (-2.53400275989591334E-002,7.97278332239935254E-018)   (3.76429731044072846E-003,4.08962664655946207E-003)             (-0.49973684865222773,0.0000000000000000)
         957        2000  -47.399468106583441        1.0000000000019693        57.769676200359562       0.99970749518289681        2.9250481907469470E-004  -1.9693136010801027E-012  (-2.21337996264036191E-002,4.62311114565720241E-018)   (4.35003396154513139E-003,3.59041373716782871E-003)             (-0.49979507481538943,0.0000000000000000)
         958        2000  -46.297154894797558        1.0000000000019762        73.405030681734019       0.99978885630302361        2.1114369895231774E-004  -1.9761969838327786E-012 (-1.85157704316942506E-002,-1.74268949367610898E-018)   (4.80976615716414112E-003,3.02412726646003951E-003)             (-0.49985181116217570,0.0000000000000000)
         959        2000  -45.194841683011674        1.0000000000019993        90.340849849403440       0.99986099565525044        1.3900434674520576E-004  -1.9992896227449819E-012  (-1.45994515813996466E-002,8.19749117711430729E-018)   (5.11962483219538869E-003,2.40386632963855837E-003)             (-0.49990242983436373,0.0000000000000000)
         960        2000  -44.092528471225791        1.0000000000020042        108.31004593661052       0.99991851442577406        8.1485576230937853E-005  -2.0041746040533326E-012  (-1.05028419191207124E-002,4.02017805721651888E-019)   (5.29099480804598454E-003,1.74423031642167254E-003)             (-0.49994311476462311,0.0000000000000000)
         961        2000  -42.990215259439907        1.0000000000020097        127.02923377019610       0.99995806184132408        4.1938160682950815E-005  -2.0097257191764584E-012  (-6.32071728149653442E-003,1.17035110888154556E-018)   (5.36552471384843088E-003,1.05853065617479963E-003)             (-0.49997132477502637,0.0000000000000000)
         962        2000  -41.887902047654023        1.0000000000020091        146.20320069392304       0.99997809636970225        2.1903632309059743E-005  -2.0090595853616833E-012 (-2.10755950161088884E-003,-7.32467217190022746E-018)   (5.39514232884998925E-003,3.56998523395710317E-004)             (-0.49998571838165401,0.0000000000000000)
         963        2000  -40.785588835868140        1.0000000000020113        165.52956175204159       0.99997808625836571        2.1913743647777270E-005  -2.0112800314109336E-012   (2.12068607478152048E-003,8.84624600011716881E-019)  (5.41763856406206768E-003,-3.53084779296367979E-004)             (-0.49998570815235055,0.0000000000000000)
         964        2000  -39.683275624082256        1.0000000000020060        184.70352868882966       0.99995776419630833        4.2235805698908366E-005  -2.0059509608927328E-012   (6.36764445868735676E-003,1.99326971557157426E-017)  (5.44052728124499226E-003,-1.06559385697287665E-003)             (-0.49997103670498477,0.0000000000000000)
         965        2000  -38.580962412296373        1.0000000000020064        203.42271650902777       0.99991694451513269        8.3055486873086711E-005  -2.0063950501025829E-012  (1.06303123860977729E-002,-4.08759438089656575E-018)  (5.44028435210008356E-003,-1.77330683528464646E-003)             (-0.49994169850380316,0.0000000000000000)
         966        2000  -37.478649200510489        1.0000000000020000        221.39191245597030       0.99985600328333235        1.4399671866622483E-004  -1.9999557565597570E-012  (1.48778103966913447E-002,-1.28205206904240588E-018)  (5.37501160363692068E-003,-2.46649085858446481E-003)             (-0.49989824823223067,0.0000000000000000)
         967        2000  -36.376335988724605        1.0000000000019846        238.32773160267951       0.99977670903685556        2.2329096513123384E-004  -1.9846346788199298E-012  (1.90429885861752267E-002,-4.96335221257409607E-019)  (5.20219381584441278E-003,-3.13291086528745327E-003)             (-0.49984226542683624,0.0000000000000000)
         968        2000  -35.274022776938722        1.0000000000019702        253.96308572759227       0.99968291223425576        3.1708776771754331E-004  -1.9702017794998028E-012  (2.30276700413209329E-002,-4.49631709118511371E-018)  (4.89292333046439498E-003,-3.75893890125563726E-003)             (-0.49977666488238492,0.0000000000000000)
         969        2000  -34.171709565152838        1.0000000000019551        268.05139619024368       0.99958069098086288        4.1930902109739399E-004  -1.9551027463649007E-012  (2.67168981782231509E-002,-5.01540735717090216E-020)  (4.43845405853470713E-003,-4.33096641891770988E-003)             (-0.49970565706586711,0.0000000000000000)
         970        2000  -33.069396353366955        1.0000000000019582        280.37048180391702       0.99947779155794858        5.2220844401258649E-004  -1.9582113708338511E-012  (2.99961288777956803E-002,-6.15488619118722060E-018)  (3.85008588563690154E-003,-4.83647705301839658E-003)             (-0.49963434467740642,0.0000000000000000)
         971        2000  -31.967083141581071        1.0000000000019469        290.72606296898255       0.99938246491798233        6.1753508396643884E-004  -1.9468870959826745E-012  (3.27669990530491256E-002,-2.32039573919632625E-018)  (3.15566058147391830E-003,-5.26465123960953400E-003)             (-0.49956806853770741,0.0000000000000000)
         972        2000  -30.864769929795187        1.0000000000019351        298.95482658535724       0.99930202310660432        6.9797689533788510E-004  -1.9351187319216478E-012   (3.49594989081955382E-002,2.48458500043671642E-018)  (2.39473581682321046E-003,-5.60678322631191946E-003)             (-0.49951166309963629,0.0000000000000000)
         973        2000  -29.762456718009304        1.0000000000019336        304.92699945439858       0.99924159373157895        7.5840627035842314E-004  -1.9335644196871726E-012   (3.65390833229271156E-002,1.16460236966890418E-017)  (1.61197295042160007E-003,-5.85679494158388315E-003)             (-0.49946879667850341,0.0000000000000000)
         974        2000  -28.660143506223420        1.0000000000019185        308.54839730070728       0.99920356887931705        7.9643112260532358E-004  -1.9184653865522705E-012  (3.75065725710054185E-002,-3.32092203753608557E-018)  (8.47285160292678575E-004,-6.01178224745974391E-003)             (-0.49944158435778607,0.0000000000000000)
         975        2000  -27.557830294437537        1.0000000000019216        309.76190860419632       0.99918803195466621        8.1196804725577095E-004  -1.9215740110212209E-012   (3.78884931095869043E-002,4.81434390309472862E-019)  (1.23393472211982965E-004,-6.07210064071835032E-003)             (-0.49943063340413801,0.0000000000000000)
         976        2000  -26.455517082651653        1.0000000000019107        308.54839514695806       0.99919399044262824        8.0600955928203800E-004  -1.9106938253798944E-012  (3.77179643898344422E-002,-6.69086047921049566E-018) (-5.64260071334196710E-004,-6.04043199682826725E-003)             (-0.49943553965112331,0.0000000000000000)
         977        2000  -25.353203870865769        1.0000000000018956        304.92699533322104       0.99922073197253225        7.7926802936487116E-004  -1.8955947922449923E-012  (3.70115530316018904E-002,-1.58856751720351410E-018) (-1.24759273088591413E-003,-5.91978230356867384E-003)             (-0.49945560243679060,0.0000000000000000)
         978        2000  -24.250890659079886        1.0000000000018874        298.95482059623407       0.99926840232081282        7.3159768107652532E-004  -1.8873791418627661E-012  (3.57529542900799496E-002,-8.86693494998405852E-018) (-1.97037124617641677E-003,-5.71119623343784456E-003)             (-0.49949030918676007,0.0000000000000000)
         979        2000  -23.148577447294002        1.0000000000018716        290.72605553621634       0.99933725138086271        6.6274862101184200E-004  -1.8716139749130889E-012   (3.38954760742821645E-002,1.61580999916378220E-017) (-2.75969218642214834E-003,-5.41271599491425972E-003)             (-0.49953917001726289,0.0000000000000000)
         980        2000  -22.046264235508119        1.0000000000018745        280.37047319183898       0.99942583607259972        5.7416392927690774E-004  -1.8745005547771143E-012   (3.13884357619387544E-002,1.14269840042221910E-017) (-3.59779108700901146E-003,-5.02086317982174991E-003)             (-0.49960086525820452,0.0000000000000000)
         981        2000  -20.943951023722235        1.0000000000018647        268.05138684814608       0.99952930520554584        4.7069479632218735E-004  -1.8647305921604129E-012  (2.82192054712397042E-002,-5.73854766314521113E-018) (-4.41255525304981230E-003,-4.53456932045122156E-003)             (-0.49967221835301984,0.0000000000000000)
         982        2000  -19.841637811936351        1.0000000000018676        253.96307597981050       0.99963907538064944        3.6092462122026077E-004  -1.8676171720244383E-012  (2.44499456583832271E-002,-6.38972889273496667E-019) (-5.09881248125205848E-003,-3.95964984198195896E-003)             (-0.49974780712803235,0.0000000000000000)
         983        2000  -18.739324600150468        1.0000000000018543        238.32772188051888       0.99974445800460432        2.5554199725283421E-004  -1.8542944957289365E-012  (2.02254895946555532E-002,-7.92801662234117444E-019) (-5.56485041294734351E-003,-3.31087285004519382E-003)             (-0.49982074270572979,0.0000000000000000)
         984        2000  -17.637011388364584        1.0000000000018554        221.39190297877988       0.99983552560950517        1.6447439235159591E-004  -1.8554047187535616E-012  (1.57414268084044434E-002,-6.11222532794106435E-019) (-5.78018757363720111E-003,-2.60965933854275488E-003)             (-0.49988436778927325,0.0000000000000000)
         985        2000  -16.534698176578701        1.0000000000018452        203.42270760388837       0.99990561403989486        9.4385961952424575E-005  -1.8451906669270102E-012  (1.11838209587762326E-002,-2.64323649321123794E-019) (-5.79541449158036629E-003,-1.87811073649584099E-003)             (-0.49993391785854341,0.0000000000000000)
         986        2000  -15.432384964792817        1.0000000000018334        184.70352048114256       0.99995205562871314        4.7944373120565715E-005  -1.8334223028659835E-012  (6.67042749195591832E-003,-1.32192591326960172E-018) (-5.71929292692050211E-003,-1.13266486895099083E-003)             (-0.49996715175373097,0.0000000000000000)
         987        2000  -14.330071753006933        1.0000000000018254        165.52955435741777       0.99997492949151567        2.5070510311414283E-005  -1.8254286970886824E-012  (2.22467380353585193E-003,-8.23307194943013284E-018) (-5.66433481424644721E-003,-3.81182094305483870E-004)             (-0.49998368339993404,0.0000000000000000)
         988        2000  -13.227758541221050        1.0000000000018257        146.20319414681407       0.99997492133215871        2.5078669666312741E-005  -1.8256507416936074E-012  (-2.20413294856198127E-003,2.27051300866826650E-019)  (-5.69184759702623388E-003,3.74877819015513364E-004)             (-0.49998367488332529,0.0000000000000000)
         989        2000  -12.125445329435166        1.0000000000018305        127.02922804271221       0.99995185208056347        4.8147921267017742E-005  -1.8305357230019581E-012 (-6.68671291350575892E-003,-1.64128830342702734E-018)  (-5.78680347813730067E-003,1.13483994262300082E-003)             (-0.49996693943687548,0.0000000000000000)
         990        2000  -11.023132117649283        1.0000000000018354        108.31004097825303       0.99990479786979136        9.5202132043417881E-005  -1.8354207043103088E-012 (-1.12552806909910676E-002,-1.03842451530824848E-017)  (-5.87284200359432327E-003,1.89338965572293069E-003)             (-0.49993307684544153,0.0000000000000000)
         991        2000  -9.9208189058633991        1.0000000000018368        90.340845564547507       0.99983356165890036        1.6643834293744668E-004  -1.8367529719398590E-012 (-1.58686890740799245E-002,-5.71606511316784470E-018)  (-5.85375528173299846E-003,2.63838067096606836E-003)             (-0.49988243266673543,0.0000000000000000)
         992        2000  -8.8185056940775155        1.0000000000018410        73.405027017047999       0.99974043542731961        2.5956457452402839E-004  -1.8409718194334346E-012  (-2.04129017454447170E-002,2.79212271553344449E-018)  (-5.65569369375085954E-003,3.35248971714869129E-003)             (-0.49981711539864554,0.0000000000000000)
         993        2000  -7.7161924822916292        1.0000000000018574        57.769673053786221       0.99963116578391142        3.6883421794633699E-004  -1.8574031201978869E-012  (-2.47292093156608779E-002,8.54507464181880835E-018)  (-5.25005651715121369E-003,4.01697964758444739E-003)             (-0.49974137591450118,0.0000000000000000)
         994        2000  -6.6138792705057368        1.0000000000018614        43.681362626645239       0.99951461233453032        4.8538766733403031E-004  -1.8613999230865375E-012 (-2.86522743155680250E-002,-3.14137184088353978E-018)  (-4.65278864223143789E-003,4.61513790475651629E-003)             (-0.49966115663153077,0.0000000000000000)
         995        2000  -5.5115660587198443        1.0000000000018752        31.362277110232753       0.99940125497796561        5.9874502390881246E-004  -1.8751666885918894E-012 (-3.20419494583680797E-002,-1.05652466968208724E-018)  (-3.90934778037945168E-003,5.13389961936289857E-003)             (-0.49958309355377756,0.0000000000000000)
         996        2000  -4.4092528469339518        1.0000000000018712        21.006695265023225       0.99930110637602620        6.9889362584534638E-004  -1.8711698857032388E-012  (-3.48019052897211301E-002,1.97696315843817737E-020)  (-3.07818293678322743E-003,5.56377375231390837E-003)             (-0.49951340463232380,0.0000000000000000)
         997        2000  -3.3069396351480593        1.0000000000018767        12.777931420742503       0.99922170272044142        7.7829728143544261E-004  -1.8767210008263646E-012 (-3.68863133141396557E-002,-9.06877218608203277E-019)  (-2.21950279515598613E-003,5.89822756150170258E-003)             (-0.49945697373466180,0.0000000000000000)
         998        2000  -2.2046264233621669        1.0000000000018767        6.8057578477694003       0.99916682073028973        8.3317927158895627E-004  -1.8767210008263646E-012  (-3.82981633835587434E-002,8.94710569277259738E-019)  (-1.38791767051047333E-003,6.13349755288501806E-003)             (-0.49941678083653523,0.0000000000000000)
         999        2000  -1.1023132115762744        1.0000000000018880        3.1843590602709089       0.99913643323406942        8.6356676781882682E-004  -1.8880452756775412E-012 (-3.90802925432089318E-002,-1.32383546433256775E-017)  (-6.23674331975536747E-004,6.26905439937518270E-003)             (-0.49939377634781756,0.0000000000000000)
        1000        2000   2.0961801738828001E-010   1.0000000000018991        1.9708472173956124       0.99912806374317886        8.7193625871931140E-004  -1.8991475059237928E-012 (-3.92969249327203007E-002,-3.02725048302957080E-018)   (6.05402619633999941E-005,6.30781300157064531E-003)             (-0.49938730218219918,0.0000000000000000)
        1001        2000   1.1023132119955104        1.0000000000019051        3.1843597103525476       0.99913906848575418        8.6093151615023020E-004  -1.9051427102567686E-012  (-3.90051691757350716E-002,5.00365346880122621E-018)   (6.90458617154195392E-004,6.25488981336239178E-003)             (-0.49939602599092420,0.0000000000000000)
        1002        2000   2.2046264237814026        1.0000000000019080        6.8057586794546427       0.99916870847094541        8.3129153096333987E-004  -1.9080292901207940E-012  (-3.82234738119915374E-002,2.39472562670003476E-017)   (1.32794691845832522E-003,6.11489380955673473E-003)             (-0.49941902394637666,0.0000000000000000)
        1003        2000   3.3069396355672951        1.0000000000019156        12.777933035891632       0.99921869113095796        7.8130887095664793E-004  -1.9155788066882451E-012 (-3.69117876895601604E-002,-4.07136368186941638E-019)   (2.04669000977184467E-003,5.88857241132222185E-003)             (-0.49945636999201837,0.0000000000000000)
        1004        2000   4.4092528473531871        1.0000000000019220        21.006697268092729       0.99929151452677201        7.0848547514909912E-004  -1.9220181002310710E-012  (-3.49807673066852148E-002,4.79853412541320675E-018)   (2.88865989815457200E-003,5.57149232033187381E-003)             (-0.49950864355640673,0.0000000000000000)
        1005        2000   5.5115660591390796        1.0000000000019205        31.362279454390411       0.99938730214348837        6.1269785843184659E-004  -1.9204637879965958E-012 (-3.23363654094889347E-002,-2.37605534686826905E-017)   (3.82362621222402145E-003,5.15662514603042101E-003)             (-0.49957539599945194,0.0000000000000000)
        1006        2000   6.6138792709249721        1.0000000000019205        43.681365725544907       0.99950103051219208        4.9896948972990673E-004  -1.9204637879965958E-012 (-2.89454833170045556E-002,-2.04859291968985533E-019)   (4.73865106571698478E-003,4.64053013981223332E-003)             (-0.49965345904934577,0.0000000000000000)
        1007        2000   7.7161924827108646        1.0000000000019329        57.769676472928843       0.99962214790358850        3.7785209834632021E-004  -1.9328982858723975E-012  (-2.48897883076790831E-002,2.59546942476326654E-019)   (5.47543144421338418E-003,4.03014725514898049E-003)             (-0.49973636793401871,0.0000000000000000)
        1008        2000   8.8185056944967499        1.0000000000019382        73.405031096123196       0.99973724573481626        2.6275426712031759E-004  -1.9382273563905983E-012  (-2.03722105482558348E-002,1.22471225440796021E-017)   (5.90419157585703614E-003,3.34545935069215355E-003)             (-0.49981563763802794,0.0000000000000000)
        1009        2000   9.9208189062826335        1.0000000000019493        90.340850372529616       0.99983443138467198        1.6556861727705878E-004  -1.9493295866368499E-012  (-1.56622385067573255E-002,6.99287075030937003E-019)   (5.99489118921281254E-003,2.61527712109205397E-003)             (-0.49988336214369522,0.0000000000000000)
        1010        2000   11.023132118068517        1.0000000000019535        108.31004641974097       0.99990682212171444        9.3177880238278933E-005  -1.9535484341304254E-012  (-1.10014311501932562E-002,2.76207721896429805E-018)   (5.84091900562204881E-003,1.86765389509022041E-003)             (-0.49993456693985477,0.0000000000000000)
        1011        2000   12.125445329854401        1.0000000000019642        127.02923439026353       0.99995313513088191        4.6864871081684977E-005  -1.9642065751668270E-012  (-6.51743557088504954E-003,8.21709126410055666E-018)   (5.61603273898894292E-003,1.12045088160777251E-003)             (-0.49996783722223637,0.0000000000000000)
        1012        2000   13.227758541640284        1.0000000000019760        146.20320136054343       0.99997534581902914        2.4654182945645596E-005  -1.9759749392278536E-012  (-2.19332720733506461E-003,4.00042754438518100E-019)   (5.48665286741752134E-003,3.77768181488261925E-004)             (-0.49998399121277559,0.0000000000000000)
        1013        2000   14.330071753426168        1.0000000000019804        165.52956249060327       0.99997533496629931        2.4665035682235983E-005  -1.9804158313263542E-012  (2.09129716016800233E-003,-2.02843483623147747E-018)  (5.52969966548608714E-003,-3.65579907180542645E-004)             (-0.49998398270971561,0.0000000000000000)
        1014        2000   15.432384965212051        1.0000000000019844        184.70352943767611       0.99995291883128645        4.7081170700411385E-005  -1.9844126342150048E-012   (6.47170631470916653E-003,1.46348781908804496E-018)  (5.70236662536670064E-003,-1.11474383111786362E-003)             (-0.49996766484808552,0.0000000000000000)
        1015        2000   16.534698176997935        1.0000000000019720        203.42271738337348       0.99990643009295666        9.3569909016790563E-005  -1.9719781363392030E-012  (1.10101248156626082E-002,-4.88924505011832832E-018)  (5.87447492808818375E-003,-1.86661280084463033E-003)             (-0.49993422320009440,0.0000000000000000)
        1016        2000   17.637011388783819        1.0000000000019602        221.39191331578763       0.99983516298544461        1.6483701651768965E-004  -1.9602097722781764E-012   (1.56507064010101629E-002,2.96282797494834563E-019)  (5.89835247000113690E-003,-2.60707474502706611E-003)             (-0.49988376130546791,0.0000000000000000)
        1017        2000   18.739324600569702        1.0000000000019504        238.32773243034015       0.99974188164339450        2.5811835855708392E-004  -1.9504398096614750E-012  (2.02315484082328800E-002,-4.05613485244722944E-018)  (5.67396544416615481E-003,-3.31440693487246698E-003)             (-0.49981876373195128,0.0000000000000000)
        1018        2000   19.841637812355586        1.0000000000019438        253.96308671894428       0.99963380751179598        3.6619249014725302E-004  -1.9437784715137241E-012   (2.45373298301238760E-002,8.39101958476257886E-018)  (5.17917983376945616E-003,-3.96560841285921624E-003)             (-0.49974442849848283,0.0000000000000000)
        1019        2000   20.943951024141469        1.0000000000019371        268.05139702558392       0.99952159747256419        4.7840252937600566E-004  -1.9371171333659731E-012  (2.83616483420780358E-002,-1.52634716428243949E-018)  (4.46087444187273467E-003,-4.54184671063907752E-003)             (-0.49966774048194929,0.0000000000000000)
        1020        2000   22.046264235927353        1.0000000000019238        280.37048265504512       0.99941690611732825        5.8309388460032541E-004  -1.9237944570704713E-012  (3.15529627043580410E-002,-1.40456635981640345E-019)  (3.60374080563764364E-003,-5.03068985376058792E-003)             (-0.49959589665385795,0.0000000000000000)
        1021        2000   23.148577447713237        1.0000000000019167        290.72606402205054       0.99932961495053285        6.7038505138735164E-004  -1.9166890297128703E-012   (3.40341129575883541E-002,2.93826836367916907E-018)  (2.69859269886398414E-003,-5.42543243237244600E-003)             (-0.49953484825434458,0.0000000000000000)
        1022        2000   24.250890659499120        1.0000000000019091        298.95482726025386       0.99926572532822366        7.3427467368568475E-004  -1.9091395131454192E-012  (3.57995935168692464E-002,-9.13983274048682771E-018)  (1.82218659665413360E-003,-5.72334290836610474E-003)             (-0.49948841903796115,0.0000000000000000)
        1023        2000   25.353203871285004        1.0000000000018909        304.92700046783250       0.99922656557908651        7.7343442280424402E-004  -1.8909318555415666E-012   (3.68997760929352658E-002,9.57429321066565133E-019)  (1.02833564086195553E-003,-5.92426051861447752E-003)             (-0.49945809042253508,0.0000000000000000)
        1024        2000   26.455517083070887        1.0000000000018734        308.54839821177569       0.99920955656127364        7.9044344060233928E-004  -1.8733903317524891E-012   (3.74189997342794858E-002,1.01566884231901323E-017)  (3.43676429566136033E-004,-6.03043180559043827E-003)             (-0.49944334950777003,0.0000000000000000)
        1025        2000   27.557830294856771        1.0000000000018616        309.76190933656665       0.99921033314193430        7.8966685992939317E-004  -1.8616219676914625E-012   (3.74483114225263106E-002,5.89529153510432034E-018) (-2.40175232386719077E-004,-6.04647520215006572E-003)             (-0.49944250945863899,0.0000000000000000)
        1026        2000   28.660143506642655        1.0000000000018525        308.54839624755687       0.99922544717178807        7.7455283006597100E-004  -1.8525181388895362E-012   (3.70535288610354605E-002,4.62102301544538523E-019) (-7.69955408699096386E-004,-5.97797318100861536E-003)             (-0.49945383445830593,0.0000000000000000)
        1027        2000   29.762456718428538        1.0000000000018325        304.92699615921697       0.99925439449737163        7.4560550446571669E-004  -1.8325341244462834E-012  (3.62460602785463076E-002,-4.54897631904758127E-018) (-1.32311385712682817E-003,-5.82931577162922130E-003)             (-0.49947655200761049,0.0000000000000000)
        1028        2000   30.864769930214422        1.0000000000018203        298.95482153106434       0.99929977384458557        7.0022615723561231E-004  -1.8203216711754067E-012   (3.49686744392801521E-002,8.09470833242974613E-018) (-1.98086712741326601E-003,-5.60050254194946386E-003)             (-0.49951121747585137,0.0000000000000000)
        1029        2000   31.967083142000305        1.0000000000018183        290.72605664474162       0.99936515637389245        6.3484362792620263E-004  -1.8183232697310814E-012  (3.31123337186708597E-002,-2.80880236355163746E-018) (-2.78318719811368248E-003,-5.28639608872669316E-003)             (-0.49955895902820496,0.0000000000000000)
        1030        2000   33.069396353786189        1.0000000000018059        280.37047409423036       0.99945160505108510        5.4839495072461189E-004  -1.8058887718552796E-012   (3.05675548041080929E-002,9.77878866510810150E-018) (-3.69176911947231498E-003,-4.87974647506306779E-003)             (-0.49961979133767831,0.0000000000000000)
        1031        2000   34.171709565572073        1.0000000000018019        268.05138790776539       0.99955484415642470        4.4515584537809492E-004  -1.8018919689666291E-012   (2.72936816881646400E-002,5.69950511611463398E-018) (-4.58344221757035243E-003,-4.37735210635467609E-003)             (-0.49969093853877744,0.0000000000000000)
        1032        2000   35.274022777357956        1.0000000000018019        253.96307706690919       0.99966498123696479        3.3501876483975189E-004  -1.8018919689666291E-012   (2.33731806530460828E-002,1.06298348460161556E-017) (-5.29105920656481113E-003,-3.78671493766283198E-003)             (-0.49976635625801824,0.0000000000000000)
        1033        2000   36.376335989143840        1.0000000000017999        238.32772276345466       0.99976928157227574        2.3071842952830369E-004  -1.7998935675223038E-012   (1.90161973973284187E-002,5.81893940047923632E-018) (-5.67928377989883933E-003,-3.12841515642233153E-003)             (-0.49983807471762975,0.0000000000000000)
        1034        2000   37.478649200929723        1.0000000000017970        221.39190402423085       0.99985655167232457        1.4344832947414010E-004  -1.7970069876582784E-012  (1.45028995628402758E-002,-2.23752054434393747E-018) (-5.71610331239287301E-003,-2.43171345077907233E-003)             (-0.49989876709710374,0.0000000000000000)
        1035        2000   38.580962412715607        1.0000000000017828        203.42270845533025       0.99992058473865497        7.9415263127701727E-005  -1.7827961329430764E-012   (1.00858796471523758E-002,4.58968120391064661E-018) (-5.49636880457141964E-003,-1.72496842546481389E-003)             (-0.49994401504138469,0.0000000000000000)
        1036        2000   39.683275624501491        1.0000000000017708        184.70352129133599       0.99996072852042728        3.9271481345397186E-005  -1.7708057242771247E-012   (5.90083565808739025E-003,1.58684748357296664E-017) (-5.19952831877472984E-003,-1.02632548160906689E-003)             (-0.49997288760836472,0.0000000000000000)
        1037        2000   40.785588836287374        1.0000000000017626        165.52955510964901       0.99997956920258391        2.0430799180566084E-005  -1.7625900738948985E-012  (1.93186001992105469E-003,-1.25902939221816375E-018) (-5.00282356542332447E-003,-3.39792787876151854E-004)             (-0.49998664041154633,0.0000000000000000)
        1038        2000   41.887902048073258        1.0000000000017637        146.20319481746776       0.99997957903977552        2.0420961987824903E-005  -1.7637002969195237E-012 (-1.95039832287965042E-003,-5.11822329039509489E-018)  (-4.99581814450962038E-003,3.40734940448790817E-004)             (-0.49998664714694130,0.0000000000000000)
        1039        2000   42.990215259859141        1.0000000000017646        127.02922862644130       0.99996105695396831        3.8943047795498465E-005  -1.7645884753392238E-012 (-5.89961375330665377E-003,-2.37918450502441916E-017)  (-5.14565128655870407E-003,1.02231951975663665E-003)             (-0.49997311448276188,0.0000000000000000)
        1040        2000   44.092528471645025        1.0000000000017690        108.31004147183947       0.99992256184278483        7.7438158982910549E-005  -1.7690293674377244E-012  (-1.00009352040761335E-002,1.83837444749624532E-018)  (-5.32307362200200307E-003,1.70461763891015423E-003)             (-0.49994539348137290,0.0000000000000000)
        1041        2000   45.194841683430909        1.0000000000017668        90.340846102492335       0.99986326133687231        1.3673866489411301E-004  -1.7668089213884741E-012  (-1.42175458404226913E-002,1.12753706589663954E-017)  (-5.37070531876176777E-003,2.37611137794546375E-003)             (-0.49990346920206019,0.0000000000000000)
        1042        2000   46.297154895216792        1.0000000000017706        73.405027357144007       0.99978546503181387        2.1453496995491112E-004  -1.7705836796721997E-012 (-1.83957127498165611E-002,-3.53096387920363604E-018)  (-5.17271999249980120E-003,3.01670718647654035E-003)             (-0.49984944040584700,0.0000000000000000)
        1043        2000   47.399468107002676        1.0000000000017695        57.769673459176587       0.99969571028783366        3.0428971393694170E-004  -1.7694734566475745E-012  (-2.23159769986584072E-002,3.08287542898391578E-019)  (-4.69380882837293345E-003,3.60372953460737699E-003)             (-0.49978796226881261,0.0000000000000000)
        1044        2000   48.501781318788559        1.0000000000017888        43.681363073828315       0.99960379925576937        3.9620074602104321E-004  -1.7887913372760522E-012 (-2.57609311153281055E-002,-5.97011695076724685E-018)  (-3.97780154244687691E-003,4.11788223398191783E-003)             (-0.49972541610580062,0.0000000000000000)
        1045        2000   49.604094530574443        1.0000000000017961        31.362277243730112       0.99952033161512377        4.7966838667435789E-004  -1.7961188092385783E-012  (-2.85707070125118638E-002,3.67518655659410772E-018)  (-3.11882606946386901E-003,4.54650690495737517E-003)             (-0.49966833068535527,0.0000000000000000)
        1046        2000   50.706407742360327        1.0000000000018059        21.006695772813512       0.99945390142661283        5.4609857519261073E-004  -1.8058887718552796E-012 (-3.06706971592363049E-002,-5.79754272496922960E-019)  (-2.22395565787704896E-003,4.88385879162032879E-003)             (-0.49962185022207223,0.0000000000000000)
        1047        2000   51.808720954146210        1.0000000000018152        12.777931594601709       0.99940909567789438        5.9090432392276421E-004  -1.8152146452621309E-012 (-3.20708318785178012E-002,-1.23462989615372600E-017)  (-1.38405089251594066E-003,5.12949973435272016E-003)             (-0.49958883355739431,0.0000000000000000)
        1048        2000   52.911034165932094        1.0000000000018188        6.8057580152895403       0.99938597355625036        6.1402644557221502E-004  -1.8187673589409314E-012 (-3.28447978225058432E-002,-3.88652689742126644E-018)  (-6.57113645861002993E-004,5.28627452479935641E-003)             (-0.49956976421988425,0.0000000000000000)
        1049        2000   54.013347377717977        1.0000000000018296        3.1843593870973717       0.99938111383826767        6.1888616356401121E-004  -1.8296475445822580E-012 (-3.30992379773528619E-002,-1.03297065052932491E-018)  (-6.24649185667736735E-005,5.35908335587158367E-003)             (-0.49956333102949674,0.0000000000000000)
        1050        2000   55.115660589503861        1.0000000000018365        1.9708471935786225       0.99938978165179793        6.1021835004001872E-004  -1.8365309273349339E-012 (-3.29391664402463105E-002,-1.69085396534722198E-018)   (4.21397816934590726E-004,5.35369072123094945E-003)             (-0.49956742691955169,0.0000000000000000)
        1051        2000   56.217973801289745        1.0000000000018450        3.1843597415983136       0.99940832481967112        5.9167518217567564E-004  -1.8449686223220851E-012  (-3.24357065056526603E-002,4.77752697079528471E-018)   (8.49406675637353280E-004,5.27535321989298228E-003)             (-0.49958021769193178,0.0000000000000000)
        1052        2000   57.320287013075628        1.0000000000018530        6.8057587411163167       0.99943575212963565        5.6424787221886845E-004  -1.8529622280993863E-012  (-3.16032472093018199E-002,9.77890092472221734E-019)   (1.29659380147559311E-003,5.12745670244514964E-003)             (-0.49960089365443072,0.0000000000000000)
        1053        2000   58.422600224861512        1.0000000000018618        12.777932697977343       0.99947371944104246        5.2628056082300388E-004  -1.8618440122963875E-012 (-3.03936149442849829E-002,-1.21097102312993400E-017)   (1.83191981038204597E-003,4.90977814952878872E-003)             (-0.49962978058317148,0.0000000000000000)
        1054        2000   59.524913436647395        1.0000000000018714        21.006697153341580       0.99952482476539672        4.7517523647737039E-004  -1.8713919303081639E-012  (-2.87157536124521932E-002,2.77072361312986979E-018)   (2.48565227165680564E-003,4.61877844162305110E-003)             (-0.49966763116763774,0.0000000000000000)
        1055        2000   60.627226648433279        1.0000000000018836        31.362279079951495       0.99959003773307786        4.0996226880575873E-004  -1.8836043835790406E-012 (-2.64791193371618772E-002,-3.28971904561094942E-018)   (3.22588046584013598E-003,4.25017812382115154E-003)             (-0.49971437876554398,0.0000000000000000)
        1056        2000   61.729539860219163        1.0000000000018929        43.681365164467465       0.99966667038461454        3.3332961727810617E-004  -1.8929302569858919E-012 (-2.36467757425111932E-002,-1.48845722137807136E-017)   (3.95837353065435060E-003,3.80314859773133330E-003)             (-0.49976802242650320,0.0000000000000000)
        1057        2000   62.831853072005046        1.0000000000018978        57.769676026682646       0.99974810792392199        2.5189207797605360E-004  -1.8978152382942426E-012 (-2.02756636168247156E-002,-2.84215181551717987E-018)   (4.55634743211338379E-003,3.28461408250595209E-003)             (-0.49982435618176968,0.0000000000000000)
        1058        2000   63.934166283790930        1.0000000000019138        73.405030286461994       0.99982558091156659        1.7441909034700937E-004  -1.9138024498488448E-012  (-1.65214038976380928E-002,3.82820865996711628E-018)   (4.91365585812537572E-003,2.71071004441728958E-003)             (-0.49987786295931241,0.0000000000000000)
        1059        2000   65.036479495576813        1.0000000000019249        90.340849546537910       0.99989105808198542        1.0894191993815530E-004  -1.9249046800950964E-012  (-1.25996556482073693E-002,3.98572662699040065E-018)   (4.99409880766573527E-003,2.10387445713985368E-003)             (-0.49992337520816466,0.0000000000000000)
        1060        2000   66.138792707362697        1.0000000000019400        108.31004544201754       0.99993966131869505        6.0338683242471644E-005  -1.9400037132299985E-012  (-8.71847772640913996E-003,2.42415624474184374E-018)   (4.85059374816461473E-003,1.48664506187978036E-003)             (-0.49995757550088971,0.0000000000000000)
        1061        2000   67.241105919148580        1.0000000000019516        127.02923320025991       0.99997033982655514        2.9660175394962050E-005  -1.9515500326861002E-012  (-5.01248593672935609E-003,2.27616138398499403E-018)   (4.60256381843799321E-003,8.75600832096337179E-004)             (-0.49997950254984697,0.0000000000000000)
        1062        2000   68.343419130934464        1.0000000000019555        146.20320003366760       0.99998466015819509        1.5339843760977845E-005  -1.9555468355747507E-012 (-1.50907832920663164E-003,-1.19277708091275229E-017)   (4.38234613600037119E-003,2.77761994640243119E-004)             (-0.49998989227141888,0.0000000000000000)
        1063        2000   69.445732342720348        1.0000000000019567        165.52956098186317       0.99998470279476714        1.5297207191697792E-005  -1.9566570585993759E-012  (1.85655579686955230E-003,-4.08752431597319923E-019)  (4.27423556117192092E-003,-3.07661879414727597E-004)             (-0.49998991991275121,0.0000000000000000)
        1064        2000   70.548045554506231        1.0000000000019604        184.70352781136381       0.99997148795566992        2.8512046293473057E-005  -1.9604318168831014E-012  (5.18743398392536650E-003,-5.70154941644650585E-018)  (4.28349903189401832E-003,-8.83970910576779758E-004)             (-0.49998024986248901,0.0000000000000000)
        1065        2000   71.650358766292115        1.0000000000019638        203.42271551166203       0.99994483616399421        5.5163837969520305E-005  -1.9637624859569769E-012   (8.55946187716806126E-003,7.89844680394226035E-018)  (4.34065699034732327E-003,-1.45154654582178226E-003)             (-0.49996097084236374,0.0000000000000000)
        1066        2000   72.752671978077998        1.0000000000019555        221.39191148611047       0.99990456246753356        9.5437534421165797E-005  -1.9555468355747507E-012  (1.19732023458821238E-002,-9.52329359732982730E-019)  (4.33851603455797253E-003,-2.00405083523431341E-003)             (-0.49993233320490565,0.0000000000000000)
        1067        2000   73.854985189863882        1.0000000000019471        238.32773047687593       0.99985209140222586        1.4790859972225949E-004  -1.9471091405875995E-012  (1.53421189231523411E-002,-6.51262308420387339E-018)  (4.18106512297062791E-003,-2.52862686175899702E-003)             (-0.49989568335691847,0.0000000000000000)
        1068        2000   74.957298401649766        1.0000000000019431        253.96308470734570       0.99979142191585380        2.0857808609212080E-004  -1.9431123376989490E-012  (1.85167632693267817E-002,-1.17201918952137766E-018)  (3.81878988770332313E-003,-3.00919572758739278E-003)             (-0.49985392913159077,0.0000000000000000)
        1069        2000   76.059611613435649        1.0000000000019338        268.05139532670273       0.99972885125002697        2.7114875191086476E-004  -1.9337864642920977E-012   (2.13291145121923438E-002,5.00066172118714788E-018)  (3.26066820631503015E-003,-3.43014712309754662E-003)             (-0.49981124131321791,0.0000000000000000)
        1070        2000   77.161924825221533        1.0000000000019289        280.37048088857256       0.99967157301128740        3.2842699064322797E-004  -1.9289014829837470E-012   (2.36386707112650543E-002,5.52059415487803716E-018)  (2.56462767471324349E-003,-3.77984980859185065E-003)             (-0.49977213944004628,0.0000000000000000)
        1071        2000   78.264238037007416        1.0000000000019198        290.72606259968376       0.99962581661447780        3.7418338744486080E-004  -1.9197976541818207E-012   (2.53637104090006088E-002,1.80202354459630513E-018)  (1.81223420506666419E-003,-4.05192283263205132E-003)             (-0.49974042506299587,0.0000000000000000)
        1072        2000   79.366551248793300        1.0000000000019083        298.95482632130427       0.99959533199920603        4.0466800270458017E-004  -1.9082513347257191E-012   (2.64914662427762383E-002,8.84905930527703056E-019)  (1.08407726843157614E-003,-4.24502616926261678E-003)             (-0.49971840787652622,0.0000000000000000)
        1073        2000   80.468864460579184        1.0000000000018971        304.92699962703875       0.99958079814451384        4.1920185738645379E-004  -1.8971491044794675E-012   (2.70687007858994855E-002,5.66900416040370470E-018)  (4.39058822786635411E-004,-4.36174079908694876E-003)             (-0.49970667244916911,0.0000000000000000)
        1074        2000   81.571177672365067        1.0000000000018956        308.54839806650506       0.99958031514051371        4.1968486138337546E-004  -1.8955947922449923E-012  (2.71782782664424030E-002,-4.66542850094336496E-018) (-9.72051282056844468E-005,-4.40697072967772326E-003)             (-0.49970439693694785,0.0000000000000000)
        1075        2000   82.673490884150951        1.0000000000018912        309.76190966433523       0.99959068910924587        4.0931089264777479E-004  -1.8911539001464917E-012  (2.69099514872060339E-002,-4.41844208964828549E-018) (-5.33278236254062631E-004,-4.38619032684388691E-003)             (-0.49971002525512992,0.0000000000000000)
        1076        2000   83.775804095936834        1.0000000000018872        308.54839678908576       0.99960892050287065        3.9107949901943999E-004  -1.8871570972578411E-012  (2.63337496517075144E-002,-4.43458071505947777E-018) (-9.05642008922579378E-004,-4.30451615723398059E-003)             (-0.49972199157078434,0.0000000000000000)
        1077        2000   84.878117307722718        1.0000000000018854        304.92699757506563       0.99963326839522704        3.6673160666221858E-004  -1.8853807404184408E-012   (2.54812697888108196E-002,4.37736183129756753E-019) (-1.26559395565121763E-003,-4.16517848479392837E-003)             (-0.49973924567106759,0.0000000000000000)
        1078        2000   85.980430519508602        1.0000000000018794        298.95482299896520       0.99966344180814626        3.3655819373771482E-004  -1.8793855360854650E-012   (2.43418501578432124E-002,1.77069104665716813E-018) (-1.65895336075556573E-003,-3.96940714152096627E-003)             (-0.49976135112379899,0.0000000000000000)
        1079        2000   87.082743731294485        1.0000000000018747        290.72605860580245       0.99969990219970017        3.0009780217564263E-004  -1.8747225993820393E-012   (2.28745717512172826E-002,4.84898721969524949E-018) (-2.10893813163625472E-003,-3.71682615117557196E-003)             (-0.49978815806742721,0.0000000000000000)
        1080        2000   88.185056943080369        1.0000000000018550        280.37047638349560       0.99974268617375650        2.5731382810271878E-004  -1.8549606295437115E-012  (2.10332890481379278E-002,-6.58577714822522565E-019) (-2.60325581653299276E-003,-3.40696772669909316E-003)             (-0.49981922675089913,0.0000000000000000)
        1081        2000   89.287370154866252        1.0000000000018514        268.05139019086846       0.99979039569660089        2.0960430525587240E-004  -1.8514079158649110E-012   (1.87965792531943829E-002,1.25022457902385807E-017) (-3.09524227230269233E-003,-3.04146367014640701E-003)             (-0.49985331502953756,0.0000000000000000)
        1082        2000   90.389683366652136        1.0000000000018490        253.96307957160550       0.99983991663975624        1.6008336209428299E-004  -1.8489654252107357E-012   (1.61906637262123169E-002,7.14534517793752539E-018) (-3.51920160744879917E-003,-2.62591386557939387E-003)             (-0.49988823952632244,0.0000000000000000)
        1083        2000   91.491996578438020        1.0000000000018245        238.32772527496491       0.99988702462640000        1.1297537542797637E-004  -1.8245405186689823E-012  (1.32952914725690593E-002,-1.31011640785183426E-018) (-3.81465412516988987E-003,-2.17039794134867622E-003)             (-0.49992122195326588,0.0000000000000000)
        1084        2000   92.594309790223903        1.0000000000018219        221.39190636130598       0.99992755529550015        7.2444706323798155E-005  -1.8218759834098819E-012   (1.02291524519772230E-002,7.14223144760561479E-018) (-3.95059700543426429E-003,-1.68846208108743641E-003)             (-0.49994956346948694,0.0000000000000000)
        1085        2000   93.696623002009787        1.0000000000018148        203.42271079537099       0.99995852933485718        4.1470666958112112E-005  -1.8147705560522809E-012  (7.11981437025314447E-003,-5.33761839287148520E-018) (-3.93687746479258732E-003,-1.19430509578413399E-003)             (-0.49997131008672890,0.0000000000000000)
        1086        2000   94.798936213795670        1.0000000000018041        184.70352339788408       0.99997868886314401        2.1311138662087634E-005  -1.8041124150158794E-012   (4.07135104414117245E-003,1.03442335863035642E-018) (-3.81916559641605263E-003,-7.00319364808778049E-004)             (-0.49998557733107879,0.0000000000000000)
        1087        2000   95.901249425581554        1.0000000000018079        165.52955702326034       0.99998827822735381        1.1721774453542488E-005  -1.8078871732996049E-012  (1.14213790484629370E-003,-6.20355398809325165E-018) (-3.65889954755521446E-003,-2.14827025009019630E-004)             (-0.49999243038986668,0.0000000000000000)
        1088        2000   97.003562637367438        1.0000000000018092        146.20319651959730       0.99998832449869013        1.1675503120191067E-005  -1.8092194409291551E-012 (-1.65715273542270348E-003,-2.05325942106182475E-020)  (-3.50678647720963511E-003,2.57595548428065171E-004)             (-0.49999245982001350,0.0000000000000000)
        1089        2000   98.105875849153321        1.0000000000018161        127.02923016552643       0.99997991060754410        2.0089394270191433E-005  -1.8161028236818311E-012  (-4.34721877103783506E-003,1.12506789449307939E-018)  (-3.38562318584398163E-003,7.14649829201308997E-004)             (-0.49998635733580027,0.0000000000000000)
        1090        2000   99.208189060939205        1.0000000000018237        108.31004274918098       0.99996384698423124        3.6153017592223662E-005  -1.8236523402492821E-012 (-6.95383223083565448E-003,-1.81178137937197513E-017)  (-3.28438102689234106E-003,1.15428581115991019E-003)             (-0.49997473173123064,0.0000000000000000)
        1091        2000   100.31050227272509        1.0000000000018316        90.340847221752711       0.99994085028850066        5.9149713329510802E-005  -1.8316459460265833E-012  (-9.48243669971429032E-003,9.04569604222715492E-019)  (-3.16665646063395015E-003,1.57260054838309605E-003)             (-0.49995822193394024,0.0000000000000000)
        1092        2000   101.41281548451097        1.0000000000018390        73.405028377571256       0.99991201977306898        8.7980228767961302E-005  -1.8389734179891093E-012  (-1.19046597968503649E-002,1.89501711700905574E-018)  (-2.99038228485024775E-003,1.96323935674121153E-003)             (-0.49993776564278131,0.0000000000000000)
        1093        2000   102.51512869629686        1.0000000000018503        57.769674195757787       0.99987925194156135        1.2074806028865538E-004  -1.8502976928402859E-012  (-1.41600665912060344E-002,1.02089693740798703E-017)  (-2.72354098136978707E-003,2.31826291527247952E-003)             (-0.49991480240315656,0.0000000000000000)
        1094        2000   103.61744190808274        1.0000000000018536        43.681363738957643       0.99984530863572108        1.5469136613247423E-004  -1.8536283619141614E-012 (-1.61695672421396722E-002,-1.38027695232762455E-018)  (-2.35640806086708518E-003,2.62910146641036954E-003)             (-0.49989126140697188,0.0000000000000000)
        1095        2000   104.71975511986862        1.0000000000018570        31.362277884362506       0.99981345594990467        1.8654405195411163E-004  -1.8569590309880368E-012  (-1.78554466747258347E-002,1.20592926750083088E-018)  (-1.90352066755887159E-003,2.88848706456908523E-003)             (-0.49986930047823452,0.0000000000000000)
        1096        2000   105.82206833165451        1.0000000000018694        21.006695958429219       0.99978682566673627        2.1317433513483284E-004  -1.8693935288638386E-012  (-1.91591848104556498E-002,6.88853359854035948E-018)  (-1.39694196429329697E-003,3.09137982473278511E-003)             (-0.49985091697155609,0.0000000000000000)
        1097        2000   106.92438154344039        1.0000000000018789        12.777932052401262       0.99976776645377241        2.3223354810949874E-004  -1.8789414468756149E-012  (-2.00522934291076302E-002,3.94201463784849831E-018)  (-8.76091080243593411E-004,3.23537696416602511E-003)             (-0.49983758654129301,0.0000000000000000)
        1098        2000   108.02669475522627        1.0000000000018918        6.8057580688238337       0.99975743519642835        2.4256480546530664E-004  -1.8918200339612667E-012 (-2.05383936439507697E-002,-5.59342459911071402E-018)  (-3.77429341570129529E-004,3.32073575173036590E-003)             (-0.49983005492215010,0.0000000000000000)
        1099        2000   109.12900796701216        1.0000000000018949        3.1843593342929450       0.99975576601035776        2.4423399153749366E-004  -1.8949286584302172E-012  (-2.06464989573170617E-002,3.41316570008971523E-018)   (7.55887188967552714E-005,3.34962249351318823E-003)             (-0.49982834812292504,0.0000000000000000)
        1100        2000   110.23132117879804        1.0000000000019009        1.9708472523115557       0.99976177773173636        2.3822227016566521E-004  -1.9009238627631930E-012 (-2.04193062221179229E-002,-1.24588680873089065E-020)   (4.73700881671069236E-004,3.32519617190827135E-003)             (-0.49983195449678458,0.0000000000000000)
        1101        2000   111.33363439058392        1.0000000000019096        3.1843593799751204       0.99977405427587263        2.2594572603856371E-004  -1.9095836023552692E-012  (-1.99007430628982303E-002,6.92846848800438717E-021)   (8.22857502557620924E-004,3.25118594069856610E-003)             (-0.49984007931393026,0.0000000000000000)
        1102        2000   112.43594760236981        1.0000000000019278        6.8057584828490212       0.99979119458983323        2.0880541209443012E-004  -1.9277912599591218E-012 (-1.91252715313394127E-002,-1.86181005318768015E-018)   (1.13807042161067425E-003,3.13083074693000030E-003)             (-0.49985188400099262,0.0000000000000000)
        1103        2000   113.53826081415569        1.0000000000019309        12.777932346547491       0.99981205344897572        1.8794655295496259E-004  -1.9308998844280723E-012 (-1.81134451036392904E-002,-8.31210163074031589E-019)   (1.43595056659650156E-003,2.96700045679614043E-003)             (-0.49986660320312370,0.0000000000000000)
        1104        2000   114.64057402594158        1.0000000000019431        21.006696545125504       0.99983572953166011        1.6427047028102289E-004  -1.9431123376989490E-012  (-1.68733597995991101E-002,8.49317200492124423E-018)   (1.72779855154748109E-003,2.76218423676152921E-003)             (-0.49988354040969535,0.0000000000000000)
        1105        2000   115.74288723772746        1.0000000000019529        31.362278569428927       0.99986137119089824        1.3862881105467314E-004  -1.9528823003156504E-012 (-1.54073781685872390E-002,-8.12971336596285587E-018)   (2.01456031276782497E-003,2.51890037756712830E-003)             (-0.49990197602706532,0.0000000000000000)
        1106        2000   116.84520044951334        1.0000000000019618        43.681364501423808       0.99988794855066354        1.1205145129827608E-004  -1.9617640845126516E-012 (-1.37216678904537089E-002,-1.30878262090651022E-019)   (2.28547047059452597E-003,2.24048451259028147E-003)             (-0.49992106283377324,0.0000000000000000)
        1107        2000   117.94751366129923        1.0000000000019680        57.769675157173751       0.99991414457364236        8.5855428326082228E-005  -1.9679813334505525E-012 (-1.18341863869795370E-002,-1.40589992501826148E-017)   (2.52291180561599630E-003,1.93145551945374141E-003)             (-0.49993979482950524,0.0000000000000000)
        1108        2000   119.04982687308511        1.0000000000019773        73.405029513237025       0.99993843173486130        6.1568267117882572E-005  -1.9773072068574038E-012  (-9.77864812391628264E-003,4.54722256520319697E-018)   (2.70713125061926166E-003,1.59771204209389677E-003)             (-0.49995707559225566,0.0000000000000000)
        1109        2000   120.15214008487099        1.0000000000019822        90.340848454824183       0.99995930098901020        4.0699012974165211E-005  -1.9821921881657545E-012  (-7.60299786081067557E-003,2.83236175906646836E-018)   (2.82446905182703661E-003,1.24636833787379413E-003)             (-0.49997186535464561,0.0000000000000000)
        1110        2000   121.25445329665688        1.0000000000019942        108.31004429435437       0.99997553505982295        2.4464942171484685E-005  -1.9941825968317062E-012 (-5.36284057581143739E-003,-4.43404179546273314E-018)   (2.87066316670417159E-003,8.84960482262964654E-004)             (-0.49998334653819737,0.0000000000000000)
        1111        2000   122.35676650844276        1.0000000000020046        127.02923187123854       0.99998640380113046        1.3596200873738728E-005  -2.0046186932631826E-012 (-3.11318648085633694E-003,-1.98465604274200709E-018)   (2.85166515579538546E-003,5.20846828098829031E-004)             (-0.49999103397256511,0.0000000000000000)
        1112        2000   123.45907972022864        1.0000000000020053        146.20319849533885       0.99999171663411812        8.2833678885652977E-006  -2.0052848270779577E-012  (-9.01170842236872767E-004,2.67231494828287265E-019)   (2.78032816878568539E-003,1.60612571407376981E-004)             (-0.49999479896875487,0.0000000000000000)
        1113        2000   124.56139293201453        1.0000000000020119        165.52955925194004       0.99999174112316558        8.2588788470217711E-006  -2.0119461652257087E-012   (1.23772909350490382E-003,1.29727554117073489E-017)  (2.67132371749035551E-003,-1.90266571789299472E-004)             (-0.49999481528289402,0.0000000000000000)
        1114        2000   125.66370614380041        1.0000000000020186        184.70352588382755       0.99998705487378825        1.2945128231028139E-005  -2.0186075033734596E-012   (3.27891485073577692E-003,1.83911990083950625E-018)  (2.53582306668826037E-003,-5.27137862742717007E-004)             (-0.49999146921488713,0.0000000000000000)
        1115        2000   126.76601935558629        1.0000000000020171        203.42271346376756       0.99997840952806083        2.1590473955803218E-005  -2.0170531911389844E-012  (5.20499244985292864E-003,-2.93910395478360687E-019)  (2.37968391166436125E-003,-8.45981251742363490E-004)             (-0.49998528036599532,0.0000000000000000)
        1116        2000   127.86833256737218        1.0000000000020122        221.39190919455555       0.99996665402670282        3.3345975311784731E-005  -2.0121682098306337E-012   (7.00082301926749796E-003,1.73491013274973311E-018)  (2.20271427141668615E-003,-1.14300068013211287E-003)             (-0.49997685702900641,0.0000000000000000)
        1117        2000   128.97064577915808        1.0000000000020091        238.32772823388285       0.99995271777286654        4.7282229146887838E-005  -2.0090595853616833E-012   (8.64951048669534983E-003,7.65330061558235128E-019)  (2.00138788098493592E-003,-1.41444661068720130E-003)             (-0.49996688253374227,0.0000000000000000)
        1118        2000   130.07295899094396        1.0000000000020104        253.96308241533683       0.99993761843404116        6.2381567970088128E-005  -2.0103918529912335E-012   (1.01307451842686577E-002,1.36205876121340775E-018)  (1.77203293079498470E-003,-1.65655641802966904E-003)             (-0.49995610946680774,0.0000000000000000)
        1119        2000   131.17527220272984        1.0000000000020035        268.05139297446118       0.99992245142057345        7.7548581429270815E-005  -2.0035084702385575E-012   (1.14218001354143804E-002,1.42825925679617194E-017)  (1.51337087575441321E-003,-1.86591270858446579E-003)             (-0.49994533683405873,0.0000000000000000)
        1120        2000   132.27758541451573        1.0000000000019906        280.37047894541178       0.99990833724236283        9.1662759628301793E-005  -1.9906298831529057E-012   (1.24999566659784057E-002,2.23791645153876966E-019)  (1.22789260089831371E-003,-2.03946174469869920E-003)             (-0.49993536347834711,0.0000000000000000)
        1121        2000   133.37989862630161        1.0000000000019766        290.72606060022150       0.99989632686587848        1.0367313610146438E-004  -1.9766410730426287E-012  (1.33459787800624084E-002,-1.07745476315520915E-017)  (9.22102556325269979E-004,-2.17502414676647854E-003)             (-0.49992691811837020,0.0000000000000000)
        1122        2000   134.48221183808749        1.0000000000019653        298.95482477018555       0.99988729295380219        1.1270704816492186E-004  -1.9653167981914521E-012  (1.39466552573958569E-002,-1.49104618956582101E-019)  (6.04737197861092684E-004,-2.27122459753829843E-003)             (-0.49992059077721190,0.0000000000000000)
        1123        2000   135.58452504987338        1.0000000000019620        304.92699847450189       0.99988183736171088        1.1816264024974990E-004  -1.9619861291175766E-012   (1.42963750162790650E-002,3.54562248263503641E-018)  (2.85594822752764318E-004,-2.32767254676990564E-003)             (-0.49991677860529704,0.0000000000000000)
        1124        2000   136.68683826165926        1.0000000000019533        308.54839715629998       0.99988024077666404        1.1975922529049335E-004  -1.9533263895255004E-012  (1.43972001499791009E-002,-1.09024161721782724E-017) (-2.62755726186425101E-005,-2.34480635292524898E-003)             (-0.49991566130656745,0.0000000000000000)
        1125        2000   137.78915147344514        1.0000000000019533        309.76190930969182       0.99988246325155339        1.1753675040181945E-004  -1.9533263895255004E-012  (1.42578157961700744E-002,-1.35080301621290703E-018) (-3.23923490222100159E-004,-2.32388729843216891E-003)             (-0.49991720671091655,0.0000000000000000)
        1126        2000   138.89146468523103        1.0000000000019504        308.54839688328076       0.99988818748582986        1.1181251611848446E-004  -1.9504398096614750E-012  (1.38916571655389558E-002,-9.25920253506995462E-020) (-6.02375213385757243E-004,-2.26661271050777923E-003)             (-0.49992120187759814,0.0000000000000000)
        1127        2000   139.99377789701691        1.0000000000019476        304.92699785233521       0.99989688337682614        1.0311662512054424E-004  -1.9475532297974496E-012   (1.33155270689435321E-002,5.64555410326276951E-018) (-8.58375075420893903E-004,-2.17532227059251231E-003)             (-0.49992729025262034,0.0000000000000000)
        1128        2000   141.09609110880280        1.0000000000019356        298.95482392567783       0.99990788015715404        9.2119844782475341E-005  -1.9355628211314979E-012   (1.25479793505390048E-002,6.38717128982649788E-018) (-1.09036575646803842E-003,-2.05259233445234581E-003)             (-0.49993501746263597,0.0000000000000000)
        1129        2000   142.19840432058868        1.0000000000019260        290.72605957172317       0.99992042799943359        7.9572002491787121E-005  -1.9260149031197216E-012   (1.16087865540531309E-002,5.64332880862971950E-018) (-1.29657579621037097E-003,-1.90134759398865867E-003)             (-0.49994386755620235,0.0000000000000000)
        1130        2000   143.30071753237456        1.0000000000019076        280.37047764701151       0.99993374789561618        6.6252106293631342E-005  -1.9075852009109440E-012   (1.05189367084233612E-002,4.25423751536039626E-018) (-1.47543048488916399E-003,-1.72490721981755492E-003)             (-0.49995329448785769,0.0000000000000000)
        1131        2000   144.40303074416045        1.0000000000018932        268.05139167526715       0.99994707487704548        5.2925124848134915E-005  -1.8931523015908169E-012  (9.30050765401023959E-003,-3.84039330703122205E-018) (-1.62544686783209808E-003,-1.52680956784016059E-003)             (-0.49996275444154548,0.0000000000000000)
        1132        2000   145.50534395594633        1.0000000000018883        253.96308097459632       0.99995969519230021        4.0304809588282758E-005  -1.8882673202824662E-012   (7.97694799999757766E-003,3.59064436026152567E-020) (-1.74446106426281717E-003,-1.31090428075018644E-003)             (-0.49997173346848939,0.0000000000000000)
        1133        2000   146.60765716773221        1.0000000000018880        238.32772680125260       0.99997098259770778        2.9017404179906480E-005  -1.8880452756775412E-012  (6.57289611617375980E-003,-4.69622789361268442E-018) (-1.83170531276113675E-003,-1.08137374264572557E-003)             (-0.49997977651093251,0.0000000000000000)
        1134        2000   147.70997037951810        1.0000000000018809        221.39190780769883       0.99998043128005809        1.9568721825752602E-005  -1.8809398483199402E-012   (5.11331813658651504E-003,2.57014056634112845E-018) (-1.88677307681058156E-003,-8.42317937385329385E-004)             (-0.49998651532829075,0.0000000000000000)
        1135        2000   148.81228359130398        1.0000000000018778        203.42271212746726       0.99998767822539980        1.2321776476695974E-005  -1.8778312238509898E-012   (3.62323389533458860E-003,9.70476844271325862E-018) (-1.91014207054035750E-003,-5.98044757572038571E-004)             (-0.49999168492173474,0.0000000000000000)
        1136        2000   149.91459680308986        1.0000000000018769        184.70352464458199       0.99999251580069226        7.4842011842943290E-006  -1.8769430454312896E-012  (2.12678029143181487E-003,-2.20232289302437547E-018) (-1.90332072746794223E-003,-3.52643758041675524E-004)             (-0.49999513466873197,0.0000000000000000)
        1137        2000   151.01691001487575        1.0000000000018758        165.52955812656498       0.99999489187878465        5.1081230906844543E-006  -1.8758328224066645E-012   (6.46923984545746565E-004,6.07277617429393547E-019) (-1.86780403802786887E-003,-1.10025750589808017E-004)             (-0.49999682792667483,0.0000000000000000)
        1138        2000   152.11922322666163        1.0000000000018798        146.20319748977761       0.99999490139352087        5.0986083580519932E-006  -1.8798296252953151E-012 (-7.94391421769010645E-004,-7.84857112052502282E-018)  (-1.80475216515917384E-003,1.26057830070889820E-004)             (-0.49999683484433455,0.0000000000000000)
        1139        2000   153.22153643844752        1.0000000000018785        127.02923097213494       0.99999277303061240        7.2269712676361332E-006  -1.8784973576657649E-012  (-2.17621909012292091E-003,9.85730063944535185E-018)  (-1.71571497068837920E-003,3.52101676562964678E-004)             (-0.49999532139730274,0.0000000000000000)
        1140        2000   154.32384965023340        1.0000000000018836        108.31004351590447       0.99998885200669485        1.1147995188981997E-005  -1.8836043835790406E-012  (-3.47844440733300134E-003,6.99730006936481493E-019)  (-1.60137604427975570E-003,5.64885329168454534E-004)             (-0.49999253534327309,0.0000000000000000)
        1141        2000   155.42616286201928        1.0000000000018843        90.340847794279014       0.99998357813649241        1.6421865393822040E-005  -1.8842705173938157E-012 (-4.68174117856658308E-003,-1.72916400746286651E-018)  (-1.46349871108311159E-003,7.61297695260532170E-004)             (-0.49998878960545368,0.0000000000000000)
        1142        2000   156.52847607380517        1.0000000000018929        73.405028901012770       0.99997745620228795        2.2543799604459916E-005  -1.8929302569858919E-012  (-5.76841055914601233E-003,2.23467338300150806E-018)  (-1.30440056205485019E-003,9.38705878651495277E-004)             (-0.49998444042088430,0.0000000000000000)
        1143        2000   157.63078928559105        1.0000000000019047        57.769674699002088       0.99997101907779151        2.8980924113141201E-005  -1.9046986210469186E-012  (-6.72286710859924721E-003,2.81768791689715146E-018)  (-1.12733151796341594E-003,1.09473980425680325E-003)             (-0.49997986257583060,0.0000000000000000)
        1144        2000   158.73310249737693        1.0000000000019094        43.681364071216564       0.99996478501929131        3.5214982617397672E-005  -1.9093615577503442E-012 (-7.53262463487365877E-003,-2.56559258094542824E-019)  (-9.36777349998531858E-004,1.22748393572626570E-003)             (-0.49997542072558104,0.0000000000000000)
        1145        2000   159.83541570916282        1.0000000000019138        31.362278225286385       0.99995921526405551        4.0784737858607223E-005  -1.9138024498488448E-012 (-8.18913815718427807E-003,-2.05489193022326787E-018)  (-7.37961880572185675E-004,1.33562618575909292E-003)             (-0.49997144074433819,0.0000000000000000)
        1146        2000   160.93772892094870        1.0000000000019116        21.006696309380239       0.99995468102873342        4.5318973176779588E-005  -1.9115820037995945E-012 (-8.68781747918643231E-003,-1.37696561041384679E-018)  (-5.35530579097557116E-004,1.41830131558414200E-003)             (-0.49996818854678715,0.0000000000000000)
        1147        2000   162.04004213273458        1.0000000000019074        12.777932163122713       0.99995144350259990        4.8556499309463452E-005  -1.9073631563060189E-012  (-9.02792543898965974E-003,2.28958234846223503E-018)  (-3.34371689013339467E-004,1.47519104484262358E-003)             (-0.49996585534292448,0.0000000000000000)
        1148        2000   163.14235534452047        1.0000000000019140        6.8057583416376195       0.99994964969453426        5.0350307380139439E-005  -1.9140244944537699E-012  (-9.21196661023422451E-003,1.31535924004544725E-018)  (-1.37744209129764370E-004,1.50646964092425711E-003)             (-0.49996455293229480,0.0000000000000000)
        1149        2000   164.24466855630635        1.0000000000019207        3.1843594430080167       0.99994934180759787        5.0658194321414484E-005  -1.9206858326015208E-012  (-9.24474441693068708E-003,4.14936409117250850E-018)   (5.16735710718020750E-005,1.51270845763302368E-003)             (-0.49996431791272228,0.0000000000000000)
        1150        2000   165.34698176809223        1.0000000000019234        1.9708472341851964       0.99995047347338484        4.9526528538083064E-005  -1.9233503678606212E-012 (-9.13249943423244566E-003,-3.19435074756018601E-018)   (2.32675573314899574E-004,1.49480865205702885E-003)             (-0.49996512067665594,0.0000000000000000)
        1151        2000   166.44929497987812        1.0000000000019285        3.1843595197793881       0.99995292608878694        4.7073913138371145E-005  -1.9284573937738969E-012  (-8.88237944417317321E-003,8.93233892234444126E-019)   (4.03814915751383151E-004,1.45394566541323374E-003)             (-0.49996687549497443,0.0000000000000000)
        1152        2000   167.55160819166400        1.0000000000019305        6.8057583282356946       0.99995652148608583        4.3478515840922074E-005  -1.9304557952182222E-012  (-8.50233282282533004E-003,4.72983222973623960E-018)   (5.64269971786416150E-004,1.39161396785917723E-003)             (-0.49996944969479701,0.0000000000000000)
        1153        2000   168.65392140344989        1.0000000000019342        12.777932281833472       0.99996103116989743        3.8968832037764293E-005  -1.9342305535019477E-012 (-8.00113446050114592E-003,-6.43383661174172689E-018)   (7.12486774168746275E-004,1.30945710040632755E-003)             (-0.49997267341481072,0.0000000000000000)
        1154        2000   169.75623461523577        1.0000000000019436        21.006696421329295       0.99996618275587201        3.3817246072126859E-005  -1.9435564269087990E-012 (-7.38910216583849987E-003,-4.72271010682989134E-019)   (8.46071663122985882E-004,1.20939807283737479E-003)             (-0.49997634629085552,0.0000000000000000)
        1155        2000   170.85854782702165        1.0000000000019487        31.362278317776010       0.99997167051685631        2.8329485091088276E-005  -1.9486634528220748E-012  (-6.67865142379551243E-003,2.27436283791733079E-018)   (9.62395968530412992E-004,1.09370396701640219E-003)             (-0.49998024741494651,0.0000000000000000)
        1156        2000   171.96086103880754        1.0000000000019555        43.681364268031452       0.99997717315624668        2.2826845708982775E-005  -1.9555468355747507E-012 (-5.88434181028651710E-003,-1.03970723289988533E-018)   (1.05865954519479815E-003,9.64683367672842184E-004)             (-0.49998414999364993,0.0000000000000000)
        1157        2000   173.06317425059342        1.0000000000019660        57.769674877578055       0.99998237668457357        1.7623317390453424E-005  -1.9659829320062272E-012 (-5.02326007395394181E-003,-4.37494741550172597E-020)   (1.13189103731416055E-003,8.25090899212034263E-004)             (-0.49998783496249227,0.0000000000000000)
        1158        2000   174.16548746237930        1.0000000000019817        73.405029105907701       0.99998700276327634        1.2997238706050492E-005  -1.9817480989559044E-012 (-4.11405655798357216E-003,-8.00921365979499534E-018)   (1.18113618807746111E-003,6.77679596089855794E-004)             (-0.49999111019949460,0.0000000000000000)
        1159        2000   175.26780067416519        1.0000000000019806        90.340848082240882       0.99999083339061312        9.1666113694429657E-006  -1.9806378759312793E-012 (-3.17609946130348276E-003,-1.88629592378928378E-017)   (1.20573213894622491E-003,5.25296139692555883E-004)             (-0.49999382502589990,0.0000000000000000)
        1160        2000   176.37011388595107        1.0000000000019902        108.31004379694902       0.99999372717618062        6.2728258093502306E-006  -1.9901857939430556E-012 (-2.22840342138657180E-003,-1.07246497939346347E-018)   (1.20717851558834843E-003,3.70820009928330839E-004)             (-0.49999587995847528,0.0000000000000000)
        1161        2000   177.47242709773695        1.0000000000019980        127.02923132678859       0.99999562418667975        4.3758153177872469E-006  -1.9979573551154317E-012  (-1.28826379258993096E-003,4.09404825373952182E-018)   (1.18804220400911282E-003,2.16911014105225936E-004)             (-0.49999723056419987,0.0000000000000000)
        1162        2000   178.57474030952284        1.0000000000019946        146.20319788732826       0.99999653848370473        3.4615182910045022E-006  -1.9946266860415562E-012 (-3.70702126802055227E-004,-7.94096059540994042E-018)   (1.15109828294640299E-003,6.60246904087286312E-005)             (-0.49999788319358490,0.0000000000000000)
        1163        2000   179.67705352130872        1.0000000000019975        165.52955857466307       0.99999654331790522        3.4566840932873954E-006  -1.9975132659055816E-012  (5.11682168876456613E-004,-3.20261872040431611E-019)  (1.09958067824724218E-003,-7.94931489461014711E-005)             (-0.49999788657708605,0.0000000000000000)
        1164        2000   180.77936673309461        1.0000000000019909        184.70352513063585       0.99999575426265430        4.2457393378367395E-006  -1.9908519277578307E-012  (1.34875852883699051E-003,-7.41266997346701923E-018)  (1.03594111680655864E-003,-2.17791156713575008E-004)             (-0.49999732164164012,0.0000000000000000)
        1165        2000   181.88167994488049        1.0000000000019909        203.42271266724248       0.99999431521159254        5.6847903993876266E-006  -1.9908519277578307E-012   (2.13163878259015321E-003,3.15106114348676379E-022)  (9.61182661801764310E-004,-3.46988405560477785E-004)             (-0.49999629216713753,0.0000000000000000)
        1166        2000   182.98399315666637        1.0000000000019862        221.39190837807226       0.99999238936919965        7.6106327864699997E-006  -1.9861889910544051E-012   (2.85225666256830237E-003,3.33895983367188326E-018)  (8.76332400679339599E-004,-4.65530061536147891E-004)             (-0.49999491750632913,0.0000000000000000)
        1167        2000   184.08630636845226        1.0000000000019820        238.32772733949508       0.99999015416474690        9.8458372389542415E-006  -1.9819701435608295E-012   (3.50269503987140837E-003,4.47074172110729417E-018)  (7.81148591483691950E-004,-5.72033539255567612E-004)             (-0.49999332715951478,0.0000000000000000)
        1168        2000   185.18861958023814        1.0000000000019826        253.96308158129020       0.99998779717406949        1.2202827917374050E-005  -1.9826362773756045E-012  (4.07474773790142929E-003,-1.30364742947531763E-019)  (6.75539181671003393E-004,-6.65199760006188515E-004)             (-0.49999165630917686,0.0000000000000000)
        1169        2000   186.29093279202402        1.0000000000019791        268.05139217079005       0.99998550853605306        1.4491465928391474E-005  -1.9790835636968040E-012   (4.56044000187290095E-003,9.88692297363328459E-018)  (5.60603932557523403E-004,-7.43924074095083775E-004)             (-0.49999003906908385,0.0000000000000000)
        1170        2000   187.39324600380991        1.0000000000019797        280.37047808576216       0.99998346883545208        1.6531166528802075E-005  -1.9797496975115791E-012   (4.95280007522260271E-003,1.30024325380130775E-017)  (4.37780000446634076E-004,-8.07462588837246868E-004)             (-0.49998859985986255,0.0000000000000000)
        1171        2000   188.49555921559579        1.0000000000019733        290.72605999742137       0.99998183399640339        1.8166005571696196E-005  -1.9733104039687532E-012   (5.24643008065114359E-003,1.81394639906541094E-018)  (3.09944998732136366E-004,-8.55132392883307686E-004)             (-0.49998744493676944,0.0000000000000000)
        1172        2000   189.59787242738167        1.0000000000019651        298.95482409542484       0.99998071880104722        1.9281200919947933E-005  -1.9650947535865271E-012  (5.43880685737889967E-003,-1.76692454645699110E-018)  (1.80984440586105767E-004,-8.86814991775131838E-004)             (-0.49998665155908778,0.0000000000000000)
        1173        2000   190.70018563916756        1.0000000000019684        304.92699798135834       0.99998018605990713        1.9813942060785058E-005  -1.9684254226604025E-012  (5.53044757127627105E-003,-6.33356015096344190E-018)  (5.46662225697182248E-005,-9.02589755554940526E-004)             (-0.49998626296904930,0.0000000000000000)
        1174        2000   191.80249885095344        1.0000000000019629        308.54839683262747       0.99998024300718324        1.9756994782507425E-005  -1.9628743075372768E-012  (5.52508349903367470E-003,-2.58620843211564008E-019) (-6.51351026975421400E-005,-9.02962442049847782E-004)             (-0.49998628603137624,0.0000000000000000)
        1175        2000   192.90481206273932        1.0000000000019615        309.76190901130286       0.99998084686040967        1.9153141555025877E-005  -1.9615420399077266E-012   (5.42912775490177971E-003,7.61106137569493529E-018) (-1.75677469759864666E-004,-8.88724218489346757E-004)             (-0.49998669471107443,0.0000000000000000)
        1176        2000   194.00712527452521        1.0000000000019633        308.54839677916658       0.99998191759527744        1.8082406687572566E-005  -1.9633183967471268E-012  (5.25074422940040395E-003,-3.19802258058046364E-018) (-2.75391517317926065E-004,-8.60886566284928289E-004)             (-0.49998743764680398,0.0000000000000000)
        1177        2000   195.10943848631109        1.0000000000019531        304.92699788270005       0.99998335351404133        1.6646487914543640E-005  -1.9531043449205754E-012   (4.99892380165381164E-003,1.20532256382616918E-019) (-3.63634044880900315E-004,-8.20646371820635441E-004)             (-0.49998844698555822,0.0000000000000000)
        1178        2000   196.21175169809698        1.0000000000019489        298.95482397058009       0.99998504596038151        1.4954041568841781E-005  -1.9488854974269998E-012  (4.68250487431638891E-003,-1.66359774860446104E-018) (-4.41251856730558005E-004,-7.69308732144306459E-004)             (-0.49998964752047448,0.0000000000000000)
        1179        2000   197.31406490988286        1.0000000000019542        290.72605980545694       0.99998688933884494        1.3110663111173095E-005  -1.9542145679452005E-012   (4.30957457433040012E-003,1.56961937230344440E-017) (-5.08799759942997736E-004,-7.08132587496899967E-004)             (-0.49999096347903232,0.0000000000000000)
        1180        2000   198.41637812166874        1.0000000000019511        280.37047789084710       0.99998878537023672        1.1214631713079134E-005  -1.9511059434762501E-012   (3.88759450452610782E-003,7.06212998196232616E-019) (-5.67211927399716349E-004,-6.38562497863946754E-004)             (-0.49999232159388102,0.0000000000000000)
        1181        2000   199.51869133345463        1.0000000000019436        268.05139195902058       0.99999064415557870        9.3558463680265917E-006  -1.9435564269087990E-012   (3.42338071045164604E-003,1.56774724946219395E-017) (-6.16723779188668134E-004,-5.61899835649944676E-004)             (-0.49999365408212276,0.0000000000000000)
        1182        2000   200.62100454524051        1.0000000000019449        253.96308133841788       0.99999238295258930        7.6170493557545595E-006  -1.9448886945383492E-012   (2.92394344108957765E-003,1.43050306398217562E-018) (-6.56735350310229914E-004,-4.79600131375845535E-004)             (-0.49999489870567182,0.0000000000000000)
        1183        2000   201.72331775702639        1.0000000000019402        238.32772711227443       0.99999392670919729        6.0732927447369253E-006  -1.9402257578349236E-012   (2.39701243996287214E-003,8.30813045734848416E-019) (-6.86035649971337698E-004,-3.93139440154175780E-004)             (-0.49999600046399884,0.0000000000000000)
        1184        2000   202.82563096881228        1.0000000000019362        221.39190816007073       0.99999521124526136        4.7887566773868095E-006  -1.9362289549462730E-012   (1.85142621164912638E-003,1.76646915030015210E-018) (-7.03339941026600809E-004,-3.04066431490027924E-004)             (-0.49999691406629870,0.0000000000000000)
        1185        2000   203.92794418059816        1.0000000000019391        203.42271244486781       0.99999618856975370        3.8114321877901920E-006  -1.9391155348102984E-012   (1.29722312661678012E-003,1.73232072739815236E-018) (-7.07142962381406893E-004,-2.13964013487117456E-004)             (-0.49999760707422108,0.0000000000000000)
        1186        2000   205.03025739238404        1.0000000000019411        184.70352493791847       0.99999683262310868        3.1673788317966806E-006  -1.9411139362546237E-012  (7.45319173754664340E-004,-2.17233126649008889E-018) (-6.97076077405969579E-004,-1.24465317239600266E-004)             (-0.49999806289133236,0.0000000000000000)
        1187        2000   206.13257060416993        1.0000000000019393        165.52955839591576       0.99999714303831855        2.8569636222643004E-006  -1.9393375794152234E-012   (2.06752195893488837E-004,5.97264125734769313E-019) (-6.73253401285428565E-004,-3.71002611209291265E-005)             (-0.49999828251421097,0.0000000000000000)
        1188        2000   207.23488381595581        1.0000000000019369        146.20319772783444       0.99999714498625270        2.8550156846170770E-006  -1.9368950887610481E-012 (-3.08064285781249993E-004,-2.17628059235365063E-018)  (-6.37259851978089903E-004,4.66370870728592454E-005)             (-0.49999828385298201,0.0000000000000000)
        1189        2000   208.33719702774169        1.0000000000019329        127.02923118499396       0.99999688481485260        3.1151870797537955E-006  -1.9328982858723975E-012 (-7.90262067244886001E-004,-5.99713171712837153E-019)  (-5.91156595437992115E-004,1.25497133413783921E-004)             (-0.49999809884371527,0.0000000000000000)
        1190        2000   209.43951023952758        1.0000000000019325        108.31004367308394       0.99999642253007803        3.5774718527184131E-006  -1.9324541966625475E-012 (-1.23291398144939222E-003,-1.80421857996587537E-017)  (-5.37644883902815081E-004,1.98367714207732364E-004)             (-0.49999776877737812,0.0000000000000000)
        1191        2000   210.54182345131346        1.0000000000019418        90.340847971429724       0.99999582330292180        4.1766990198024859E-006  -1.9417800700693988E-012  (-1.63128758473814607E-003,3.49405105625458105E-019)  (-4.79271891338827697E-004,2.64384199166389647E-004)             (-0.49999733910662886,0.0000000000000000)
        1192        2000   211.64413666309935        1.0000000000019451        73.405029010049034       0.99999515026214136        4.8497398037217788E-006  -1.9451107391432743E-012 (-1.98260395445309153E-003,-5.44171403353636719E-019)  (-4.18201633043878212E-004,3.22915957569140416E-004)             (-0.49999685487963996,0.0000000000000000)
        1193        2000   212.74644987488523        1.0000000000019604        57.769674789786251       0.99999446016433968        5.5398376213952695E-006  -1.9604318168831014E-012 (-2.28539812426753995E-003,-1.18930876353803283E-018)  (-3.55603664359808666E-004,3.73437844048676068E-004)             (-0.49999635782279250,0.0000000000000000)
        1194        2000   213.84876308667111        1.0000000000019735        43.681364183209915       0.99999380190036513        6.1981016089928419E-006  -1.9735324485736783E-012  (-2.53904619713504059E-003,3.90071758165286916E-019)  (-2.92392146309840859E-004,4.15663922601887718E-004)             (-0.49999588458506256,0.0000000000000000)
        1195        2000   214.95107629845700        1.0000000000019800        31.362278254805446       0.99999321732687529        6.7826751081040480E-006  -1.9799717421165042E-012  (-2.74299079641172677E-003,5.78015957134331994E-018)  (-2.28096658259746874E-004,4.49351157962356914E-004)             (-0.49999546671505901,0.0000000000000000)
        1196        2000   216.05338951024288        1.0000000000019882        21.006696359352929       0.99999274233254709        7.2576694430060573E-006  -1.9881873924987303E-012 (-2.89647776683622056E-003,-1.42141042634713210E-017)  (-1.62958564811881477E-004,4.74347851300323817E-004)             (-0.49999513054651357,0.0000000000000000)
        1197        2000   217.15570272202876        1.0000000000019891        12.777932207124184       0.99999240687914470        7.5931228443041319E-006  -1.9890755709184305E-012 (-2.99862150673950228E-003,-1.44784549425123648E-018)  (-9.65950783880752795E-005,4.90664660450890189E-004)             (-0.49999489671569153,0.0000000000000000)
        1198        2000   218.25801593381465        1.0000000000019860        6.8057583201143927       0.99999223368051127        7.7663214777763840E-006  -1.9859669464494800E-012 (-3.04848166181180893E-003,-1.00000493332365985E-017)  (-2.95577525889051238E-005,4.98303462634710993E-004)             (-0.49999477971914774,0.0000000000000000)
        1199        2000   219.36032914560053        1.0000000000019922        3.1843594578619823       0.99999223510763402        7.7648943583964208E-006  -1.9921841953873809E-012 (-3.04581547842828516E-003,-1.97601618226566428E-018)   (3.69381780340730163E-005,4.97468513396628095E-004)             (-0.49999478601593561,0.0000000000000000)
        1200        2000   220.46264235738641        1.0000000000019951        1.9708472232395382       0.99999241041415998        7.5895878340577844E-006  -1.9950707752514063E-012  (-2.99153128801825027E-003,1.55020800218858903E-018)   (1.01305457313834337E-004,4.88523542986473640E-004)             (-0.49999491307352889,0.0000000000000000)
        1201        2000   221.56495556917230        1.0000000000019980        3.1843594626302534       0.99999274434602070        7.2556559792776476E-006  -1.9979573551154317E-012  (-2.88801457721223412E-003,5.37009987551857772E-018)   (1.61412680589364697E-004,4.71883488569166116E-004)             (-0.49999514926771982,0.0000000000000000)
        1202        2000   222.66726878095818        1.0000000000020048        6.8057583296264461       0.99999320784662726        6.7921553765751471E-006  -2.0048407378681077E-012  (-2.73956890357146977E-003,1.36876287045069791E-018)   (2.15025925008006615E-004,4.48304987419224682E-004)             (-0.49999547420912577,0.0000000000000000)
        1203        2000   223.76958199274407        1.0000000000020084        12.777932213352962       0.99999376205084012        6.2379511693798541E-006  -2.0083934515469082E-012  (-2.55187510977275241E-003,2.66712919386626057E-018)   (2.60858879052530029E-004,4.18505242110328590E-004)             (-0.49999586190462303,0.0000000000000000)
        1204        2000   224.87189520452995        1.0000000000020113        21.006696377628522       0.99999436352787641        5.6364741375871055E-006  -2.0112800314109336E-012 (-2.33177815036940015E-003,-7.97269942812714197E-018)   (2.97589249542712028E-004,3.83427551340571600E-004)             (-0.49999628341471453,0.0000000000000000)
        1205        2000   225.97420841631583        1.0000000000020228        31.362278275530681       0.99999497027749662        5.0297245289450647E-006  -2.0228263508670352E-012  (-2.08648321490027735E-003,2.21515133313181106E-018)   (3.25527394194132511E-004,3.44021879393199500E-004)             (-0.49999671055640332,0.0000000000000000)
        1206        2000   227.07652162810172        1.0000000000020324        43.681364198419828       0.99999554655903355        4.4534430016000881E-006  -2.0323742688788116E-012 (-1.82281253126415836E-003,-5.31252043431907901E-018)   (3.45268209697692345E-004,3.01231406538870496E-004)             (-0.49999711879156949,0.0000000000000000)
        1207        2000   228.17883483988760        1.0000000000020388        57.769674817098583       0.99999606538010666        3.9346219319822487E-006  -2.0388135624216375E-012  (-1.54675597883386132E-003,4.51195743510227483E-018)   (3.58053783241449666E-004,2.55964597483428690E-004)             (-0.49999748871819372,0.0000000000000000)
        1208        2000   229.28114805167348        1.0000000000020355        73.405029042369605       0.99999650877925106        3.4912227855801503E-006  -2.0354828933477620E-012 (-1.26318273864091998E-003,-1.98402974760255283E-018)   (3.65342097034346812E-004,2.09111002547368618E-004)             (-0.49999780654778808,0.0000000000000000)
        1209        2000   230.38346126345937        1.0000000000020361        90.340847997427701       0.99999686636619090        3.1336358492524157E-006  -2.0361490271625371E-012  (-9.75803534368189260E-004,5.55349336554243261E-018)   (3.68206429447202996E-004,1.61375085248375449E-004)             (-0.49999806367790017,0.0000000000000000)
        1210        2000   231.48577447524525        1.0000000000020355        108.31004371329520       0.99999713310635441        2.8668956813614191E-006  -2.0354828933477620E-012 (-6.87780783391830713E-004,-2.60665483002432543E-019)   (3.67086710293778955E-004,1.13559030910603804E-004)             (-0.49999825548521665,0.0000000000000000)
        1211        2000   232.58808768703113        1.0000000000020413        127.02923122737835       0.99999730779962615        2.6922024168900814E-006  -2.0412560530758128E-012 (-4.01972612745172750E-004,-4.33294242830523610E-019)   (3.62098758219895332E-004,6.62821463605982151E-005)             (-0.49999838076337288,0.0000000000000000)
        1212        2000   233.69040089881702        1.0000000000020521        146.20319777457735       0.99999739247989861        2.6075221533963244E-006  -2.0521362387171393E-012 (-1.21634786213053477E-004,-1.03671785533278942E-017)   (3.52455033382207100E-004,2.02514330874239688E-005)             (-0.49999844120844533,0.0000000000000000)
        1213        2000   234.79271411060290        1.0000000000020604        165.52955844942926       0.99999739290335976        2.6070987002238347E-006  -2.0603518890993655E-012  (1.49346986968342546E-004,-1.94266827910736180E-017)  (3.37432159024060282E-004,-2.38870011258927786E-005)             (-0.49999844153514761,0.0000000000000000)
        1214        2000   235.89502732238878        1.0000000000020561        184.70352499543250       0.99999731938311232        2.6806189450139284E-006  -2.0561330416057899E-012   (4.06415744325447771E-004,2.04457420950106677E-019)  (3.16431645095840454E-004,-6.54445092005312738E-005)             (-0.49999838965508736,0.0000000000000000)
        1215        2000   236.99734053417467        1.0000000000020628        203.42271251172926       0.99999718711606544        2.8128859979439243E-006  -2.0627943797535409E-012  (6.44687229071025728E-004,-5.69584966395624798E-018)  (2.89264660659430714E-004,-1.03834244436335629E-004)             (-0.49999829655729522,0.0000000000000000)
        1216        2000   238.09965374596055        1.0000000000020668        221.39190822380550       0.99999701540209951        2.9845999685087687E-006  -2.0667911826421914E-012   (8.59350287104360838E-004,6.46340865387683704E-018)  (2.56567215377129405E-004,-1.38431490967875733E-004)             (-0.49999817566146287,0.0000000000000000)
        1217        2000   239.20196695774644        1.0000000000020599        238.32772718147004       0.99999682558140301        3.1744206576905753E-006  -2.0599077998895154E-012   (1.04645433742061905E-003,9.20076167366519406E-019)  (2.19651137664522944E-004,-1.68817563571028312E-004)             (-0.49999804145512672,0.0000000000000000)
        1218        2000   240.30428016953232        1.0000000000020612        253.96308140435252       0.99999663825574236        3.3617463189579075E-006  -2.0612400675190656E-012   (1.20330101604498928E-003,9.94580527435417225E-018)  (1.80398212023929544E-004,-1.94617270075551750E-004)             (-0.49999790790445531,0.0000000000000000)
        1219        2000   241.40659338131820        1.0000000000020630        268.05139202061002       0.99999647056208130        3.5294399820468244E-006  -2.0630164243584659E-012   (1.32882016725717695E-003,7.60746325240871166E-018)  (1.40637029635139058E-004,-2.15695244186494498E-004)             (-0.49999778682503393,0.0000000000000000)
        1220        2000   242.50890659310409        1.0000000000020608        280.37047794258694       0.99999633440943692        3.6655926229795447E-006  -2.0607959783092156E-012   (1.42340930495665828E-003,2.38688669752050742E-018)  (1.02264037096145216E-004,-2.31936396143675856E-004)             (-0.49999768693572816,0.0000000000000000)
        1221        2000   243.61121980488997        1.0000000000020568        290.72605983914440       0.99999623600273224        3.7639993246868340E-006  -2.0567991754205650E-012  (1.48882650356570081E-003,-9.18311754935952451E-018)  (6.64244014073581444E-005,-2.43516128317548282E-004)             (-0.49999761331891623,0.0000000000000000)
        1222        2000   244.71353301667585        1.0000000000020559        298.95482399622068       0.99999617696223608        3.8230398176871618E-006  -2.0559109970008649E-012  (1.52731615758642690E-003,-6.58113364960673111E-019)  (3.34122998746663562E-005,-2.50535178334302592E-004)             (-0.49999756818734653,0.0000000000000000)
        1223        2000   245.81584622846174        1.0000000000020586        304.92699787917468       0.99999615597976854        3.8440222905162726E-006  -2.0585755322599653E-012   (1.54124476488367679E-003,6.98075858289009127E-018)  (3.17942569679179458E-006,-2.53235170971342319E-004)             (-0.49999755150080388,0.0000000000000000)
        1224        2000   246.91815944024762        1.0000000000020564        308.54839674431372       0.99999617060377710        3.8293982817056209E-006  -2.0563550862107149E-012   (1.53257548616646103E-003,5.59193866922225284E-018) (-2.50014760521293980E-005,-2.51875744685070698E-004)             (-0.49999756193318268,0.0000000000000000)
        1225        2000   248.02047265203350        1.0000000000020581        309.76190897026345       0.99999621843559849        3.7815664614884451E-006  -2.0581314430501152E-012  (1.50249789191242390E-003,-7.86292973448759157E-018) (-5.21247016658188018E-005,-2.46662592087985117E-004)             (-0.49999759766251461,0.0000000000000000)
        1226        2000   249.12278586381939        1.0000000000020581        308.54839674378741       0.99999629713283167        3.7028692284934453E-006  -2.0581314430501152E-012  (1.45167299450530991E-003,-5.88189207856413544E-018) (-7.83039308139727054E-005,-2.37829937356226712E-004)             (-0.49999765632490040,0.0000000000000000)
        1227        2000   250.22509907560527        1.0000000000020568        304.92699786529857       0.99999640374202159        3.5962600384466382E-006  -2.0567991754205650E-012  (1.38053502085195580E-003,-1.05271979681706442E-017) (-1.03993127958107602E-004,-2.25684741194107720E-004)             (-0.49999773483446502,0.0000000000000000)
        1228        2000   251.32741228739116        1.0000000000020519        298.95482398182412       0.99999653377884778        3.4662232057510664E-006  -2.0519141941122143E-012   (1.28959672387766143E-003,2.56669500942536414E-018) (-1.28314089750386029E-004,-2.10418620305439233E-004)             (-0.49999782922746266,0.0000000000000000)
        1229        2000   252.42972549917704        1.0000000000020550        290.72605982222785       0.99999668038839951        3.3196136572499381E-006  -2.0550228185811648E-012   (1.18028291769978113E-003,9.86622119005629480E-018) (-1.50209968621014720E-004,-1.92481058263539951E-004)             (-0.49999793408360554,0.0000000000000000)
        1230        2000   253.53203871096292        1.0000000000020550        280.37047792309932       0.99999683463174605        3.1653703118819622E-006  -2.0550228185811648E-012   (1.05487036076573528E-003,1.35682617522216267E-017) (-1.68563842574016680E-004,-1.72239076409123171E-004)             (-0.49999804311293100,0.0000000000000000)
        1231        2000   254.63435192274881        1.0000000000020588        268.05139199317216       0.99999698637080148        3.0136312593228502E-006  -2.0587975768648903E-012  (9.16723168523008521E-004,-1.48540258962509168E-019) (-1.82037411674022798E-004,-1.50172064957444844E-004)             (-0.49999814956072530,0.0000000000000000)
        1232        2000   255.73666513453469        1.0000000000020675        253.96308138262052       0.99999712578337219        2.8742186965560678E-006  -2.0674573164569665E-012  (7.70115228849780524E-004,-3.36119651068307105E-018) (-1.89883728430298134E-004,-1.26875341162449698E-004)             (-0.49999824703484186,0.0000000000000000)
        1233        2000   256.83897834632080        1.0000000000020679        238.32772715632387       0.99999724503141640        2.7549706530259853E-006  -2.0679014056668166E-012   (6.19495239933680526E-004,3.56343362881982378E-018) (-1.92394541768532408E-004,-1.02847768400399922E-004)             (-0.49999833054401205,0.0000000000000000)
        1234        2000   257.94129155810697        1.0000000000020652        221.39190819849136       0.99999733924982115        2.6607522452795758E-006  -2.0652368704077162E-012  (4.69150532921372117E-004,-1.39351628252668782E-019) (-1.89696786802403579E-004,-7.86213072363865784E-005)             (-0.49999839690113973,0.0000000000000000)
        1235        2000   259.04360476989314        1.0000000000020597        203.42271248695445       0.99999740682537475        2.5931766861668027E-006  -2.0596857552845904E-012   (3.22664268444024943E-004,8.19528729891195561E-018) (-1.83378080439915760E-004,-5.47202816907487683E-005)             (-0.49999844489182604,0.0000000000000000)
        1236        2000   260.14591798167930        1.0000000000020648        184.70352497394211       0.99999744889592146        2.5511061432158617E-006  -2.0647927811978661E-012  (1.82386587651333070E-004,-7.83490479281334273E-018) (-1.74622797464271033E-004,-3.14564875219808051E-005)             (-0.49999847506603362,0.0000000000000000)
        1237        2000   261.24823119346547        1.0000000000020655        165.52955842766579       0.99999746827352187        2.5317285454707093E-006  -2.0654589150126412E-012   (4.97146073646796601E-005,2.49179737241105060E-018) (-1.64607755384035777E-004,-9.18915585522943465E-006)             (-0.49999848907889377,0.0000000000000000)
        1238        2000   262.35054440525164        1.0000000000020695        146.20319775537882       0.99999746841358883        2.5315884803324513E-006  -2.0694557179012918E-012  (-7.48824434331732294E-005,1.87721942319686437E-018)  (-1.54307294880424588E-004,1.18416975695878430E-005)             (-0.49999848917881451,0.0000000000000000)
        1239        2000   263.45285761703781        1.0000000000020777        127.02923120875568       0.99999745269330320        2.5473087745432128E-006  -2.0776713682835179E-012  (-1.91459321686748986E-004,1.20390162343466325E-018)  (-1.43963474802095254E-004,3.15067261307250534E-005)             (-0.49999847777092027,0.0000000000000000)
        1240        2000   264.55517082882398        1.0000000000020739        108.31004369604810       0.99999742423330051        2.5757687751880454E-006  -2.0738966099997924E-012  (-2.99877479614238233E-004,7.95603802751874998E-018)  (-1.33047965791515191E-004,4.95781696979933676E-005)             (-0.49999845727509684,0.0000000000000000)
        1241        2000   265.65748404061014        1.0000000000020743        90.340847985372903       0.99999738614238531        2.6138596926170487E-006  -2.0743406992096425E-012  (-3.99662499054018064E-004,3.63565906953832332E-020)  (-1.21271216873231625E-004,6.59290880842627690E-005)             (-0.49999843016395101,0.0000000000000000)
        1242        2000   266.75979725239631        1.0000000000020801        73.405029026077059       0.99999734193085255        2.6580712288014857E-006  -2.0801138589376933E-012 (-4.89685991600157140E-004,-3.09947203582952166E-018)  (-1.07523007368227834E-004,8.03946888233048220E-005)             (-0.49999839911405514,0.0000000000000000)
        1243        2000   267.86211046418248        1.0000000000020830        57.769674802243451       0.99999729575578156        2.7042463051686350E-006  -2.0830004388017187E-012 (-5.68189136928176782E-004,-3.04036370797063458E-018)  (-9.15201794875814863E-005,9.27696341812364616E-005)             (-0.49999836707970324,0.0000000000000000)
        1244        2000   268.96442367596865        1.0000000000020901        43.681364192381032       0.99999725223484526        2.7477672446048776E-006  -2.0901058661593197E-012  (-6.33234525811020472E-004,5.11260062875385156E-018)  (-7.31780159011907201E-005,1.02918169180364914E-004)             (-0.49999833711190445,0.0000000000000000)
        1245        2000   270.06673688775481        1.0000000000020925        31.362278261723318       0.99999721589833923        2.7841037520289446E-006  -2.0925483568134950E-012  (-6.83033485066200955E-004,5.61460590644129185E-018)  (-5.29744197097868072E-005,1.10720969252254558E-004)             (-0.49999831208051299,0.0000000000000000)
        1246        2000   271.16905009954098        1.0000000000020870        21.006696366435406       0.99999719039455781        2.8096075321164534E-006  -2.0869972416903693E-012  (-7.16423057777599648E-004,8.23639325894232169E-018)  (-3.20131081927201637E-005,1.16079070524476203E-004)             (-0.49999829425711634,0.0000000000000000)
        1247        2000   272.27136331132715        1.0000000000020888        12.777932209463422       0.99999717775380592        2.8222482809356687E-006  -2.0887735985297695E-012  (-7.33339883836231802E-004,7.61906840318196301E-018)  (-1.16573874527808833E-005,1.19086277384952198E-004)             (-0.49999828488067211,0.0000000000000000)
        1248        2000   273.37367652311332        1.0000000000020843        6.8057583243699513       0.99999717811326028        2.8218888232700649E-006  -2.0843327064312689E-012  (-7.34671773632282260E-004,6.24734472155066975E-019)   (7.05644917577507419E-006,1.19790866884559907E-004)             (-0.49999828413286723,0.0000000000000000)
        1249        2000   274.47598973489949        1.0000000000020741        3.1843594538686650       0.99999718983103258        2.8101710453359423E-006  -2.0741186546047174E-012  (-7.22319925045862414E-004,6.94720229172050437E-019)   (2.29033849829777927E-005,1.18405986771003547E-004)             (-0.49999829111901134,0.0000000000000000)
        1250        2000   275.57830294668565        1.0000000000020755        1.9708472271236337       0.99999721010943821        2.7898926413581531E-006  -2.0754509222342676E-012  (-6.98745447463513690E-004,8.42201442827472520E-018)   (3.56904360852287718E-005,1.15164347392476070E-004)             (-0.49999830424029296,0.0000000000000000)
        1251        2000   276.68061615847182        1.0000000000020886        3.1843594570999127       0.99999723584214795        2.7641599385089062E-006  -2.0885515539248445E-012  (-6.66435637115057812E-004,1.38775534197895795E-019)   (4.55805654006170052E-005,1.10317284140894726E-004)             (-0.49999832165959845,0.0000000000000000)
        1252        2000   277.78292937025799        1.0000000000020945        6.8057583250040636       0.99999726434114056        2.7356609523318808E-006  -2.0945467582578203E-012 (-6.27479684139535727E-004,-7.75839482986034696E-018)   (5.32366844362955319E-005,1.04080708195570498E-004)             (-0.49999834168037871,0.0000000000000000)
        1253        2000   278.88524258204416        1.0000000000020917        12.777932211982721       0.99999729375096469        2.7062511275957082E-006  -2.0916601783937949E-012  (-5.83322014322243962E-004,1.30617427252270643E-017)   (5.95592816347442091E-005,9.67023121812944972E-005)             (-0.49999836295767669,0.0000000000000000)
        1254        2000   279.98755579383032        1.0000000000020908        21.006696371225200       0.99999732309488554        2.6769072085588711E-006  -2.0907719999740948E-012 (-5.34549522547480812E-004,-3.34633471017795391E-021)   (6.55127925032055624E-005,8.83130256626781521E-005)             (-0.49999838460403057,0.0000000000000000)
        1255        2000   281.08986900561649        1.0000000000020932        31.362278268189012       0.99999735192810402        2.6480739886146255E-006  -2.0932144906282701E-012 (-4.81187324946910687E-004,-4.94197894592768623E-018)   (7.15165904440243186E-005,7.90697216147729932E-005)             (-0.49999840599579587,0.0000000000000000)
        1256        2000   282.19218221740266        1.0000000000020994        43.681364195397641       0.99999737988794457        2.6201141543350502E-006  -2.0994317395661710E-012 (-4.23019346937483580E-004,-1.26218547539447644E-017)   (7.76255796208752521E-005,6.90915967404755893E-005)             (-0.49999842659070043,0.0000000000000000)
        1257        2000   283.29449542918883        1.0000000000020952        57.769674810655189       0.99999740634088718        2.5936612095670996E-006  -2.0952128920725954E-012  (-3.60001912884325734E-004,3.09921892407824963E-018)   (8.34688936662817039E-005,5.85288130358891282E-005)             (-0.49999844577389346,0.0000000000000000)
        1258        2000   284.39680864097500        1.0000000000020979        73.405029033323729       0.99999743026760468        2.5697344939392509E-006  -2.0978774273316958E-012  (-2.92628620860344111E-004,3.31245267380439841E-018)   (8.80673042776932471E-005,4.75067005284156397E-005)             (-0.49999846281712873,0.0000000000000000)
        1259        2000   285.49912185276116        1.0000000000021014        90.340847993198793       0.99999745042660237        2.5495754967762271E-006  -2.1014301410104963E-012  (-2.22243635580179368E-004,3.70616508433039838E-018)   (9.05990596126804513E-005,3.62996184385610898E-005)             (-0.49999847694251920,0.0000000000000000)
        1260        2000   286.60143506454733        1.0000000000020839        108.31004370421226       0.99999746573331327        2.5342687722078960E-006  -2.0838886172214188E-012 (-1.50761476720260234E-004,-6.21905685315424940E-018)   (9.04060451040153727E-005,2.50710955228797615E-005)             (-0.49999848755688608,0.0000000000000000)
        1261        2000   287.70374827633350        1.0000000000020812        127.02923121843085       0.99999747560010221        2.5244019785650460E-006  -2.0812240819623185E-012 (-8.06666334263844405E-005,-3.45746570243678348E-018)   (8.70044441450726851E-005,1.41270779020082716E-005)             (-0.49999849437245775,0.0000000000000000)
        1262        2000   288.80606148811967        1.0000000000020866        146.20319776483618       0.99999748015653633        2.5198455507892287E-006  -2.0865531524805192E-012 (-1.44247157370211826E-005,-2.08801965971570445E-018)   (8.08452866455890222E-005,3.70463628085189192E-006)             (-0.49999849753097592,0.0000000000000000)
        1263        2000   289.90837469990583        1.0000000000020903        165.52955843772591       0.99999748020866275        2.5197934279281325E-006  -2.0903279107642447E-012   (4.59708768640674557E-005,2.39763936061023540E-018)  (7.26424874288627073E-005,-6.00558749486077129E-006)             (-0.49999849756372095,0.0000000000000000)
        1264        2000   291.01068791169200        1.0000000000020874        184.70352498406098       0.99999747697763164        2.5230244567656458E-006  -2.0874413309002193E-012   (9.92362405208803628E-005,1.76942296038352854E-018)  (6.33257830008638343E-005,-1.48423536879146912E-005)             (-0.49999849524317780,0.0000000000000000)
        1265        2000   292.11300112347817        1.0000000000020823        203.42271249679922       0.99999747173937115        2.5282627132850564E-006  -2.0823343049869436E-012   (1.45023043891890404E-004,1.52904400259789885E-018)  (5.42064722238715332E-005,-2.27006315729363032E-005)             (-0.49999849139112307,0.0000000000000000)
        1266        2000   293.21531433526434        1.0000000000020828        221.39190820942650       0.99999746550644331        2.5344956415978822E-006  -2.0827783941967937E-012  (1.83891287269735091E-004,-1.01337950109143267E-017)  (4.60171082467691431E-005,-2.96064722304167517E-005)             (-0.49999848669990604,0.0000000000000000)
        1267        2000   294.31762754705051        1.0000000000020850        238.32772716642711       0.99999745888847369        2.5411136133694311E-006  -2.0849988402460440E-012   (2.16830862436519792E-004,6.16695451494640223E-018)  (3.91520836121852980E-005,-3.55339970567688401E-005)             (-0.49999848166338179,0.0000000000000000)
        1268        2000   295.41994075883667        1.0000000000020866        253.96308138969124       0.99999745214041424        2.5478616719552251E-006  -2.0865531524805192E-012   (2.45016477870687709E-004,1.05234662782765992E-018)  (3.35863654633363921E-005,-4.05458258563117348E-005)             (-0.49999847657662294,0.0000000000000000)
        1269        2000   296.52225397062284        1.0000000000020843        268.05139200346520       0.99999744537051494        2.5546315716389745E-006  -2.0843327064312689E-012   (2.69323966819297930E-004,7.86910790631720689E-018)  (2.87246848113809434E-005,-4.46840687393723022E-005)             (-0.49999847163699573,0.0000000000000000)
        1270        2000   297.62456718240901        1.0000000000020814        280.37047792877564       0.99999743878697467        2.5612151095178609E-006  -2.0814461265672435E-012   (2.89986743044192091E-004,1.84968145025627910E-018)  (2.36885613682320313E-005,-4.79430881849524890E-005)             (-0.49999846706961748,0.0000000000000000)
        1271        2000   298.72688039419518        1.0000000000020819        290.72605982764293       0.99999743283862341        2.5671634606200152E-006  -2.0818902157770935E-012   (3.06611793496225902E-004,4.99902207665726919E-021)  (1.79483589952140134E-005,-5.03090929921893364E-005)             (-0.49999846317914926,0.0000000000000000)
        1272        2000   299.82919360598135        1.0000000000020743        298.95482398235640       0.99999742820949500        2.5717925805739523E-006  -2.0743406992096425E-012   (3.18295853340541744E-004,7.71328847646727833E-018)  (1.08275052564839562E-005,-5.17740084974537741E-005)             (-0.49999846034879686,0.0000000000000000)
        1273        2000   300.93150681776751        1.0000000000020743        304.92699786895326       0.99999742566128214        2.5743407936572384E-006  -2.0743406992096425E-012  (3.23860465803541768E-004,-1.01724294514418936E-017)  (2.47802769703709901E-006,-5.22515646157191671E-005)             (-0.49999845897999790,0.0000000000000000)
        1274        2000   302.03382002955368        1.0000000000020735        308.54839673912863       0.99999742576418194        2.5742378923581485E-006  -2.0734525207899424E-012  (3.22440943209362403E-004,-7.78743783458509608E-019) (-6.61400136903166453E-006,-5.17760835328033147E-005)             (-0.49999845932707454,0.0000000000000000)
        1275        2000   303.13613324133985        1.0000000000020752        309.76190896427244       0.99999742869507990        2.5713069982766084E-006  -2.0752288776293426E-012  (3.13664366728310599E-004,-1.15184218297361052E-017) (-1.56891512557539834E-005,-5.03432637064018035E-005)             (-0.49999846143730731,0.0000000000000000)
        1276        2000   304.23844645312602        1.0000000000020761        308.54839673680010       0.99999743412864073        2.5658734364364207E-006  -2.0761170560490427E-012  (2.97963913669552444E-004,-1.66288559537695979E-017) (-2.36759808414578648E-005,-4.80327526152822873E-005)             (-0.49999846508325346,0.0000000000000000)
        1277        2000   305.34075966491218        1.0000000000020797        304.92699786916131       0.99999744130310675        2.5586989736496528E-006  -2.0796697697278432E-012  (2.76576636536483790E-004,-4.89772811690932978E-019) (-2.97735700223763712E-005,-4.49894225418988284E-005)             (-0.49999846980356627,0.0000000000000000)
        1278        2000   306.44307287669835        1.0000000000020739        298.95482397904135       0.99999744923513945        2.5507669327902696E-006  -2.0738966099997924E-012  (2.51240158158125770E-004,-3.75648617075030409E-018) (-3.35953458157240038E-005,-4.13549160316489285E-005)             (-0.49999847503133343,0.0000000000000000)
        1279        2000   307.54538608848452        1.0000000000020712        290.72605982409368       0.99999745697299658        2.5430290757520735E-006  -2.0712320747406920E-012  (2.23907024465080213E-004,-1.33316119160595220E-018) (-3.50499737320296147E-005,-3.73108795107109716E-005)             (-0.49999848021201970,0.0000000000000000)
        1280        2000   308.64769930027069        1.0000000000020739        280.37047792582143       0.99999746382165888        2.5361804153088974E-006  -2.0738966099997924E-012   (1.96300349472656272E-004,2.05653158703592022E-018) (-3.47512583014402681E-005,-3.30242906240972442E-005)             (-0.49999848492584464,0.0000000000000000)
        1281        2000   309.75001251205686        1.0000000000020710        268.05139199736624       0.99999746945406831        2.5305480043146353E-006  -2.0710100301357670E-012   (1.69540668069862566E-004,6.24808458587421924E-018) (-3.34781944503532804E-005,-2.86120203019774994E-005)             (-0.49999848895067406,0.0000000000000000)
        1282        2000   310.85232572384302        1.0000000000020766        253.96308138488010       0.99999747387674109        2.5261253337857926E-006  -2.0765611452588928E-012   (1.44024281998481290E-004,9.53730679998373368E-019) (-3.21285050032938023E-005,-2.41533659835592686E-005)             (-0.49999849224074355,0.0000000000000000)
        1283        2000   311.95463893562919        1.0000000000020666        238.32772716017828       0.99999747729673982        2.5227053276683276E-006  -2.0665691380372664E-012   (1.19478729079222285E-004,3.96790485120582889E-018) (-3.13699491464007884E-005,-1.97028796591539549E-005)             (-0.49999849486175629,0.0000000000000000)
        1284        2000   313.05695214741536        1.0000000000020735        221.39190820170549       0.99999747995738075        2.5200446925954641E-006  -2.0734525207899424E-012   (9.51432767031587789E-005,1.66218959442527411E-019) (-3.16541830108344521E-005,-1.52575990659831094E-005)             (-0.49999849691475379,0.0000000000000000)
        1285        2000   314.15926535920153        1.0000000000020717        203.42271249003406       0.99999748200531446        2.5179967579943297E-006  -2.0716761639505421E-012   (7.02008174866994262E-005,3.96451654157945971E-018) (-3.26623117258421268E-005,-1.08155055029858404E-005)             (-0.49999849846433431,0.0000000000000000)
        1286        2000   315.26157857098769        1.0000000000020794        184.70352497588590       0.99999748344879624        2.5165532871742951E-006  -2.0794477251229182E-012   (4.41684873059712926E-005,4.19663780814121128E-018) (-3.39853002592102978E-005,-6.42375303125255875E-006)             (-0.49999849951730507,0.0000000000000000)
        1287        2000   316.36389178277386        1.0000000000020841        165.52955842956607       0.99999748420732870        2.5157947556835952E-006  -2.0841106618263439E-012   (1.70521627479226540E-005,7.79518778033474414E-018) (-3.48533830172076785E-005,-2.09091680441866015E-006)             (-0.49999850005065766,0.0000000000000000)
        1288        2000   317.46620499456003        1.0000000000020837        146.20319775653977       0.99999748420853463        2.5157935486494236E-006  -2.0836665726164938E-012  (-1.04110855322971118E-005,1.02000353318019359E-018)  (-3.44044321893995008E-005,2.08350236582119256E-006)             (-0.49999850005259805,0.0000000000000000)
        1289        2000   318.56851820634620        1.0000000000020834        127.02923121035137       0.99999748348657080        2.5165155131656096E-006  -2.0834445280115688E-012  (-3.69525147157896922E-005,2.00331399801960081E-017)  (-3.22718362154365520E-005,5.98451481907974870E-006)             (-0.49999849957161024,0.0000000000000000)
        1290        2000   319.67083141813237        1.0000000000020877        108.31004369646735       0.99999748222513729        2.5177769514033526E-006  -2.0876633755051444E-012 (-6.11066218866537260E-005,-1.01774418544535889E-017)  (-2.83537869311184106E-005,9.52812316857546790E-006)             (-0.49999849873329111,0.0000000000000000)
        1291        2000   320.77314462991853        1.0000000000020857        90.340847985511374       0.99999748072910033        2.5192729869439121E-006  -2.0856649740608191E-012  (-8.14636358843110023E-005,3.66211092911507014E-019)  (-2.29361488402946648E-005,1.25900513168904052E-005)             (-0.49999849772514238,0.0000000000000000)
        1292        2000   321.87545784170470        1.0000000000020954        73.405029027299534       0.99999747933451000        2.5206675865627185E-006  -2.0954349366775205E-012 (-9.71216799730930844E-005,-4.00563306376938527E-018)  (-1.68978690864067913E-005,1.51074213596317270E-005)             (-0.49999849674713998,0.0000000000000000)
        1293        2000   322.97777105349087        1.0000000000020872        57.769674803492876       0.99999747830099628        2.5217010942667534E-006  -2.0872192862952943E-012 (-1.07900448133995292E-004,-8.32195283800313208E-018)  (-1.10338988133148449E-005,1.70799238498279783E-005)             (-0.49999849595565604,0.0000000000000000)
        1294        2000   324.08008426527704        1.0000000000020852        43.681364191833936       0.99999747773686565        2.5222652209350236E-006  -2.0852208848509690E-012  (-1.14289474232924363E-004,2.80011942275581786E-018)  (-6.13943150212976477E-006,1.85122747971386150E-005)             (-0.49999849542924885,0.0000000000000000)
        1295        2000   325.18239747706320        1.0000000000020843        31.362278264126846       0.99999747757960111        2.5224224844976869E-006  -2.0843327064312689E-012 (-1.17379604727523877E-004,-1.02442650955920633E-017)  (-2.79932502742534170E-006,1.94791829534593054E-005)             (-0.49999849515310157,0.0000000000000000)
        1296        2000   326.28471068884937        1.0000000000020841        21.006696366929756       0.99999747764801683        2.5223540680118110E-006  -2.0841106618263439E-012  (-1.18501823318565392E-004,3.84447166299567409E-020)  (-9.83594881199040625E-007,2.00796333726692351E-005)             (-0.49999849504715621,0.0000000000000000)
        1297        2000   327.38702390063554        1.0000000000020957        12.777932212322341       0.99999747773794767        2.5222641470331809E-006  -2.0956569812824455E-012 (-1.18790745904876865E-004,-5.08752743238415930E-018)  (-3.15372444554440261E-007,2.03587092094644106E-005)             (-0.49999849501893162,0.0000000000000000)
        1298        2000   328.48933711242171        1.0000000000020972        6.8057583242343549       0.99999747771010750        2.5222919900067097E-006  -2.0972112935169207E-012 (-1.19007104552539214E-004,-1.81201152044441103E-018)  (-2.72693429338814912E-007,2.03983477721763286E-005)             (-0.49999849499753318,0.0000000000000000)
        1299        2000   329.59165032420788        1.0000000000021099        3.1843594564847444       0.99999747755302226        2.5224490860548926E-006  -2.1098678359976475E-012  (-1.19248381627027553E-004,5.61667165941563425E-019)   (1.43968960945564449E-007,2.02253157615427542E-005)             (-0.49999849497384774,0.0000000000000000)
        1300        2000   330.69396353599404        1.0000000000021179        1.9708472300370949       0.99999747738179257        2.5226203260104575E-006  -2.1178614417749486E-012 (-1.18957791746969506E-004,-2.80023756397786792E-018)   (1.39752207801309577E-006,1.97891214409222324E-005)             (-0.49999849500167315,0.0000000000000000)
        1301        2000   331.79627674778021        1.0000000000021239        3.1843594568894229       0.99999747737550226        2.5226266182557993E-006  -2.1238566461079245E-012  (-1.17288745039065753E-004,1.76532947979560051E-018)   (3.76729717966013169E-006,1.91069662874980820E-005)             (-0.49999849515555034,0.0000000000000000)
        1302        2000   332.89858995956638        1.0000000000021223        6.8057583270157078       0.99999747770378744        2.5222983368431390E-006  -2.1223023338734492E-012  (-1.13236717947576618E-004,2.23602143934313779E-018)   (7.26732930036952220E-006,1.81206484246557891E-005)             (-0.49999849550945580,0.0000000000000000)
        1303        2000   334.00090317135255        1.0000000000021219        12.777932214663096       0.99999747844859443        2.5215535302983050E-006  -2.1218582446635992E-012  (-1.06082530924268584E-004,3.39487246797813624E-018)   (1.12432085015315585E-005,1.68026305828388913E-005)             (-0.49999849609179814,0.0000000000000000)
        1304        2000   335.10321638313872        1.0000000000021234        21.006696370698098       0.99999747956585028        2.5204362762598476E-006  -2.1234125568980744E-012 (-9.57194838939645669E-005,-3.82464731150929756E-018)   (1.49506752548729429E-005,1.52028568248942989E-005)             (-0.49999849686426012,0.0000000000000000)
        1305        2000   336.20552959492488        1.0000000000021212        31.362278269374219       0.99999748090563423        2.5190964898425860E-006  -2.1211921108488241E-012 (-8.26132772098965476E-005,-1.35848706514208891E-018)   (1.77784460912684657E-005,1.33540375884767914E-005)             (-0.49999849774168303,0.0000000000000000)
        1306        2000   337.30784280671105        1.0000000000021310        43.681364196555734       0.99999748226250329        2.5177396293055910E-006  -2.1309620734655255E-012 (-6.78164942465493567E-005,-7.93569102408779055E-018)   (1.89856170428470157E-005,1.13357706136882049E-005)             (-0.49999849861196294,0.0000000000000000)
        1307        2000   338.41015601849722        1.0000000000021381        57.769674810125153       0.99999748344469597        2.5165574405036051E-006  -2.1380675008231265E-012  (-5.27466614857206769E-005,6.84140898973695958E-018)   (1.85046087058056778E-005,9.28518522168673293E-006)             (-0.49999849937014418,0.0000000000000000)
        1308        2000   339.51246923028339        1.0000000000021403        73.405029033990743       0.99999748433439606        2.5156677439463034E-006  -2.1402879468723768E-012 (-3.87071751547414126E-005,-3.26854909079226910E-022)   (1.66227378176838931E-005,7.27344655125296860E-006)             (-0.49999849995428630,0.0000000000000000)
        1309        2000   340.61478244206955        1.0000000000021421        90.340847992520494       0.99999748490693996        2.5150952014145029E-006  -2.1420643037117770E-012 (-2.66764332145100549E-005,-7.63708635290197023E-018)   (1.38363814585340183E-005,5.38088605451311989E-006)             (-0.49999850034969040,0.0000000000000000)
        1310        2000   341.71709565385572        1.0000000000021392        108.31004370443084       0.99999748521614007        2.5147860018865826E-006  -2.1391777238477516E-012 (-1.70722184054336567E-005,-4.64892430706510884E-019)   (1.09624876930601281E-005,3.67267075216849751E-006)             (-0.49999850058232459,0.0000000000000000)
        1311        2000   342.81940886564189        1.0000000000021347        127.02923121805840       0.99999748535403665        2.5146480969630934E-006  -2.1347368317492510E-012  (-9.59313017102348734E-006,6.99370274597901747E-019)   (8.81145264409648636E-006,2.11933496197159746E-006)             (-0.49999850070037893,0.0000000000000000)
        1312        2000   343.92172207742806        1.0000000000021290        146.20319776457663       0.99999748540244926        2.5145996817992137E-006  -2.1289636720212002E-012  (-3.47592056664991938E-006,1.68442829710852769E-017)   (7.68691143683498012E-006,7.07177816145205457E-007)             (-0.49999850074731850,0.0000000000000000)
        1313        2000   345.02403528921423        1.0000000000021390        165.52955843745767       0.99999748540213884        2.5146000006044626E-006  -2.1389556792428266E-012  (2.29449518452257371E-006,-2.20611157126775986E-018)  (7.85412302166762065E-006,-6.07887635923236448E-007)             (-0.49999850074734448,0.0000000000000000)
        1314        2000   346.12634850100039        1.0000000000021370        184.70352498394470       0.99999748534801391        2.5146541269827878E-006  -2.1369572777985013E-012  (8.65969390011014453E-006,-1.51944144584209456E-018)  (8.87043954369145396E-006,-1.88376658502488274E-006)             (-0.49999850070259683,0.0000000000000000)
        1315        2000   347.22866171278656        1.0000000000021410        203.42271249739898       0.99999748520943010        2.5147927134001830E-006  -2.1409540806871519E-012  (1.61221450375121745E-005,-1.97687376090402875E-017)  (1.01933635879702549E-005,-3.12317698654578077E-006)             (-0.49999850060300061,0.0000000000000000)
        1316        2000   348.33097492457273        1.0000000000021476        221.39190820861535       0.99999748496240337        2.5150397441190977E-006  -2.1476154188349028E-012  (2.46467342950033562E-005,-5.12882486096107619E-018)  (1.11072419698664701E-005,-4.32481795547351565E-006)             (-0.49999850044174848,0.0000000000000000)
        1317        2000   349.43328813635890        1.0000000000021438        238.32772716727996       0.99999748461726090        2.5153848829683121E-006  -2.1438406605511773E-012   (3.36212432774908465E-005,1.11927869590121957E-018)  (1.09916194590753964E-005,-5.45644154643619202E-006)             (-0.49999850022882608,0.0000000000000000)
        1318        2000   350.53560134814506        1.0000000000021396        253.96308139024825       0.99999748422828150        2.5157738564257515E-006  -2.1396218130576017E-012   (4.19981315336537674E-005,6.84550143189339362E-018)  (9.49683092393789492E-006,-6.43140950843742659E-006)             (-0.49999849999629326,0.0000000000000000)
        1319        2000   351.63791455993123        1.0000000000021356        268.05139200297828       0.99999748387909193        2.5161230459211822E-006  -2.1356250101689511E-012   (4.86895372611724278E-005,5.62244028343834604E-019)  (6.84489637877297483E-006,-7.20585858815707552E-006)             (-0.49999849978877664,0.0000000000000000)
        1320        2000   352.74022777171740        1.0000000000021319        280.37047793015233       0.99999748365439900        2.5163477357199382E-006  -2.1318502518852256E-012   (5.28104117248515839E-005,4.79079012657519457E-018)  (3.31516107693982528E-006,-7.72921443384844812E-006)             (-0.49999849965082660,0.0000000000000000)
        1321        2000   353.84254098350357        1.0000000000021321        290.72605982717340       0.99999748360836238        2.5163937727158377E-006  -2.1320722964901506E-012  (5.39343972443396318E-005,-3.95513924992453470E-018) (-3.15736327410196521E-007,-7.96774038746473483E-006)             (-0.49999849961143067,0.0000000000000000)
        1322        2000   354.94485419528974        1.0000000000021325        298.95482398288846       0.99999748374242714        2.5162597051451571E-006  -2.1325163857000007E-012   (5.22940081739012576E-005,3.51372151275535808E-018) (-3.28629053463487571E-006,-7.94679666545625849E-006)             (-0.49999849967117943,0.0000000000000000)
        1323        2000   356.04716740707590        1.0000000000021272        304.92699786969280       0.99999748400589028        2.5159962397508288E-006  -2.1271873151817999E-012   (4.86751574119079482E-005,1.51596132467577269E-017) (-5.11173456818410403E-006,-7.73679124323931294E-006)             (-0.49999849980385475,0.0000000000000000)
        1324        2000   357.14948061886207        1.0000000000021292        308.54839673790883       0.99999748431609625        2.5156860336452298E-006  -2.1291857166261252E-012  (4.41452559364694037E-005,-9.84321536952690629E-018) (-5.54874289625058081E-006,-7.37052514594465354E-006)             (-0.49999849996844503,0.0000000000000000)
        1325        2000   358.25179383064824        1.0000000000021343        309.76190896506921       0.99999748458683357        2.5154153041907045E-006  -2.1342927425394009E-012   (3.98821359371158885E-005,7.57201443152626535E-020) (-4.68780376127643494E-006,-6.96660209663784579E-006)             (-0.49999850011954083,0.0000000000000000)
        1326        2000   359.35410704243441        1.0000000000021358        308.54839673679351       0.99999748475992911        2.5152422086638141E-006  -2.1358470547738762E-012   (3.67080637696932290E-005,3.93042853351012817E-018) (-3.15130479182213137E-006,-6.54625276888226199E-006)             (-0.49999850022759845,0.0000000000000000)
        1327        2000   360.45642025422057        1.0000000000021405        304.92699786750416       0.99999748482047701        2.5151816628489653E-006  -2.1405099914773018E-012   (3.49815101605136967E-005,5.55591313653516845E-018) (-1.48556793792701770E-006,-6.16276533214234105E-006)             (-0.49999850028325865,0.0000000000000000)
        1328        2000   361.55873346600674        1.0000000000021416        298.95482397976201       0.99999748479639605        2.5152057470609104E-006  -2.1416202145019270E-012   (3.44562056866170273E-005,1.15407220201158418E-020) (-4.64721351251305119E-007,-5.79479864362034092E-006)             (-0.49999850029911685,0.0000000000000000)
        1329        2000   362.66104667779291        1.0000000000021503        290.72605982305680       0.99999748474133043        2.5152608235060295E-006  -2.1502799540940032E-012   (3.44146493932295314E-005,7.86839457435406541E-018) (-4.70304904682922720E-007,-5.42220073665489418E-006)             (-0.49999850030028192,0.0000000000000000)
        1330        2000   363.76335988957908        1.0000000000021536        280.37047792502545       0.99999748471031791        2.5152918367911079E-006  -2.1536106231678787E-012   (3.38861883297050486E-005,6.42996305279959440E-018) (-1.64265678238016161E-006,-4.98184779038681562E-006)             (-0.49999850031292287,0.0000000000000000)
        1331        2000   364.86567310136525        1.0000000000021583        268.05139199712886       0.99999748473813521        2.5152640226934621E-006  -2.1582735598713043E-012  (3.19959737831447649E-005,-1.14066141936889672E-018) (-3.68535154457312355E-006,-4.45090384169226042E-006)             (-0.49999850035271465,0.0000000000000000)
        1332        2000   365.96798631315141        1.0000000000021567        253.96308138390114       0.99999748482931705        2.5151728418703324E-006  -2.1567192476368291E-012  (2.81970796495022321E-005,-6.16623476835349218E-018) (-6.06571363938145815E-006,-3.78795804536911170E-006)             (-0.49999850042103289,0.0000000000000000)
        1333        2000   367.07029952493758        1.0000000000021581        238.32772715999351       0.99999748496106022        2.5150410994575026E-006  -2.1580515152663793E-012  (2.24995786582994075E-005,-1.26460375546017692E-018) (-8.10233617762463911E-006,-3.02165342303010391E-006)             (-0.49999850050554823,0.0000000000000000)
        1334        2000   368.17261273672375        1.0000000000021587        221.39190820111506       0.99999748509720177        2.5149049574631918E-006  -2.1587176490811544E-012  (1.54397849808438042E-005,-3.93085640415246832E-019) (-9.18427844496928144E-006,-2.17223336633718290E-006)             (-0.49999850058801643,0.0000000000000000)
        1335        2000   369.27492594850992        1.0000000000021572        203.42271248952432       0.99999748520506315        2.5147970922096975E-006  -2.1571633368466792E-012   (7.98498680280833114E-006,9.17528641817014449E-018) (-9.00795781078096696E-006,-1.32399998721207715E-006)             (-0.49999850065201296,0.0000000000000000)
        1336        2000   370.37723916029609        1.0000000000021565        184.70352497580967       0.99999748526850674        2.5147336503327930E-006  -2.1564972030319041E-012  (1.21770392931941863E-006,-1.83140166815662407E-018) (-7.52252437962417519E-006,-5.23646908938705061E-007)             (-0.49999850068991558,0.0000000000000000)
        1337        2000   371.47955237208225        1.0000000000021594        165.52955842927304       0.99999748529149546        2.5147106646595189E-006  -2.1593837828959295E-012 (-3.91793488336653383E-006,-3.28543765078487430E-020)  (-5.21113315992759983E-006,1.36327824354295748E-007)             (-0.49999850070416391,0.0000000000000000)
        1338        2000   372.58186558386842        1.0000000000021647        146.20319775642204       0.99999748529243648        2.5147097287027015E-006  -2.1647128534141302E-012 (-6.96247763798289610E-006,-2.82725677639083265E-018)  (-2.58228945733682224E-006,6.73018489452514645E-007)             (-0.49999850070466278,0.0000000000000000)
        1339        2000   373.68417879565459        1.0000000000021587        127.02923121004405       0.99999748529264143        2.5147095224842638E-006  -2.1587176490811544E-012 (-7.91246917314708974E-006,-3.98385475523850266E-018)  (-3.30174231352704195E-007,1.02901922301098303E-006)             (-0.49999850070269919,0.0000000000000000)
        1340        2000   374.78649200744076        1.0000000000021685        108.31004369657973       0.99999748530509791        2.5146970721859989E-006  -2.1684876116978558E-012  (-7.38718991257263579E-006,6.47965955008973623E-018)   (9.32554606339670749E-007,1.28029510077608617E-006)             (-0.49999850070532570,0.0000000000000000)
        1341        2000   375.88880521922692        1.0000000000021678        90.340847985271836       0.99999748532852950        2.5146736384062193E-006  -2.1678214778830807E-012  (-6.30384343099393884E-006,4.45536453627276754E-019)   (1.02250848349124027E-006,1.46135232182152121E-006)             (-0.49999850071248253,0.0000000000000000)
        1342        2000   376.99111843101309        1.0000000000021683        73.405029026999884       0.99999748534925537        2.5146529115175323E-006  -2.1682655670929307E-012 (-5.62844916334419005E-006,-2.39355834958524493E-018)   (8.49346452806891248E-008,1.63117043420584685E-006)             (-0.49999850071796464,0.0000000000000000)
        1343        2000   378.09343164279926        1.0000000000021638        57.769674803547254       0.99999748534888433        2.5146532795881808E-006  -2.1638246749944301E-012  (-6.11385700573821020E-006,1.38016867922127507E-017)  (-1.59940213614805544E-006,1.82074506699792106E-006)             (-0.49999850071311441,0.0000000000000000)
        1344        2000   379.19574485458543        1.0000000000021634        43.681364191070671       0.99999748531441424        2.5146877481173499E-006  -2.1633805857845800E-012 (-8.09271794125763376E-006,-8.36317664198471721E-018)  (-3.26257183200259891E-006,2.07902468450090658E-006)             (-0.49999850069166618,0.0000000000000000)
        1345        2000   380.29805806637160        1.0000000000021547        31.362278264185193       0.99999748524618925        2.5147559681191661E-006  -2.1547208461925038E-012 (-1.12887604901140850E-005,-6.32644698017617011E-019)  (-4.35432247323247292E-006,2.35330235506716945E-006)             (-0.49999850065450002,0.0000000000000000)
        1346        2000   381.40037127815776        1.0000000000021552        21.006696366519243       0.99999748515878861        2.5148433677582346E-006  -2.1551649354023539E-012 (-1.50316005316185066E-005,-5.33271546580962233E-018)  (-4.43323358935782393E-006,2.62976477111967390E-006)             (-0.49999850060892975,0.0000000000000000)
        1347        2000   382.50268448994393        1.0000000000021616        12.777932211209924       0.99999748507643638        2.5149257273217960E-006  -2.1616042289451798E-012 (-1.83831360617972491E-005,-7.67760266547925291E-018)  (-3.37470413545601663E-006,2.85207653623691404E-006)             (-0.49999850056711165,0.0000000000000000)
        1348        2000   383.60499770173010        1.0000000000021567        6.8057583245203590       0.99999748502396801        2.5149781910065800E-006  -2.1567192476368291E-012  (-2.04148164137146357E-005,3.45722489245952232E-019)  (-1.30960981918718440E-006,2.95617641983515656E-006)             (-0.49999850054160383,0.0000000000000000)
        1349        2000   384.70731091351627        1.0000000000021596        3.1843594557372574       0.99999748501706820        2.5149850921964750E-006  -2.1596058275008545E-012 (-2.05553935960631639E-005,-8.70272596166949238E-018)   (1.06192445424710421E-006,2.92504967352040141E-006)             (-0.49999850053981970,0.0000000000000000)
        1350        2000   385.80962412530243        1.0000000000021672        1.9708472291970796       0.99999748505707486        2.5149450908231120E-006  -2.1671553440683056E-012 (-1.86923761398410418E-005,-3.29710723559408407E-019)   (3.39623464439626793E-006,2.75998150148126206E-006)             (-0.49999850056219969,0.0000000000000000)
        1351        2000   386.91193733708860        1.0000000000021747        3.1843594569573859       0.99999748513096631        2.5148712080298012E-006  -2.1747048606357566E-012 (-1.52123520644212032E-005,-2.04972182386060719E-018)   (4.82668171659340423E-006,2.45803950493945584E-006)             (-0.49999850060223816,0.0000000000000000)
        1352        2000   388.01425054887477        1.0000000000021718        6.8057583264467185       0.99999748521626863        2.5147859025488917E-006  -2.1718182807717312E-012 (-1.09922684334459806E-005,-1.21421091868284717E-017)   (5.17323816728548816E-006,2.12001348556113617E-006)             (-0.49999850064797241,0.0000000000000000)
        1353        2000   389.11656376066094        1.0000000000021743        12.777932214390649       0.99999748529040122        2.5147117737300082E-006  -2.1742607714259066E-012  (-6.97671935880687911E-006,7.36576030742167629E-018)   (4.36906235684408067E-006,1.76570037912908114E-006)             (-0.49999850068832608,0.0000000000000000)
        1354        2000   390.21887697244711        1.0000000000021765        21.006696370633875       0.99999748533751698        2.5146646615921309E-006  -2.1764812174751569E-012  (-4.05282964802148113E-006,6.11391688243249002E-019)   (2.67253598174945243E-006,1.46225390249036582E-006)             (-0.49999850071512614,0.0000000000000000)
        1355        2000   391.32119018423327        1.0000000000021738        31.362278269045341       0.99999748535299726        2.5146491807605663E-006  -2.1738166822160565E-012  (-2.75732307052044191E-006,5.55230555966876992E-018)   (6.33123540779713810E-007,1.26055145373074975E-006)             (-0.49999850072581870,0.0000000000000000)
        1356        2000   392.42350339601944        1.0000000000021769        43.681364196960700       0.99999748534330635        2.5146588717761730E-006  -2.1769253066850069E-012 (-3.05877631993536028E-006,-5.65625321141085564E-018)  (-1.02594735423993101E-006,1.12921490830218239E-006)             (-0.49999850072380592,0.0000000000000000)
        1357        2000   393.52581660780561        1.0000000000021836        57.769674809963576       0.99999748532108401        2.5146811001304845E-006  -2.1835866448327579E-012  (-4.50541534398536651E-006,7.91707782540271237E-018)  (-1.99681573851030665E-006,1.07025502412208525E-006)             (-0.49999850071516738,0.0000000000000000)
        1358        2000   394.62812981959178        1.0000000000021831        73.405029034123856       0.99999748529945798        2.5147027250010722E-006  -2.1831425556229078E-012  (-6.27346700411605823E-006,1.12773316405071822E-017)  (-1.77177600227594439E-006,1.03104868650789277E-006)             (-0.49999850070641194,0.0000000000000000)
        1359        2000   395.73044303137794        1.0000000000021874        90.340847992954437       0.99999748528698063        2.5147152085620423E-006  -2.1873614031164834E-012  (-7.43187538382125615E-006,1.09881648440722100E-018)  (-5.85847316559980866E-007,9.51467068157452719E-007)             (-0.49999850070184176,0.0000000000000000)
        1360        2000   396.83275624316411        1.0000000000021876        108.31004370453708       0.99999748528519072        2.5147169982522505E-006  -2.1875834477214084E-012 (-7.27996923346658244E-006,-8.16746554629319266E-018)   (1.23915154286378187E-006,7.96405994894097535E-007)             (-0.49999850070214019,0.0000000000000000)
        1361        2000   397.93506945495028        1.0000000000021829        127.02923121833479       0.99999748528993382        2.5147122496641112E-006  -2.1829205110179828E-012 (-5.51971799834106896E-006,-6.16103917329146554E-018)   (3.14348389828505357E-006,5.72181870117036646E-007)             (-0.49999850070521801,0.0000000000000000)
        1362        2000   399.03738266673645        1.0000000000021860        146.20319776484584       0.99999748529477528        2.5147074098267773E-006  -2.1860291354869332E-012  (-2.28440214141187796E-006,1.50585678937575860E-018)   (4.60365423024008625E-006,2.45807201159596585E-007)             (-0.49999850070797486,0.0000000000000000)
        1363        2000   400.13969587852262        1.0000000000021907        165.52955843770673       0.99999748529474641        2.5147074450490145E-006  -2.1906920721903589E-012  (1.74649803764794643E-006,-1.88924334968360479E-018)  (4.98371867312051723E-006,-9.86232213574127552E-008)             (-0.49999850070796642,0.0000000000000000)
        1364        2000   401.24200909030878        1.0000000000021982        184.70352498408343       0.99999748528896926        2.5147132268664844E-006  -2.1982415887578100E-012   (5.69513980418484957E-006,9.74430454583182014E-018)  (4.37122447347231819E-006,-4.28517131934072144E-007)             (-0.49999850070485946,0.0000000000000000)
        1365        2000   402.34432230209495        1.0000000000021902        203.42271249760341       0.99999748528079069        2.5147214017921044E-006  -2.1902479829805088E-012   (8.69290390346933047E-006,2.40817892270192054E-019)  (2.76586311108042300E-006,-6.92840303626081798E-007)             (-0.49999850070040508,0.0000000000000000)
        1366        2000   403.44663551388112        1.0000000000021887        221.39190820880916       0.99999748527583510        2.5147263557952939E-006  -2.1886936707460336E-012   (1.00949646480052114E-005,1.10315061585947307E-017)  (6.33819446115662980E-007,-8.55611662964801196E-007)             (-0.49999850069749696,0.0000000000000000)
        1367        2000   404.54894872566729        1.0000000000021891        238.32772716709425       0.99999748527891019        2.5147232792493399E-006  -2.1891377599558837E-012   (9.69723564114419306E-006,2.27147437223948083E-018) (-1.40019207306939497E-006,-8.82216741002442477E-007)             (-0.49999850069862534,0.0000000000000000)
        1368        2000   405.65126193745346        1.0000000000021949        253.96308139059516       0.99999748529135846        2.5147108348975618E-006  -2.1949109196839345E-012   (7.85191130712101114E-006,2.16081233659612348E-019) (-2.77496094303819017E-006,-8.37008337530485569E-007)             (-0.49999850070439095,0.0000000000000000)
        1369        2000   406.75357514923962        1.0000000000021894        268.05139200291489       0.99999748531029198        2.5146918975403651E-006  -2.1893598045608087E-012  (5.21803920054987829E-006,-4.50848965137179743E-018) (-3.21947234356955850E-006,-7.14146148052096313E-007)             (-0.49999850071348584,0.0000000000000000)
        1370        2000   407.85588836102579        1.0000000000021894        280.37047792994241       0.99999748532951627        2.5146726752035093E-006  -2.1893598045608087E-012   (2.71140873302495424E-006,4.00516877233975613E-018) (-2.52856300868355420E-006,-5.98825715027414847E-007)             (-0.49999850072276086,0.0000000000000000)
        1371        2000   408.95820157281196        1.0000000000021874        290.72605982744528       0.99999748534212285        2.5146600642715404E-006  -2.1873614031164834E-012   (1.14862817540052200E-006,4.50650186322285998E-022) (-1.04026627428766072E-006,-5.24039180650127979E-007)             (-0.49999850072879676,0.0000000000000000)
        1372        2000   410.06051478459813        1.0000000000021874        298.95482398274623       0.99999748534340027        2.5146587881741879E-006  -2.1873614031164834E-012   (1.02631656858528472E-006,3.38781107632117151E-018)  (7.60671455801658218E-007,-5.29023167430747179E-007)             (-0.49999850072927488,0.0000000000000000)
        1373        2000   411.16282799638429        1.0000000000021860        304.92699786961822       0.99999748533264354        2.5146695438981391E-006  -2.1860291354869332E-012   (2.38436186974681884E-006,3.96787149537022344E-018)  (2.39239115771491080E-006,-5.95334053632945909E-007)             (-0.49999850072389207,0.0000000000000000)
        1374        2000   412.26514120817046        1.0000000000021863        308.54839673809352       0.99999748531339705        2.5146887903336781E-006  -2.1862511800918583E-012  (4.83696614101714428E-006,-2.05454927089690454E-018)  (3.23238534301074381E-006,-7.42876472760493185E-007)             (-0.49999850071431845,0.0000000000000000)
        1375        2000   413.36745441995663        1.0000000000021871        309.76190896479505       0.99999748529216670        2.5147100235488959E-006  -2.1871393585115584E-012  (7.57000245366336809E-006,-1.24511043709992583E-018)  (3.06478642483063752E-006,-8.65100156630717376E-007)             (-0.49999850070397939,0.0000000000000000)
        1376        2000   414.46976763174280        1.0000000000022067        308.54839673705385       0.99999748527561216        2.5147265930089667E-006  -2.2066792837449611E-012   (9.78128032079855940E-006,5.40961702462142378E-019)  (1.97064338647784376E-006,-9.75287184260601858E-007)             (-0.49999850069599711,0.0000000000000000)
        1377        2000   415.57208084352897        1.0000000000022016        304.92699786743145       0.99999748526842125        2.5147337827787390E-006  -2.2015722578316854E-012  (1.07247592674271265E-005,-1.79866188697256655E-019)  (1.41484272989861131E-007,-9.92947280733404788E-007)             (-0.49999850069277602,0.0000000000000000)
        1378        2000   416.67439405531513        1.0000000000022085        298.95482397959296       0.99999748527177523        2.5147304345659556E-006  -2.2084556405843614E-012   (1.00451903337712925E-005,6.05332195785079594E-019) (-1.80858855296348337E-006,-9.09944010752348688E-007)             (-0.49999850069486146,0.0000000000000000)
        1379        2000   417.77670726710130        1.0000000000022098        290.72605982330157       0.99999748528324606        2.5147189627423746E-006  -2.2097879082139116E-012  (7.87995496081116452E-006,-1.01651610158244040E-018) (-3.29213107805413480E-006,-7.39969366642050714E-007)             (-0.49999850070095636,0.0000000000000000)
        1380        2000   418.87902047888747        1.0000000000022011        280.37047792485663       0.99999748529828247        2.5147039215636767E-006  -2.2011281686218354E-012   (4.76176843739717253E-006,5.84426519639520378E-018) (-4.03616419207460424E-006,-5.19986671850115440E-007)             (-0.49999850070877921,0.0000000000000000)
        1381        2000   419.98133369067364        1.0000000000021994        268.05139199704917       0.99999748531206145        2.5146901395056975E-006  -2.1993518117824351E-012   (1.48264297631921203E-006,1.17514747984787773E-017) (-3.63518667693394562E-006,-2.68618450132705150E-007)             (-0.49999850071595753,0.0000000000000000)
        1382        2000   421.08364690245980        1.0000000000022040        253.96308138390589       0.99999748532116306        2.5146810387781013E-006  -2.2040147484858608E-012 (-1.05722216386568805E-006,-3.94218875473512931E-018) (-2.36026924841095235E-006,-9.09589764283288579E-008)             (-0.49999850072068697,0.0000000000000000)
        1383        2000   422.18596011424597        1.0000000000022011        238.32772715981400       0.99999748532464372        2.5146775600531337E-006  -2.2011281686218354E-012 (-2.29027317552613844E-006,-2.99292543715904365E-018)  (-5.81036864425323962E-007,3.26634240619036912E-008)             (-0.49999850072259494,0.0000000000000000)
        1384        2000   423.28827332603214        1.0000000000021969        221.39190820099691       0.99999748532367938        2.5146785196979449E-006  -2.1969093211282598E-012  (-1.95607153263902438E-006,1.42527022534411273E-017)   (1.25510199281965206E-006,5.78613948460436038E-008)             (-0.49999850072224056,0.0000000000000000)
        1385        2000   424.39058653781831        1.0000000000022025        203.42271248935350       0.99999748532067168        2.5146815313797747E-006  -2.2024604362513855E-012 (-2.65070583933300369E-007,-1.00817495153196303E-019)  (2.56166934149007212E-006,-7.49527073467033789E-009)             (-0.49999850072081847,0.0000000000000000)
        1386        2000   425.49289974960448        1.0000000000022049        184.70352497558375       0.99999748531792254        2.5146842840361518E-006  -2.2049029269055609E-012  (2.12508926453669470E-006,-9.63797240322460817E-018)  (2.87775361129529577E-006,-1.04271801070119930E-007)             (-0.49999850071950624,0.0000000000000000)
        1387        2000   426.59521296139064        1.0000000000022129        165.52955842906127       0.99999748531662958        2.5146855867417284E-006  -2.2128965326828620E-012   (4.41604558704227291E-006,2.40373182642312856E-018)  (2.34260657540164614E-006,-1.94589604023934494E-007)             (-0.49999850071889007,0.0000000000000000)
        1388        2000   427.69752617317681        1.0000000000022131        146.20319775619706       0.99999748531657517        2.5146856399858226E-006  -2.2131185772877870E-012   (5.85490176881344820E-006,5.43243828311408479E-019)  (8.95533026102242479E-007,-2.52930513596561953E-007)             (-0.49999850071886376,0.0000000000000000)
        1389        2000   428.79983938496298        1.0000000000022191        127.02923120980763       0.99999748531659449        2.5146856255840835E-006  -2.2191137816207629E-012  (5.89545070890099323E-006,-2.09986180708120982E-017) (-8.66408720492914786E-007,-2.14700571800491548E-007)             (-0.49999850071884583,0.0000000000000000)
        1390        2000   429.90215259674915        1.0000000000022213        108.31004369631272       0.99999748531535371        2.5146868681998486E-006  -2.2213342276700132E-012  (4.48280572903955180E-006,-5.33230929655086405E-018) (-2.47321486788983366E-006,-1.06016199204587529E-007)             (-0.49999850071818724,0.0000000000000000)
        1391        2000   431.00446580853531        1.0000000000022216        90.340847985097014       0.99999748531221266        2.5146900094050667E-006  -2.2215562722749382E-012   (1.96564918828566313E-006,9.04299285944034473E-019)  (-3.40481793685845375E-006,6.53180306048571809E-008)             (-0.49999850071657220,0.0000000000000000)
        1392        2000   432.10677902032148        1.0000000000022145        73.405029026781335       0.99999748530763077        2.5146945880546659E-006  -2.2144508449173372E-012  (-9.70557551733725072E-007,1.29469768262107673E-018)  (-3.43300051649452257E-006,2.57264364317447478E-007)             (-0.49999850071424423,0.0000000000000000)
        1393        2000   433.20909223210765        1.0000000000022209        57.769674803358086       0.99999748530303356        2.5146991874843868E-006  -2.2208901384601631E-012 (-3.50424225949439273E-006,-3.40505416514468845E-018)  (-2.46496435241214207E-006,4.18547175352703588E-007)             (-0.49999850071192076,0.0000000000000000)
        1394        2000   434.31140544389382        1.0000000000022298        43.681364190987026       0.99999748530016563        2.5147020658641553E-006  -2.2297719226571644E-012  (-4.93659522172361920E-006,4.11826753979207341E-018)  (-8.71479384791455100E-007,5.12923087514725608E-007)             (-0.49999850071047602,0.0000000000000000)
        1395        2000   435.41371865567999        1.0000000000022333        31.362278263982923       0.99999748530029797        2.5147019347173326E-006  -2.2333246363359649E-012  (-4.88235846573247644E-006,8.82222652737492720E-018)   (9.79025469557810610E-007,5.14928289496976312E-007)             (-0.49999850071054436,0.0000000000000000)
        1396        2000   436.51603186746615        1.0000000000022369        21.006696366524320       0.99999748530368815        2.5146985493349342E-006  -2.2368773500147654E-012  (-3.38910643749687443E-006,3.89541509551753837E-018)   (2.47194483227964623E-006,4.31561177923141097E-007)             (-0.49999850071224672,0.0000000000000000)
        1397        2000   437.61834507925232        1.0000000000022502        12.777932211192848       0.99999748530940269        2.5146928501122331E-006  -2.2502000263102673E-012  (-9.18996351274167315E-007,4.77324293169962005E-018)   (3.23323307733174918E-006,2.83127169313515874E-007)             (-0.49999850071511642,0.0000000000000000)
        1398        2000   438.72065829103849        1.0000000000022591        6.8057583243913058       0.99999748531564947        2.5146866094380539E-006  -2.2590818105072685E-012  (1.77649439819132745E-006,-2.14278669924004212E-017)   (3.01398783809817493E-006,1.31504864560854973E-007)             (-0.49999850071823676,0.0000000000000000)
        1399        2000   439.82297150282466        1.0000000000022631        3.1843594559111676       0.99999748532053068        2.5146817326700874E-006  -2.2630786133959191E-012  (3.93138587134161543E-006,-2.05662438218656420E-018)  (1.96844040732576189E-006,-4.47694213031572019E-009)             (-0.49999850072068835,0.0000000000000000)
        1400        2000   440.92528471461083        1.0000000000022558        1.9708472291897718       0.99999748532265587        2.5146796019870592E-006  -2.2557511414333931E-012  (4.90119999362574056E-006,-3.34124798630197778E-018)  (2.89810492065363372E-007,-6.27838760299616350E-008)             (-0.49999850072175511,0.0000000000000000)
        1401        2000   442.02759792639699        1.0000000000022582        3.1843594570268756       0.99999748532168242        2.5146805778433280E-006  -2.2581936320875684E-012  (4.43307804518224321E-006,-6.51255683841730389E-018) (-1.36295896094095335E-006,-4.02742856078162204E-008)             (-0.49999850072127539,0.0000000000000000)
        1402        2000   443.12991113818316        1.0000000000022622        6.8057583266139208       0.99999748531829291        2.5146839704855327E-006  -2.2621904349762190E-012  (2.70915978743181249E-006,-7.32837288471086945E-019)  (-2.60635471170745153E-006,5.04192408425712940E-008)             (-0.49999850071960372,0.0000000000000000)
        1403        2000   444.23222434996933        1.0000000000022664        12.777932214468892       0.99999748531385646        2.5146884127160987E-006  -2.2664092824697946E-012   (2.60095505394804816E-007,1.47313027058449558E-018)  (-3.04491400223572845E-006,1.81058380782577930E-007)             (-0.49999850071741520,0.0000000000000000)
        1404        2000   445.33453756175550        1.0000000000022748        21.006696370817671       0.99999748530987720        2.5146923996153833E-006  -2.2748469774569458E-012  (-2.15944387399313876E-006,3.76095971637329655E-018)  (-2.51740653942166775E-006,3.17843961545757954E-007)             (-0.49999850071545598,0.0000000000000000)
        1405        2000   446.43685077354166        1.0000000000022824        31.362278269232984       0.99999748530745136        2.5146948312571738E-006  -2.2823964940243968E-012  (-3.77822733946333746E-006,9.87775821896120139E-019)  (-1.21209943982121261E-006,3.87720746143891720E-007)             (-0.49999850071429019,0.0000000000000000)
        1406        2000   447.53916398532783        1.0000000000022882        43.681364197086417       0.99999748530693378        2.5146953544580993E-006  -2.2881696537524476E-012  (-4.12937503383166541E-006,1.75333643800964294E-017)   (4.39375690551016628E-007,4.01168159706289559E-007)             (-0.49999850071406227,0.0000000000000000)
        1407        2000   448.64147719711400        1.0000000000022895        57.769674810228452       0.99999748530798183        2.5146943088356784E-006  -2.2895019213819978E-012 (-3.05639119708400430E-006,-3.84681716273323213E-018)   (2.06945686526379694E-006,3.23344122460188242E-007)             (-0.49999850071461582,0.0000000000000000)
        1408        2000   449.74379040890017        1.0000000000022966        73.405029034319895       0.99999748530981725        2.5146924810197104E-006  -2.2966073487395988E-012  (-8.45057824350585315E-007,4.85350104957674370E-019)   (3.07704052640493488E-006,1.75039948271562159E-007)             (-0.49999850071555868,0.0000000000000000)
        1409        2000   450.84610362068634        1.0000000000022982        90.340847993168722       0.99999748531158850        2.5146907113317435E-006  -2.2981616609740740E-012   (1.85284876866860011E-006,7.75106191170274378E-018)   (3.18849691649627733E-006,6.59332590376384421E-009)             (-0.49999850071645524,0.0000000000000000)
        1410        2000   451.94841683247250        1.0000000000023088        108.31004370480318       0.99999748531277177        2.5146895380755932E-006  -2.3088198020104755E-012  (4.28832173645433763E-006,-6.72520913010907443E-018)  (2.47898374043229491E-006,-1.40620679863238910E-007)             (-0.49999850071705215,0.0000000000000000)
        1411        2000   453.05073004425867        1.0000000000023084        127.02923121857907       0.99999748531324673        2.5146890634865210E-006  -2.3083757128006255E-012   (5.79829198138654821E-006,2.71588591138013650E-018)  (1.02052588487021549E-006,-2.50586545464244713E-007)             (-0.49999850071729368,0.0000000000000000)
        1412        2000   454.15304325604484        1.0000000000023048        146.20319776510829       0.99999748531328070        2.5146890262605131E-006  -2.3048229991218250E-012  (5.93274298069709501E-006,-9.74265065846841865E-018) (-6.76165097549349043E-007,-2.54733150568812691E-007)             (-0.49999850071731283,0.0000000000000000)
        1413        2000   455.25535646783101        1.0000000000023137        165.52955843797452       0.99999748531330135        2.5146890128238647E-006  -2.3137047833188262E-012  (4.73198688400817221E-006,-7.41651702850174592E-019) (-2.09881630933339122E-006,-2.00484710582360369E-007)             (-0.49999850071732310,0.0000000000000000)
        1414        2000   456.35766967961717        1.0000000000023157        184.70352498436085       0.99999748531359911        2.5146887160018825E-006  -2.3157031847631515E-012   (2.55954743315937033E-006,1.91316624593388721E-018) (-2.90593327018682728E-006,-7.65164650609721060E-008)             (-0.49999850071747010,0.0000000000000000)
        1415        2000   457.45998289140334        1.0000000000023201        203.42271249785620       0.99999748531422328        2.5146880960083524E-006  -2.3201440768616521E-012  (9.81721106977484883E-008,-1.11576055549829143E-017)  (-2.77618599672298350E-006,6.10491452520087026E-008)             (-0.49999850071777824,0.0000000000000000)
        1416        2000   458.56229610318951        1.0000000000023224        221.39190820907757       0.99999748531493293        2.5146873892573131E-006  -2.3223645229109025E-012 (-1.89733063614910934E-006,-2.03996386664880226E-018)  (-1.82929307228450976E-006,1.65929004403454066E-007)             (-0.49999850071812851,0.0000000000000000)
        1417        2000   459.66460931497568        1.0000000000023188        238.32772716736895       0.99999748531534616        2.5146869719668281E-006  -2.3188118092321020E-012  (-2.84694503537725937E-006,1.93660532377452213E-018)  (-3.54608433954820329E-007,2.19242562799013590E-007)             (-0.49999850071832830,0.0000000000000000)
        1418        2000   460.76692252676185        1.0000000000023188        253.96308139080230       0.99999748531515009        2.5146871676618978E-006  -2.3188118092321020E-012  (-2.44193463870058724E-006,9.74047835886144764E-018)   (1.30547803725682684E-006,1.91657227335018428E-007)             (-0.49999850071822216,0.0000000000000000)
        1419        2000   461.86923573854801        1.0000000000023199        268.05139200316870       0.99999748531424926        2.5146880696922860E-006  -2.3199220322567271E-012 (-7.94800768635187390E-007,-2.51642117021196873E-018)   (2.50531961052398110E-006,8.30630574379961336E-008)             (-0.49999850071776303,0.0000000000000000)
        1420        2000   462.97154895033418        1.0000000000023230        280.37047793014074       0.99999748531284904        2.5146894759875513E-006  -2.3230306567256775E-012  (1.57828474277850366E-006,-9.90064639454163288E-018)  (2.99699933606604399E-006,-4.97499777235315215E-008)             (-0.49999850071706176,0.0000000000000000)
        1421        2000   464.07386216212035        1.0000000000023261        290.72605982761178       0.99999748531135313        2.5146909730862301E-006  -2.3261392811946280E-012  (4.01206289694842720E-006,-7.92964007556190490E-018)  (2.63000049453221040E-006,-1.95206554817441275E-007)             (-0.49999850071631291,0.0000000000000000)
        1422        2000   465.17617537390652        1.0000000000023284        298.95482398291955       0.99999748531024424        2.5146920842039608E-006  -2.3283597272438783E-012  (5.78488510635582949E-006,-2.26939541763321637E-019)  (1.46750778851076109E-006,-3.00863434784717129E-007)             (-0.49999850071575969,0.0000000000000000)
        1423        2000   466.27848858569268        1.0000000000023308        304.92699786970627       0.99999748530987365        2.5146924583320685E-006  -2.3308022178980536E-012  (6.36491057515426902E-006,-1.08441903173609238E-017) (-1.29784371886937664E-007,-3.28113235485929699E-007)             (-0.49999850071558055,0.0000000000000000)
        1424        2000   467.38080179747885        1.0000000000023386        308.54839673818543       0.99999748531033239        2.5146920075659122E-006  -2.3385737790704297E-012  (5.60801754777940896E-006,-4.47479310981674789E-018) (-1.63017360796466502E-006,-2.81217600501230161E-007)             (-0.49999850071581381,0.0000000000000000)
        1425        2000   468.48311500926502        1.0000000000023428        309.76190896486713       0.99999748531142529        2.5146909190916007E-006  -2.3427926265640053E-012   (3.74212306352521214E-006,1.46599113797329679E-018) (-2.69801151955299542E-006,-1.71949723710874918E-007)             (-0.49999850071636387,0.0000000000000000)
        1426        2000   469.58542822105119        1.0000000000023463        308.54839673703162       0.99999748531277310        2.5146895718155765E-006  -2.3463453402428058E-012   (1.30786575875648882E-006,2.36917903753093063E-017) (-2.93998464457392878E-006,-2.26679247304774191E-008)             (-0.49999850071703861,0.0000000000000000)
        1427        2000   470.68774143283736        1.0000000000023372        304.92699786743373       0.99999748531394639        2.5146883925564067E-006  -2.3372415114408795E-012 (-9.61182185696871443E-007,-2.49673604566057548E-018)  (-2.31793222816588197E-006,1.11377541019453444E-007)             (-0.49999850071762447,0.0000000000000000)
        1428        2000   471.79005464462352        1.0000000000023375        298.95482397954078       0.99999748531463895        2.5146876958848426E-006  -2.3374635560458046E-012 (-2.40849476700740103E-006,-1.29753598652232971E-018)  (-1.04032967485991238E-006,1.94962793944708433E-007)             (-0.49999850071796853,0.0000000000000000)
        1429        2000   472.89236785640969        1.0000000000023272        290.72605982319806       0.99999748531473576        2.5146875929510292E-006  -2.3272495042192531E-012  (-2.63218437010263564E-006,2.21773418130732780E-018)   (5.19835545968327074E-007,2.14366778037926739E-007)             (-0.49999850071801566,0.0000000000000000)
        1430        2000   473.99468106819586        1.0000000000023344        280.37047792476011       0.99999748531434562        2.5146879883700974E-006  -2.3343549315768541E-012  (-1.56409067435209702E-006,4.69831911130754788E-018)   (1.94244619161556529E-006,1.52431656472124062E-007)             (-0.49999850071781887,0.0000000000000000)
        1431        2000   475.09699427998203        1.0000000000023397        268.05139199689046       0.99999748531369681        2.5146886442512238E-006  -2.3396840020950549E-012   (4.58756804891972770E-007,2.18310368197454974E-019)   (2.72965501131718404E-006,3.43647664624303668E-008)             (-0.49999850071749435,0.0000000000000000)
        1432        2000   476.19930749176820        1.0000000000023463        253.96308138374502       0.99999748531305399        2.5146892934195399E-006  -2.3463453402428058E-012  (2.81228708725206431E-006,-7.90269643565994038E-018)  (2.70627614372951750E-006,-9.68732102638063773E-008)             (-0.49999850071717467,0.0000000000000000)
        1433        2000   477.30162070355436        1.0000000000023466        238.32772715963290       0.99999748531260280        2.5146897445560381E-006  -2.3465673848477309E-012  (4.80644216195986048E-006,-1.73064280155209597E-018)  (1.89880967113693110E-006,-2.08030848571661341E-007)             (-0.49999850071695023,0.0000000000000000)
        1434        2000   478.40393391534053        1.0000000000023430        221.39190820078477       0.99999748531241006        2.5146899323976529E-006  -2.3430146711689304E-012   (5.84960476196350811E-006,2.81430665345639663E-018)  (4.97181651763244887E-007,-2.68700388964898795E-007)             (-0.49999850071685426,0.0000000000000000)
        1435        2000   479.50624712712670        1.0000000000023483        203.42271248914619       0.99999748531243782        2.5146899113188204E-006  -2.3483437416871311E-012  (5.61682245197851572E-006,-5.68560915398343103E-018) (-1.04034232344469221E-006,-2.44346413882563226E-007)             (-0.49999850071687080,0.0000000000000000)
        1436        2000   480.60856033891287        1.0000000000023459        184.70352497536419       0.99999748531254617        2.5146898025016653E-006  -2.3459012510329558E-012   (4.19752330476001120E-006,1.13882551415968090E-018) (-2.26221225237990751E-006,-1.62270613708410430E-007)             (-0.49999850071692442,0.0000000000000000)
        1437        2000   481.71087355069903        1.0000000000023475        165.52955842883361       0.99999748531262656        2.5146897203424374E-006  -2.3474555632674310E-012   (1.99294771895280756E-006,7.75680146990107403E-018) (-2.84366122901777652E-006,-2.56320057136641413E-008)             (-0.49999850071696555,0.0000000000000000)
        1438        2000   482.81318676248520        1.0000000000023432        146.20319775596585       0.99999748531262567        2.5146897192956127E-006  -2.3432367157738554E-012  (-3.32857352667491986E-007,6.01790403927377733E-018)  (-2.54506485681121360E-006,1.12977910611664579E-007)             (-0.49999850071696550,0.0000000000000000)
        1439        2000   483.91549997427137        1.0000000000023399        127.02923120958287       0.99999748531256394        2.5146897772876989E-006  -2.3399060466999799E-012 (-2.09763713414867447E-006,-1.97506093404806225E-018)  (-1.54687559036852681E-006,2.11959168313210364E-007)             (-0.49999850071693464,0.0000000000000000)
        1440        2000   485.01781318605754        1.0000000000023406        108.31004369609023       0.99999748531251975        2.5146898203694806E-006  -2.3405721805147550E-012  (-2.81419897698437360E-006,9.77895720029100684E-018)  (-1.11622434977358870E-007,2.60847986428986887E-007)             (-0.49999850071691249,0.0000000000000000)
        1441        2000   486.12012639784371        1.0000000000023410        90.340847984878835       0.99999748531257193        2.5146897691883698E-006  -2.3410162697246051E-012  (-2.25312158077679783E-006,3.74381736703364872E-018)   (1.40900004056737265E-006,2.28226518621435457E-007)             (-0.49999850071693880,0.0000000000000000)
        1442        2000   487.22243960962987        1.0000000000023388        73.405029026590711       0.99999748531275379        2.5146895868100362E-006  -2.3387958236753548E-012  (-5.94092489676876228E-007,8.03448601873032052E-020)   (2.41941912182121950E-006,1.23177476339024035E-007)             (-0.49999850071703067,0.0000000000000000)
        1443        2000   488.32475282141604        1.0000000000023408        57.769674803165771       0.99999748531304022        2.5146893024492872E-006  -2.3407942251196800E-012   (1.63098497289818764E-006,2.60481685087363585E-018)   (2.73417690844584606E-006,4.03694679928276205E-009)             (-0.49999850071717428,0.0000000000000000)
        1444        2000   489.42706603320221        1.0000000000023370        43.681364190817099       0.99999748531333910        2.5146889989017834E-006  -2.3370194668359545E-012  (3.80177700841535297E-006,-7.93641484770947549E-018)  (2.27987164122453140E-006,-1.25673963861664848E-007)             (-0.49999850071732332,0.0000000000000000)
        1445        2000   490.52937924498838        1.0000000000023419        31.362278263847994       0.99999748531355959        2.5146887814802043E-006  -2.3419044481443052E-012   (5.26210867976046175E-006,1.91278995239098348E-018)  (1.09101973524201312E-006,-2.13671956624966301E-007)             (-0.49999850071743362,0.0000000000000000)
        1446        2000   491.63169245677454        1.0000000000023452        21.006696366392333       0.99999748531361399        2.5146887318517193E-006  -2.3452351172181807E-012  (5.56665696362453714E-006,-5.83534487624324894E-018) (-3.85041958975630251E-007,-2.21030126955679714E-007)             (-0.49999850071745888,0.0000000000000000)
        1447        2000   492.73400566856071        1.0000000000023486        12.777932211101437       0.99999748531347565        2.5146888715899366E-006  -2.3485657862920561E-012   (4.66854901490426314E-006,2.33654123576025768E-018) (-1.70377898976761070E-006,-1.73044253975112020E-007)             (-0.49999850071738949,0.0000000000000000)
        1448        2000   493.83631888034688        1.0000000000023421        6.8057583243242750       0.99999748531318500        2.5146891577937251E-006  -2.3421264927492302E-012   (2.81696289623759694E-006,3.91487557917426692E-018) (-2.58304562636721906E-006,-6.33131712536030714E-008)             (-0.49999850071724516,0.0000000000000000)
        1449        2000   494.93863209213305        1.0000000000023370        3.1843594558642598       0.99999748531284172        2.5146894977373373E-006  -2.3370194668359545E-012   (5.66504294289582786E-007,7.88788039511084973E-018)  (-2.62243903783673866E-006,7.30297494458371042E-008)             (-0.49999850071707125,0.0000000000000000)
        1450        2000   496.04094530391922        1.0000000000023375        1.9708472291933510       0.99999748531255372        2.5146897850931473E-006  -2.3374635560458046E-012 (-1.39508675873706798E-006,-6.76227695094102485E-018)  (-1.92131571360631536E-006,1.80765549620593668E-007)             (-0.49999850071693008,0.0000000000000000)
        1451        2000   497.14325851570538        1.0000000000023364        3.1843594570417277       0.99999748531239763        2.5146899409423519E-006  -2.3363533330211794E-012 (-2.51394655196546019E-006,-3.91559897683202332E-018)  (-6.63455736954947834E-007,2.47787681126396562E-007)             (-0.49999850071685320,0.0000000000000000)
        1452        2000   498.24557172749155        1.0000000000023397        6.8057583266632085       0.99999748531240451        2.5146899360776604E-006  -2.3396840020950549E-012  (-2.44985212291346596E-006,6.20114602599835554E-018)   (8.15171912849271881E-007,2.43402847158342036E-007)             (-0.49999850071685725,0.0000000000000000)
        1453        2000   499.34788493927772        1.0000000000023459        12.777932214561615       0.99999748531254817        2.5146897967523140E-006  -2.3459012510329558E-012  (-1.22134607147150110E-006,5.59582314684892448E-018)   (2.02466135201594270E-006,1.65268027246318597E-007)             (-0.49999850071692964,0.0000000000000000)
        1454        2000   500.45019815106389        1.0000000000023468        21.006696370921741       0.99999748531275823        2.5146895884111220E-006  -2.3467894294526559E-012  (7.88347847019918364E-007,-2.83544735825377040E-018)   (2.63245611712998753E-006,5.09460795605042870E-008)             (-0.49999850071703644,0.0000000000000000)
        1455        2000   501.55251136285005        1.0000000000023486        31.362278269374027       0.99999748531296384        2.5146893856482205E-006  -2.3485657862920561E-012  (3.00018823362464156E-006,-1.77270466039379534E-018)  (2.47926075339509212E-006,-8.25343316386920642E-008)             (-0.49999850071713886,0.0000000000000000)
        1456        2000   502.65482457463622        1.0000000000023526        43.681364197252506       0.99999748531310817        2.5146892458498422E-006  -2.3525625891807067E-012  (4.75348334614079449E-006,-1.87057968282576580E-018)  (1.58048552872542693E-006,-1.82322316565279949E-007)             (-0.49999850071721086,0.0000000000000000)
        1457        2000   503.75713778642239        1.0000000000023557        57.769674810410613       0.99999748531316524        2.5146891918457612E-006  -2.3556712136496571E-012   (5.54439201736423938E-006,5.04874179509579639E-019)  (2.43022293691260168E-007,-2.29544028498261681E-007)             (-0.49999850071723950,0.0000000000000000)
        1458        2000   504.85945099820856        1.0000000000023583        73.405029034530088       0.99999748531314725        2.5146892116585014E-006  -2.3583357489087575E-012   (5.14644297760933085E-006,1.10212258669465065E-017) (-1.16244636862288256E-006,-2.04180351593395332E-007)             (-0.49999850071723034,0.0000000000000000)
        1459        2000   505.96176420999473        1.0000000000023554        90.340847993388294       0.99999748531308796        2.5146892712222877E-006  -2.3554491690447321E-012  (3.68857239244158448E-006,-1.22009384077900388E-018) (-2.21896689304423156E-006,-1.21277999413373789E-007)             (-0.49999850071719948,0.0000000000000000)
        1460        2000   507.06407742178089        1.0000000000023637        108.31004370503589       0.99999748531303201        2.5146893332553347E-006  -2.3636648194269583E-012  (1.60339114056231533E-006,-7.50475539575157963E-018)  (-2.60059910513941417E-006,6.16775378135950836E-009)             (-0.49999850071717311,0.0000000000000000)
        1461        2000   508.16639063356706        1.0000000000023601        127.02923121882229       0.99999748531298982        2.5146893733272196E-006  -2.3601121057481578E-012 (-4.67350626260012970E-007,-1.69465356045774443E-018)  (-2.19601833812024570E-006,1.21537440272235985E-007)             (-0.49999850071715091,0.0000000000000000)
        1462        2000   509.26870384535323        1.0000000000023614        146.20319776535553       0.99999748531297361        2.5146893874315658E-006  -2.3614443733777080E-012 (-1.92839376089421168E-006,-2.39418719407809522E-019)  (-1.18143859713811419E-006,2.05681360962339208E-007)             (-0.49999850071714286,0.0000000000000000)
        1463        2000   510.37101705713940        1.0000000000023572        165.52955843822517       0.99999748531296806        2.5146893882751445E-006  -2.3572255258841324E-012  (-2.35276628311771633E-006,1.05008359730013801E-017)   (2.00694964752060185E-007,2.32609645956903999E-007)             (-0.49999850071714053,0.0000000000000000)
        1464        2000   511.47333026892557        1.0000000000023612        184.70352498460846       0.99999748531296695        2.5146893948381345E-006  -2.3612223287727829E-012  (-1.59879776683043215E-006,4.00644255698092288E-018)   (1.54749453248247767E-006,1.85424236957594426E-007)             (-0.49999850071714047,0.0000000000000000)
        1465        2000   512.57564348071173        1.0000000000023543        203.42271249809997       0.99999748531293586        2.5146894203581450E-006  -2.3543389460201070E-012   (9.54220712547822813E-008,2.10726476290443188E-018)   (2.36650518899483585E-006,7.97706466595113337E-008)             (-0.49999850071712387,0.0000000000000000)
        1466        2000   513.67795669249790        1.0000000000023663        221.39190820930583       0.99999748531289989        2.5146894646844638E-006  -2.3663293546860587E-012  (2.20764319871776094E-006,-3.46767128876768973E-019)  (2.52908187869154922E-006,-3.48543775188530825E-008)             (-0.49999850071710666,0.0000000000000000)
        1467        2000   514.78026990428407        1.0000000000023734        238.32772716758765       0.99999748531285881        2.5146895144992087E-006  -2.3734347820436597E-012  (4.14989338143919028E-006,-4.99953122997396243E-018)  (1.95487039451451712E-006,-1.54616487967962762E-007)             (-0.49999850071708618,0.0000000000000000)
        1468        2000   515.88258311607024        1.0000000000023743        253.96308139100424       0.99999748531282462        2.5146895493429538E-006  -2.3743229604633598E-012  (5.32857808345284532E-006,-4.10018703464001878E-018)  (7.71470879678919537E-007,-2.22145326635005936E-007)             (-0.49999850071706942,0.0000000000000000)
        1469        2000   516.98489632785640        1.0000000000023777        268.05139200334258       0.99999748531282506        2.5146895518788523E-006  -2.3776536295372352E-012  (5.40035933690730091E-006,-2.66773728070849727E-018) (-6.08631547845330694E-007,-2.20951210848361887E-007)             (-0.49999850071707008,0.0000000000000000)
        1470        2000   518.08720953964257        1.0000000000023810        280.37047793030160       0.99999748531286614        2.5146895163419501E-006  -2.3809842986111107E-012  (4.37188474292865425E-006,-5.32102808685574333E-018) (-1.77687920190477214E-006,-1.63165919078877075E-007)             (-0.49999850071708918,0.0000000000000000)
        1471        2000   519.18952275142874        1.0000000000023892        290.72605982774434       0.99999748531293986        2.5146894510754738E-006  -2.3891999489933369E-012   (2.53715413871970940E-006,5.11332713411250636E-018) (-2.47365388517706169E-006,-5.49968551518308770E-008)             (-0.49999850071712731,0.0000000000000000)
        1472        2000   520.29183596321491        1.0000000000023888        298.95482398302261       0.99999748531301469        2.5146893759324375E-006  -2.3887558597834868E-012  (4.45947692998602014E-007,-1.77364692052600291E-018)  (-2.36113939382340729E-006,7.25717087156318617E-008)             (-0.49999850071716390,0.0000000000000000)
        1473        2000   521.39414917500108        1.0000000000023921        304.92699786978449       0.99999748531307908        2.5146893144407123E-006  -2.3920865288573623E-012  (-1.26472743764100514E-006,2.02504654542899002E-020)  (-1.60681187465067832E-006,1.64073175800560183E-007)             (-0.49999850071719576,0.0000000000000000)
        1474        2000   522.49646238678724        1.0000000000023934        308.54839673823176       0.99999748531311128        2.5146892844285859E-006  -2.3934187964869125E-012  (-2.12229724102663288E-006,2.79789731988626164E-018)  (-3.70493599716311792E-007,2.20483016463154130E-007)             (-0.49999850071721125,0.0000000000000000)
        1475        2000   523.59877559857341        1.0000000000024023        309.76190896488919       0.99999748531311106        2.5146892926703342E-006  -2.4023005806839137E-012 (-1.85114340217845634E-006,-1.49064257285702426E-018)   (9.95605457231394622E-007,2.01597529194761689E-007)             (-0.49999850071721191,0.0000000000000000)
        1476        2000   524.70108881035958        1.0000000000024081        308.54839673702668       0.99999748531307708        2.5146893326358491E-006  -2.4080737404119645E-012  (-5.44848744716372247E-007,2.92102620400882412E-018)   (2.02292862915493093E-006,1.20303275155792130E-007)             (-0.49999850071719465,0.0000000000000000)
        1477        2000   525.80340202214575        1.0000000000024141        304.92699786739240       0.99999748531302690        2.5146893882758429E-006  -2.4140689447449404E-012   (1.38869076924988257E-006,7.93772296991389903E-018)   (2.45648188958612388E-006,1.46037219870833435E-008)             (-0.49999850071716961,0.0000000000000000)
        1478        2000   526.90571523393191        1.0000000000024185        298.95482397948041       0.99999748531297894        2.5146894410848625E-006  -2.4185098368434410E-012  (3.40556151857625855E-006,-2.13648530640691404E-017)  (2.20085889385976918E-006,-1.09316172956655633E-007)             (-0.49999850071714508,0.0000000000000000)
        1479        2000   528.00802844571808        1.0000000000024183        290.72605982310353       0.99999748531294319        2.5146894761976231E-006  -2.4182877922385160E-012  (4.88583270966161643E-006,-4.95698218413074871E-019)  (1.22257083457215935E-006,-1.92702103020821159E-007)             (-0.49999850071712670,0.0000000000000000)
        1480        2000   529.11034165750425        1.0000000000024116        280.37047792464006       0.99999748531292521        2.5146894873775047E-006  -2.4116264540907650E-012   (5.40357522061040723E-006,1.97515779056952276E-018) (-2.72154438168473547E-008,-2.17837936866537867E-007)             (-0.49999850071711816,0.0000000000000000)
        1481        2000   530.21265486929042        1.0000000000024092        268.05139199674733       0.99999748531293475        2.5146894774697535E-006  -2.4091839634365897E-012   (4.82812463871994349E-006,3.53637590670779719E-018) (-1.31297272605738450E-006,-1.88696097711121686E-007)             (-0.49999850071712326,0.0000000000000000)
        1482        2000   531.31496808107659        1.0000000000024105        253.96308138357949       0.99999748531295718        2.5146894553253642E-006  -2.4105162310661399E-012   (3.30931250300696807E-006,8.55506728210080003E-019) (-2.20489426426150724E-006,-9.53319477141223101E-008)             (-0.49999850071713475,0.0000000000000000)
        1483        2000   532.41728129286275        1.0000000000024185        238.32772715945188       0.99999748531298738        2.5146894316154903E-006  -2.4185098368434410E-012   (1.31708597431883718E-006,2.60269323155347482E-018)  (-2.40319157811549789E-006,2.59680922593372198E-008)             (-0.49999850071715007,0.0000000000000000)
        1484        2000   533.51959450464892        1.0000000000024223        221.39190820058451       0.99999748531301025        2.5146894142579793E-006  -2.4222845951271665E-012  (-5.42890647708027301E-007,2.49546536355739123E-018)  (-1.91083838701985361E-006,1.25712929605019874E-007)             (-0.49999850071716129,0.0000000000000000)
        1485        2000   534.62190771643509        1.0000000000024203        203.42271248893096       0.99999748531301713        2.5146894060090757E-006  -2.4202861936828413E-012  (-1.75755641142460076E-006,4.35923780363397535E-018)  (-8.92921143984160588E-007,2.03127693961879222E-007)             (-0.49999850071716428,0.0000000000000000)
        1486        2000   535.72422092822126        1.0000000000024265        184.70352497513932       0.99999748531302335        2.5146894049489691E-006  -2.4265034426207421E-012  (-1.94668052776777366E-006,1.18963852883219191E-017)   (4.50739525339667831E-007,2.12699711892224884E-007)             (-0.49999850071716706,0.0000000000000000)
        1487        2000   536.82653414000742        1.0000000000024349        165.52955842860351       0.99999748531303090        2.5146894065148052E-006  -2.4349411376078933E-012  (-1.05733483597888048E-006,8.23392846257882653E-018)   (1.60888624689836954E-006,1.57517959569985363E-007)             (-0.49999850071717078,0.0000000000000000)
        1488        2000   537.92884735179359        1.0000000000024347        146.20319775573412       0.99999748531303068        2.5146894064400300E-006  -2.4347190930029683E-012   (6.26896999886473556E-007,3.10125724252724534E-018)   (2.28352239803588536E-006,5.77969649735879213E-008)             (-0.49999850071717139,0.0000000000000000)
        1489        2000   539.03116056357976        1.0000000000024387        127.02923120935185       0.99999748531303823        2.5146894029852096E-006  -2.4387158958916189E-012   (2.60597357131699114E-006,1.18752255536420120E-017)  (2.29966624672375528E-006,-5.25066649316373711E-008)             (-0.49999850071717439,0.0000000000000000)
        1490        2000   540.13347377536593        1.0000000000024416        108.31004369586545       0.99999748531304222        2.5146893974982771E-006  -2.4416024757556443E-012  (4.31339361954419739E-006,-1.95524049690787717E-018)  (1.64000385969197286E-006,-1.57584803717353386E-007)             (-0.49999850071717700,0.0000000000000000)
        1491        2000   541.23578698715210        1.0000000000024329        90.340847984664052       0.99999748531303956        2.5146893934127708E-006  -2.4329427361635680E-012   (5.22699603618239808E-006,2.53620359550673947E-018)  (4.76266172779849099E-007,-2.05940683586765047E-007)             (-0.49999850071717511,0.0000000000000000)
        1492        2000   542.33810019893826        1.0000000000024292        73.405029026389002       0.99999748531303578        2.5146893941992917E-006  -2.4291679778798425E-012  (5.09336977761083799E-006,-1.76305522505540521E-018) (-7.94721445777298378E-007,-1.98162365241765383E-007)             (-0.49999850071717344,0.0000000000000000)
        1493        2000   543.44041341072443        1.0000000000024309        57.769674802980234       0.99999748531303068        2.5146894014701095E-006  -2.4309443347192428E-012   (3.95783348021502348E-006,3.58596683075199123E-018) (-1.83323775780540693E-006,-1.29667005663352487E-007)             (-0.49999850071717072,0.0000000000000000)
        1494        2000   544.54272662251060        1.0000000000024276        43.681364190649788       0.99999748531301380        2.5146894140304154E-006  -2.4276136656453673E-012  (2.16081406892228624E-006,-3.46127173586673157E-018) (-2.33271783029415698E-006,-2.50259336068398776E-008)             (-0.49999850071716240,0.0000000000000000)
        1495        2000   545.64503983429677        1.0000000000024245        31.362278263703470       0.99999748531299737        2.5146894282479371E-006  -2.4245050411764169E-012   (2.37528550136614653E-007,6.73476314356676226E-018)  (-2.11233357562770945E-006,9.10990235625408165E-008)             (-0.49999850071715357,0.0000000000000000)
        1496        2000   546.74735304608294        1.0000000000024214        21.006696366273829       0.99999748531298405        2.5146894395356439E-006  -2.4213964167074664E-012  (-1.23479956054240211E-006,1.45273288989306788E-018)  (-1.30528954682313561E-006,1.69794837870303944E-007)             (-0.49999850071714841,0.0000000000000000)
        1497        2000   547.84966625786910        1.0000000000024205        12.777932211008423       0.99999748531297827        2.5146894442481850E-006  -2.4205082382877663E-012  (-1.84582777340703557E-006,3.46284824569471931E-018)  (-9.78841403895615531E-008,2.13610190440111218E-007)             (-0.49999850071714486,0.0000000000000000)
        1498        2000   548.95197946965527        1.0000000000024252        6.8057583242612454       0.99999748531298382        2.5146894409634725E-006  -2.4251711749911919E-012 (-1.38781209907352926E-006,-3.21642291039230180E-018)   (1.14914970839042124E-006,1.78968736884305879E-007)             (-0.49999850071714719,0.0000000000000000)
        1499        2000   550.05429268144144        1.0000000000024329        3.1843594558299775       0.99999748531300470        2.5146894311130841E-006  -2.4329427361635680E-012 (-2.50570155697653796E-008,-3.09203522962579566E-021)   (2.00721385419100306E-006,9.99284862016733526E-008)             (-0.49999850071715757,0.0000000000000000)
        1500        2000   551.15660589322761        1.0000000000024423        1.9708472291888302       0.99999748531302579        2.5146894181685237E-006  -2.4422686095704194E-012   (1.83798062425601723E-006,3.09714702585152311E-018)  (2.30264437111982923E-006,-5.63494997728380747E-009)             (-0.49999850071716889,0.0000000000000000)
        1501        2000   552.25891910501377        1.0000000000024554        3.1843594570689615       0.99999748531305199        2.5146894062518302E-006  -2.4553692412609962E-012  (3.66805529210810015E-006,-6.80263871032583724E-018)  (1.92802085493394367E-006,-1.16661334440169084E-007)             (-0.49999850071718122,0.0000000000000000)
        1502        2000   553.36123231679994        1.0000000000024547        6.8057583267195536       0.99999748531305799        2.5146893987295242E-006  -2.4547031074462211E-012   (4.90488858255691116E-006,3.37998862808148087E-019)  (9.27686051773177431E-007,-1.87765048651786085E-007)             (-0.49999850071718416,0.0000000000000000)
        1503        2000   554.46354552858611        1.0000000000024478        12.777932214647725       0.99999748531305599        2.5146893970394902E-006  -2.4478197246935451E-012   (5.19309711579486938E-006,1.15863743373325437E-017) (-2.57115814286857526E-007,-1.96897173718624564E-007)             (-0.49999850071718394,0.0000000000000000)
        1504        2000   555.56585874037228        1.0000000000024580        21.006696371036647       0.99999748531305710        2.5146894005087317E-006  -2.4580337765200966E-012   (4.47710820589988346E-006,2.64087907848056150E-019) (-1.41422323148749567E-006,-1.64370303312251969E-007)             (-0.49999850071718455,0.0000000000000000)
        1505        2000   556.66817195215845        1.0000000000024611        31.362278269514867       0.99999748531305310        2.5146894070210132E-006  -2.4611424009890470E-012  (2.93443297687285178E-006,-2.24343702693247819E-018) (-2.15113807957193422E-006,-6.51233127121421435E-008)             (-0.49999850071718199,0.0000000000000000)
        1506        2000   557.77048516394461        1.0000000000024609        43.681364197418667       0.99999748531304955        2.5146894138832354E-006  -2.4609203563841220E-012   (1.05770204294354478E-006,1.52627355619550818E-017)  (-2.19455382444163654E-006,4.54157109129560340E-008)             (-0.49999850071718027,0.0000000000000000)
        1507        2000   558.87279837573078        1.0000000000024645        57.769674810598609       0.99999748531304333        2.5146894189838641E-006  -2.4644730700629225E-012  (-5.92698586424179184E-007,9.23727979658817064E-019)  (-1.63034632582492993E-006,1.33749126549833858E-007)             (-0.49999850071717727,0.0000000000000000)
        1508        2000   559.97511158751695        1.0000000000024687        73.405029034737879       0.99999748531304844        2.5146894214159380E-006  -2.4686919175564981E-012 (-1.56476206311436783E-006,-3.00238183408068754E-018)  (-6.14335788222875016E-007,1.97438437053949138E-007)             (-0.49999850071717972,0.0000000000000000)
        1509        2000   561.07742479930312        1.0000000000024716        90.340847993612357       0.99999748531305110        2.5146894214457268E-006  -2.4715784974205235E-012 (-1.54196639439840351E-006,-1.61931648274418181E-017)   (6.66683996795245328E-007,1.95026305444196475E-007)             (-0.49999850071718160,0.0000000000000000)
        1510        2000   562.17973801108928        1.0000000000024780        108.31004370527225       0.99999748531305510        2.5146894201533375E-006  -2.4780177909633494E-012 (-5.36066581918160045E-007,-2.02781699987592494E-018)   (1.65574658867293284E-006,1.28774026618859662E-007)             (-0.49999850071718366,0.0000000000000000)
        1511        2000   563.28205122287545        1.0000000000024782        127.02923121906842       0.99999748531306398        2.5146894187547252E-006  -2.4782398355682744E-012   (1.12396013641391682E-006,7.65752995375877282E-019)   (2.19045855021670048E-006,3.82185612798517203E-008)             (-0.49999850071718749,0.0000000000000000)
        1512        2000   564.38436443466162        1.0000000000024867        146.20319776560819       0.99999748531306998        2.5146894180061903E-006  -2.4866775305554256E-012  (2.97330493953368433E-006,-5.14979033150061501E-022)  (2.08270436261866771E-006,-7.26920912334259212E-008)             (-0.49999850071719060,0.0000000000000000)
        1513        2000   565.48667764644779        1.0000000000024920        165.52955843847724       0.99999748531307531        2.5146894179845041E-006  -2.4920066010736264E-012  (4.45603150846410686E-006,-3.66690749354985369E-018)  (1.34448226114855955E-006,-1.59466461269179247E-007)             (-0.49999850071719321,0.0000000000000000)
        1514        2000   566.58899085823396        1.0000000000024880        184.70352498485883       0.99999748531307509        2.5146894181997894E-006  -2.4880097981849758E-012   (5.13430882493532168E-006,9.86552888124993461E-018)  (2.24967042137581443E-007,-1.94910760516160828E-007)             (-0.49999850071719348,0.0000000000000000)
        1515        2000   567.69130407002012        1.0000000000024922        203.42271249834388       0.99999748531307620        2.5146894179759970E-006  -2.4922286456785514E-012   (4.82453154958462735E-006,1.01731020378440697E-017) (-9.51475464769905678E-007,-1.80142726523590041E-007)             (-0.49999850071719437,0.0000000000000000)
        1516        2000   568.79361728180629        1.0000000000024982        221.39190820954440       0.99999748531308441        2.5146894168667934E-006  -2.4982238500115272E-012  (3.60840094391607224E-006,-9.96177661178373570E-019) (-1.86111805344740620E-006,-1.03379097698974920E-007)             (-0.49999850071719787,0.0000000000000000)
        1517        2000   569.89593049359246        1.0000000000024991        238.32772716781332       0.99999748531308708        2.5146894149267275E-006  -2.4991120284312274E-012   (1.86751501898737399E-006,2.60237939043397499E-018) (-2.17324065168799444E-006,-2.73463678051497588E-009)             (-0.49999850071719926,0.0000000000000000)
        1518        2000   570.99824370537863        1.0000000000025053        253.96308139121257       0.99999748531309551        2.5146894126953717E-006  -2.5053292773691282E-012   (1.15217158046359909E-007,4.54817612734158771E-018)  (-1.88117522923315526E-006,9.88108702720673686E-008)             (-0.49999850071720420,0.0000000000000000)
        1519        2000   572.10055691716479        1.0000000000025140        268.05139200353432       0.99999748531310617        2.5146894109553474E-006  -2.5139890169612045E-012 (-1.13817191654992507E-006,-1.04646423354972706E-018)  (-1.02241526704680593E-006,1.71839601153070756E-007)             (-0.49999850071720880,0.0000000000000000)
        1520        2000   573.20287012895096        1.0000000000025124        280.37047793047236       0.99999748531310351        2.5146894103889014E-006  -2.5124347047267293E-012  (-1.51997485569275882E-006,7.93509123640047277E-018)   (1.43067631403692706E-007,1.96703533774268912E-007)             (-0.49999850071720764,0.0000000000000000)
        1521        2000   574.30518334073713        1.0000000000025147        290.72605982788957       0.99999748531310551        2.5146894112743011E-006  -2.5146551507759796E-012 (-9.10318087488876352E-007,-3.82120563561014902E-018)   (1.26172672272348735E-006,1.54903600887983152E-007)             (-0.49999850071720831,0.0000000000000000)
        1522        2000   575.40749655252330        1.0000000000025173        298.95482398314567       0.99999748531310639        2.5146894133558367E-006  -2.5173196860350799E-012   (4.86371237043477745E-007,7.30905468544359287E-019)   (1.97324718324321764E-006,7.59711961904208370E-008)             (-0.49999850071720919,0.0000000000000000)
        1523        2000   576.50980976430947        1.0000000000025215        304.92699786987697       0.99999748531310817        2.5146894159716358E-006  -2.5215385335286555E-012   (2.26585206594119575E-006,1.85598789579445452E-017)  (2.14106583557388470E-006,-2.74015596941122737E-008)             (-0.49999850071720980,0.0000000000000000)
        1524        2000   577.61212297609563        1.0000000000025264        308.54839673829457       0.99999748531310861        2.5146894183042311E-006  -2.5264235148370062E-012   (3.90770552647183612E-006,2.49741074355092309E-018)  (1.65492483760092755E-006,-1.25914621397756853E-007)             (-0.49999850071720947,0.0000000000000000)
        1525        2000   578.71443618788180        1.0000000000025260        309.76190896492119       0.99999748531310728        2.5146894196786128E-006  -2.5259794256271562E-012  (4.91348022373627533E-006,-3.08255775410739486E-018)  (6.66870943605136717E-007,-1.82463939233658567E-007)             (-0.49999850071720947,0.0000000000000000)
        1526        2000   579.81674939966797        1.0000000000025215        308.54839673702503       0.99999748531310351        2.5146894198060803E-006  -2.5215385335286555E-012   (5.00015136502380128E-006,6.11753812432885543E-021) (-4.64429792088029828E-007,-1.82392142351715948E-007)             (-0.49999850071720758,0.0000000000000000)
        1527        2000   580.91906261145414        1.0000000000025229        304.92699786736307       0.99999748531310328        2.5146894188322626E-006  -2.5228708011582057E-012  (4.16044267321816362E-006,-7.04418052356297723E-018) (-1.49168595264830157E-006,-1.40736953830388657E-007)             (-0.49999850071720731,0.0000000000000000)
        1528        2000   582.02137582324031        1.0000000000025240        298.95482397942141       0.99999748531310906        2.5146894172204156E-006  -2.5239810241828309E-012  (2.61620345110821647E-006,-2.07343936992581277E-018) (-2.07645291123411092E-006,-4.12471726089682698E-008)             (-0.49999850071721058,0.0000000000000000)
        1529        2000   583.12368903502647        1.0000000000025269        290.72605982301621       0.99999748531311106        2.5146894155702603E-006  -2.5268676040468563E-012   (8.60027284309423042E-007,5.24959424285683859E-019)  (-1.99279692638412380E-006,5.96064117955461619E-008)             (-0.49999850071721114,0.0000000000000000)
        1530        2000   584.22600224681264        1.0000000000025266        280.37047792452535       0.99999748531311328        2.5146894143656279E-006  -2.5266455594419313E-012 (-5.93865315926163409E-007,-2.57890768614305583E-018)  (-1.37425887719417164E-006,1.39579269782082598E-007)             (-0.49999850071721269,0.0000000000000000)
        1531        2000   585.32831545859881        1.0000000000025266        268.05139199660948       0.99999748531311550        2.5146894138346873E-006  -2.5266455594419313E-012 (-1.34003975314629591E-006,-2.31018451558203445E-018)  (-3.50183063958138864E-007,1.88598450246994513E-007)             (-0.49999850071721358,0.0000000000000000)
        1532        2000   586.43062867038498        1.0000000000025320        253.96308138341729       0.99999748531311972        2.5146894139372448E-006  -2.5319746299601320E-012  (-1.13351005356329064E-006,7.39503240903633949E-018)   (8.28426472838371269E-007,1.75123906549444124E-007)             (-0.49999850071721530,0.0000000000000000)
        1533        2000   587.53294188217114        1.0000000000025371        238.32772715927175       0.99999748531312593        2.5146894144282071E-006  -2.5370816558734077E-012 (-4.38714240024474677E-008,-5.00172189595579474E-019)   (1.68653873526300657E-006,1.04940958780481945E-007)             (-0.49999850071721874,0.0000000000000000)
        1534        2000   588.63525509395731        1.0000000000025433        221.39190820039187       0.99999748531312771        2.5146894150029401E-006  -2.5432989048113086E-012  (1.58107925484416650E-006,-2.56639430930855483E-018)   (2.07999131212506592E-006,1.74699422572548596E-008)             (-0.49999850071721963,0.0000000000000000)
        1535        2000   589.73756830574348        1.0000000000025489        203.42271248872626       0.99999748531313482        2.5146894154363948E-006  -2.5488500199344344E-012  (3.28929991864106833E-006,-4.04942695114958132E-018)  (1.86331271645837906E-006,-8.76274399809006270E-008)             (-0.49999850071722329,0.0000000000000000)
        1536        2000   590.83988151752965        1.0000000000025540        184.70352497492624       0.99999748531313837        2.5146894156451347E-006  -2.5539570458477101E-012   (4.55782784173972858E-006,2.17272980440275976E-019)  (1.07135709438773275E-006,-1.59083647327683127E-007)             (-0.49999850071722496,0.0000000000000000)
        1537        2000   591.94219472931582        1.0000000000025506        165.52955842838529       0.99999748531313659        2.5146894156867452E-006  -2.5506263767738346E-012  (5.02202312887442894E-006,-5.64118187834296282E-018)  (7.73282483671651486E-010,-1.83304362325273094E-007)             (-0.49999850071722413,0.0000000000000000)
        1538        2000   593.04450794110198        1.0000000000025571        146.20319775551212       0.99999748531314281        2.5146894156916546E-006  -2.5570656703166605E-012   (4.55740440278648731E-006,5.99515505803453379E-018) (-1.08496941313198837E-006,-1.60375509365019212E-007)             (-0.49999850071722729,0.0000000000000000)
        1539        2000   594.14682115288815        1.0000000000025566        127.02923120913189       0.99999748531314347        2.5146894157767246E-006  -2.5566215811068105E-012  (3.28580860476560410E-006,-2.37506556704465477E-019) (-1.85590993160130955E-006,-7.87200103544641270E-008)             (-0.49999850071722768,0.0000000000000000)
        1540        2000   595.24913436467432        1.0000000000025597        108.31004369565086       0.99999748531314592        2.5146894159798901E-006  -2.5597302055757609E-012  (1.61407991495471446E-006,-1.35907293534652195E-017)  (-2.01623899957648764E-006,1.76079078312725937E-008)             (-0.49999850071722901,0.0000000000000000)
        1541        2000   596.35144757646049        1.0000000000025662        90.340847984456701       0.99999748531314947        2.5146894162455616E-006  -2.5661694991185868E-012   (3.07430391759445541E-008,5.37077568708669253E-018)  (-1.65218092555306464E-006,1.05565580435348656E-007)             (-0.49999850071723007,0.0000000000000000)
        1542        2000   597.45376078824665        1.0000000000025633        73.405029026193574       0.99999748531314947        2.5146894164582363E-006  -2.5632829192545614E-012 (-1.01620981832829382E-006,-1.85120557091865685E-018)  (-7.66712986988402316E-007,1.73174472086351572E-007)             (-0.49999850071723040,0.0000000000000000)
        1543        2000   598.55607400003282        1.0000000000025622        57.769674802800360       0.99999748531314392        2.5146894165007515E-006  -2.5621726962299363E-012 (-1.19032558970946361E-006,-7.34282535458342049E-018)   (3.61521242307802803E-007,1.80053315530721578E-007)             (-0.49999850071722762,0.0000000000000000)
        1544        2000   599.65838721181899        1.0000000000025604        43.681364190488949       0.99999748531314814        2.5146894163180232E-006  -2.5603963393905360E-012 (-4.54998076844658919E-007,-2.76100073425438930E-018)   (1.33648227716743281E-006,1.32816762357510956E-007)             (-0.49999850071722923,0.0000000000000000)
        1545        2000   600.76070042360516        1.0000000000025684        31.362278263563624       0.99999748531315436        2.5146894159444075E-006  -2.5683899451678371E-012   (9.54481319883227116E-007,2.84925365042745721E-018)   (1.92938468765549142E-006,5.60551905725041517E-008)             (-0.49999850071723312,0.0000000000000000)
        1546        2000   601.86301363539133        1.0000000000025673        21.006696366157694       0.99999748531315658        2.5146894154883540E-006  -2.5672797221432120E-012  (2.64329387490908676E-006,-6.12433328670559640E-018)  (1.97123279319516033E-006,-4.68323676355906470E-008)             (-0.49999850071723401,0.0000000000000000)
        1547        2000   602.96532684717749        1.0000000000025691        12.777932210918385       0.99999748531315502        2.5146894150936650E-006  -2.5690560789826122E-012  (4.09762590511052404E-006,-1.54579907824565745E-020)  (1.39336150772268310E-006,-1.30701512415888444E-007)             (-0.49999850071723329,0.0000000000000000)
        1548        2000   604.06764005896366        1.0000000000025586        6.8057583241989308       0.99999748531314547        2.5146894148802491E-006  -2.5586199825511358E-012  (4.89026880481605136E-006,-4.33283615139588221E-018)  (4.36427267112681200E-007,-1.74454871336802923E-007)             (-0.49999850071722868,0.0000000000000000)
        1549        2000   605.16995327074983        1.0000000000025595        3.1843594557967112       0.99999748531314570        2.5146894149006571E-006  -2.5595081609708359E-012  (4.80148384134496332E-006,-2.92202209456906477E-018) (-6.44563694659288891E-007,-1.68924753602119634E-007)             (-0.49999850071722834,0.0000000000000000)
        1550        2000   606.27226648253600        1.0000000000025748        1.9708472291852823       0.99999748531315991        2.5146894151278089E-006  -2.5748292387106630E-012   (3.85741042797922804E-006,3.38425475527522988E-018) (-1.54665908714774762E-006,-1.14900468348188782E-007)             (-0.49999850071723562,0.0000000000000000)
        1551        2000   607.37457969432216        1.0000000000025759        3.1843594570954568       0.99999748531316168        2.5146894154704710E-006  -2.5759394617352882E-012  (2.33512298898335597E-006,-5.24189120474722225E-019) (-1.97454505709794938E-006,-2.09306670530562549E-008)             (-0.49999850071723639,0.0000000000000000)
        1552        2000   608.47689290610833        1.0000000000025804        6.8057583267760817       0.99999748531316723        2.5146894158108834E-006  -2.5803803538337888E-012   (7.04437196163180282E-007,2.29503959216139591E-018)  (-1.80386514438100895E-006,7.19458402608555915E-008)             (-0.49999850071723967,0.0000000000000000)
        1553        2000   609.57920611789450        1.0000000000025859        12.777932214733440       0.99999748531317056        2.5146894160513018E-006  -2.5859314689569146E-012 (-5.61203441498674141E-007,-5.58035207176314601E-019)  (-1.12479635151187388E-006,1.44809168953411481E-007)             (-0.49999850071724117,0.0000000000000000)
        1554        2000   610.68151932968067        1.0000000000025828        21.006696371150575       0.99999748531316923        2.5146894161430117E-006  -2.5828228444879642E-012  (-1.09529543134497700E-006,4.21223031912706846E-018)  (-1.12082247023005210E-007,1.77690743322965027E-007)             (-0.49999850071724067,0.0000000000000000)
        1555        2000   611.78383254146684        1.0000000000025866        31.362278269655267       0.99999748531317101        2.5146894160937509E-006  -2.5865976027716897E-012  (-7.30785568956287397E-007,4.51135401755571565E-018)   (9.56770640137677903E-007,1.55832703296276294E-007)             (-0.49999850071724133,0.0000000000000000)
        1556        2000   612.88614575325300        1.0000000000025830        43.681364197583328       0.99999748531316834        2.5146894159553122E-006  -2.5830448890928892E-012  (4.19077096016211911E-007,-1.69287445399787227E-019)   (1.69847618842434714E-006,8.44154371973755401E-008)             (-0.49999850071724000,0.0000000000000000)
        1557        2000   613.98845896503917        1.0000000000025837        57.769674810785773       0.99999748531316990        2.5146894157953962E-006  -2.5837110229076643E-012  (1.99911171166721534E-006,-1.34276799721650633E-018)  (1.96208073995735299E-006,-2.98046987044866089E-009)             (-0.49999850071724095,0.0000000000000000)
        1558        2000   615.09077217682534        1.0000000000025813        73.405029034944064       0.99999748531316701        2.5146894156686593E-006  -2.5812685322534890E-012   (3.55976524076266159E-006,3.45222280503503082E-020)  (1.64030644006136760E-006,-9.84946390718079297E-008)             (-0.49999850071723900,0.0000000000000000)
        1559        2000   616.19308538861151        1.0000000000025784        90.340847993835141       0.99999748531316546        2.5146894156012296E-006  -2.5783819523894635E-012  (4.62590741852296794E-006,-2.21768370524861976E-019)  (8.27306583647666439E-007,-1.56755257817092512E-007)             (-0.49999850071723867,0.0000000000000000)
        1560        2000   617.29539860039768        1.0000000000025795        108.31004370550841       0.99999748531316368        2.5146894155877410E-006  -2.5794921754140887E-012   (4.89815096073984172E-006,8.10160263588380198E-018) (-2.01461727137545680E-007,-1.72250235429576282E-007)             (-0.49999850071723767,0.0000000000000000)
        1561        2000   618.39771181218384        1.0000000000025862        127.02923121931427       0.99999748531317012        2.5146894156032142E-006  -2.5861535135618396E-012  (4.29883169516825433E-006,-1.16777601751797365E-017) (-1.19246902967234808E-006,-1.39842625367181298E-007)             (-0.49999850071724089,0.0000000000000000)
        1562        2000   619.50002502397001        1.0000000000025866        146.20319776585825       0.99999748531317367        2.5146894156196123E-006  -2.5865976027716897E-012  (2.99562242078194161E-006,-9.87907877992063868E-019) (-1.82160797316147039E-006,-5.62188193958497444E-008)             (-0.49999850071724283,0.0000000000000000)
        1563        2000   620.60233823575618        1.0000000000025895        165.52955843873113       0.99999748531317367        2.5146894156199630E-006  -2.5894841826357151E-012  (1.40589518404007192E-006,-6.61190068918901032E-018)  (-1.86113748435642859E-006,3.34697436494595034E-008)             (-0.49999850071724283,0.0000000000000000)
        1564        2000   621.70465144754235        1.0000000000025964        184.70352498511130       0.99999748531318189        2.5146894156046745E-006  -2.5963675653883911E-012 (-1.49247994174897003E-008,-8.45950226255811518E-018)  (-1.43116670608473536E-006,1.12860641463089895E-007)             (-0.49999850071724700,0.0000000000000000)
        1565        2000   622.80696465932851        1.0000000000026064        203.42271249859067       0.99999748531318922        2.5146894155879074E-006  -2.6063595726100175E-012  (-8.61922233392460148E-007,6.78361305226342517E-018)  (-5.23612482141672208E-007,1.70156954892106321E-007)             (-0.49999850071725005,0.0000000000000000)
        1566        2000   623.90927787111468        1.0000000000026124        221.39190820977998       0.99999748531319899        2.5146894155882246E-006  -2.6123547769429933E-012  (-8.52569669249030103E-007,7.32846938712977803E-018)   (5.40527921651713832E-007,1.63607176780021650E-007)             (-0.49999850071725516,0.0000000000000000)
        1567        2000   625.01159108290085        1.0000000000026186        238.32772716803893       0.99999748531320165        2.5146894156170725E-006  -2.6185720258808942E-012  (-1.53700836002570694E-008,8.13100852450660709E-019)   (1.39449043171638157E-006,1.12182691181530195E-007)             (-0.49999850071725666,0.0000000000000000)
        1568        2000   626.11390429468702        1.0000000000026192        253.96308139142300       0.99999748531320121        2.5146894156724989E-006  -2.6192381596956693E-012   (1.39146173014650665E-006,3.96532973297898217E-018)   (1.86541866477582893E-006,3.65334222836244387E-008)             (-0.49999850071725654,0.0000000000000000)
        1569        2000   627.21621750647319        1.0000000000026130        268.05139200372565       0.99999748531320010        2.5146894157396813E-006  -2.6130209107577684E-012   (2.97828513186305107E-006,3.19740711600685449E-020)  (1.79709384357155022E-006,-6.28814944222631140E-008)             (-0.49999850071725610,0.0000000000000000)
        1570        2000   628.31853071825935        1.0000000000026170        280.37047793063772       0.99999748531320343        2.5146894157964313E-006  -2.6170177136464190E-012  (4.25099045328090453E-006,-3.21221073562381301E-018)  (1.14886479171275747E-006,-1.33644833381771546E-007)             (-0.49999850071725727,0.0000000000000000)
        1571        2000   629.42084393004552        1.0000000000026086        290.72605982802963       0.99999748531319543        2.5146894158236062E-006  -2.6085800186592678E-012  (4.84682021297992645E-006,-3.78700874243817265E-018)  (2.26059262965326892E-007,-1.66171738302162291E-007)             (-0.49999850071725316,0.0000000000000000)
        1572        2000   630.52315714183169        1.0000000000026079        298.95482398325845       0.99999748531319144        2.5146894158125063E-006  -2.6079138848444927E-012  (4.60209256411755131E-006,-2.24218606671374238E-018) (-7.97920394495296680E-007,-1.54616230620315288E-007)             (-0.49999850071725138,0.0000000000000000)
        1573        2000   631.62547035361786        1.0000000000026046        304.92699786996519       0.99999748531318811        2.5146894157676927E-006  -2.6045832157706172E-012   (3.57700837910337383E-006,6.61980012765173701E-019) (-1.57662722276926530E-006,-9.11305141121611990E-008)             (-0.49999850071724988,0.0000000000000000)
        1574        2000   632.72778356540402        1.0000000000025904        308.54839673835176       0.99999748531317767        2.5146894157050661E-006  -2.5903723610554152E-012   (2.09189533345876887E-006,8.20064952235014643E-018) (-1.86020277419599379E-006,-2.40491568063516862E-009)             (-0.49999850071724422,0.0000000000000000)
        1575        2000   633.83009677719019        1.0000000000025888        309.76190896494870       0.99999748531317434        2.5146894156448327E-006  -2.5888180488209400E-012  (5.92046827580299773E-007,-6.88264769812063042E-018)  (-1.61769413645840375E-006,8.08051105489844498E-008)             (-0.49999850071724289,0.0000000000000000)
        1576        2000   634.93240998897636        1.0000000000025839        308.54839673702389       0.99999748531317056        2.5146894156040205E-006  -2.5839330675125893E-012  (-4.95021280619688066E-007,3.30869285342781621E-019)  (-8.91798217288730313E-007,1.49419771191040460E-007)             (-0.49999850071724095,0.0000000000000000)
        1577        2000   636.03472320076253        1.0000000000025830        304.92699786733010       0.99999748531316479        2.5146894155915175E-006  -2.5830448890928892E-012 (-8.31482542742824060E-007,-1.31669795410751947E-017)   (1.05607560407853147E-007,1.64154782562170930E-007)             (-0.49999850071723811,0.0000000000000000)
        1578        2000   637.13703641254870        1.0000000000025828        298.95482397935956       0.99999748531316901        2.5146894156058035E-006  -2.5828228444879642E-012 (-3.34148002985999518E-007,-1.83970272013699155E-017)   (1.04992887640902102E-006,1.37754116854636419E-007)             (-0.49999850071724056,0.0000000000000000)
        1579        2000   638.23934962433486        1.0000000000025864        290.72605982292617       0.99999748531317012        2.5146894156373166E-006  -2.5863755581667647E-012   (8.56176293431407996E-007,3.55622473101068074E-018)   (1.69911052868787104E-006,6.57092674982387543E-008)             (-0.49999850071724100,0.0000000000000000)
        1580        2000   639.34166283612103        1.0000000000025859        280.37047792440842       0.99999748531317056        2.5146894156729851E-006  -2.5859314689569146E-012  (2.38095378238454449E-006,-1.35314095251547785E-017)  (1.83046763023743835E-006,-2.27372677288623711E-008)             (-0.49999850071724089,0.0000000000000000)
        1581        2000   640.44397604790720        1.0000000000025939        268.05139199646754       0.99999748531317878        2.5146894157013976E-006  -2.5939250747342157E-012   (3.78845767911411114E-006,5.03342351430279837E-018)  (1.41977996640557198E-006,-1.05635588675110479E-007)             (-0.49999850071724500,0.0000000000000000)
        1582        2000   641.54628925969337        1.0000000000025895        253.96308138325668       0.99999748531317767        2.5146894157164434E-006  -2.5894841826357151E-012   (4.66487456131722438E-006,5.08479849671546135E-018)  (6.09740707078729412E-007,-1.52808825330782991E-007)             (-0.49999850071724450,0.0000000000000000)
        1583        2000   642.64860247147953        1.0000000000025955        238.32772715909155       0.99999748531317945        2.5146894157182781E-006  -2.5954793869686910E-012   (4.76551048432520545E-006,1.35575521002184437E-017) (-3.85473881331349091E-007,-1.62319643291950938E-007)             (-0.49999850071724544,0.0000000000000000)
        1584        2000   643.75091568326570        1.0000000000025939        221.39190820019402       0.99999748531317767        2.5146894157114794E-006  -2.5939250747342157E-012   (4.04864795568250450E-006,2.84175204819644279E-018) (-1.27367856306686206E-006,-1.17212223276809870E-007)             (-0.49999850071724489,0.0000000000000000)
        1585        2000   644.85322889505187        1.0000000000025941        203.42271248851375       0.99999748531317900        2.5146894157022751E-006  -2.5941471193391408E-012  (2.73802426814151276E-006,-2.79908455687866532E-018) (-1.76321508062399030E-006,-3.79961838811902328E-008)             (-0.49999850071724561,0.0000000000000000)
        1586        2000   645.95554210683804        1.0000000000025961        184.70352497470421       0.99999748531318078        2.5146894156954357E-006  -2.5961455207834661E-012   (1.23617713921791965E-006,6.67979965659406729E-018)  (-1.71234371771380968E-006,4.80885071090737293E-008)             (-0.49999850071724644,0.0000000000000000)
        1587        2000   647.05785531862421        1.0000000000026050        165.52955842815703       0.99999748531319099        2.5146894156925643E-006  -2.6050273049804673E-012 (-2.46343026987337383E-008,-3.85362867398466702E-018)  (-1.21162393400723808E-006,1.18656371517975467E-007)             (-0.49999850071725160,0.0000000000000000)
        1588        2000   648.16016853041037        1.0000000000026072        146.20319775528429       0.99999748531319188        2.5146894156922555E-006  -2.6072477510297176E-012 (-6.81179923009060765E-007,-1.10715040137810652E-018)  (-3.00582561487662154E-007,1.64711574124296410E-007)             (-0.49999850071725205,0.0000000000000000)
        1589        2000   649.26248174219654        1.0000000000026135        127.02923120890445       0.99999748531319632        2.5146894156916982E-006  -2.6134649999676185E-012 (-5.10641898806606157E-007,-1.53479045393117615E-017)   (6.87049334795608803E-007,1.46819750753563477E-007)             (-0.49999850071725432,0.0000000000000000)
        1590        2000   650.36479495398271        1.0000000000026139        108.31004369542850       0.99999748531319543        2.5146894156886213E-006  -2.6139090891774686E-012  (4.05544921356853949E-007,-2.37990977258315543E-018)   (1.43508894793865064E-006,9.43650734582064946E-008)             (-0.49999850071725394,0.0000000000000000)
        1591        2000   651.46710816576888        1.0000000000026030        90.340847984244206       0.99999748531318744        2.5146894156825062E-006  -2.6030289035361420E-012   (1.79813356194527720E-006,1.56806185694764196E-017)   (1.78696454786748460E-006,1.63099710444537871E-008)             (-0.49999850071724977,0.0000000000000000)
        1592        2000   652.56942137755505        1.0000000000026052        73.405029025993898       0.99999748531319188        2.5146894156748681E-006  -2.6052493495853923E-012   (3.27132560382950417E-006,2.29004678368018644E-018)  (1.61618545280079939E-006,-7.42580777611096773E-008)             (-0.49999850071725194,0.0000000000000000)
        1593        2000   653.67173458934121        1.0000000000026161        57.769674802617352       0.99999748531319788        2.5146894156684327E-006  -2.6161295352267189E-012  (4.37082540707627964E-006,-4.93196014960378763E-019)  (9.26413619742606484E-007,-1.35571023887499649E-007)             (-0.49999850071725493,0.0000000000000000)
        1594        2000   654.77404780112738        1.0000000000026110        43.681364190325262       0.99999748531319677        2.5146894156658781E-006  -2.6110225093134432E-012  (4.78525537920599479E-006,-5.59768306834999696E-018)  (3.12056763508969684E-008,-1.57382408264420919E-007)             (-0.49999850071725443,0.0000000000000000)
        1595        2000   655.87636101291355        1.0000000000026215        31.362278263422390       0.99999748531320498        2.5146894156685992E-006  -2.6214586057449196E-012   (4.40169488727146338E-006,1.97098078241970062E-021) (-9.27585561732646496E-007,-1.39140445323679360E-007)             (-0.49999850071725854,0.0000000000000000)
        1596        2000   656.97867422469972        1.0000000000026177        21.006696366041073       0.99999748531320609        2.5146894156760332E-006  -2.6176838474611941E-012   (3.31869999543307288E-006,2.07922673508296708E-019) (-1.57597461041992806E-006,-6.87557709991972115E-008)             (-0.49999850071725910,0.0000000000000000)
        1597        2000   658.08098743648588        1.0000000000026279        12.777932210828126       0.99999748531321053        2.5146894156858507E-006  -2.6278978992877455E-012   (1.88538204261587856E-006,2.02821235074731276E-018)  (-1.74576428912972842E-006,1.23791282187839903E-008)             (-0.49999850071726115,0.0000000000000000)
        1598        2000   659.18330064827205        1.0000000000026257        6.8057583241366721       0.99999748531321098        2.5146894156949156E-006  -2.6256774532384952E-012  (5.14901223130539769E-007,-6.63354119805648117E-018)  (-1.42932970774393707E-006,9.04017069010731696E-008)             (-0.49999850071726137,0.0000000000000000)
        1599        2000   660.28561386005822        1.0000000000026366        3.1843594557637371       0.99999748531321941        2.5146894157005620E-006  -2.6365576388798218E-012  (-3.95787579761312927E-007,3.53511127931077719E-018)  (-6.73137185551910109E-007,1.49389398926407455E-007)             (-0.49999850071726559,0.0000000000000000)
        1600        2000   661.38792707184439        1.0000000000026399        1.9708472291824302       0.99999748531322319        2.5146894157014941E-006  -2.6398883079536972E-012 (-5.55829439196467914E-007,-1.12755596733912349E-017)   (2.95074581654829845E-007,1.51871226660648479E-007)             (-0.49999850071726759,0.0000000000000000)
        1601        2000   662.49024028363056        1.0000000000026397        3.1843594571230356       0.99999748531322319        2.5146894156982436E-006  -2.6396662633487722E-012  (5.55440322877946453E-008,-9.05451799928339413E-019)   (1.12303703911399632E-006,1.19296076709550867E-007)             (-0.49999850071726770,0.0000000000000000)
        1602        2000   663.59255349541672        1.0000000000026386        6.8057583268338506       0.99999748531322541        2.5146894156925304E-006  -2.6385560403241470E-012   (1.26816026885264418E-006,2.84912631218679919E-018)   (1.68097581591178535E-006,4.86980133648417250E-008)             (-0.49999850071726876,0.0000000000000000)
        1603        2000   664.69486670720289        1.0000000000026381        12.777932214820664       0.99999748531322230        2.5146894156864627E-006  -2.6381119511142970E-012  (2.72619488988528859E-006,-9.61919873365704753E-018)  (1.68864284350772394E-006,-4.06963801572497787E-008)             (-0.49999850071726726,0.0000000000000000)
        1604        2000   665.79717991898906        1.0000000000026361        21.006696371266116       0.99999748531322052        2.5146894156817345E-006  -2.6361135496699717E-012   (3.97966608531865453E-006,1.89335978306597948E-018)  (1.20983736989372921E-006,-1.09797865993717204E-007)             (-0.49999850071726626,0.0000000000000000)
        1605        2000   666.89949313077523        1.0000000000026315        31.362278269797944       0.99999748531321653        2.5146894156792316E-006  -2.6314506129665460E-012  (4.67877656351633921E-006,-9.02947453095282549E-018)  (4.07813492222778147E-007,-1.48265365285777784E-007)             (-0.49999850071726426,0.0000000000000000)
        1606        2000   668.00180634256139        1.0000000000026323        43.681364197751051       0.99999748531321475        2.5146894156789503E-006  -2.6323387913862462E-012  (4.62484957527696634E-006,-1.04185422775658305E-018) (-5.43349757238232487E-007,-1.51487468146986304E-007)             (-0.49999850071726337,0.0000000000000000)
        1607        2000   669.10411955434756        1.0000000000026357        57.769674810975992       0.99999748531321919        2.5146894156803374E-006  -2.6356694604601216E-012  (3.81061070005360813E-006,-9.87788386334362295E-019) (-1.33630527037505441E-006,-9.53942376778794882E-008)             (-0.49999850071726559,0.0000000000000000)
        1608        2000   670.20643276613373        1.0000000000026350        73.405029035153689       0.99999748531322075        2.5146894156824037E-006  -2.6350033266453465E-012   (2.50988774024023113E-006,5.59558214017656925E-018) (-1.68137357762185610E-006,-2.12872553238288112E-008)             (-0.49999850071726643,0.0000000000000000)
        1609        2000   671.30874597791990        1.0000000000026332        90.340847994060255       0.99999748531321875        2.5146894156843303E-006  -2.6332269698059463E-012  (1.10394082679139411E-006,-4.94252296391474352E-018)  (-1.57156378072941250E-006,5.95360126421768594E-008)             (-0.49999850071726548,0.0000000000000000)
        1610        2000   672.41105918970607        1.0000000000026321        108.31004370574662       0.99999748531321719        2.5146894156856212E-006  -2.6321167467813211E-012 (-2.33585517018758102E-009,-9.93179523331468609E-019)  (-9.91980581040544671E-007,1.24737998575484224E-007)             (-0.49999850071726470,0.0000000000000000)
        1611        2000   673.51337240149223        1.0000000000026421        127.02923121956199       0.99999748531322408        2.5146894156862818E-006  -2.6421087540029475E-012  (-4.75983739034912013E-007,1.33061989873263100E-017)  (-1.00895958914379225E-007,1.55185635049731445E-007)             (-0.49999850071726815,0.0000000000000000)
        1612        2000   674.61568561327840        1.0000000000026432        146.20319776611132       0.99999748531322785        2.5146894156866486E-006  -2.6432189770275727E-012 (-1.68695168169445358E-007,-9.82324892898471312E-018)   (8.05447442724475103E-007,1.31893988536279732E-007)             (-0.49999850071727003,0.0000000000000000)
        1613        2000   675.71799882506457        1.0000000000026450        165.52955843898414       0.99999748531322807        2.5146894156871293E-006  -2.6449953338669729E-012  (8.08850843804746926E-007,-2.59007569361032851E-020)   (1.46045100967631397E-006,7.75448959878042646E-008)             (-0.49999850071727014,0.0000000000000000)
        1614        2000   676.82031203685074        1.0000000000026479        184.70352498536255       0.99999748531323052        2.5146894156878666E-006  -2.6478819137309983E-012  (2.17531458223319062E-006,-1.59930895963916133E-017)  (1.69578495813401543E-006,-3.63627253346172087E-009)             (-0.49999850071727137,0.0000000000000000)
        1615        2000   677.92262524863690        1.0000000000026499        203.42271249883530       0.99999748531323185        2.5146894156886023E-006  -2.6498803151753236E-012  (3.52546766443263094E-006,-2.23811645859378241E-018)  (1.42869673334068309E-006,-8.15610577099354037E-008)             (-0.49999850071727203,0.0000000000000000)
        1616        2000   679.02493846042307        1.0000000000026386        221.39190821001620       0.99999748531322408        2.5146894156888894E-006  -2.6385560403241470E-012   (4.46133671071636322E-006,5.81937630648948958E-019)  (7.30536134622386397E-007,-1.36789506600777577E-007)             (-0.49999850071726809,0.0000000000000000)
        1617        2000   680.12725167220924        1.0000000000026408        238.32772716825991       0.99999748531322652        2.5146894156885358E-006  -2.6407764863733973E-012   (4.70837101333438773E-006,1.14127498589877324E-017) (-1.57698329548874136E-007,-1.48299447107611357E-007)             (-0.49999850071726926,0.0000000000000000)
        1618        2000   681.22956488399541        1.0000000000026465        253.96308139162906       0.99999748531323096        2.5146894156876337E-006  -2.6465496461014482E-012  (4.20220458448729878E-006,-1.07214054363533072E-018) (-1.02352582373060149E-006,-1.21891617895082378E-007)             (-0.49999850071727153,0.0000000000000000)
        1619        2000   682.33187809578158        1.0000000000026463        268.05139200391289       0.99999748531322963        2.5146894156865207E-006  -2.6463276014965231E-012  (3.08473667324333417E-006,-9.97202173294589338E-019) (-1.55770888261864042E-006,-4.95383776123761948E-008)             (-0.49999850071727087,0.0000000000000000)
        1620        2000   683.43419130756774        1.0000000000026454        280.37047793080598       0.99999748531322941        2.5146894156854496E-006  -2.6454394230768230E-012   (1.71227816424132465E-006,1.73151685796256970E-018)  (-1.62650192944346613E-006,2.54141430394242066E-008)             (-0.49999850071727081,0.0000000000000000)
        1621        2000   684.53650451935391        1.0000000000026514        290.72605982817601       0.99999748531323518        2.5146894156844777E-006  -2.6514346274097988E-012   (4.71266274434500897E-007,6.72543693661920254E-018)  (-1.24452873085005615E-006,9.94461907788555336E-008)             (-0.49999850071727370,0.0000000000000000)
        1622        2000   685.63881773114008        1.0000000000026510        298.95482398337867       0.99999748531323385        2.5146894156837712E-006  -2.6509905381999488E-012  (-2.67166981603691218E-007,2.81729394870188822E-018)  (-4.63494160468028352E-007,1.45796978050641074E-007)             (-0.49999850071727298,0.0000000000000000)
        1623        2000   686.74113094292625        1.0000000000026590        304.92699787005222       0.99999748531324095        2.5146894156836247E-006  -2.6589841439772499E-012 (-2.70692698442936388E-007,-2.50098398202624929E-018)   (4.50726055832143005E-007,1.40229077096774777E-007)             (-0.49999850071727647,0.0000000000000000)
        1624        2000   687.84344415471242        1.0000000000026614        308.54839673840763       0.99999748531324917        2.5146894156843193E-006  -2.6614266346314253E-012   (4.36379292048464069E-007,1.08479348569547093E-017)   (1.18574410069664841E-006,1.01403981690551362E-007)             (-0.49999850071728064,0.0000000000000000)
        1625        2000   688.94575736649858        1.0000000000026699        309.76190896497462       0.99999748531325183        2.5146894156857978E-006  -2.6698643296185764E-012  (1.65641231131730152E-006,-2.85130390909575983E-019)   (1.63896316480500582E-006,3.21339815578685903E-008)             (-0.49999850071728191,0.0000000000000000)
        1626        2000   690.04807057828475        1.0000000000026694        308.54839673701883       0.99999748531325472        2.5146894156874639E-006  -2.6694202404087264E-012   (3.03526062847885598E-006,8.58322794692708776E-018)  (1.54225687127428724E-006,-5.56955836488462766E-008)             (-0.49999850071728341,0.0000000000000000)
        1627        2000   691.15038379007092        1.0000000000026865        304.92699786729185       0.99999748531326960        2.5146894156885299E-006  -2.6865176749879538E-012   (4.13738941775056905E-006,1.25678966731585249E-018)  (1.01176603918881819E-006,-1.11612670642838836E-007)             (-0.49999850071729096,0.0000000000000000)
        1628        2000   692.25269700185709        1.0000000000026841        298.95482397928981       0.99999748531326982        2.5146894156885671E-006  -2.6840751843337785E-012  (4.67228879687533205E-006,-2.69550884979754607E-019)  (2.20826144715872954E-007,-1.44485245319708670E-007)             (-0.49999850071729102,0.0000000000000000)
        1629        2000   693.35501021364325        1.0000000000026765        290.72605982282937       0.99999748531326493        2.5146894156877328E-006  -2.6765256677663274E-012  (4.47610427471159858E-006,-7.77096451818515525E-018) (-6.82189204201236943E-007,-1.37616212802009977E-007)             (-0.49999850071728857,0.0000000000000000)
        1630        2000   694.45732342542942        1.0000000000026747        280.37047792428604       0.99999748531325916        2.5146894156866274E-006  -2.6747493109269271E-012   (3.58824232649746522E-006,7.59217513343409649E-019) (-1.36900560422343389E-006,-7.65964815259789433E-008)             (-0.49999850071728569,0.0000000000000000)
        1631        2000   695.55963663721559        1.0000000000026725        268.05139199632038       0.99999748531325561        2.5146894156858194E-006  -2.6725288648776768E-012   (2.30956299591822056E-006,7.97271426337270413E-018) (-1.59649129878513249E-006,-5.16610384605710605E-009)             (-0.49999850071728391,0.0000000000000000)
        1632        2000   696.66194984900176        1.0000000000026772        253.96308138308535       0.99999748531325960        2.5146894156856101E-006  -2.6771918015811025E-012  (1.00601706881028237E-006,-1.00054431840604959E-017)  (-1.42206830476003368E-006,6.87826773212453789E-008)             (-0.49999850071728591,0.0000000000000000)
        1633        2000   697.76426306078793        1.0000000000026810        238.32772715889899       0.99999748531326382        2.5146894156859244E-006  -2.6809665598648280E-012   (5.14607605335015475E-008,1.19611280009298862E-021)  (-7.85295834009510009E-007,1.29090617852365087E-007)             (-0.49999850071728802,0.0000000000000000)
        1634        2000   698.86657627257409        1.0000000000026850        221.39190819998709       0.99999748531326693        2.5146894156864762E-006  -2.6849633627534786E-012  (-2.52363489630870796E-007,6.09693398662757261E-018)   (7.90872828855583906E-008,1.43980569942636255E-007)             (-0.49999850071728957,0.0000000000000000)
        1635        2000   699.96888948436026        1.0000000000026805        203.42271248829593       0.99999748531326760        2.5146894156869806E-006  -2.6805224706549780E-012   (1.71920067411946664E-007,2.97615188056563430E-019)   (9.00868002085758590E-007,1.18219644568769774E-007)             (-0.49999850071728991,0.0000000000000000)
        1636        2000   701.07120269614643        1.0000000000026776        184.70352497447627       0.99999748531326316        2.5146894156872055E-006  -2.6776358907909525E-012   (1.19517878594986235E-006,4.86349850384048797E-019)   (1.46911682227925477E-006,6.06193481126329358E-008)             (-0.49999850071728769,0.0000000000000000)
        1637        2000   702.17351590793260        1.0000000000026803        165.52955842792281       0.99999748531326627        2.5146894156870827E-006  -2.6803004260500529E-012   (2.52170466944568611E-006,1.73743985818630156E-018)  (1.59289579807058879E-006,-2.10232103148955822E-008)             (-0.49999850071728924,0.0000000000000000)
        1638        2000   703.27582911971876        1.0000000000026723        146.20319775504996       0.99999748531326071        2.5146894156866969E-006  -2.6723068202727518E-012  (3.74561853710159142E-006,-5.03387818325763971E-018)  (1.24202621257708792E-006,-8.75399437843201433E-008)             (-0.49999850071728646,0.0000000000000000)
        1639        2000   704.37814233150493        1.0000000000026761        127.02923120867429       0.99999748531325938        2.5146894156862170E-006  -2.6760815785564773E-012  (4.52379245075041373E-006,-1.28832182114480927E-019)  (5.51620519036278251E-007,-1.35330517458037914E-007)             (-0.49999850071728580,0.0000000000000000)
        1640        2000   705.48045554329110        1.0000000000026623        108.31004369520390       0.99999748531324917        2.5146894156859011E-006  -2.6623148130511254E-012  (4.61985368969969543E-006,-2.33443588052629891E-018) (-3.30855434167017738E-007,-1.40409300991478667E-007)             (-0.49999850071728069,0.0000000000000000)
        1641        2000   706.58276875507727        1.0000000000026688        90.340847984030006       0.99999748531325072        2.5146894156858740E-006  -2.6687541065939513E-012   (4.00540944422634729E-006,8.82862624786776719E-019) (-1.09541455974385026E-006,-1.02133531065596560E-007)             (-0.49999850071728147,0.0000000000000000)
        1642        2000   707.68508196686344        1.0000000000026674        73.405029025793226       0.99999748531325161        2.5146894156861311E-006  -2.6674218389644011E-012   (2.87591342281838423E-006,2.55140166811769873E-018) (-1.51851086823318561E-006,-3.45401830422209254E-008)             (-0.49999850071728191,0.0000000000000000)
        1643        2000   708.78739517864960        1.0000000000026699        57.769674802433165       0.99999748531325316        2.5146894156865465E-006  -2.6698643296185764E-012  (1.56965812244017095E-006,-1.35727871227889233E-017)  (-1.51037109995670472E-006,3.81918195075330768E-008)             (-0.49999850071728269,0.0000000000000000)
        1644        2000   709.88970839043577        1.0000000000026754        43.681364190160586       0.99999748531325894        2.5146894156869675E-006  -2.6754154447417022E-012  (4.59356873072997343E-007,-7.73325235031313593E-018)  (-1.05649491835466514E-006,1.06951521258112035E-007)             (-0.49999850071728558,0.0000000000000000)
        1645        2000   710.99202160222194        1.0000000000026767        31.362278263279837       0.99999748531326205        2.5146894156872356E-006  -2.6767477123712524E-012  (-1.12398744410238343E-007,1.02464306785439034E-017)  (-2.69689099496611806E-007,1.39400958007469823E-007)             (-0.49999850071728713,0.0000000000000000)
        1646        2000   712.09433481400811        1.0000000000026787        21.006696365923332       0.99999748531326182        2.5146894156872966E-006  -2.6787461138155777E-012  (2.09665734855544551E-008,-5.66909498599325027E-018)   (5.77168764623434079E-007,1.29088703287302280E-007)             (-0.49999850071728702,0.0000000000000000)
        1647        2000   713.19664802579427        1.0000000000026743        12.777932210736832       0.99999748531325672        2.5146894156872051E-006  -2.6743052217170771E-012  (8.06850027649141746E-007,-5.57442464921035071E-020)   (1.23979058041521629E-006,8.46918181686388896E-008)             (-0.49999850071728447,0.0000000000000000)
        1648        2000   714.29896123758044        1.0000000000026754        6.8057583240735280       0.99999748531326160        2.5146894156870353E-006  -2.6754154447417022E-012  (2.02167688901981292E-006,-4.16279254639639703E-018)   (1.57245447265814841E-006,1.48046902732075982E-008)             (-0.49999850071728691,0.0000000000000000)
        1649        2000   715.40127444936661        1.0000000000026750        3.1843594557297004       0.99999748531326005        2.5146894156868523E-006  -2.6749713555318522E-012   (3.30821939565032277E-006,9.91034985511433081E-018)  (1.39606870743129113E-006,-6.56373325980220366E-008)             (-0.49999850071728613,0.0000000000000000)
        1650        2000   716.50358766115278        1.0000000000026708        1.9708472291780652       0.99999748531325783        2.5146894156866939E-006  -2.6707525080382766E-012   (4.26730134083268928E-006,1.48773465631992129E-019)  (8.26661823593762857E-007,-1.14154493143755235E-007)             (-0.49999850071728502,0.0000000000000000)
        1651        2000   717.60590087293895        1.0000000000026739        3.1843594571484037       0.99999748531325783        2.5146894156865393E-006  -2.6738611325072270E-012  (4.64604194426225640E-006,-1.29602000513323499E-017)  (4.35853764861635038E-008,-1.38954602796740420E-007)             (-0.49999850071728502,0.0000000000000000)
        1652        2000   718.70821408472511        1.0000000000026819        6.8057583268885899       0.99999748531326493        2.5146894156863903E-006  -2.6818547382845281E-012   (4.32273294418078838E-006,1.75401858614316139E-017) (-7.97192605817025568E-007,-1.22653571104618932E-007)             (-0.49999850071728857,0.0000000000000000)
        1653        2000   719.81052729651128        1.0000000000026790        12.777932214903940       0.99999748531326360        2.5146894156862717E-006  -2.6789681584205027E-012  (3.38219075415879720E-006,-2.93322658759067082E-019) (-1.37722680078717603E-006,-5.96939564386625784E-008)             (-0.49999850071728791,0.0000000000000000)
        1654        2000   720.91284050829745        1.0000000000026730        21.006696371376705       0.99999748531326027        2.5146894156862488E-006  -2.6729729540875269E-012  (2.13696469841246490E-006,-2.53171368203933759E-018)  (-1.50996333818796015E-006,9.23921013357826540E-009)             (-0.49999850071728624,0.0000000000000000)
        1655        2000   722.01515372008362        1.0000000000026792        31.362278269933672       0.99999748531326316        2.5146894156863318E-006  -2.6791902030254278E-012  (9.39263264395156212E-007,-1.04658517857535451E-017)  (-1.26433347794461909E-006,7.74996775795833583E-008)             (-0.49999850071728769,0.0000000000000000)
        1656        2000   723.11746693186979        1.0000000000026843        43.681364197909893       0.99999748531326760        2.5146894156865025E-006  -2.6842972289387035E-012  (1.35394012960240851E-007,-2.80674098878304829E-019)  (-5.92546432681397159E-007,1.29895579877625285E-007)             (-0.49999850071728991,0.0000000000000000)
        1657        2000   724.21978014365595        1.0000000000026841        57.769674811155937       0.99999748531326826        2.5146894156867896E-006  -2.6840751843337785E-012 (-1.53029366282730245E-008,-2.82665234958263903E-018)   (2.37553753922491660E-007,1.33294426764286708E-007)             (-0.49999850071729024,0.0000000000000000)
        1658        2000   725.32209335544212        1.0000000000026799        73.405029035351745       0.99999748531326338        2.5146894156871378E-006  -2.6798563368402029E-012  (5.10246783349762228E-007,-6.76628005825690456E-018)   (9.79810418245706488E-007,1.04676859802911990E-007)             (-0.49999850071728780,0.0000000000000000)
        1659        2000   726.42440656722829        1.0000000000026736        90.340847994274355       0.99999748531326005        2.5146894156874698E-006  -2.6736390879023020E-012  (1.56454604266533438E-006,-3.94361096981341892E-018)   (1.45996609588370877E-006,4.36684723910016276E-008)             (-0.49999850071728613,0.0000000000000000)
        1660        2000   727.52671977901446        1.0000000000026781        108.31004370597273       0.99999748531326271        2.5146894156875731E-006  -2.6780799800008026E-012   (2.83701580454500795E-006,1.24530115275660642E-018)  (1.47660971380764502E-006,-3.54985508166839565E-008)             (-0.49999850071728746,0.0000000000000000)
        1661        2000   728.62903299080062        1.0000000000026703        127.02923121979697       0.99999748531325472        2.5146894156873322E-006  -2.6703084188284265E-012   (3.93439948446859579E-006,1.08539179191544338E-018)  (1.06707378991324617E-006,-9.19852121760442714E-008)             (-0.49999850071728347,0.0000000000000000)
        1662        2000   729.73134620258679        1.0000000000026663        146.20319776635165       0.99999748531324983        2.5146894156868045E-006  -2.6663116159397759E-012   (4.56256759024378679E-006,1.21669812050238970E-017)  (3.78378585528519157E-007,-1.33180643002678618E-007)             (-0.49999850071728102,0.0000000000000000)
        1663        2000   730.83365941437296        1.0000000000026643        165.52955843922570       0.99999748531324828        2.5146894156862725E-006  -2.6643132144954507E-012  (4.51956762871247307E-006,-6.84275213115346440E-019) (-4.80413912166291892E-007,-1.30671640489211275E-007)             (-0.49999850071728025,0.0000000000000000)
        1664        2000   731.93597262615913        1.0000000000026650        184.70352498560132       0.99999748531324961        2.5146894156859473E-006  -2.6649793483102258E-012  (3.81683286702546216E-006,-7.36259244568031633E-019) (-1.14664266179318285E-006,-8.37769686420829622E-008)             (-0.49999850071728091,0.0000000000000000)
        1665        2000   733.03828583794530        1.0000000000026632        203.42271249906796       0.99999748531324806        2.5146894156859663E-006  -2.6632029914708255E-012   (2.68930524751659428E-006,3.46116274427105811E-018) (-1.46634199815621059E-006,-2.07091454061020191E-008)             (-0.49999850071728014,0.0000000000000000)
        1666        2000   734.14059904973146        1.0000000000026679        221.39190821023769       0.99999748531325316        2.5146894156862149E-006  -2.6678659281742512E-012  (1.45683693924214938E-006,-7.14032917456353392E-018)  (-1.39006823666605781E-006,4.95841113545300752E-008)             (-0.49999850071728269,0.0000000000000000)
        1667        2000   735.24291226151763        1.0000000000026763        238.32772716846770       0.99999748531326160        2.5146894156865004E-006  -2.6763036231614024E-012   (4.77900264009585358E-007,1.39850609928659924E-018)  (-8.71135569504852995E-007,1.12596002925097256E-007)             (-0.49999850071728691,0.0000000000000000)
        1668        2000   736.34522547330380        1.0000000000026894        253.96308139181622       0.99999748531327382        2.5146894156867553E-006  -2.6894042548519792E-012   (6.40559234859701318E-008,3.31644656230970929E-018)  (-9.36318200236488520E-008,1.31371177922918522E-007)             (-0.49999850071729302,0.0000000000000000)
        1669        2000   737.44753868508997        1.0000000000026961        268.05139200407990       0.99999748531328025        2.5146894156870310E-006  -2.6960655929997301E-012  (3.17420003431778331E-007,-1.29584551919541878E-017)   (6.82389574550677719E-007,1.18026822732791196E-007)             (-0.49999850071729623,0.0000000000000000)
        1670        2000   738.54985189687613        1.0000000000026954        280.37047793094899       0.99999748531328070        2.5146894156874253E-006  -2.6953994591849550E-012   (1.16569049394866445E-006,1.35572021992210954E-019)   (1.27760971651443989E-006,6.89675868492466476E-008)             (-0.49999850071729646,0.0000000000000000)
        1671        2000   739.65216510866230        1.0000000000026958        290.72605982829197       0.99999748531327803        2.5146894156877209E-006  -2.6958435483948051E-012   (2.36315831389760247E-006,9.61295957175161105E-018)  (1.49233733976053322E-006,-2.15806388180374074E-009)             (-0.49999850071729512,0.0000000000000000)
        1672        2000   740.75447832044847        1.0000000000026936        298.95482398346525       0.99999748531327692        2.5146894156875227E-006  -2.6936231023455548E-012  (3.54855747437891373E-006,-5.33555035425595927E-018)  (1.24561603300681969E-006,-7.22476210382672556E-008)             (-0.49999850071729457,0.0000000000000000)
        1673        2000   741.85679153223464        1.0000000000026972        304.92699787011497       0.99999748531328203        2.5146894156866829E-006  -2.6971758160243553E-012   (4.37098020442247540E-006,4.50044053307531055E-019)  (6.58499882777837683E-007,-1.16180494849215027E-007)             (-0.49999850071729712,0.0000000000000000)
        1674        2000   742.95910474402081        1.0000000000027027        308.54839673844430       0.99999748531328625        2.5146894156855254E-006  -2.7027269311474811E-012  (4.60337934671926066E-006,-5.38890296142556297E-018) (-1.27776189537302793E-007,-1.32863449437139335E-007)             (-0.49999850071729923,0.0000000000000000)
        1675        2000   744.06141795580697        1.0000000000026947        309.76190896498190       0.99999748531328136        2.5146894156848271E-006  -2.6947333253701800E-012  (4.16629817471308631E-006,-2.25311034151600242E-018) (-8.84805809596513832E-007,-1.05593184202695081E-007)             (-0.49999850071729679,0.0000000000000000)
        1676        2000   745.16373116759314        1.0000000000027005        308.54839673699610       0.99999748531328136        2.5146894156851239E-006  -2.7005064850982308E-012  (3.19490973064749320E-006,-8.66598471584156523E-019) (-1.36612996452959358E-006,-4.61828932509789457E-008)             (-0.49999850071729679,0.0000000000000000)
        1677        2000   746.26604437937931        1.0000000000026961        304.92699786724103       0.99999748531328136        2.5146894156863085E-006  -2.6960655929997301E-012  (1.99024682336950768E-006,-7.93434270341919004E-018)  (-1.42323754670792644E-006,2.32521404273117076E-008)             (-0.49999850071729679,0.0000000000000000)
        1678        2000   747.36835759116548        1.0000000000027058        298.95482397921000       0.99999748531329002        2.5146894156875782E-006  -2.7058355556164315E-012  (9.02261785277332984E-007,-4.18848268421621893E-018)  (-1.09841854967581433E-006,8.51537732495990564E-008)             (-0.49999850071730112,0.0000000000000000)
        1679        2000   748.47067080295164        1.0000000000026998        290.72605982272205       0.99999748531328758        2.5146894156880805E-006  -2.6998403512834557E-012   (2.46945494394941484E-007,1.08292063524960655E-018)  (-4.15238121440522531E-007,1.27186075567317011E-007)             (-0.49999850071729990,0.0000000000000000)
        1680        2000   749.57298401473781        1.0000000000027038        280.37047792414995       0.99999748531328692        2.5146894156875685E-006  -2.7038371541721062E-012  (2.31530936018571081E-007,-1.60758949279167365E-018)   (3.73793488363990771E-007,1.24104950539021211E-007)             (-0.49999850071729957,0.0000000000000000)
        1681        2000   750.67529722652398        1.0000000000027061        268.05139199616167       0.99999748531329136        2.5146894156865546E-006  -2.7060576002213566E-012   (8.45870419184714885E-007,1.11798600591260266E-018)   (1.04943424013255343E-006,9.04036417897536691E-008)             (-0.49999850071730179,0.0000000000000000)
        1682        2000   751.77761043831015        1.0000000000027043        253.96308138290317       0.99999748531328714        2.5146894156857855E-006  -2.7042812433819563E-012   (1.91602017502931705E-006,5.58123538099943382E-018)   (1.42520861443029638E-006,2.69849345618371709E-008)             (-0.49999850071729968,0.0000000000000000)
        1683        2000   752.87992365009632        1.0000000000026987        238.32772715869922       0.99999748531328425        2.5146894156856588E-006  -2.6987301282588305E-012   (3.12131842680265923E-006,2.33038738738051299E-018)  (1.35777089534902409E-006,-4.63231362948300081E-008)             (-0.49999850071729823,0.0000000000000000)
        1684        2000   753.98223686188248        1.0000000000027054        221.39190819976716       0.99999748531328847        2.5146894156860697E-006  -2.7053914664065815E-012   (4.09567279089083577E-006,4.24700265739156119E-018)  (8.99830632510049354E-007,-9.63091796120163436E-008)             (-0.49999850071730034,0.0000000000000000)
        1685        2000   755.08455007366865        1.0000000000026961        203.42271248806691       0.99999748531328136        2.5146894156865351E-006  -2.6960655929997301E-012   (4.57963911326302158E-006,7.93556696288453535E-018)  (2.12777540405810521E-007,-1.29532877957656194E-007)             (-0.49999850071729679,0.0000000000000000)
        1686        2000   756.18686328545482        1.0000000000027012        184.70352497424051       0.99999748531328581        2.5146894156866812E-006  -2.7011726189130059E-012  (4.41033561230686220E-006,-9.63486122723782563E-018) (-6.08078301059721865E-007,-1.19552615521476196E-007)             (-0.49999850071729901,0.0000000000000000)
        1687        2000   757.28917649724099        1.0000000000027045        165.52955842768344       0.99999748531329047        2.5146894156864699E-006  -2.7045032879868813E-012   (3.63854079697837869E-006,9.20401189369274890E-019) (-1.17649139425074928E-006,-6.71396566029741551E-008)             (-0.49999850071730134,0.0000000000000000)
        1688        2000   758.39148970902716        1.0000000000027125        146.20319775480792       0.99999748531329669        2.5146894156861302E-006  -2.7124968937641825E-012   (2.52433040662945188E-006,1.29712215491227617E-017) (-1.40837335472725661E-006,-7.76212583033381059E-009)             (-0.49999850071730445,0.0000000000000000)
        1689        2000   759.49380292081332        1.0000000000027147        127.02923120843339       0.99999748531329979        2.5146894156859824E-006  -2.7147173398134328E-012  (1.37234110631658090E-006,-4.69255767892943199E-018)  (-1.25959710274524484E-006,6.00525412601601390E-008)             (-0.49999850071730600,0.0000000000000000)
        1690        2000   760.59611613259949        1.0000000000027300        108.31004369497093       0.99999748531331156        2.5146894156861832E-006  -2.7300384175532599E-012  (5.26015806315162511E-007,-3.57304913851892954E-019)  (-6.94765562066602639E-007,1.15277854888287338E-007)             (-0.49999850071731189,0.0000000000000000)
        1691        2000   761.69842934438566        1.0000000000027358        90.340847983806029       0.99999748531332089        2.5146894156865440E-006  -2.7358115772813107E-012  (2.57629914475079304E-007,-7.88719834764265792E-018)   (6.44807793663430988E-008,1.23139313164775145E-007)             (-0.49999850071731655,0.0000000000000000)
        1692        2000   762.80074255617183        1.0000000000027405        73.405029025584085       0.99999748531332555        2.5146894156867447E-006  -2.7404745139847364E-012  (6.16571786440506355E-007,-7.93548847956630786E-018)   (7.71343019848282761E-007,1.06953752701687897E-007)             (-0.49999850071731888,0.0000000000000000)
        1693        2000   763.90305576795799        1.0000000000027380        57.769674802241411       0.99999748531332311        2.5146894156867045E-006  -2.7380320233305611E-012  (1.51284947732244189E-006,-5.94495717671578720E-019)   (1.29791743068622820E-006,5.31854464753929132E-008)             (-0.49999850071731766,0.0000000000000000)
        1694        2000   765.00536897974416        1.0000000000027456        43.681364189989253       0.99999748531333177        2.5146894156864703E-006  -2.7455815398980121E-012   (2.67891877930464845E-006,2.98326498016719520E-019)  (1.39863015035800984E-006,-1.67925643859747163E-008)             (-0.49999850071732199,0.0000000000000000)
        1695        2000   766.10768219153033        1.0000000000027576        31.362278263131511       0.99999748531334043        2.5146894156862429E-006  -2.7575719485639638E-012  (3.76006193215218237E-006,-4.82797812891209694E-018)  (1.10050567825867469E-006,-7.75684809496701837E-008)             (-0.49999850071732632,0.0000000000000000)
        1696        2000   767.20999540331650        1.0000000000027458        21.006696365800639       0.99999748531333243        2.5146894156861277E-006  -2.7458035845029372E-012   (4.44970530772271543E-006,2.81514120406206110E-018)  (4.94340083812025501E-007,-1.17027578543238041E-007)             (-0.49999850071732233,0.0000000000000000)
        1697        2000   768.31230861510267        1.0000000000027451        12.777932210642000       0.99999748531333266        2.5146894156860544E-006  -2.7451374506881621E-012   (4.54563336059034050E-006,1.11588710635000537E-017) (-2.80051856239587166E-007,-1.25438700467093340E-007)             (-0.49999850071732244,0.0000000000000000)
        1698        2000   769.41462182688883        1.0000000000027520        6.8057583240080710       0.99999748531333710        2.5146894156858757E-006  -2.7520208334408380E-012  (4.01124124348770000E-006,-5.12993833152795041E-018) (-9.53452588622606720E-007,-8.86002714634668252E-008)             (-0.49999850071732466,0.0000000000000000)
        1699        2000   770.51693503867500        1.0000000000027520        3.1843594556947670       0.99999748531333621        2.5146894156856381E-006  -2.7520208334408380E-012  (3.02497996001932208E-006,-8.84383982825561514E-019) (-1.33748811010687774E-006,-3.43215817122455506E-008)             (-0.49999850071732421,0.0000000000000000)
        1700        2000   771.61924825046117        1.0000000000027509        1.9708472291742418       0.99999748531333510        2.5146894156855305E-006  -2.7509106104162129E-012   (1.86897421873937727E-006,6.53243734938091169E-018)  (-1.33464909904245373E-006,3.62325335841429951E-008)             (-0.49999850071732366,0.0000000000000000)
        1701        2000   772.72156146224734        1.0000000000027565        3.1843594571758529       0.99999748531334265        2.5146894156857351E-006  -2.7564617255393387E-012  (8.93257662194028072E-007,-3.91523826260497882E-018)  (-9.28609795491127543E-007,9.14133972200484363E-008)             (-0.49999850071732743,0.0000000000000000)
        1702        2000   773.82387467403350        1.0000000000027589        6.8057583269469522       0.99999748531334332        2.5146894156862806E-006  -2.7589042161935140E-012   (3.81875532822542757E-007,2.80046018700371167E-018)  (-2.53121317256355890E-007,1.22333483072021325E-007)             (-0.49999850071732777,0.0000000000000000)
        1703        2000   774.92618788581967        1.0000000000027613        12.777932214992386       0.99999748531334687        2.5146894156868413E-006  -2.7613467068476893E-012   (4.86813834588178237E-007,3.86273753614931183E-018)   (4.91436463662097272E-007,1.15080295607808562E-007)             (-0.49999850071732954,0.0000000000000000)
        1704        2000   776.02850109760584        1.0000000000027667        21.006696371494041       0.99999748531335042        2.5146894156870052E-006  -2.7666757773658901E-012  (1.17571969939084452E-006,-1.70696410784978936E-018)   (1.10524582424193465E-006,7.66197707637102037E-008)             (-0.49999850071733132,0.0000000000000000)
        1705        2000   777.13081430939201        1.0000000000027720        31.362278270078580       0.99999748531335686        2.5146894156865664E-006  -2.7720048478840909E-012  (2.24901880728595633E-006,-2.05179109631609038E-018)   (1.37214612618575093E-006,9.88014268183463129E-009)             (-0.49999850071733454,0.0000000000000000)
        1706        2000   778.23312752117818        1.0000000000027756        43.681364198079883       0.99999748531335930        2.5146894156857613E-006  -2.7755575615628914E-012  (3.37484183427509491E-006,-1.27977276673620123E-017)  (1.23354148409276520E-006,-5.28267492896804603E-008)             (-0.49999850071733576,0.0000000000000000)
        1707        2000   779.33544073296434        1.0000000000027769        57.769674811348679       0.99999748531336063        2.5146894156850710E-006  -2.7768898291924415E-012  (4.23231990213134400E-006,-4.96830867529738537E-019)  (7.46950412931014901E-007,-1.01543156949339633E-007)             (-0.49999850071733642,0.0000000000000000)
        1708        2000   780.43775394475051        1.0000000000027804        73.405029035564709       0.99999748531336241        2.5146894156849092E-006  -2.7804425428712420E-012  (4.57674024896524322E-006,-4.32939672468621815E-019)  (4.72994293419782300E-008,-1.23930692584906102E-007)             (-0.49999850071733731,0.0000000000000000)
        1709        2000   781.54006715653668        1.0000000000027713        90.340847994502965       0.99999748531335864        2.5146894156852336E-006  -2.7713387140693158E-012  (4.29409912710136359E-006,-5.43598832626130701E-018) (-7.06903983918988190E-007,-1.07176003122752482E-007)             (-0.49999850071733543,0.0000000000000000)
        1710        2000   782.64238036832285        1.0000000000027840        108.31004370621520       0.99999748531336619        2.5146894156856648E-006  -2.7839952565500425E-012  (3.47245714470938477E-006,-2.26825667756604868E-018) (-1.19188420061330187E-006,-5.28130211524938706E-008)             (-0.49999850071733920,0.0000000000000000)
        1711        2000   783.74469358010901        1.0000000000027840        127.02923122004908       0.99999748531336907        2.5146894156858211E-006  -2.7839952565500425E-012   (2.37995692903414222E-006,5.85883572228039293E-018)  (-1.34432189141658784E-006,4.92236065918805522E-009)             (-0.49999850071734064,0.0000000000000000)
        1712        2000   784.84700679189518        1.0000000000027855        146.20319776660870       0.99999748531337063        2.5146894156856500E-006  -2.7855495687845178E-012   (1.31535251834931052E-006,2.93158028580014634E-018)  (-1.11840434930197758E-006,6.95593254601011985E-008)             (-0.49999850071734142,0.0000000000000000)
        1713        2000   785.94932000368135        1.0000000000027851        165.52955843948379       0.99999748531336929        2.5146894156853967E-006  -2.7851054795746677E-012   (6.02071278823371738E-007,9.94798439217905231E-019)  (-5.32026933627973311E-007,1.14126318280906937E-007)             (-0.49999850071734075,0.0000000000000000)
        1714        2000   787.05163321546752        1.0000000000027853        184.70352498585777       0.99999748531337063        2.5146894156853531E-006  -2.7853275241795927E-012  (4.63488628478882070E-007,-2.25075319754092284E-018)   (2.05749552003561127E-007,1.16958495872419984E-007)             (-0.49999850071734142,0.0000000000000000)
        1715        2000   788.15394642725369        1.0000000000027849        203.42271249931747       0.99999748531337040        2.5146894156855661E-006  -2.7848834349697427E-012  (9.18680612814728025E-007,-2.79636053533131081E-018)   (8.49567182900210680E-007,9.37449469488811146E-008)             (-0.49999850071734131,0.0000000000000000)
        1716        2000   789.25625963903985        1.0000000000027882        221.39190821047515       0.99999748531337174        2.5146894156857571E-006  -2.7882141040436181E-012  (1.84630675355500801E-006,-8.65687236955291597E-019)   (1.29476982413708475E-006,3.89443140369038908E-008)             (-0.49999850071734198,0.0000000000000000)
        1717        2000   790.35857285082602        1.0000000000027922        238.32772716869300       0.99999748531337462        2.5146894156856885E-006  -2.7922109069322687E-012  (2.96984818769777973E-006,-8.98151621751919890E-018)  (1.29995619823542198E-006,-2.98324921435792745E-008)             (-0.49999850071734342,0.0000000000000000)
        1718        2000   791.46088606261219        1.0000000000027904        253.96308139202702       0.99999748531337462        2.5146894156852413E-006  -2.7904345500928684E-012   (3.94501022791457902E-006,9.26142404294463676E-018)  (9.58038162985838907E-007,-8.14213265839848171E-008)             (-0.49999850071734342,0.0000000000000000)
        1719        2000   792.56319927439836        1.0000000000027960        268.05139200426834       0.99999748531338284        2.5146894156846365E-006  -2.7959856652159942E-012  (4.50625893090308731E-006,-4.59002301455145747E-018)  (3.35221661200530018E-007,-1.17259497948328262E-007)             (-0.49999850071734753,0.0000000000000000)
        1720        2000   793.66551248618453        1.0000000000027955        280.37047793111657       0.99999748531338017        2.5146894156842511E-006  -2.7955415760061442E-012   (4.47518096880938270E-006,7.97837162022244038E-018) (-4.11856207897226573E-007,-1.15600945872846478E-007)             (-0.49999850071734619,0.0000000000000000)
        1721        2000   794.76782569797069        1.0000000000027975        290.72605982843413       0.99999748531338106        2.5146894156842723E-006  -2.7975399774504695E-012  (3.86232705544524610E-006,-6.02984440725956709E-019) (-1.00361794253389703E-006,-7.38341969851950928E-008)             (-0.49999850071734664,0.0000000000000000)
        1722        2000   795.87013890975686        1.0000000000028026        298.95482398357950       0.99999748531338573        2.5146894156845624E-006  -2.8026470033637452E-012   (2.87180882891596875E-006,1.59279041720613226E-018) (-1.29851701949974430E-006,-2.21860853303390592E-008)             (-0.49999850071734897,0.0000000000000000)
        1723        2000   796.97245212154303        1.0000000000028089        304.92699787020041       0.99999748531339416        2.5146894156848016E-006  -2.8088642523016460E-012   (1.77384171477404643E-006,1.28829074316942749E-017)  (-1.23815310909293636E-006,4.73169236500991086E-008)             (-0.49999850071735319,0.0000000000000000)
        1724        2000   798.07476533332920        1.0000000000028071        308.54839673849574       0.99999748531339372        2.5146894156847864E-006  -2.8070878954622458E-012  (9.12054607112621713E-007,-1.47332249468835540E-018)  (-7.60486109368718176E-007,9.63159749556541879E-008)             (-0.49999850071735297,0.0000000000000000)
        1725        2000   799.17707854511536        1.0000000000028169        309.76190896499980       0.99999748531340082        2.5146894156846437E-006  -2.8168578580789472E-012   (5.37791848663510269E-007,7.67366770726890178E-018)  (-1.07493972091021129E-007,1.15804314962868326E-007)             (-0.49999850071735652,0.0000000000000000)
        1726        2000   800.27939175690153        1.0000000000028211        308.54839673698348       0.99999748531340460        2.5146894156846737E-006  -2.8210767055725228E-012   (7.49476688046274907E-007,2.70365743924048252E-018)   (5.96947273528186468E-007,1.06694732968716639E-007)             (-0.49999850071735841,0.0000000000000000)
        1727        2000   801.38170496868770        1.0000000000028197        304.92699786719567       0.99999748531340438        2.5146894156849249E-006  -2.8197444379429726E-012  (1.50028416107059309E-006,-2.60666521519545719E-020)   (1.14022134103982741E-006,6.18553135637575788E-008)             (-0.49999850071735830,0.0000000000000000)
        1728        2000   802.48401818047387        1.0000000000028244        298.95482397913463       0.99999748531340860        2.5146894156851303E-006  -2.8244073746463982E-012  (2.56147809599670770E-006,-5.63043991743290290E-018)  (1.30834613117845818E-006,-4.62251396173585243E-009)             (-0.49999850071736041,0.0000000000000000)
        1729        2000   803.58633139226004        1.0000000000028162        290.72605982261933       0.99999748531340149        2.5146894156849240E-006  -2.8161917242641721E-012   (3.60327037406797585E-006,2.07839235985390155E-018)  (1.10636751182118796E-006,-5.84953304744576915E-008)             (-0.49999850071735685,0.0000000000000000)
        1730        2000   804.68864460404620        1.0000000000028215        280.37047792402268       0.99999748531340593        2.5146894156841541E-006  -2.8215207947823728E-012  (4.34524846763355362E-006,-5.60077495762663611E-019)  (6.02678346027634638E-007,-1.05185290511158329E-007)             (-0.49999850071735907,0.0000000000000000)
        1731        2000   805.79095781583237        1.0000000000028191        268.05139199601069       0.99999748531340349        2.5146894156831470E-006  -2.8190783041281975E-012  (4.55794086291428251E-006,-2.20331700339937482E-018) (-1.10951202793750370E-007,-1.17730624384279058E-007)             (-0.49999850071735785,0.0000000000000000)
        1732        2000   806.89327102761854        1.0000000000028180        253.96308138273477       0.99999748531340216        2.5146894156825058E-006  -2.8179680811035723E-012   (4.17433344964567765E-006,4.70625702262965234E-019) (-7.81464706914188402E-007,-9.33835345094214844E-008)             (-0.49999850071735719,0.0000000000000000)
        1733        2000   807.99558423940471        1.0000000000028140        238.32772715851053       0.99999748531339838        2.5146894156826163E-006  -2.8139712782149218E-012  (3.32024970077128646E-006,-1.30825006781129120E-019) (-1.19458630822807893E-006,-4.08455466075792227E-008)             (-0.49999850071735530,0.0000000000000000)
        1734        2000   809.09789745119087        1.0000000000028093        221.39190819956607       0.99999748531339350        2.5146894156834248E-006  -2.8093083415114961E-012   (2.25714803560163080E-006,2.08320451722880500E-017)  (-1.27198693786851371E-006,1.75151074827709871E-008)             (-0.49999850071735286,0.0000000000000000)
        1735        2000   810.20021066297704        1.0000000000028133        203.42271248784934       0.99999748531339816        2.5146894156844798E-006  -2.8133051444001467E-012   (1.28557338351086583E-006,3.20417665405171366E-018)  (-9.73851285036926300E-007,7.74040190029765786E-008)             (-0.49999850071735519,0.0000000000000000)
        1736        2000   811.30252387476321        1.0000000000028191        184.70352497401322       0.99999748531340282        2.5146894156851807E-006  -2.8190783041281975E-012  (7.02994692987021974E-007,-7.57886806447871012E-018)  (-3.78490596019498316E-007,1.10492313445048731E-007)             (-0.49999850071735752,0.0000000000000000)
        1737        2000   812.40483708654938        1.0000000000028184        165.52955842745027       0.99999748531340193        2.5146894156851549E-006  -2.8184121703134224E-012  (6.80262269081857373E-007,-3.41882905045667436E-018)   (3.26011749917990099E-007,1.11684144852689277E-007)             (-0.49999850071735708,0.0000000000000000)
        1738        2000   813.50715029833555        1.0000000000028217        146.20319775457577       0.99999748531340371        2.5146894156844201E-006  -2.8217428393872979E-012  (1.22118384934523710E-006,-1.13782433640628798E-018)   (9.23106217366928426E-007,7.97002218534756519E-008)             (-0.49999850071735796,0.0000000000000000)
        1739        2000   814.60946351012171        1.0000000000028151        127.02923120820576       0.99999748531339927        2.5146894156833541E-006  -2.8150815012395469E-012   (2.16589407229886115E-006,5.59821099054460921E-019)   (1.26307189043944738E-006,2.47484768034703775E-008)             (-0.49999850071735574,0.0000000000000000)
        1740        2000   815.71177672190788        1.0000000000028086        108.31004369474826       0.99999748531339461        2.5146894156824994E-006  -2.8086422076967210E-012  (3.23401934423648795E-006,-1.77363425695960071E-018)  (1.20306305303162999E-006,-3.92843198102265751E-008)             (-0.49999850071735341,0.0000000000000000)
        1741        2000   816.81408993369405        1.0000000000028104        90.340847983593889       0.99999748531339483        2.5146894156822085E-006  -2.8104185645361213E-012  (4.10615701285394737E-006,-1.27616971707782259E-018)  (8.16986977961095626E-007,-8.60452101420949861E-008)             (-0.49999850071735352,0.0000000000000000)
        1742        2000   817.91640314548022        1.0000000000028180        73.405029025385303       0.99999748531340282        2.5146894156824156E-006  -2.8179680811035723E-012   (4.54040362650543472E-006,7.67289083038120044E-018)  (1.80962675022856406E-007,-1.15295640618646891E-007)             (-0.49999850071735752,0.0000000000000000)
        1743        2000   819.01871635726638        1.0000000000028233        57.769674802059455       0.99999748531340638        2.5146894156828099E-006  -2.8232971516217731E-012  (4.39389905136577469E-006,-7.29227092333634192E-019) (-5.21392808326517921E-007,-1.04354878613899203E-007)             (-0.49999850071735930,0.0000000000000000)
        1744        2000   820.12102956905255        1.0000000000028217        43.681364189827057       0.99999748531340371        2.5146894156830381E-006  -2.8217428393872979E-012  (3.72023131768876269E-006,-1.46790541643095970E-018) (-1.03789377999865633E-006,-6.16994335952731141E-008)             (-0.49999850071735796,0.0000000000000000)
        1745        2000   821.22334278083872        1.0000000000028137        31.362278262991651       0.99999748531339883        2.5146894156830280E-006  -2.8137492336099967E-012  (2.73238237545707549E-006,-6.16784031291753400E-018) (-1.25483880937500319E-006,-8.82131385990444228E-009)             (-0.49999850071735552,0.0000000000000000)
        1746        2000   822.32565599262489        1.0000000000028104        21.006696365685205       0.99999748531339661        2.5146894156830178E-006  -2.8104185645361213E-012  (1.70290922491290060E-006,-9.44106955708925978E-018)  (-1.12553412059910721E-006,5.59398177092821243E-008)             (-0.49999850071735441,0.0000000000000000)
        1747        2000   823.42796920441106        1.0000000000028102        12.777932210552963       0.99999748531339905        2.5146894156832444E-006  -2.8101965199311962E-012   (9.54887736404045028E-007,2.57128471208796656E-019)  (-6.06865163036612057E-007,9.94086587239089697E-008)             (-0.49999850071735563,0.0000000000000000)
        1748        2000   824.53028241619722        1.0000000000028173        6.8057583239469430       0.99999748531340038        2.5146894156836518E-006  -2.8173019472887972E-012  (7.07968223206026436E-007,-1.85091159972144554E-018)   (3.02083970468015340E-008,1.09119745890673714E-007)             (-0.49999850071735630,0.0000000000000000)
        1749        2000   825.63259562798339        1.0000000000028213        3.1843594556625621       0.99999748531340527        2.5146894156838237E-006  -2.8212987501774478E-012   (1.01577884554549250E-006,5.59460223661492818E-018)   (6.85823934362243129E-007,9.75035804890416943E-008)             (-0.49999850071735874,0.0000000000000000)
        1750        2000   826.73490883976956        1.0000000000028244        1.9708472291716508       0.99999748531341126        2.5146894156833282E-006  -2.8244073746463982E-012   (1.81381325662693347E-006,4.98620807981305875E-019)   (1.15734097291218343E-006,4.71742329858243818E-008)             (-0.49999850071736174,0.0000000000000000)
        1751        2000   827.83722205155573        1.0000000000028273        3.1843594572030063       0.99999748531341215        2.5146894156821814E-006  -2.8272939545104236E-012  (2.84979393859492677E-006,-1.33071183905788588E-017)  (1.23450957856868925E-006,-1.66497273074798015E-008)             (-0.49999850071736218,0.0000000000000000)
        1752        2000   828.93953526334190        1.0000000000028315        6.8057583270035229       0.99999748531341703        2.5146894156809964E-006  -2.8315128020039992E-012   (3.80535887653149785E-006,3.19993560313928454E-018)  (9.81370211746613463E-007,-6.41496915469011619E-008)             (-0.49999850071736462,0.0000000000000000)
        1753        2000   830.04184847512806        1.0000000000028353        12.777932215077614       0.99999748531341903        2.5146894156804864E-006  -2.8352875602877248E-012   (4.43188502531335060E-006,5.62832688303259322E-018)  (4.59236991541503258E-007,-1.06870230939259129E-007)             (-0.49999850071736562,0.0000000000000000)
        1754        2000   831.14416168691423        1.0000000000028320        21.006696371606594       0.99999748531341837        2.5146894156809887E-006  -2.8319568912138493E-012   (4.52142149283582846E-006,4.10813965136239470E-018) (-2.52079034972102081E-007,-1.10702577735715900E-007)             (-0.49999850071736529,0.0000000000000000)
        1755        2000   832.24647489870040        1.0000000000028408        31.362278270216528       0.99999748531342236        2.5146894156821140E-006  -2.8408386754108506E-012   (4.05097779530059407E-006,3.04201907434155157E-019) (-8.38705493059735444E-007,-7.94316690189200524E-008)             (-0.49999850071736729,0.0000000000000000)
        1756        2000   833.34878811048657        1.0000000000028428        43.681364198241688       0.99999748531342814        2.5146894156830669E-006  -2.8428370768551758E-012   (3.17830860262369682E-006,8.10366243658312524E-018) (-1.18460925934023945E-006,-3.04503896380807979E-008)             (-0.49999850071737018,0.0000000000000000)
        1757        2000   834.45110132227273        1.0000000000028406        57.769674811531132       0.99999748531342436        2.5146894156832562E-006  -2.8406166308059255E-012  (2.15231292491932001E-006,-1.23223352458361776E-017)  (-1.19160667402827461E-006,3.00889530532500966E-008)             (-0.49999850071736829,0.0000000000000000)
        1758        2000   835.55341453405890        1.0000000000028373        73.405029035765210       0.99999748531342303        2.5146894156827506E-006  -2.8372859617320501E-012  (1.27928332561525990E-006,-1.11511047665285745E-018)  (-8.28051789915668329E-007,8.25031250361075168E-008)             (-0.49999850071736762,0.0000000000000000)
        1759        2000   836.65572774584507        1.0000000000028459        90.340847994719113       0.99999748531342703        2.5146894156820297E-006  -2.8459457013241263E-012  (8.21205476772400907E-007,-9.10851717986756206E-019)  (-2.37599498945591784E-007,1.06585970396490401E-007)             (-0.49999850071736962,0.0000000000000000)
        1760        2000   837.75804095763124        1.0000000000028508        108.31004370644143       0.99999748531343613        2.5146894156814800E-006  -2.8508306826324770E-012   (9.04902328056291041E-007,9.06179919124777658E-018)   (4.34707520739805892E-007,1.05546719814783185E-007)             (-0.49999850071737417,0.0000000000000000)
        1761        2000   838.86035416941741        1.0000000000028477        127.02923122028143       0.99999748531343324        2.5146894156811509E-006  -2.8477220581635265E-012   (1.51897136669101804E-006,5.61791931590396180E-020)   (9.80614216239123209E-007,6.57965964842939401E-008)             (-0.49999850071737273,0.0000000000000000)
        1762        2000   839.96266738120357        1.0000000000028499        146.20319776684653       0.99999748531343458        2.5146894156808562E-006  -2.8499425042127768E-012   (2.46771628362826296E-006,1.25975147416811516E-017)   (1.21502039150401295E-006,1.10529196281957753E-008)             (-0.49999850071737340,0.0000000000000000)
        1763        2000   841.06498059298974        1.0000000000028493        165.52955843972407       0.99999748531343302        2.5146894156805063E-006  -2.8492763703980017E-012  (3.47136806932068627E-006,-7.93235042662858931E-018)  (1.10405486828246846E-006,-4.59952230698742534E-008)             (-0.49999850071737262,0.0000000000000000)
        1764        2000   842.16729380477591        1.0000000000028504        184.70352498609233       0.99999748531343369        2.5146894156802349E-006  -2.8503865934226269E-012  (4.24316377496407297E-006,-2.79123347825132213E-019)  (6.80481891661823204E-007,-9.09537621629154106E-008)             (-0.49999850071737295,0.0000000000000000)
        1765        2000   843.26960701656208        1.0000000000028402        203.42271249954689       0.99999748531342525        2.5146894156802616E-006  -2.8401725415960755E-012  (4.55389168288123173E-006,-5.98048178597143706E-018)  (3.28521209216739477E-008,-1.11207096594631358E-007)             (-0.49999850071736873,0.0000000000000000)
        1766        2000   844.37192022834824        1.0000000000028419        221.39190821069420       0.99999748531342725        2.5146894156806512E-006  -2.8419488984354757E-012  (4.30464361089832657E-006,-2.02681366656681941E-018) (-6.09681313582585597E-007,-9.26113799632068574E-008)             (-0.49999850071736973,0.0000000000000000)
        1767        2000   845.47423344013441        1.0000000000028297        238.32772716889792       0.99999748531341814        2.5146894156812695E-006  -2.8297364451645990E-012  (3.58582497216057669E-006,-9.59160752664041985E-019) (-1.05787803054253349E-006,-5.10360590915104388E-008)             (-0.49999850071736518,0.0000000000000000)
        1768        2000   846.57654665192058        1.0000000000028304        253.96308139221426       0.99999748531341415        2.5146894156817519E-006  -2.8304025789793741E-012  (2.60926511429873034E-006,-6.11750461150291371E-018)  (-1.20529042844082679E-006,4.52883699905924141E-009)             (-0.49999850071736318,0.0000000000000000)
        1769        2000   847.67885986370675        1.0000000000028237        268.05139200443904       0.99999748531340815        2.5146894156817011E-006  -2.8237412408316231E-012   (1.65666513466696274E-006,5.55667037397902629E-018)  (-9.99513033835926518E-007,6.33429548444793733E-008)             (-0.49999850071736018,0.0000000000000000)
        1770        2000   848.78117307549292        1.0000000000028204        280.37047793126618       0.99999748531340593        2.5146894156810108E-006  -2.8204105717577477E-012  (1.02360956094375838E-006,-3.78468947409236814E-018)  (-4.67221058953347861E-007,9.92978134631299051E-008)             (-0.49999850071735907,0.0000000000000000)
        1771        2000   849.88348628727908        1.0000000000028266        290.72605982856078       0.99999748531341304        2.5146894156799227E-006  -2.8266278206956486E-012  (8.91578555737551920E-007,-1.35617958177582336E-017)   (1.57103312191736384E-007,1.04260521957073068E-007)             (-0.49999850071736263,0.0000000000000000)
        1772        2000   850.98579949906525        1.0000000000028377        298.95482398368381       0.99999748531342170        2.5146894156789461E-006  -2.8377300509419001E-012  (1.28903138405299185E-006,-3.94778070006158146E-018)   (7.65080300265326819E-007,8.60542211628539212E-008)             (-0.49999850071736696,0.0000000000000000)
        1773        2000   852.08811271085142        1.0000000000028384        304.92699787028317       0.99999748531342347        2.5146894156785374E-006  -2.8383961847566752E-012   (2.11896044468067783E-006,3.89560487952188555E-018)   (1.15085434594715536E-006,3.36333284306676414E-008)             (-0.49999850071736784,0.0000000000000000)
        1774        2000   853.19042592263759        1.0000000000028482        308.54839673855474       0.99999748531343169        2.5146894156787610E-006  -2.8481661473733766E-012   (3.11918819702573116E-006,1.17573244566039028E-017)  (1.15936270855185753E-006,-2.62673632730523759E-008)             (-0.49999850071737195,0.0000000000000000)
        1775        2000   854.29273913442375        1.0000000000028488        309.76190896503107       0.99999748531343435        2.5146894156793671E-006  -2.8488322811881517E-012   (3.98918488539318928E-006,3.38445229190534264E-018)  (8.56346109877392973E-007,-7.04063845796568250E-008)             (-0.49999850071737328,0.0000000000000000)
        1776        2000   855.39505234620992        1.0000000000028559        308.54839673698558       0.99999748531343990        2.5146894156799524E-006  -2.8559377085457527E-012   (4.49943063593782124E-006,9.52457980258699445E-018)  (3.15755976390177182E-007,-1.05960393454960640E-007)             (-0.49999850071737606,0.0000000000000000)
        1777        2000   856.49736555799609        1.0000000000028557        304.92699786717043       0.99999748531344101        2.5146894156801747E-006  -2.8557156639408277E-012  (4.47680977351063280E-006,-1.62294993276120484E-017) (-3.69041353152415438E-007,-1.02631917907289196E-007)             (-0.49999850071737661,0.0000000000000000)
        1778        2000   857.59967876978226        1.0000000000028595        298.95482397908114       0.99999748531344235        2.5146894156799545E-006  -2.8594904222245532E-012   (3.93535582692082911E-006,3.10389359266652584E-018) (-8.85499472830938923E-007,-6.70914708007548383E-008)             (-0.49999850071737728,0.0000000000000000)
        1779        2000   858.70199198156843        1.0000000000028548        290.72605982253651       0.99999748531343857        2.5146894156794344E-006  -2.8548274855211275E-012   (3.05314123834425401E-006,2.31010542186667205E-018) (-1.16182832485636246E-006,-1.92144859406973625E-008)             (-0.49999850071737539,0.0000000000000000)
        1780        2000   859.80430519335459        1.0000000000028595        280.37047792391263       0.99999748531344368        2.5146894156788580E-006  -2.8594904222245532E-012  (2.07549347635894749E-006,-8.46506039066530657E-018)  (-1.10108604271427801E-006,4.05151582617929626E-008)             (-0.49999850071737795,0.0000000000000000)
        1781        2000   860.90661840514076        1.0000000000028701        268.05139199587313       0.99999748531345412        2.5146894156783739E-006  -2.8701485632609547E-012   (1.30261235782089061E-006,1.43658588197751138E-018)  (-6.87680935675667360E-007,8.62642592130690837E-008)             (-0.49999850071738317,0.0000000000000000)
        1782        2000   862.00893161692693        1.0000000000028690        253.96308138257069       0.99999748531345301        2.5146894156779915E-006  -2.8690383402363295E-012  (9.63300735993442774E-007,-4.68432785126100874E-019)  (-1.04945804398312687E-007,1.02138902418116348E-007)             (-0.49999850071738261,0.0000000000000000)
        1783        2000   863.11124482871310        1.0000000000028706        238.32772715832499       0.99999748531345478        2.5146894156777179E-006  -2.8705926524708048E-012  (1.14475226968345204E-006,-9.36630857293043614E-018)   (5.31003909924917066E-007,9.84605098543935739E-008)             (-0.49999850071738350,0.0000000000000000)
        1784        2000   864.21355804049927        1.0000000000028704        221.39190819936110       0.99999748531345678        2.5146894156775498E-006  -2.8703706078658797E-012   (1.81858498636219955E-006,7.06215462078465383E-020)   (1.01936774535405652E-006,5.19463651298849532E-008)             (-0.49999850071738450,0.0000000000000000)
        1785        2000   865.31587125228543        1.0000000000028797        203.42271248762881       0.99999748531346522        2.5146894156776226E-006  -2.8796964812727310E-012   (2.75840301256710428E-006,6.80812527626623356E-018)  (1.15630751167381395E-006,-9.52487806781579049E-010)             (-0.49999850071738872,0.0000000000000000)
        1786        2000   866.41818446407160        1.0000000000028850        184.70352497378175       0.99999748531347232        2.5146894156779877E-006  -2.8850255517909318E-012   (3.69259842759655803E-006,1.76811857447436172E-018)  (1.00354567991269749E-006,-5.17519958670300659E-008)             (-0.49999850071739227,0.0000000000000000)
        1787        2000   867.52049767585777        1.0000000000028963        165.52955842721281       0.99999748531348209        2.5146894156784099E-006  -2.8963498266421084E-012   (4.36407429416467972E-006,6.34188587850115738E-019)  (5.45889492552635777E-007,-9.48672302544678869E-008)             (-0.49999850071739715,0.0000000000000000)
        1788        2000   868.62281088764394        1.0000000000028948        146.20319775433430       0.99999748531347987        2.5146894156784989E-006  -2.8947955144076332E-012   (4.55629257074333393E-006,6.01072908041066785E-018) (-1.04975209443091050E-007,-1.05600475563620668E-007)             (-0.49999850071739604,0.0000000000000000)
        1789        2000   869.72512409943010        1.0000000000028966        127.02923120796554       0.99999748531348320        2.5146894156779555E-006  -2.8965718712470334E-012  (4.21656852473223220E-006,-3.74071071914516113E-018) (-6.79733691991095631E-007,-8.07611029243114461E-008)             (-0.49999850071739771,0.0000000000000000)
        1790        2000   870.82743731121627        1.0000000000028963        108.31004369451546       0.99999748531347787        2.5146894156769463E-006  -2.8963498266421084E-012   (3.46513842714162754E-006,7.12357979064656124E-020) (-1.06724409395996117E-006,-4.13474994415053324E-008)             (-0.49999850071739504,0.0000000000000000)
        1791        2000   871.92975052300244        1.0000000000028912        90.340847983370594       0.99999748531347765        2.5146894156760425E-006  -2.8912428007288327E-012  (2.50803779389993454E-006,-7.89749447484323820E-018)  (-1.14534806670070308E-006,1.78369007658045662E-008)             (-0.49999850071739493,0.0000000000000000)
        1792        2000   873.03206373478861        1.0000000000028950        73.405029025175750       0.99999748531348143        2.5146894156757735E-006  -2.8950175590125582E-012  (1.63890773943359331E-006,-1.34947270104665482E-017)  (-8.69724180545257717E-007,6.84574607178499307E-008)             (-0.49999850071739682,0.0000000000000000)
        1793        2000   874.13437694657478        1.0000000000029030        57.769674801866536       0.99999748531348520        2.5146894156762093E-006  -2.9030111647898593E-012  (1.11667819319794019E-006,-3.08442316504181612E-018)  (-3.39067504992813012E-007,9.81398191292829523E-008)             (-0.49999850071739871,0.0000000000000000)
        1794        2000   875.23669015836094        1.0000000000029001        43.681364189654730       0.99999748531348476        2.5146894156768658E-006  -2.9001245849258339E-012  (1.08952650393790879E-006,-1.28093040692899536E-018)   (2.73189919498581378E-007,9.93733392822268233E-008)             (-0.49999850071739849,0.0000000000000000)
        1795        2000   876.33900337014711        1.0000000000029028        31.362278262843031       0.99999748531348853        2.5146894156772156E-006  -2.9027891201849343E-012  (1.56611060796426862E-006,-1.16989436787431235E-018)   (8.31351020738973656E-007,7.38247924909283989E-008)             (-0.49999850071740037,0.0000000000000000)
        1796        2000   877.44131658193328        1.0000000000029050        21.006696365562608       0.99999748531348964        2.5146894156769137E-006  -2.9050095662341846E-012   (2.41345844381592310E-006,8.02774930742958839E-019)   (1.12465942748026842E-006,2.06718223433524691E-008)             (-0.49999850071740093,0.0000000000000000)
        1797        2000   878.54362979371945        1.0000000000029077        12.777932210458466       0.99999748531349164        2.5146894156761577E-006  -2.9076741014932850E-012  (3.36689345423824377E-006,-6.17345995593503237E-018)  (1.08139250055374762E-006,-3.34195269555835003E-008)             (-0.49999850071740193,0.0000000000000000)
        1798        2000   879.64594300550561        1.0000000000029003        6.8057583238819124       0.99999748531348698        2.5146894156754500E-006  -2.9003466295307589E-012   (4.15090783223687866E-006,2.26718907060588573E-018)  (7.31199235443488518E-007,-7.72055903571922370E-008)             (-0.49999850071739960,0.0000000000000000)
        1799        2000   880.74825621729178        1.0000000000029008        3.1843594556283037       0.99999748531348565        2.5146894156751722E-006  -2.9007907187406090E-012   (4.54376819476681982E-006,2.09299998254567674E-017)  (1.74245512903741817E-007,-1.02485678687490035E-007)             (-0.49999850071739893,0.0000000000000000)
        1800        2000   881.85056942907795        1.0000000000029015        1.9708472291687804       0.99999748531348587        2.5146894156753039E-006  -2.9014568525553841E-012   (4.41916642288135508E-006,7.62797194531005258E-018) (-4.64549867070076897E-007,-9.39625856280741586E-008)             (-0.49999850071739904,0.0000000000000000)
        1801        2000   882.95288264086412        1.0000000000029039        3.1843594572316793       0.99999748531348653        2.5146894156754525E-006  -2.9038993432095594E-012  (3.82007238698912321E-006,-5.54007872282058335E-019) (-9.22155872529481091E-007,-5.64008341174115877E-008)             (-0.49999850071739937,0.0000000000000000)
        1802        2000   884.05519585265029        1.0000000000028975        6.8057583270633808       0.99999748531347965        2.5146894156753039E-006  -2.8974600496667335E-012  (2.93428242763793302E-006,-1.35667078663992655E-017) (-1.13212165298145974E-006,-7.16987963414005620E-009)             (-0.49999850071739593,0.0000000000000000)
        1803        2000   885.15750906443645        1.0000000000029001        12.777932215167786       0.99999748531348409        2.5146894156748507E-006  -2.9001245849258339E-012  (2.01396994253670520E-006,-6.34663189280256016E-018)  (-9.96415843404537092E-007,4.92006806702434355E-008)             (-0.49999850071739815,0.0000000000000000)
        1804        2000   886.25982227622262        1.0000000000028937        21.006696371725784       0.99999748531347898        2.5146894156743611E-006  -2.8936852913830080E-012  (1.34142135612451506E-006,-7.29972489775088047E-020)  (-5.60909867814261883E-007,8.75700840847565350E-008)             (-0.49999850071739560,0.0000000000000000)
        1805        2000   887.36213548800879        1.0000000000028972        31.362278270362818       0.99999748531348187        2.5146894156741629E-006  -2.8972380050618085E-012  (1.11042781267828352E-006,-5.39390366734265395E-018)   (2.23011213058460820E-008,9.90589872886783506E-008)             (-0.49999850071739704,0.0000000000000000)
        1806        2000   888.46444869979496        1.0000000000029021        43.681364198412744       0.99999748531348720        2.5146894156743145E-006  -2.9021229863701592E-012   (1.38312976492124205E-006,1.93778672911638291E-018)   (6.14071399976086025E-007,8.85413513692655366E-008)             (-0.49999850071739971,0.0000000000000000)
        1807        2000   889.56676191158112        1.0000000000029072        57.769674811724940       0.99999748531349364        2.5146894156745873E-006  -2.9072300122834349E-012  (2.09902712285847346E-006,-7.86525740027286818E-020)   (1.03569249755120445E-006,3.97876897022370412E-008)             (-0.49999850071740293,0.0000000000000000)
        1808        2000   890.66907512336729        1.0000000000029050        73.405029035978743       0.99999748531349186        2.5146894156747334E-006  -2.9050095662341846E-012   (3.01893566330862693E-006,5.63381998633058153E-018)  (1.09420902790684392E-006,-1.15474155484173190E-008)             (-0.49999850071740204,0.0000000000000000)
        1809        2000   891.77138833515346        1.0000000000029059        90.340847994947580       0.99999748531349120        2.5146894156745593E-006  -2.9058977446538847E-012  (3.88026794163871239E-006,-8.68018381861585539E-019)  (8.99213836435126233E-007,-5.76438441382308865E-008)             (-0.49999850071740171,0.0000000000000000)
        1810        2000   892.87370154693963        1.0000000000029123        108.31004370668377       0.99999748531349697        2.5146894156740181E-006  -2.9123370381967106E-012   (4.44824626569225593E-006,3.67975137802780445E-018)  (4.10167577141300896E-007,-9.65936489911969539E-008)             (-0.49999850071740459,0.0000000000000000)
        1811        2000   893.97601475872580        1.0000000000029075        127.02923122053267       0.99999748531349186        2.5146894156732570E-006  -2.9074520568883599E-012  (4.52932756067675392E-006,-6.83798295008818731E-018) (-2.24230953276696447E-007,-9.91417323073521874E-008)             (-0.49999850071740204,0.0000000000000000)
        1812        2000   895.07832797051196        1.0000000000029075        146.20319776710278       0.99999748531349253        2.5146894156724964E-006  -2.9074520568883599E-012   (4.11085539572342287E-006,1.75015061111067219E-018) (-7.41208113752551387E-007,-6.95580763985169357E-008)             (-0.49999850071740237,0.0000000000000000)
        1813        2000   896.18064118229813        1.0000000000029117        165.52955843998060       0.99999748531349675        2.5146894156719890E-006  -2.9116709043819355E-012  (3.33628367651572766E-006,-2.45457931179652193E-019) (-1.06070050962957302E-006,-3.12384110462876111E-008)             (-0.49999850071740448,0.0000000000000000)
        1814        2000   897.28295439408430        1.0000000000029119        184.70352498634830       0.99999748531349963        2.5146894156719818E-006  -2.9118929489868606E-012  (2.40906493634094920E-006,-8.97889368184964735E-018)  (-1.07844350637750265E-006,2.93630843818670066E-008)             (-0.49999850071740592,0.0000000000000000)
        1815        2000   898.38526760587047        1.0000000000029110        203.42271249979456       0.99999748531349586        2.5146894156724913E-006  -2.9110047705671604E-012  (1.62602189624227979E-006,-8.65164154051859260E-019)  (-7.39107206674265472E-007,7.23682968309719105E-008)             (-0.49999850071740404,0.0000000000000000)
        1816        2000   899.48758081765664        1.0000000000029112        221.39190821093274       0.99999748531349897        2.5146894156732756E-006  -2.9112268151720855E-012   (1.21066812664741280E-006,2.23897433483235150E-018)  (-2.21315281333142750E-007,9.60203515577431228E-008)             (-0.49999850071740559,0.0000000000000000)
        1817        2000   900.58989402944280        1.0000000000029101        238.32772716912160       0.99999748531349830        2.5146894156738859E-006  -2.9101165921474603E-012  (1.28022575099353181E-006,-2.36693387158051247E-018)   (3.81618551782293991E-007,9.40435944190865587E-008)             (-0.49999850071740526,0.0000000000000000)
        1818        2000   901.69220724122897        1.0000000000029137        253.96308139242248       0.99999748531349830        2.5146894156738830E-006  -2.9136693058262608E-012   (1.82519611832086202E-006,1.11932951801060402E-018)   (8.79497977791345905E-007,6.09691043402344753E-008)             (-0.49999850071740526,0.0000000000000000)
        1819        2000   902.79452045301514        1.0000000000029174        268.05139200462702       0.99999748531350252        2.5146894156731126E-006  -2.9174440641099864E-012   (2.67690663185419055E-006,2.80977717198434488E-018)   (1.08708485765708047E-006,8.99737125347718058E-009)             (-0.49999850071740737,0.0000000000000000)
        1820        2000   903.89683366480131        1.0000000000029228        280.37047793142773       0.99999748531350807        2.5146894156717641E-006  -2.9227731346281871E-012  (3.57679035623850326E-006,-1.86093238652597340E-019)  (9.98726451641002123E-007,-3.92476785144320586E-008)             (-0.49999850071741014,0.0000000000000000)
        1821        2000   904.99914687658747        1.0000000000029226        290.72605982869544       0.99999748531350763        2.5146894156704343E-006  -2.9225510900232621E-012  (4.27463058062281240E-006,-1.10005277820839474E-019)  (6.08771500063783652E-007,-8.36289202278841178E-008)             (-0.49999850071740992,0.0000000000000000)
        1822        2000   906.10146008837364        1.0000000000029241        298.95482398378664       0.99999748531350852        2.5146894156697270E-006  -2.9241054022577373E-012  (4.55302226499579115E-006,-1.47432781785882296E-018)  (3.79667691957119132E-008,-9.68800133328400999E-008)             (-0.49999850071741037,0.0000000000000000)
        1823        2000   907.20377330015981        1.0000000000029250        304.92699787035087       0.99999748531351407        2.5146894156699328E-006  -2.9249935806774374E-012  (4.33910289342770664E-006,-1.93875457273366331E-017) (-5.38472986426246629E-007,-8.55583685825580556E-008)             (-0.49999850071741314,0.0000000000000000)
        1824        2000   908.30608651194598        1.0000000000029377        308.54839673859044       0.99999748531352317        2.5146894156708713E-006  -2.9376501231581642E-012  (3.69472784124434577E-006,-6.31536022523589470E-020) (-9.52182865952917317E-007,-4.62751161591323442E-008)             (-0.49999850071741769,0.0000000000000000)
        1825        2000   909.40839972373215        1.0000000000029399        309.76190896503289       0.99999748531352339        2.5146894156719018E-006  -2.9398705692074145E-012   (2.81497495361744110E-006,7.97365239079157565E-018)  (-1.08764597690988162E-006,4.88824589726703526E-009)             (-0.49999850071741780,0.0000000000000000)
        1826        2000   910.51071293551831        1.0000000000029396        308.54839673695847       0.99999748531352317        2.5146894156724362E-006  -2.9396485246024895E-012  (1.96155628120489188E-006,-3.70668225682680640E-018)  (-8.85990608318736900E-007,5.61692191537399063E-008)             (-0.49999850071741769,0.0000000000000000)
        1827        2000   911.61302614730448        1.0000000000029405        304.92699786711637       0.99999748531352362        2.5146894156722283E-006  -2.9405367030221896E-012   (1.39014905620974368E-006,5.15997671305859047E-019)  (-4.40452281114609612E-007,8.70324323394312087E-008)             (-0.49999850071741792,0.0000000000000000)
        1828        2000   912.71533935909065        1.0000000000029450        298.95482397899633       0.99999748531353050        2.5146894156715062E-006  -2.9449775951206902E-012  (1.26027907562498182E-006,-1.17664532382562121E-017)   (1.40397304129068208E-007,9.67740916093283735E-008)             (-0.49999850071742136,0.0000000000000000)
        1829        2000   913.81765257087682        1.0000000000029510        290.72605982242266       0.99999748531353272        2.5146894156706426E-006  -2.9509727994536661E-012  (1.61894597063428683E-006,-5.85749815922922105E-018)   (6.88522722905647840E-007,7.64359000976815119E-008)             (-0.49999850071742247,0.0000000000000000)
        1830        2000   914.91996578266298        1.0000000000029476        280.37047792377570       0.99999748531353339        2.5146894156699701E-006  -2.9476421303797906E-012  (2.36323556944415427E-006,-2.81774476633735186E-018)   (1.03058124861406954E-006,2.92956672127901044E-008)             (-0.49999850071742280,0.0000000000000000)
        1831        2000   916.02227899444915        1.0000000000029554        268.05139199571340       0.99999748531354027        2.5146894156695233E-006  -2.9554136915521667E-012  (3.25648644335842255E-006,-3.41898569108538709E-018)  (1.03433254232625071E-006,-2.09569477591403551E-008)             (-0.49999850071742624,0.0000000000000000)
        1832        2000   917.12459220623532        1.0000000000029596        253.96308138239181       0.99999748531354227        2.5146894156692090E-006  -2.9596325390457423E-012   (4.04488539571019952E-006,1.91200859341863211E-018)  (7.90487863073723428E-007,-6.35478585626519142E-008)             (-0.49999850071742724,0.0000000000000000)
        1833        2000   918.22690541802149        1.0000000000029596        238.32772715812899       0.99999748531354427        2.5146894156689219E-006  -2.9596325390457423E-012  (4.50949905138700155E-006,-2.23641546214961949E-018)  (2.77311542639482950E-007,-9.63155217501413082E-008)             (-0.49999850071742824,0.0000000000000000)
        1834        2000   919.32921862980766        1.0000000000029581        221.39190819915399       0.99999748531354338        2.5146894156688351E-006  -2.9580782268112671E-012   (4.48997724909628832E-006,7.97774188947418985E-018) (-3.22783248861705793E-007,-9.12535338040155629E-008)             (-0.49999850071742780,0.0000000000000000)
        1835        2000   920.43153184159382        1.0000000000029634        203.42271248741190       0.99999748531354737        2.5146894156691608E-006  -2.9634072973294678E-012   (4.00879220601607621E-006,4.09716866539922263E-018) (-7.92319923124064786E-007,-6.05973416639874625E-008)             (-0.49999850071742979,0.0000000000000000)
        1836        2000   921.53384505337999        1.0000000000029645        184.70352497355751       0.99999748531354693        2.5146894156699477E-006  -2.9645175203540930E-012  (3.21923047255148708E-006,-5.21063788511301079E-018) (-1.04205579709312937E-006,-1.90189244419161290E-008)             (-0.49999850071742957,0.0000000000000000)
        1837        2000   922.63615826516616        1.0000000000029667        165.52955842698344       0.99999748531355004        2.5146894156708476E-006  -2.9667379664033433E-012  (2.33699584954351553E-006,-7.63685201931536722E-018)  (-9.96919053441084058E-007,3.74110146447964736E-008)             (-0.49999850071743113,0.0000000000000000)
        1838        2000   923.73847147695233        1.0000000000029654        146.20319775410391       0.99999748531355226        2.5146894156712351E-006  -2.9654056987737931E-012   (1.64150755071207407E-006,1.40047935656737521E-018)  (-6.17610927666408846E-007,7.59169996506980956E-008)             (-0.49999850071743224,0.0000000000000000)
        1839        2000   924.84078468873849        1.0000000000029707        127.02923120773826       0.99999748531355448        2.5146894156706223E-006  -2.9707347692919939E-012  (1.33101950310717250E-006,-2.00710808761773381E-017)  (-1.03425098551800209E-007,9.32430593835066992E-008)             (-0.49999850071743335,0.0000000000000000)
        1840        2000   925.94309790052466        1.0000000000029770        108.31004369429436       0.99999748531356136        2.5146894156690727E-006  -2.9769520182298947E-012  (1.49321099578213087E-006,-3.89463322276492585E-018)   (4.78825472907275882E-007,8.72011935986452866E-008)             (-0.49999850071743679,0.0000000000000000)
        1841        2000   927.04541111231083        1.0000000000029790        90.340847983160018       0.99999748531356336        2.5146894156672782E-006  -2.9789504196742200E-012   (2.09492973362181347E-006,9.74299619810048647E-020)   (9.09143802485991587E-007,4.83234015633101104E-008)             (-0.49999850071743779,0.0000000000000000)
        1842        2000   928.14772432409700        1.0000000000029834        73.405029024977452       0.99999748531356492        2.5146894156662423E-006  -2.9833913117727207E-012  (2.94153284655390370E-006,-1.12139418735685286E-018)  (1.04594293765345926E-006,-8.77073016923621999E-010)             (-0.49999850071743857,0.0000000000000000)
        1843        2000   929.25003753588317        1.0000000000029787        57.769674801684893       0.99999748531356292        2.5146894156665129E-006  -2.9787283750692950E-012  (3.78592939384339477E-006,-1.03601089603010613E-017)  (9.09635839061532528E-007,-4.56680770474202169E-008)             (-0.49999850071743757,0.0000000000000000)
        1844        2000   930.35235074766933        1.0000000000029836        43.681364189492399       0.99999748531356669        2.5146894156678402E-006  -2.9836133563776457E-012  (4.39555938684195049E-006,-1.68113703941042530E-018)  (4.90396682613064056E-007,-8.73376521789953259E-008)             (-0.49999850071743945,0.0000000000000000)
        1845        2000   931.45466395945550        1.0000000000029816        31.362278262702834       0.99999748531356514        2.5146894156693103E-006  -2.9816149549333204E-012   (4.56866930830987433E-006,5.72509143358981786E-018) (-8.69829633746454819E-008,-9.16174903079429934E-008)             (-0.49999850071743868,0.0000000000000000)
        1846        2000   932.55697717124167        1.0000000000029805        21.006696365446569       0.99999748531356514        2.5146894156699752E-006  -2.9805047319086952E-012  (4.27563186380963501E-006,-5.85533236352188060E-018) (-5.98413637637689582E-007,-7.61884161865664651E-008)             (-0.49999850071743868,0.0000000000000000)
        1847        2000   933.65929038302784        1.0000000000029847        12.777932210368702       0.99999748531356780        2.5146894156694894E-006  -2.9847235794022708E-012  (3.59914036800215304E-006,-2.28472828516403254E-018) (-9.70305828897237667E-007,-3.72034073715074262E-008)             (-0.49999850071744001,0.0000000000000000)
        1848        2000   934.76160359481401        1.0000000000029938        6.8057583238202408       0.99999748531357602        2.5146894156682968E-006  -2.9938274082041971E-012   (2.73536209844273273E-006,2.32741920153167173E-017)  (-1.03050519064912275E-006,1.69612884190105078E-008)             (-0.49999850071744412,0.0000000000000000)
        1849        2000   935.86391680660017        1.0000000000029892        3.1843594555957218       0.99999748531357291        2.5146894156671753E-006  -2.9891644715007715E-012  (1.95697919199929863E-006,-1.04697292171901677E-017)  (-7.73575498912846928E-007,6.06757728952832529E-008)             (-0.49999850071744256,0.0000000000000000)
        1850        2000   936.96623001838634        1.0000000000029841        1.9708472291659844       0.99999748531357135        2.5146894156667044E-006  -2.9840574455874957E-012  (1.48448397975929192E-006,-2.86672586625496053E-018)  (-3.25622443495026537E-007,8.60996962158472411E-008)             (-0.49999850071744179,0.0000000000000000)
        1851        2000   938.06854323017251        1.0000000000029876        3.1843594572589309       0.99999748531357135        2.5146894156668441E-006  -2.9876101592662963E-012   (1.45027889030966295E-006,1.17417184614837260E-018)   (2.49012860282304305E-007,9.36135199051658467E-008)             (-0.49999850071744179,0.0000000000000000)
        1852        2000   939.17085644195868        1.0000000000029856        6.8057583271204800       0.99999748531357180        2.5146894156671198E-006  -2.9856117578219710E-012   (1.88590488296860986E-006,1.36142272064966774E-018)   (7.51638164412953532E-007,6.37513524765238940E-008)             (-0.49999850071744201,0.0000000000000000)
        1853        2000   940.27316965374484        1.0000000000029954        12.777932215254054       0.99999748531357957        2.5146894156671296E-006  -2.9953817204386723E-012   (2.64634062743982574E-006,3.72132253528992542E-018)   (1.00767347853228867E-006,1.96584067526892431E-008)             (-0.49999850071744589,0.0000000000000000)
        1854        2000   941.37548286553101        1.0000000000030005        21.006696371840139       0.99999748531358379        2.5146894156668314E-006  -3.0004887463519481E-012  (3.50525240451400401E-006,-5.14289123307044546E-018)  (9.75523183899315998E-007,-2.88951596936405110E-008)             (-0.49999850071744800,0.0000000000000000)
        1855        2000   942.47779607731718        1.0000000000029972        31.362278270503747       0.99999748531358601        2.5146894156664774E-006  -2.9971580772780726E-012   (4.21900008359876521E-006,2.49815799117816196E-018)  (6.74371021056800091E-007,-6.96915579954068424E-008)             (-0.49999850071744911,0.0000000000000000)
        1856        2000   943.58010928910335        1.0000000000030089        43.681364198577867       0.99999748531359178        2.5146894156663245E-006  -3.0089264413390993E-012   (4.57894339810958530E-006,7.89877512842394514E-018)  (1.52401302432575729E-007,-9.32338390387415379E-008)             (-0.49999850071745200,0.0000000000000000)
        1857        2000   944.68242250088952        1.0000000000030056        57.769674811912033       0.99999748531359067        2.5146894156664680E-006  -3.0055957722652238E-012   (4.46946105312274969E-006,6.39640339657585863E-018) (-4.06596793355970216E-007,-8.37388665641038886E-008)             (-0.49999850071745144,0.0000000000000000)
        1858        2000   945.78473571267568        1.0000000000030083        73.405029036184629       0.99999748531359178        2.5146894156668242E-006  -3.0082603075243242E-012  (3.93539340590309229E-006,-9.96658629569902459E-019) (-8.33598802159163468E-007,-5.21490972534542547E-008)             (-0.49999850071745200,0.0000000000000000)
        1859        2000   946.88704892446185        1.0000000000030076        90.340847995171188       0.99999748531359112        2.5146894156671114E-006  -3.0075941737095491E-012   (3.13794410376026083E-006,1.41404331693952668E-017) (-1.01480646552812976E-006,-6.29499915720897997E-009)             (-0.49999850071745167,0.0000000000000000)
        1860        2000   947.98936213624802        1.0000000000030000        108.31004370691969       0.99999748531358690        2.5146894156670796E-006  -3.0000446571420980E-012  (2.30914846635603621E-006,-1.53368445688710982E-017)  (-9.04520279010966068E-007,4.34516136329578999E-008)             (-0.49999850071744956,0.0000000000000000)
        1861        2000   949.09167534803419        1.0000000000029989        127.02923122077958       0.99999748531358335        2.5146894156665684E-006  -2.9989344341174728E-012  (1.69957603777050140E-006,-2.36452965233291111E-019)  (-5.08431216832757396E-007,7.85486074726349229E-008)             (-0.49999850071744778,0.0000000000000000)
        1862        2000   950.19398855982035        1.0000000000029983        146.20319776735636       0.99999748531358468        2.5146894156655931E-006  -2.9982683003026978E-012  (1.48677442323190891E-006,-2.41044129161792898E-019)   (1.32592734866918776E-008,9.08494145236723903E-008)             (-0.49999850071744845,0.0000000000000000)
        1863        2000   951.29630177160652        1.0000000000030003        165.52955844023711       0.99999748531358201        2.5146894156645453E-006  -3.0002667017470230E-012  (1.73400160939931320E-006,-1.76825889027220105E-018)   (5.59721126596497536E-007,7.84015643852076446E-008)             (-0.49999850071744711,0.0000000000000000)
        1864        2000   952.39861498339269        1.0000000000030056        184.70352498660290       0.99999748531358823        2.5146894156638965E-006  -3.0055957722652238E-012  (2.37527180248221198E-006,-2.03499345935168241E-018)   (9.19757857814702315E-007,3.71033868584470425E-008)             (-0.49999850071745022,0.0000000000000000)
        1865        2000   953.50092819517886        1.0000000000030087        203.42271250004367       0.99999748531359267        2.5146894156640498E-006  -3.0087043967341742E-012   (3.20508617491428742E-006,1.11382107286239976E-017)  (9.99761491664376760E-007,-9.08663358235867233E-009)             (-0.49999850071745244,0.0000000000000000)
        1866        2000   954.60324140696503        1.0000000000030136        221.39190821117384       0.99999748531359600        2.5146894156649366E-006  -3.0135893780425249E-012   (3.98890542598662030E-006,1.16690619575582932E-017)  (8.14509811005683176E-007,-5.27445619938678979E-008)             (-0.49999850071745411,0.0000000000000000)
        1867        2000   955.70555461875119        1.0000000000030154        238.32772716934898       0.99999748531360044        2.5146894156660386E-006  -3.0153657348819252E-012   (4.50310975134852741E-006,1.10087204120661416E-018)  (3.68289880812144520E-007,-8.78563406810408454E-008)             (-0.49999850071745633,0.0000000000000000)
        1868        2000   956.80786783053736        1.0000000000030156        253.96308139263400       0.99999748531359889        2.5146894156666226E-006  -3.0155877794868502E-012   (4.57660182136480701E-006,5.10817802920378580E-018) (-1.94536691348545410E-007,-8.63433276219177447E-008)             (-0.49999850071745555,0.0000000000000000)
        1869        2000   957.91018104232353        1.0000000000030156        268.05139200481602       0.99999748531359778        2.5146894156662410E-006  -3.0155877794868502E-012  (4.21049823338176411E-006,-2.04159795972153186E-020) (-6.56985775079104918E-007,-6.68092862918050785E-008)             (-0.49999850071745500,0.0000000000000000)
        1870        2000   959.01249425410970        1.0000000000030094        280.37047793159468       0.99999748531359667        2.5146894156650416E-006  -3.0093705305489493E-012  (3.50694504677355493E-006,-7.10410857616193224E-018) (-9.73301435950022708E-007,-2.70959405518935157E-008)             (-0.49999850071745444,0.0000000000000000)
        1871        2000   960.11480746589586        1.0000000000030125        290.72605982883573       0.99999748531359578        2.5146894156635894E-006  -3.0124791550178998E-012  (2.66760044531689822E-006,-1.91248451022964343E-017)  (-9.66414830353043525E-007,2.70101590113719825E-008)             (-0.49999850071745400,0.0000000000000000)
        1872        2000   961.21712067768203        1.0000000000030143        298.95482398390027       0.99999748531359733        2.5146894156626585E-006  -3.0142555118573000E-012  (1.96245266792299887E-006,-1.86524661793644206E-020)  (-6.67424137588366293E-007,6.43201625578950494E-008)             (-0.49999850071745477,0.0000000000000000)
        1873        2000   962.31943388946820        1.0000000000030125        304.92699787043802       0.99999748531359689        2.5146894156627055E-006  -3.0124791550178998E-012   (1.58196773581678478E-006,1.50646813886508995E-018)  (-2.15251351146419706E-007,8.52887159249766829E-008)             (-0.49999850071745455,0.0000000000000000)
        1874        2000   963.42174710125437        1.0000000000030180        308.54839673865041       0.99999748531360155        2.5146894156635924E-006  -3.0180302701410255E-012   (1.63510878396044961E-006,6.28029950096326143E-018)   (3.44733668859258341E-007,8.85969666829963266E-008)             (-0.49999850071745688,0.0000000000000000)
        1875        2000   964.52406031304054        1.0000000000030205        309.76190896506597       0.99999748531360488        2.5146894156646516E-006  -3.0204727607952009E-012   (2.13096400059294791E-006,2.09393955814061340E-018)   (7.96166601689312838E-007,5.22636418261965244E-008)             (-0.49999850071745855,0.0000000000000000)
        1876        2000   965.62637352482670        1.0000000000030260        308.54839673695864       0.99999748531360999        2.5146894156651454E-006  -3.0260238759183267E-012  (2.89435454866911670E-006,-1.77091860465305734E-018)   (9.74823777197793131E-007,1.02327758674229534E-008)             (-0.49999850071746110,0.0000000000000000)
        1877        2000   966.72868673661287        1.0000000000030298        304.92699786708158       0.99999748531361377        2.5146894156647443E-006  -3.0297986342020522E-012  (3.70753012246546734E-006,-1.23954526315602338E-017)  (9.06320054494264599E-007,-3.55383806258170638E-008)             (-0.49999850071746299,0.0000000000000000)
        1878        2000   967.83099994839904        1.0000000000030260        298.95482397893761       0.99999748531361177        2.5146894156637309E-006  -3.0260238759183267E-012   (4.34033524634061559E-006,9.86148559507785467E-019)  (5.56940196368431095E-007,-7.48999431087634847E-008)             (-0.49999850071746199,0.0000000000000000)
        1879        2000   968.93331316018521        1.0000000000030318        290.72605982233665       0.99999748531361576        2.5146894156627542E-006  -3.0317970356463775E-012  (4.59473019129359789E-006,-1.78466762351578598E-017)  (3.23667382859171398E-008,-8.85258674617669350E-008)             (-0.49999850071746399,0.0000000000000000)
        1880        2000   970.03562637197138        1.0000000000030296        280.37047792365973       0.99999748531361643        2.5146894156623133E-006  -3.0295765895971272E-012  (4.40152018008427306E-006,-5.69666423495963962E-018) (-4.78206202562249544E-007,-7.63398377870219980E-008)             (-0.49999850071746432,0.0000000000000000)
        1881        2000   971.13793958375754        1.0000000000030342        268.05139199557362       0.99999748531361998        2.5146894156625077E-006  -3.0342395263005528E-012   (3.82082676282679331E-006,5.55688237025806447E-019) (-8.68016599256112969E-007,-4.37307572728859129E-008)             (-0.49999850071746610,0.0000000000000000)
        1882        2000   972.24025279554371        1.0000000000030316        253.96308138223208       0.99999748531361976        2.5146894156629821E-006  -3.0315749910414524E-012   (3.02108443647211546E-006,3.17915007194155706E-018)  (-9.77888703010511239E-007,6.31264305846795667E-009)             (-0.49999850071746599,0.0000000000000000)
        1883        2000   973.34256600732988        1.0000000000030329        238.32772715795048       0.99999748531361865        2.5146894156632675E-006  -3.0329072586710026E-012   (2.25034793770191885E-006,2.50293896776713553E-018)  (-8.08150111211336970E-007,4.78546209526284870E-008)             (-0.49999850071746543,0.0000000000000000)
        1884        2000   974.44487921911605        1.0000000000030331        221.39190819895614       0.99999748531361754        2.5146894156631396E-006  -3.0331293032759277E-012  (1.72322518462128104E-006,-1.98106570882329574E-018)  (-4.08135507535477031E-007,8.01661638907114853E-008)             (-0.49999850071746488,0.0000000000000000)
        1885        2000   975.54719243090221        1.0000000000030307        203.42271248720093       0.99999748531361599        2.5146894156627500E-006  -3.0306868126217523E-012   (1.60024287081627085E-006,1.30892618114566633E-017)   (1.24757643243182563E-007,8.83284149906280488E-008)             (-0.49999850071746410,0.0000000000000000)
        1886        2000   976.64950564268838        1.0000000000030378        184.70352497333860       0.99999748531362176        2.5146894156624705E-006  -3.0377922399793533E-012   (1.92338197198795510E-006,2.27649956538165275E-018)   (6.24567075211950531E-007,6.76108404790206610E-008)             (-0.49999850071746699,0.0000000000000000)
        1887        2000   977.75181885447455        1.0000000000030391        165.52955842675891       0.99999748531362442        2.5146894156624730E-006  -3.0391245076089035E-012   (2.58779952691512868E-006,2.00297015532292476E-018)   (9.13564113122692167E-007,2.77213275863279112E-008)             (-0.49999850071746832,0.0000000000000000)
        1888        2000   978.85413206626072        1.0000000000030418        146.20319775387765       0.99999748531362664        2.5146894156625958E-006  -3.0417890428680039E-012   (3.39293129479032490E-006,1.59426308786972705E-017)  (9.52007934961273481E-007,-1.70019278417939481E-008)             (-0.49999850071746943,0.0000000000000000)
        1889        2000   979.95644527804689        1.0000000000030482        127.02923120751269       0.99999748531363331        2.5146894156624891E-006  -3.0482283364108298E-012   (4.11129642762612229E-006,1.15990042719199019E-017)  (7.11073859436012430E-007,-5.97616063918413882E-008)             (-0.49999850071747276,0.0000000000000000)
        1890        2000   981.05875848983305        1.0000000000030538        108.31004369407442       0.99999748531363886        2.5146894156619466E-006  -3.0537794515339556E-012  (4.52690673756169380E-006,-2.77882770785275124E-018)  (2.49618961185317016E-007,-8.60417046347670420E-008)             (-0.49999850071747554,0.0000000000000000)
        1891        2000   982.16107170161922        1.0000000000030516        90.340847982950336       0.99999748531363686        2.5146894156611368E-006  -3.0515590054847053E-012   (4.50924551811600382E-006,1.34990005285180591E-017) (-2.86800211754536498E-007,-8.12371907108851089E-008)             (-0.49999850071747454,0.0000000000000000)
        1892        2000   983.26338491340539        1.0000000000030480        73.405029024780546       0.99999748531363131        2.5146894156605600E-006  -3.0480062918059048E-012  (4.07918209316460391E-006,-1.26928440723189649E-018) (-7.09514410235896467E-007,-5.78986100012471858E-008)             (-0.49999850071747176,0.0000000000000000)
        1893        2000   984.36569812519156        1.0000000000030422        57.769674801504351       0.99999748531362642        2.5146894156606519E-006  -3.0422331320778540E-012   (3.35693232363879248E-006,9.66901236519454201E-018) (-9.61399460621401336E-007,-1.61998980896163440E-008)             (-0.49999850071746932,0.0000000000000000)
        1894        2000   985.46801133697772        1.0000000000030340        43.681364189330843       0.99999748531362020        2.5146894156614502E-006  -3.0340174816956278E-012  (2.55389761870632495E-006,-1.96545955055931055E-017)  (-8.92980235728342719E-007,3.43062354503085775E-008)             (-0.49999850071746621,0.0000000000000000)
        1895        2000   986.57032454876389        1.0000000000030391        31.362278262563159       0.99999748531362287        2.5146894156624624E-006  -3.0391245076089035E-012   (1.92257725767884185E-006,3.03332797808669983E-018)  (-5.68394304717204838E-007,6.74095617604850680E-008)             (-0.49999850071746754,0.0000000000000000)
        1896        2000   987.67263776055006        1.0000000000030416        21.006696365331099       0.99999748531362376        2.5146894156629829E-006  -3.0415669982630789E-012  (1.63231666311256264E-006,-5.39817856735857165E-018)  (-1.03186141134007789E-007,8.42591252841135816E-008)             (-0.49999850071746799,0.0000000000000000)
        1897        2000   988.77495097233623        1.0000000000030489        12.777932210279461       0.99999748531363308        2.5146894156625675E-006  -3.0488944702256049E-012   (1.77023879874232880E-006,4.06776242963809375E-018)   (4.29216259429553552E-007,8.12125040551575825E-008)             (-0.49999850071747265,0.0000000000000000)
        1898        2000   989.87726418412240        1.0000000000030502        6.8057583237589032       0.99999748531363508        2.5146894156613071E-006  -3.0502267378551551E-012   (2.31431210189755357E-006,1.01866382463926980E-019)   (8.24254465178340864E-007,4.19045843326587733E-008)             (-0.49999850071747365,0.0000000000000000)
        1899        2000   990.97957739590856        1.0000000000030511        3.1843594555635657       0.99999748531363619        2.5146894156597769E-006  -3.0511149162748552E-012  (3.07430001831512739E-006,-1.00699082673470961E-017)   (9.40394613370815960E-007,1.41386081449633771E-009)             (-0.49999850071747420,0.0000000000000000)
        1900        2000   992.08189060769473        1.0000000000030529        1.9708472291637373       0.99999748531364063        2.5146894156586995E-006  -3.0528912731142555E-012  (3.83937411126700918E-006,-2.16271144424472854E-018)  (8.29269164335242616E-007,-4.25745224114413197E-008)             (-0.49999850071747642,0.0000000000000000)
        1901        2000   993.18420381948090        1.0000000000030622        3.1843594572868144       0.99999748531364752        2.5146894156585614E-006  -3.0622171465211068E-012  (4.38921502826094473E-006,-6.83986591169369360E-019)  (4.42297337850450631E-007,-7.74437182019562504E-008)             (-0.49999850071747987,0.0000000000000000)
        1902        2000   994.28651703126707        1.0000000000030613        6.8057583271782356       0.99999748531364840        2.5146894156593572E-006  -3.0613289681014066E-012  (4.54856829091165470E-006,-9.77070317156216764E-018) (-7.20631032208158029E-008,-8.42281292499734084E-008)             (-0.49999850071748031,0.0000000000000000)
        1903        2000   995.38883024305323        1.0000000000030700        12.777932215341000       0.99999748531365396        2.5146894156605998E-006  -3.0699887076934829E-012  (4.28218131226267532E-006,-3.78013959627812235E-020) (-5.43227114573987047E-007,-6.86964794259552790E-008)             (-0.49999850071748309,0.0000000000000000)
        1904        2000   996.49114345483940        1.0000000000030689        21.006696371955179       0.99999748531365351        2.5146894156616404E-006  -3.0688784846688577E-012  (3.66698156780813248E-006,-1.52989257379161239E-018) (-8.84481103699541873E-007,-3.48334891612664030E-008)             (-0.49999850071748286,0.0000000000000000)
        1905        2000   997.59345666662557        1.0000000000030691        31.362278270645273       0.99999748531365440        2.5146894156619673E-006  -3.0691005292737827E-012  (2.87967037060388623E-006,-1.39356954101183506E-017)  (-9.29881287329704579E-007,1.71852632262198644E-008)             (-0.49999850071748331,0.0000000000000000)
        1906        2000   998.69576987841174        1.0000000000030689        43.681364198743751       0.99999748531365484        2.5146894156614540E-006  -3.0688784846688577E-012  (2.17442717539608816E-006,-2.60842150755499458E-019)  (-7.08804550490860763E-007,5.13574270091393747E-008)             (-0.49999850071748353,0.0000000000000000)
        1907        2000   999.79808309019791        1.0000000000030655        57.769674812100057       0.99999748531364907        2.5146894156602847E-006  -3.0655478155949822E-012   (1.73306748491464394E-006,1.14988223606082370E-018)  (-3.07391660674549711E-007,8.09280207501931145E-008)             (-0.49999850071748064,0.0000000000000000)
        1908        2000   1000.9003963019841        1.0000000000030653        73.405029036391539       0.99999748531364996        2.5146894156589375E-006  -3.0653257709900572E-012  (1.69928190719069135E-006,-1.12278724110558333E-017)   (2.29329014280782660E-007,8.44502133133051095E-008)             (-0.49999850071748109,0.0000000000000000)
        1909        2000   1002.0027095137702        1.0000000000030602        90.340847995393517       0.99999748531364530        2.5146894156578791E-006  -3.0602187450767815E-012   (2.09192107146519148E-006,3.83972541697244090E-018)   (6.78178604546709707E-007,5.69986951335477459E-008)             (-0.49999850071747876,0.0000000000000000)
        1910        2000   1003.1050227255564        1.0000000000030598        108.31004370715533       0.99999748531364552        2.5146894156575107E-006  -3.0597746558669314E-012   (2.77359169287802498E-006,3.09732313427085182E-018)   (8.99576499961989418E-007,1.86708638250931510E-008)             (-0.49999850071747887,0.0000000000000000)
        1911        2000   1004.2073359373426        1.0000000000030571        127.02923122102402       0.99999748531364219        2.5146894156578524E-006  -3.0571101206078310E-012  (3.55072415127979043E-006,-1.57922560368234926E-017)  (9.01264809741249106E-007,-2.38729491209206716E-008)             (-0.49999850071747720,0.0000000000000000)
        1912        2000   1005.3096491491287        1.0000000000030580        146.20319776760527       0.99999748531364308        2.5146894156586529E-006  -3.0579982990275312E-012   (4.20475530243008587E-006,2.72870470353413051E-018)  (6.06956100432280794E-007,-6.66326922288350096E-008)             (-0.49999850071747765,0.0000000000000000)
        1913        2000   1006.4119623609149        1.0000000000030649        165.52955844048643       0.99999748531365062        2.5146894156593835E-006  -3.0648816817802071E-012  (4.52524715843239048E-006,-5.89503514056317932E-018)  (1.37935041892987966E-007,-8.18930720303211067E-008)             (-0.49999850071748142,0.0000000000000000)
        1914        2000   1007.5142755727011        1.0000000000030640        184.70352498684863       0.99999748531364929        2.5146894156596816E-006  -3.0639935033605070E-012  (4.42999570238670931E-006,-1.52940040807459411E-017) (-3.61503288497743046E-007,-7.66458682677118117E-008)             (-0.49999850071748075,0.0000000000000000)
        1915        2000   1008.6165887844872        1.0000000000030662        203.42271250028446       0.99999748531364863        2.5146894156594804E-006  -3.0662139494097573E-012   (3.94840703932095432E-006,3.62015621562414487E-019) (-7.53346064929899208E-007,-4.87563294977402294E-008)             (-0.49999850071748042,0.0000000000000000)
        1916        2000   1009.7189019962734        1.0000000000030602        221.39190821140545       0.99999748531364907        2.5146894156590607E-006  -3.0602187450767815E-012   (3.22033564799741320E-006,1.24433669398545871E-017) (-9.32767123481673703E-007,-5.28430023950031123E-009)             (-0.49999850071748064,0.0000000000000000)
        1917        2000   1010.8212152080596        1.0000000000030655        238.32772716956782       0.99999748531365240        2.5146894156586609E-006  -3.0655478155949822E-012   (2.46624988033245819E-006,1.60590759289867572E-017)  (-8.11715584372199499E-007,3.97063022715199006E-008)             (-0.49999850071748231,0.0000000000000000)
        1918        2000   1011.9235284198458        1.0000000000030749        253.96308139283451       0.99999748531365729        2.5146894156583780E-006  -3.0748736890018336E-012   (1.91193123816510227E-006,7.78821257325286557E-019)  (-4.73449041228523358E-007,7.00079703321996492E-008)             (-0.49999850071748475,0.0000000000000000)
        1919        2000   1013.0258416316319        1.0000000000030731        268.05139200499985       0.99999748531365729        2.5146894156580926E-006  -3.0730973321624333E-012  (1.71253990792944220E-006,-3.02215541405329907E-018)   (1.21231536288715678E-008,8.32537667584684235E-008)             (-0.49999850071748475,0.0000000000000000)
        1920        2000   1014.1281548434181        1.0000000000030769        280.37047793175680       0.99999748531366084        2.5146894156575882E-006  -3.0768720904461588E-012   (1.93406161613453798E-006,3.35723743194480362E-018)   (5.00742147524981414E-007,7.13213968746468179E-008)             (-0.49999850071748653,0.0000000000000000)
        1921        2000   1015.2304680552043        1.0000000000030853        290.72605982897863       0.99999748531366861        2.5146894156568407E-006  -3.0853097854333100E-012  (2.51490097733377704E-006,-8.66598855590302612E-019)   (8.39752642785762965E-007,3.39130952392781333E-008)             (-0.49999850071749041,0.0000000000000000)
        1922        2000   1016.3327812669904        1.0000000000030880        298.95482398401668       0.99999748531367127        2.5146894156560894E-006  -3.0879743206924104E-012  (3.26909162676781088E-006,-8.02599649271677050E-018)  (9.05995222347414817E-007,-7.79606513891140985E-009)             (-0.49999850071749175,0.0000000000000000)
        1923        2000   1017.4350944787766        1.0000000000030873        304.92699787052248       0.99999748531366950        2.5146894156557950E-006  -3.0873081868776353E-012   (3.98359845808398796E-006,2.33001364540166211E-018)  (7.45189398854892623E-007,-4.89157448568011600E-008)             (-0.49999850071749086,0.0000000000000000)
        1924        2000   1018.5374076905628        1.0000000000030862        308.54839673870418       0.99999748531366883        2.5146894156563536E-006  -3.0861979638530102E-012   (4.45114566978529441E-006,1.12148425159147579E-018)  (3.33101458403676507E-007,-7.81294738849512568E-008)             (-0.49999850071749052,0.0000000000000000)
        1925        2000   1019.6397209023489        1.0000000000030829        309.76190896508967       0.99999748531366772        2.5146894156576703E-006  -3.0828672947791347E-012  (4.52582047440297538E-006,-4.59860168318991533E-018) (-1.61070367842129692E-007,-8.00077836609757591E-008)             (-0.49999850071748997,0.0000000000000000)
        1926        2000   1020.7420341141351        1.0000000000030824        308.54839673695432       0.99999748531366595        2.5146894156590819E-006  -3.0824232055692846E-012  (4.19666189749775737E-006,-7.63056111023769148E-018) (-6.03323189959015103E-007,-6.14671393257391775E-008)             (-0.49999850071748908,0.0000000000000000)
        1927        2000   1021.8443473259213        1.0000000000030789        304.92699786704702       0.99999748531366328        2.5146894156597206E-006  -3.0788704918904841E-012  (3.55735548493002048E-006,-1.14950173084803749E-018) (-8.81590989994946905E-007,-2.47072862025572812E-008)             (-0.49999850071748775,0.0000000000000000)
        1928        2000   1022.9466605377074        1.0000000000030842        298.95482397887110       0.99999748531366528        2.5146894156590840E-006  -3.0841995624086849E-012   (2.79764596528279327E-006,9.70032075977000167E-018)  (-8.72714013191692909E-007,2.48911430779383274E-008)             (-0.49999850071748875,0.0000000000000000)
        1929        2000   1024.0489737494936        1.0000000000030838        290.72605982224502       0.99999748531366839        2.5146894156573391E-006  -3.0837554731988348E-012  (2.16069599226861976E-006,-1.24703271520130031E-018)  (-6.10849973763900106E-007,5.49183568302572382E-008)             (-0.49999850071749030,0.0000000000000000)
        1930        2000   1025.1512869612798        1.0000000000030824        280.37047792354241       0.99999748531366861        2.5146894156552754E-006  -3.0824232055692846E-012  (1.80714374897826854E-006,-5.03587834370102133E-018)  (-2.04894877738211064E-007,8.05691121357251525E-008)             (-0.49999850071749041,0.0000000000000000)
        1931        2000   1026.2536001730659        1.0000000000030780        268.05139199543510       0.99999748531366439        2.5146894156538235E-006  -3.0779823134707840E-012   (1.86046940294772651E-006,5.60470053622162069E-019)   (3.25264034239757716E-007,7.88685356633897427E-008)             (-0.49999850071748830,0.0000000000000000)
        1932        2000   1027.3559133848521        1.0000000000030813        253.96308138206828       0.99999748531366595        2.5146894156534724E-006  -3.0813129825446595E-012  (2.31291060256827021E-006,-2.33191827023458097E-018)   (7.16554535129116707E-007,4.70627373777461432E-008)             (-0.49999850071748908,0.0000000000000000)
        1933        2000   1028.4582265966383        1.0000000000030840        238.32772715776835       0.99999748531366839        2.5146894156542534E-006  -3.0839775178037598E-012   (3.00592740147842461E-006,7.86853552991549271E-018)   (8.85138615949085808E-007,9.94457762058207185E-009)             (-0.49999850071749030,0.0000000000000000)
        1934        2000   1029.5605398084244        1.0000000000030835        221.39190819875978       0.99999748531366706        2.5146894156556997E-006  -3.0835334285939098E-012   (3.75100668653821921E-006,6.36585991906183231E-018)  (8.38358791128591466E-007,-3.10626061670314943E-008)             (-0.49999850071748964,0.0000000000000000)
        1935        2000   1030.6628530202106        1.0000000000030862        203.42271248699421       0.99999748531366972        2.5146894156572091E-006  -3.0861979638530102E-012  (4.33702497353592537E-006,-4.17293966427331900E-019)  (5.07250186839284534E-007,-7.11864653771061544E-008)             (-0.49999850071749097,0.0000000000000000)
        1936        2000   1031.7651662319968        1.0000000000030835        184.70352497312032       0.99999748531366839        2.5146894156582434E-006  -3.0835334285939098E-012  (4.56937119782487653E-006,-2.80805322577384915E-018)  (3.37121016751930176E-008,-7.80255891579056469E-008)             (-0.49999850071749030,0.0000000000000000)
        1937        2000   1032.8674794437829        1.0000000000030891        165.52955842653697       0.99999748531367172        2.5146894156583890E-006  -3.0890845437170356E-012  (4.40443793247060100E-006,-9.98254271917572482E-018) (-4.24957315258503513E-007,-7.15363149726600700E-008)             (-0.49999850071749197,0.0000000000000000)
        1938        2000   1033.9697926555691        1.0000000000030811        146.20319775365482       0.99999748531366528        2.5146894156576017E-006  -3.0810909379397344E-012   (3.88202640700866772E-006,7.59703489464806152E-019) (-7.85825312537616554E-007,-3.99158595192056165E-008)             (-0.49999850071748875,0.0000000000000000)
        1939        2000   1035.0721058673553        1.0000000000030833        127.02923120729339       0.99999748531366772        2.5146894156560788E-006  -3.0833113839889847E-012   (3.15904978356866363E-006,9.57038352819209292E-018)  (-8.91256690379280984E-007,4.38030677958592566E-009)             (-0.49999850071748997,0.0000000000000000)
        1940        2000   1036.1744190791414        1.0000000000030849        108.31004369386061       0.99999748531366994        2.5146894156542636E-006  -3.0848656962234600E-012   (2.46045896268947083E-006,2.59608118288073747E-019)  (-7.29131847236212232E-007,4.36580195724299569E-008)             (-0.49999850071749108,0.0000000000000000)
        1941        2000   1037.2767322909276        1.0000000000030860        90.340847982744236       0.99999748531367150        2.5146894156527986E-006  -3.0859759192480851E-012   (1.98489001812095656E-006,1.32764327688128164E-018)  (-3.76757683263394324E-007,7.10917368418895589E-008)             (-0.49999850071749186,0.0000000000000000)
        1942        2000   1038.3790455027138        1.0000000000030860        73.405029024586113       0.99999748531367127        2.5146894156521684E-006  -3.0859759192480851E-012  (1.87380620969594507E-006,-5.63289174978563636E-018)   (1.19576528421518820E-007,8.07992327368897084E-008)             (-0.49999850071749175,0.0000000000000000)
        1943        2000   1039.4813587144999        1.0000000000031006        57.769674801325458       0.99999748531368238        2.5146894156525564E-006  -3.1006308631731372E-012   (2.17213488758590534E-006,4.30160541969884777E-018)   (5.62586299850548219E-007,5.95455214615867785E-008)             (-0.49999850071749730,0.0000000000000000)
        1944        2000   1040.5836719262861        1.0000000000031042        43.681364189170807       0.99999748531368815        2.5146894156537803E-006  -3.1041835768519377E-012   (2.77819424387035633E-006,1.26841444589798315E-018)   (8.39419320239258488E-007,2.65718706565065537E-008)             (-0.49999850071750018,0.0000000000000000)
        1945        2000   1041.6859851380723        1.0000000000031042        31.362278262424280       0.99999748531368748        2.5146894156553317E-006  -3.1041835768519377E-012  (3.52068871674773587E-006,-1.34862706214533009E-017)  (8.72059235101566893E-007,-1.73443199306525845E-008)             (-0.49999850071749985,0.0000000000000000)
        1946        2000   1042.7882983498585        1.0000000000031035        21.006696365216371       0.99999748531368793        2.5146894156565074E-006  -3.1035174430371626E-012   (4.18025407895808499E-006,3.08848509871073211E-021)  (6.50587597910303525E-007,-5.50759706277482073E-008)             (-0.49999850071750007,0.0000000000000000)
        1947        2000   1043.8906115616446        1.0000000000031088        12.777932210190848       0.99999748531369237        2.5146894156569025E-006  -3.1088465135553633E-012   (4.56364009229134035E-006,1.39093091926973385E-018)  (2.30935320606413829E-007,-7.68184408678523832E-008)             (-0.49999850071750229,0.0000000000000000)
        1948        2000   1044.9929247734308        1.0000000000031051        6.8057583236980612       0.99999748531369015        2.5146894156564421E-006  -3.1050717552716378E-012  (4.56088049949602537E-006,-1.61919021782695483E-017) (-2.41197550355845975E-007,-7.56099376917708384E-008)             (-0.49999850071750118,0.0000000000000000)
        1949        2000   1046.0952379852170        1.0000000000030966        3.1843594555315153       0.99999748531368371        2.5146894156553656E-006  -3.0966340602844866E-012   (4.17524266052037513E-006,3.68081325033540520E-019) (-6.57433849987364195E-007,-5.34059637161039544E-008)             (-0.49999850071749796,0.0000000000000000)
        1950        2000   1047.1975511970031        1.0000000000031057        1.9708472291612207       0.99999748531368859        2.5146894156539540E-006  -3.1057378890864129E-012  (3.51902060776121411E-006,-1.76995623950849393E-018) (-8.64893955936378046E-007,-1.24898684417469973E-008)             (-0.49999850071750040,0.0000000000000000)
        1951        2000   1048.2998644087893        1.0000000000031097        3.1843594573141218       0.99999748531369437        2.5146894156525250E-006  -3.1097346919750635E-012  (2.79673500269494603E-006,-1.14667179040436063E-017)  (-8.09523152779405795E-007,3.07426937283110334E-008)             (-0.49999850071750329,0.0000000000000000)
        1952        2000   1049.4021776205755        1.0000000000031120        6.8057583272351838       0.99999748531369592        2.5146894156514273E-006  -3.1119551380243138E-012  (2.22433882910430550E-006,-8.41189623162986639E-019)  (-5.21386194463789075E-007,6.10174404238553044E-008)             (-0.49999850071750407,0.0000000000000000)
        1953        2000   1050.5044908323616        1.0000000000031091        12.777932215426999       0.99999748531369503        2.5146894156509906E-006  -3.1090685581602884E-012   (1.95684957540093881E-006,9.56138771794187922E-018)  (-9.90919876492998330E-008,8.03706677250074306E-008)             (-0.49999850071750362,0.0000000000000000)
        1954        2000   1051.6068040441478        1.0000000000031206        21.006696372068831       0.99999748531370170        2.5146894156514235E-006  -3.1206148776163900E-012   (2.08913470764028178E-006,2.19859185224077539E-018)   (4.02907074138802045E-007,7.37554837620709165E-008)             (-0.49999850071750696,0.0000000000000000)
        1955        2000   1052.7091172559340        1.0000000000031286        31.362278270784646       0.99999748531371102        2.5146894156526750E-006  -3.1286084833936911E-012  (2.58656835015514902E-006,-1.16153823115579070E-019)   (7.42122025249118972E-007,3.96665310141347232E-008)             (-0.49999850071751162,0.0000000000000000)
        1956        2000   1053.8114304677201        1.0000000000031317        43.681364198907431       0.99999748531371768        2.5146894156543898E-006  -3.1317171078626416E-012   (3.28068129866010285E-006,1.73394665420714595E-018)   (8.63590343339298839E-007,2.99443443261463153E-009)             (-0.49999850071751495,0.0000000000000000)
        1957        2000   1054.9137436795063        1.0000000000031339        57.769674812285579       0.99999748531371968        2.5146894156558611E-006  -3.1339375539118919E-012   (3.98406022250662017E-006,2.01395480822863316E-017)  (7.62199326411784405E-007,-3.71365700713784462E-008)             (-0.49999850071751595,0.0000000000000000)
        1958        2000   1056.0160568912925        1.0000000000031448        73.405029036596545       0.99999748531372989        2.5146894156563790E-006  -3.1448177395532184E-012  (4.49289486026234156E-006,-5.76528492746577594E-019)  (4.07715460355073243E-007,-7.13605997934755709E-008)             (-0.49999850071752105,0.0000000000000000)
        1959        2000   1057.1183701030786        1.0000000000031462        90.340847995615164       0.99999748531373212        2.5146894156555888E-006  -3.1461500071827686E-012   (4.64039985117765082E-006,6.30912895419681636E-018) (-6.29536589733817940E-008,-7.41496251421392904E-008)             (-0.49999850071752217,0.0000000000000000)
        1960        2000   1058.2206833148648        1.0000000000031481        108.31004370738999       0.99999748531373411        2.5146894156537312E-006  -3.1481484086270939E-012   (4.40531900637032673E-006,1.40965573919990678E-019) (-4.88200857506970053E-007,-6.37744861358784862E-008)             (-0.49999850071752316,0.0000000000000000)
        1961        2000   1059.3229965266510        1.0000000000031501        127.02923122126930       0.99999748531373434        2.5146894156515065E-006  -3.1501468100714192E-012  (3.84604960444449838E-006,-3.51520507546917288E-018) (-8.06266299686994808E-007,-2.97102556084039480E-008)             (-0.49999850071752328,0.0000000000000000)
        1962        2000   1060.4253097384371        1.0000000000031433        146.20319776785846       0.99999748531372834        2.5146894156497938E-006  -3.1432634273187432E-012  (3.13228427017730133E-006,-4.02226502875961027E-019)  (-8.45836387974459504E-007,1.45652369131781496E-008)             (-0.49999850071752028,0.0000000000000000)
        1963        2000   1061.5276229502233        1.0000000000031486        165.52955844074330       0.99999748531373478        2.5146894156492301E-006  -3.1485924978369439E-012   (2.48639135589801301E-006,8.47514755751612920E-019)  (-6.51872594328402045E-007,4.89712080896931549E-008)             (-0.49999850071752350,0.0000000000000000)
        1964        2000   1062.6299361620095        1.0000000000031573        184.70352498710511       0.99999748531373922        2.5146894156498586E-006  -3.1572522374290202E-012   (2.08330773096816449E-006,1.33442965383390896E-018)  (-2.81412000628699120E-007,7.46476328513936015E-008)             (-0.49999850071752572,0.0000000000000000)
        1965        2000   1063.7322493737956        1.0000000000031595        203.42271250053489       0.99999748531374344        2.5146894156513489E-006  -3.1594726834782705E-012   (2.05143447898145272E-006,5.59860782708019924E-018)   (2.10540201061688317E-007,7.91714017849091423E-008)             (-0.49999850071752783,0.0000000000000000)
        1966        2000   1064.8345625855818        1.0000000000031570        221.39190821164533       0.99999748531374344        2.5146894156530934E-006  -3.1570301928240951E-012   (2.40770680967739879E-006,1.17522948144958391E-018)   (6.07846628795696799E-007,5.28385430039604919E-008)             (-0.49999850071752783,0.0000000000000000)
        1967        2000   1065.9368757973680        1.0000000000031637        238.32772716979636       0.99999748531374877        2.5146894156544885E-006  -3.1636915309718461E-012  (3.02485589274317625E-006,-5.44326855996666545E-018)   (8.26771869454745084E-007,2.24284401927255111E-008)             (-0.49999850071753049,0.0000000000000000)
        1968        2000   1067.0391890091541        1.0000000000031695        253.96308139304941       0.99999748531375499        2.5146894156550179E-006  -3.1694646906998969E-012  (3.74029122888567665E-006,-1.41808741142697209E-017)  (8.25197884239121958E-007,-2.21452650430189927E-008)             (-0.49999850071753360,0.0000000000000000)
        1969        2000   1068.1415022209403        1.0000000000031761        268.05139200519471       0.99999748531376165        2.5146894156545046E-006  -3.1761260288476478E-012  (4.33331253501359226E-006,-1.10701975127021157E-020)  (5.48699230748420309E-007,-5.71734523618340425E-008)             (-0.49999850071753693,0.0000000000000000)
        1970        2000   1069.2438154327265        1.0000000000031855        280.37047793192750       0.99999748531377253        2.5146894156531404E-006  -3.1854519022544991E-012  (4.62571764952205901E-006,-9.64077458142254304E-018)  (1.30406008966117454E-007,-7.17230859884437118E-008)             (-0.49999850071754237,0.0000000000000000)
        1971        2000   1070.3461286445126        1.0000000000031963        290.72605982912592       0.99999748531378230        2.5146894156513735E-006  -3.1963320878958257E-012  (4.54395300012495155E-006,-7.53246212232393881E-018) (-3.18873410490485841E-007,-6.96073298807394437E-008)             (-0.49999850071754726,0.0000000000000000)
        1972        2000   1071.4484418562988        1.0000000000032110        298.95482398413799       0.99999748531379207        2.5146894156497633E-006  -3.2109870318208777E-012  (4.10154628691560536E-006,-2.03253332678410296E-018) (-7.03864800319214159E-007,-4.44195396117850098E-008)             (-0.49999850071755214,0.0000000000000000)
        1973        2000   1072.5507550680850        1.0000000000032019        304.92699787061650       0.99999748531378851        2.5146894156487248E-006  -3.2018832030189515E-012  (3.43020433885793687E-006,-1.62741442521838566E-018) (-8.43282383262595546E-007,-1.91450504313849951E-009)             (-0.49999850071755036,0.0000000000000000)
        1974        2000   1073.6530682798711        1.0000000000032054        308.54839673877183       0.99999748531379185        2.5146894156485652E-006  -3.2054359166977520E-012   (2.74392351003249477E-006,1.12196732033327145E-018)  (-7.44699708538300493E-007,3.33773092520490043E-008)             (-0.49999850071755203,0.0000000000000000)
        1975        2000   1074.7553814916573        1.0000000000032052        309.76190896512810       0.99999748531379185        2.5146894156493546E-006  -3.2052138720928269E-012  (2.22884880343040354E-006,-2.05434181654318824E-019)  (-4.41545293076796088E-007,6.33873667980552139E-008)             (-0.49999850071755203,0.0000000000000000)
        1976        2000   1075.8576947034435        1.0000000000032068        308.54839673696131       0.99999748531378896        2.5146894156509136E-006  -3.2067681843273022E-012   (2.03773000755444119E-006,1.61836377786781496E-017)   (3.62166160909654591E-009,7.58372602075397443E-008)             (-0.49999850071755059,0.0000000000000000)
        1977        2000   1076.9600079152297        1.0000000000032050        304.92699786702633       0.99999748531378674        2.5146894156527199E-006  -3.2049918274879019E-012  (2.23639140718518274E-006,-2.37961648993058350E-018)   (4.60486816007137530E-007,6.24457912049401626E-008)             (-0.49999850071754948,0.0000000000000000)
        1978        2000   1078.0623211270158        1.0000000000032019        298.95482397882239       0.99999748531378718        2.5146894156539760E-006  -3.2018832030189515E-012  (2.75904137510866038E-006,-1.94296415585027151E-018)   (7.52483948941637210E-007,2.95567895189097809E-008)             (-0.49999850071754970,0.0000000000000000)
        1979        2000   1079.1646343388020        1.0000000000032092        290.72605982216658       0.99999748531379185        2.5146894156540700E-006  -3.2092106749814775E-012   (3.44180015398826960E-006,1.14033465260125771E-017)  (8.32943328919192685E-007,-8.62646740794049288E-009)             (-0.49999850071755203,0.0000000000000000)
        1980        2000   1080.2669475505882        1.0000000000032079        280.37047792343600       0.99999748531379296        2.5146894156528401E-006  -3.2078784073519273E-012   (4.09062355832922431E-006,3.19887553724075824E-018)  (6.72554784832864111E-007,-4.65318248084735453E-008)             (-0.49999850071755259,0.0000000000000000)
        1981        2000   1081.3692607623743        1.0000000000032068        268.05139199530163       0.99999748531379007        2.5146894156507861E-006  -3.2067681843273022E-012   (4.51340966086581480E-006,9.04587161256226424E-019)  (3.08579311990276611E-007,-7.28364384525137782E-008)             (-0.49999850071755114,0.0000000000000000)
        1982        2000   1082.4715739741605        1.0000000000032070        253.96308138191552       0.99999748531379207        2.5146894156487528E-006  -3.2069902289322272E-012   (4.57800917115826256E-006,7.35947620637692684E-018) (-1.52531968200486315E-007,-7.45969936629311607E-008)             (-0.49999850071755214,0.0000000000000000)
        1983        2000   1083.5738871859467        1.0000000000032150        238.32772715759356       0.99999748531379717        2.5146894156475885E-006  -3.2149838347095283E-012   (4.27168779119276392E-006,1.12598940015798222E-018) (-5.53782299974611833E-007,-5.79592221366361960E-008)             (-0.49999850071755469,0.0000000000000000)
        1984        2000   1084.6762003977328        1.0000000000032192        221.39190819856685       0.99999748531380250        2.5146894156476262E-006  -3.2192026822031039E-012   (3.67987427739971134E-006,6.49076234797432319E-018) (-8.09891653832206240E-007,-2.21479564611267284E-008)             (-0.49999850071755736,0.0000000000000000)
        1985        2000   1085.7785136095190        1.0000000000032205        203.42271248678617       0.99999748531380428        2.5146894156486854E-006  -3.2205349498326541E-012   (2.98146793004412119E-006,7.40346587035032385E-018)  (-8.00251296923107542E-007,1.93493139532029724E-008)             (-0.49999850071755825,0.0000000000000000)
        1986        2000   1086.8808268213052        1.0000000000032181        184.70352497290332       0.99999748531380295        2.5146894156502020E-006  -3.2180924591784787E-012  (2.38482054891082259E-006,-1.11451628529389635E-019)  (-5.76252004009812829E-007,5.13416180890471921E-008)             (-0.49999850071755758,0.0000000000000000)
        1987        2000   1087.9831400330913        1.0000000000032210        165.52955842631300       0.99999748531380583        2.5146894156514578E-006  -3.2209790390425042E-012   (2.05275731658681577E-006,6.17035938275848814E-018)  (-1.85555617454536525E-007,7.27207126471701573E-008)             (-0.49999850071755902,0.0000000000000000)
        1988        2000   1089.0854532448775        1.0000000000032241        146.20319775342784       0.99999748531380916        2.5146894156519859E-006  -3.2240876635114546E-012  (2.09293237639999609E-006,-1.18422909881976828E-017)   (2.87227257637496227E-007,7.09750185248878392E-008)             (-0.49999850071756069,0.0000000000000000)
        1989        2000   1090.1877664566637        1.0000000000032165        127.02923120706735       0.99999748531380539        2.5146894156516517E-006  -3.2165381469440035E-012  (2.49394875003765483E-006,-4.93614751548175386E-019)   (6.41618597113560162E-007,4.16531767129681779E-008)             (-0.49999850071755880,0.0000000000000000)
        1990        2000   1091.2900796684498        1.0000000000032225        108.31004369364028       0.99999748531380472        2.5146894156507687E-006  -3.2225333512769794E-012   (3.11570844922148401E-006,4.38432782771778885E-018)   (8.10022948927597530E-007,1.08073224624414877E-008)             (-0.49999850071755847,0.0000000000000000)
        1991        2000   1092.3923928802360        1.0000000000032212        90.340847982533887       0.99999748531380517        2.5146894156498620E-006  -3.2212010836474292E-012  (3.79584841802739413E-006,-3.70305013580890033E-018)  (7.65433607356932326E-007,-3.33317938152621580E-008)             (-0.49999850071755869,0.0000000000000000)
        1992        2000   1093.4947060920222        1.0000000000032254        73.405029024390416       0.99999748531380828        2.5146894156492724E-006  -3.2254199311410048E-012   (4.31824418442273698E-006,1.16112076141437685E-018)  (4.50027826374414942E-007,-6.45362193040824755E-008)             (-0.49999850071756025,0.0000000000000000)
        1993        2000   1094.5970193038083        1.0000000000032221        57.769674801146195       0.99999748531380983        2.5146894156489815E-006  -3.2220892620671293E-012  (4.52484504974026414E-006,-9.59802787481899663E-018)  (3.58946618100303255E-008,-7.31114226702629093E-008)             (-0.49999850071756102,0.0000000000000000)
        1994        2000   1095.6993325155945        1.0000000000032279        43.681364189010750       0.99999748531381072        2.5146894156486778E-006  -3.2278624217951801E-012   (4.37034979898815109E-006,3.28078848478418832E-020) (-3.90205638029584641E-007,-6.81116485734518949E-008)             (-0.49999850071756147,0.0000000000000000)
        1995        2000   1096.8016457273807        1.0000000000032305        31.362278262286438       0.99999748531381361        2.5146894156481649E-006  -3.2305269570542805E-012   (3.88188044562709677E-006,1.18567164424637854E-018) (-7.35498049366298450E-007,-3.86523068569007811E-008)             (-0.49999850071756291,0.0000000000000000)
        1996        2000   1097.9039589391668        1.0000000000032279        21.006696365102663       0.99999748531381205        2.5146894156476944E-006  -3.2278624217951801E-012  (3.20844734245264261E-006,-7.74426893516364887E-020)  (-8.12798090523116569E-007,5.27656404667728318E-009)             (-0.49999850071756213,0.0000000000000000)
        1997        2000   1099.0062721509530        1.0000000000032312        12.777932210103199       0.99999748531381516        2.5146894156477664E-006  -3.2311930908690556E-012   (2.56474880800043008E-006,1.28278084564605038E-018)  (-6.77650617985446705E-007,3.63162081770815674E-008)             (-0.49999850071756369,0.0000000000000000)
        1998        2000   1100.1085853627392        1.0000000000032272        6.8057583236377575       0.99999748531381139        2.5146894156486808E-006  -3.2271962879804050E-012   (2.11327697672406163E-006,1.56973684250188289E-018)  (-3.56789106591624185E-007,6.71028004413310633E-008)             (-0.49999850071756180,0.0000000000000000)
        1999        2000   1101.2108985745253        1.0000000000032305        3.1843594554998882       0.99999748531381538        2.5146894156501309E-006  -3.2305269570542805E-012  (2.00098446638364511E-006,-5.59515297301567375E-018)   (1.00618527972213816E-007,7.41046728538982706E-008)             (-0.49999850071756380,0.0000000000000000)
        2000        2000   1102.3132117863115        1.0000000000032288        1.9708472291588868       0.99999748531381338        2.5146894156512655E-006  -3.2287506002148803E-012   (2.26287002561179239E-006,3.96998239448713580E-018)   (5.10048162307874024E-007,5.64365923239729499E-008)             (-0.49999850071756280,0.0000000000000000)
 data/dyn__20260406_033200_4062304/                                                                                                                                                                                                                             
