   -0.5000000000E+03    0.5159880002E-07
   -0.4998530249E+03    0.5241471482E-07
   -0.4997060498E+03    0.5322524415E-07
   -0.4995590747E+03    0.5403002210E-07
   -0.4994120996E+03    0.5482867916E-07
   -0.4992651245E+03    0.5562084228E-07
   -0.4991181494E+03    0.5640613496E-07
   -0.4989711743E+03    0.5718417730E-07
   -0.4988241992E+03    0.5795458615E-07
   -0.4986772241E+03    0.5871697513E-07
   -0.4985302491E+03    0.5947095473E-07
   -0.4983832740E+03    0.6021613245E-07
   -0.4982362989E+03    0.6095211282E-07
   -0.4980893238E+03    0.6167849755E-07
   -0.4979423487E+03    0.6239488560E-07
   -0.4977953736E+03    0.6310087329E-07
   -0.4976483985E+03    0.6379605441E-07
   -0.4975014234E+03    0.6448002030E-07
   -0.4973544483E+03    0.6515236000E-07
   -0.4972074732E+03    0.6581266030E-07
   -0.4970604981E+03    0.6646050593E-07
   -0.4969135230E+03    0.6709547959E-07
   -0.4967665479E+03    0.6771716213E-07
   -0.4966195728E+03    0.6832513265E-07
   -0.4964725977E+03    0.6891896863E-07
   -0.4963256226E+03    0.6949824602E-07
   -0.4961786475E+03    0.7006253942E-07
   -0.4960316724E+03    0.7061142216E-07
   -0.4958846973E+03    0.7114446648E-07
   -0.4957377222E+03    0.7166124363E-07
   -0.4955907472E+03    0.7216132401E-07
   -0.4954437721E+03    0.7264427731E-07
   -0.4952967970E+03    0.7310967268E-07
   -0.4951498219E+03    0.7355707884E-07
   -0.4950028468E+03    0.7398606422E-07
   -0.4948558717E+03    0.7439619715E-07
   -0.4947088966E+03    0.7478704598E-07
   -0.4945619215E+03    0.7515817924E-07
   -0.4944149464E+03    0.7550916577E-07
   -0.4942679713E+03    0.7583957494E-07
   -0.4941209962E+03    0.7614897674E-07
   -0.4939740211E+03    0.7643694200E-07
   -0.4938270460E+03    0.7670304250E-07
   -0.4936800709E+03    0.7694685119E-07
   -0.4935330958E+03    0.7716794230E-07
   -0.4933861207E+03    0.7736589157E-07
   -0.4932391456E+03    0.7754027638E-07
   -0.4930921705E+03    0.7769067595E-07
   -0.4929451954E+03    0.7781667147E-07
   -0.4927982203E+03    0.7791784636E-07
   -0.4926512453E+03    0.7799378636E-07
   -0.4925042702E+03    0.7804407978E-07
   -0.4923572951E+03    0.7806831764E-07
   -0.4922103200E+03    0.7806609389E-07
   -0.4920633449E+03    0.7803700557E-07
   -0.4919163698E+03    0.7798065301E-07
   -0.4917693947E+03    0.7789664002E-07
   -0.4916224196E+03    0.7778457408E-07
   -0.4914754445E+03    0.7764406653E-07
   -0.4913284694E+03    0.7747473279E-07
   -0.4911814943E+03    0.7727619251E-07
   -0.4910345192E+03    0.7704806982E-07
   -0.4908875441E+03    0.7678999348E-07
   -0.4907405690E+03    0.7650159713E-07
   -0.4905935939E+03    0.7618251946E-07
   -0.4904466188E+03    0.7583240440E-07
   -0.4902996437E+03    0.7545090138E-07
   -0.4901526686E+03    0.7503766548E-07
   -0.4900056935E+03    0.7459235766E-07
   -0.4898587185E+03    0.7411464496E-07
   -0.4897117434E+03    0.7360420073E-07
   -0.4895647683E+03    0.7306070480E-07
   -0.4894177932E+03    0.7248384375E-07
   -0.4892708181E+03    0.7187331103E-07
   -0.4891238430E+03    0.7122880729E-07
   -0.4889768679E+03    0.7055004047E-07
   -0.4888298928E+03    0.6983672610E-07
   -0.4886829177E+03    0.6908858749E-07
   -0.4885359426E+03    0.6830535592E-07
   -0.4883889675E+03    0.6748677088E-07
   -0.4882419924E+03    0.6663258027E-07
   -0.4880950173E+03    0.6574254065E-07
   -0.4879480422E+03    0.6481641738E-07
   -0.4878010671E+03    0.6385398490E-07
   -0.4876540920E+03    0.6285502694E-07
   -0.4875071169E+03    0.6181933671E-07
   -0.4873601418E+03    0.6074671710E-07
   -0.4872131667E+03    0.5963698095E-07
   -0.4870661916E+03    0.5848995121E-07
   -0.4869192166E+03    0.5730546118E-07
   -0.4867722415E+03    0.5608335473E-07
   -0.4866252664E+03    0.5482348648E-07
   -0.4864782913E+03    0.5352572205E-07
   -0.4863313162E+03    0.5218993822E-07
   -0.4861843411E+03    0.5081602321E-07
   -0.4860373660E+03    0.4940387683E-07
   -0.4858903909E+03    0.4795341071E-07
   -0.4857434158E+03    0.4646454849E-07
   -0.4855964407E+03    0.4493722608E-07
   -0.4854494656E+03    0.4337139179E-07
   -0.4853024905E+03    0.4176700657E-07
   -0.4851555154E+03    0.4012404423E-07
   -0.4850085403E+03    0.3844249160E-07
   -0.4848615652E+03    0.3672234876E-07
   -0.4847145901E+03    0.3496362922E-07
   -0.4845676150E+03    0.3316636010E-07
   -0.4844206399E+03    0.3133058237E-07
   -0.4842736648E+03    0.2945635098E-07
   -0.4841266898E+03    0.2754373511E-07
   -0.4839797147E+03    0.2559281831E-07
   -0.4838327396E+03    0.2360369870E-07
   -0.4836857645E+03    0.2157648914E-07
   -0.4835387894E+03    0.1951131744E-07
   -0.4833918143E+03    0.1740832649E-07
   -0.4832448392E+03    0.1526767450E-07
   -0.4830978641E+03    0.1308953507E-07
   -0.4829508890E+03    0.1087409747E-07
   -0.4828039139E+03    0.8621566717E-08
   -0.4826569388E+03    0.6332163785E-08
   -0.4825099637E+03    0.4006125742E-08
   -0.4823629886E+03    0.1643705912E-08
   -0.4822160135E+03   -0.7548259751E-09
   -0.4820690384E+03   -0.3189183638E-08
   -0.4819220633E+03   -0.5659064097E-08
   -0.4817750882E+03   -0.8164147538E-08
   -0.4816281131E+03   -0.1070409717E-07
   -0.4814811380E+03   -0.1327855911E-07
   -0.4813341629E+03   -0.1588716222E-07
   -0.4811871879E+03   -0.1852951802E-07
   -0.4810402128E+03   -0.2120522056E-07
   -0.4808932377E+03   -0.2391384628E-07
   -0.4807462626E+03   -0.2665495394E-07
   -0.4805992875E+03   -0.2942808447E-07
   -0.4804523124E+03   -0.3223276092E-07
   -0.4803053373E+03   -0.3506848831E-07
   -0.4801583622E+03   -0.3793475358E-07
   -0.4800113871E+03   -0.4083102548E-07
   -0.4798644120E+03   -0.4375675449E-07
   -0.4797174369E+03   -0.4671137277E-07
   -0.4795704618E+03   -0.4969429407E-07
   -0.4794234867E+03   -0.5270491364E-07
   -0.4792765116E+03   -0.5574260822E-07
   -0.4791295365E+03   -0.5880673596E-07
   -0.4789825614E+03   -0.6189663638E-07
   -0.4788355863E+03   -0.6501163030E-07
   -0.4786886112E+03   -0.6815101985E-07
   -0.4785416361E+03   -0.7131408842E-07
   -0.4783946610E+03   -0.7450010061E-07
   -0.4782476860E+03   -0.7770830225E-07
   -0.4781007109E+03   -0.8093792039E-07
   -0.4779537358E+03   -0.8418816325E-07
   -0.4778067607E+03   -0.8745822028E-07
   -0.4776597856E+03   -0.9074726211E-07
   -0.4775128105E+03   -0.9405444064E-07
   -0.4773658354E+03   -0.9737888898E-07
   -0.4772188603E+03   -0.1007197215E-06
   -0.4770718852E+03   -0.1040760340E-06
   -0.4769249101E+03   -0.1074469035E-06
   -0.4767779350E+03   -0.1108313884E-06
   -0.4766309599E+03   -0.1142285288E-06
   -0.4764839848E+03   -0.1176373461E-06
   -0.4763370097E+03   -0.1210568434E-06
   -0.4761900346E+03   -0.1244860054E-06
   -0.4760430595E+03   -0.1279237987E-06
   -0.4758960844E+03   -0.1313691717E-06
   -0.4757491093E+03   -0.1348210547E-06
   -0.4756021342E+03   -0.1382783602E-06
   -0.4754551592E+03   -0.1417399829E-06
   -0.4753081841E+03   -0.1452047997E-06
   -0.4751612090E+03   -0.1486716701E-06
   -0.4750142339E+03   -0.1521394361E-06
   -0.4748672588E+03   -0.1556069225E-06
   -0.4747202837E+03   -0.1590729370E-06
   -0.4745733086E+03   -0.1625362705E-06
   -0.4744263335E+03   -0.1659956970E-06
   -0.4742793584E+03   -0.1694499740E-06
   -0.4741323833E+03   -0.1728978426E-06
   -0.4739854082E+03   -0.1763380279E-06
   -0.4738384331E+03   -0.1797692389E-06
   -0.4736914580E+03   -0.1831901688E-06
   -0.4735444829E+03   -0.1865994955E-06
   -0.4733975078E+03   -0.1899958816E-06
   -0.4732505327E+03   -0.1933779745E-06
   -0.4731035576E+03   -0.1967444070E-06
   -0.4729565825E+03   -0.2000937973E-06
   -0.4728096074E+03   -0.2034247495E-06
   -0.4726626323E+03   -0.2067358536E-06
   -0.4725156573E+03   -0.2100256860E-06
   -0.4723686822E+03   -0.2132928097E-06
   -0.4722217071E+03   -0.2165357748E-06
   -0.4720747320E+03   -0.2197531185E-06
   -0.4719277569E+03   -0.2229433656E-06
   -0.4717807818E+03   -0.2261050289E-06
   -0.4716338067E+03   -0.2292366094E-06
   -0.4714868316E+03   -0.2323365966E-06
   -0.4713398565E+03   -0.2354034693E-06
   -0.4711928814E+03   -0.2384356954E-06
   -0.4710459063E+03   -0.2414317326E-06
   -0.4708989312E+03   -0.2443900288E-06
   -0.4707519561E+03   -0.2473090221E-06
   -0.4706049810E+03   -0.2501871420E-06
   -0.4704580059E+03   -0.2530228090E-06
   -0.4703110308E+03   -0.2558144354E-06
   -0.4701640557E+03   -0.2585604259E-06
   -0.4700170806E+03   -0.2612591776E-06
   -0.4698701055E+03   -0.2639090809E-06
   -0.4697231304E+03   -0.2665085196E-06
   -0.4695761554E+03   -0.2690558715E-06
   -0.4694291803E+03   -0.2715495091E-06
   -0.4692822052E+03   -0.2739877998E-06
   -0.4691352301E+03   -0.2763691064E-06
   -0.4689882550E+03   -0.2786917878E-06
   -0.4688412799E+03   -0.2809541992E-06
   -0.4686943048E+03   -0.2831546932E-06
   -0.4685473297E+03   -0.2852916196E-06
   -0.4684003546E+03   -0.2873633265E-06
   -0.4682533795E+03   -0.2893681606E-06
   -0.4681064044E+03   -0.2913044677E-06
   -0.4679594293E+03   -0.2931705935E-06
   -0.4678124542E+03   -0.2949648838E-06
   -0.4676654791E+03   -0.2966856857E-06
   -0.4675185040E+03   -0.2983313475E-06
   -0.4673715289E+03   -0.2999002196E-06
   -0.4672245538E+03   -0.3013906552E-06
   -0.4670775787E+03   -0.3028010108E-06
   -0.4669306036E+03   -0.3041296467E-06
   -0.4667836286E+03   -0.3053749279E-06
   -0.4666366535E+03   -0.3065352246E-06
   -0.4664896784E+03   -0.3076089126E-06
   -0.4663427033E+03   -0.3085943745E-06
   -0.4661957282E+03   -0.3094899997E-06
   -0.4660487531E+03   -0.3102941855E-06
   -0.4659017780E+03   -0.3110053378E-06
   -0.4657548029E+03   -0.3116218714E-06
   -0.4656078278E+03   -0.3121422111E-06
   -0.4654608527E+03   -0.3125647921E-06
   -0.4653138776E+03   -0.3128880606E-06
   -0.4651669025E+03   -0.3131104751E-06
   -0.4650199274E+03   -0.3132305062E-06
   -0.4648729523E+03   -0.3132466383E-06
   -0.4647259772E+03   -0.3131573694E-06
   -0.4645790021E+03   -0.3129612123E-06
   -0.4644320270E+03   -0.3126566956E-06
   -0.4642850519E+03   -0.3122423635E-06
   -0.4641380768E+03   -0.3117167777E-06
   -0.4639911017E+03   -0.3110785172E-06
   -0.4638441267E+03   -0.3103261794E-06
   -0.4636971516E+03   -0.3094583811E-06
   -0.4635501765E+03   -0.3084737587E-06
   -0.4634032014E+03   -0.3073709695E-06
   -0.4632562263E+03   -0.3061486920E-06
   -0.4631092512E+03   -0.3048056271E-06
   -0.4629622761E+03   -0.3033404984E-06
   -0.4628153010E+03   -0.3017520534E-06
   -0.4626683259E+03   -0.3000390639E-06
   -0.4625213508E+03   -0.2982003271E-06
   -0.4623743757E+03   -0.2962346661E-06
   -0.4622274006E+03   -0.2941409309E-06
   -0.4620804255E+03   -0.2919179990E-06
   -0.4619334504E+03   -0.2895647762E-06
   -0.4617864753E+03   -0.2870801975E-06
   -0.4616395002E+03   -0.2844632278E-06
   -0.4614925251E+03   -0.2817128628E-06
   -0.4613455500E+03   -0.2788281294E-06
   -0.4611985749E+03   -0.2758080869E-06
   -0.4610515999E+03   -0.2726518277E-06
   -0.4609046248E+03   -0.2693584780E-06
   -0.4607576497E+03   -0.2659271984E-06
   -0.4606106746E+03   -0.2623571851E-06
   -0.4604636995E+03   -0.2586476702E-06
   -0.4603167244E+03   -0.2547979230E-06
   -0.4601697493E+03   -0.2508072502E-06
   -0.4600227742E+03   -0.2466749972E-06
   -0.4598757991E+03   -0.2424005485E-06
   -0.4597288240E+03   -0.2379833287E-06
   -0.4595818489E+03   -0.2334228029E-06
   -0.4594348738E+03   -0.2287184780E-06
   -0.4592878987E+03   -0.2238699031E-06
   -0.4591409236E+03   -0.2188766701E-06
   -0.4589939485E+03   -0.2137384148E-06
   -0.4588469734E+03   -0.2084548177E-06
   -0.4586999983E+03   -0.2030256042E-06
   -0.4585530232E+03   -0.1974505459E-06
   -0.4584060481E+03   -0.1917294609E-06
   -0.4582590730E+03   -0.1858622149E-06
   -0.4581120980E+03   -0.1798487215E-06
   -0.4579651229E+03   -0.1736889432E-06
   -0.4578181478E+03   -0.1673828921E-06
   -0.4576711727E+03   -0.1609306305E-06
   -0.4575241976E+03   -0.1543322715E-06
   -0.4573772225E+03   -0.1475879796E-06
   -0.4572302474E+03   -0.1406979720E-06
   -0.4570832723E+03   -0.1336625182E-06
   -0.4569362972E+03   -0.1264819416E-06
   -0.4567893221E+03   -0.1191566197E-06
   -0.4566423470E+03   -0.1116869847E-06
   -0.4564953719E+03   -0.1040735243E-06
   -0.4563483968E+03   -0.9631678197E-07
   -0.4562014217E+03   -0.8841735810E-07
   -0.4560544466E+03   -0.8037591008E-07
   -0.4559074715E+03   -0.7219315307E-07
   -0.4557604964E+03   -0.6386986056E-07
   -0.4556135213E+03   -0.5540686488E-07
   -0.4554665462E+03   -0.4680505778E-07
   -0.4553195711E+03   -0.3806539088E-07
   -0.4551725961E+03   -0.2918887623E-07
   -0.4550256210E+03   -0.2017658680E-07
   -0.4548786459E+03   -0.1102965692E-07
   -0.4547316708E+03   -0.1749282773E-08
   -0.4545846957E+03    0.7663277150E-08
   -0.4544377206E+03    0.1720670165E-07
   -0.4542907455E+03    0.2687960636E-07
   -0.4541437704E+03    0.3668054341E-07
   -0.4539967953E+03    0.4660800098E-07
   -0.4538498202E+03    0.5666040294E-07
   -0.4537028451E+03    0.6683610856E-07
   -0.4535558700E+03    0.7713341211E-07
   -0.4534088949E+03    0.8755054257E-07
   -0.4532619198E+03    0.9808566335E-07
   -0.4531149447E+03    0.1087368720E-06
   -0.4529679696E+03    0.1195022000E-06
   -0.4528209945E+03    0.1303796123E-06
   -0.4526740194E+03    0.1413670075E-06
   -0.4525270443E+03    0.1524622174E-06
   -0.4523800693E+03    0.1636630067E-06
   -0.4522330942E+03    0.1749670730E-06
   -0.4520861191E+03    0.1863720470E-06
   -0.4519391440E+03    0.1978754916E-06
   -0.4517921689E+03    0.2094749025E-06
   -0.4516451938E+03    0.2211677079E-06
   -0.4514982187E+03    0.2329512682E-06
   -0.4513512436E+03    0.2448228766E-06
   -0.4512042685E+03    0.2567797584E-06
   -0.4510572934E+03    0.2688190714E-06
   -0.4509103183E+03    0.2809379059E-06
   -0.4507633432E+03    0.2931332849E-06
   -0.4506163681E+03    0.3054021637E-06
   -0.4504693930E+03    0.3177414308E-06
   -0.4503224179E+03    0.3301479071E-06
   -0.4501754428E+03    0.3426183470E-06
   -0.4500284677E+03    0.3551494380E-06
   -0.4498814926E+03    0.3677378010E-06
   -0.4497345175E+03    0.3803799909E-06
   -0.4495875424E+03    0.3930724963E-06
   -0.4494405674E+03    0.4058117403E-06
   -0.4492935923E+03    0.4185940807E-06
   -0.4491466172E+03    0.4314158099E-06
   -0.4489996421E+03    0.4442731562E-06
   -0.4488526670E+03    0.4571622832E-06
   -0.4487056919E+03    0.4700792911E-06
   -0.4485587168E+03    0.4830202166E-06
   -0.4484117417E+03    0.4959810334E-06
   -0.4482647666E+03    0.5089576532E-06
   -0.4481177915E+03    0.5219459259E-06
   -0.4479708164E+03    0.5349416399E-06
   -0.4478238413E+03    0.5479405233E-06
   -0.4476768662E+03    0.5609382444E-06
   -0.4475298911E+03    0.5739304118E-06
   -0.4473829160E+03    0.5869125760E-06
   -0.4472359409E+03    0.5998802292E-06
   -0.4470889658E+03    0.6128288069E-06
   -0.4469419907E+03    0.6257536880E-06
   -0.4467950156E+03    0.6386501961E-06
   -0.4466480405E+03    0.6515136001E-06
   -0.4465010655E+03    0.6643391151E-06
   -0.4463540904E+03    0.6771219033E-06
   -0.4462071153E+03    0.6898570751E-06
   -0.4460601402E+03    0.7025396899E-06
   -0.4459131651E+03    0.7151647570E-06
   -0.4457661900E+03    0.7277272371E-06
   -0.4456192149E+03    0.7402220426E-06
   -0.4454722398E+03    0.7526440396E-06
   -0.4453252647E+03    0.7649880481E-06
   -0.4451782896E+03    0.7772488439E-06
   -0.4450313145E+03    0.7894211593E-06
   -0.4448843394E+03    0.8014996848E-06
   -0.4447373643E+03    0.8134790698E-06
   -0.4445903892E+03    0.8253539240E-06
   -0.4444434141E+03    0.8371188192E-06
   -0.4442964390E+03    0.8487682901E-06
   -0.4441494639E+03    0.8602968358E-06
   -0.4440024888E+03    0.8716989212E-06
   -0.4438555137E+03    0.8829689786E-06
   -0.4437085387E+03    0.8941014092E-06
   -0.4435615636E+03    0.9050905840E-06
   -0.4434145885E+03    0.9159308461E-06
   -0.4432676134E+03    0.9266165119E-06
   -0.4431206383E+03    0.9371418725E-06
   -0.4429736632E+03    0.9475011956E-06
   -0.4428266881E+03    0.9576887272E-06
   -0.4426797130E+03    0.9676986929E-06
   -0.4425327379E+03    0.9775253000E-06
   -0.4423857628E+03    0.9871627390E-06
   -0.4422387877E+03    0.9966051854E-06
   -0.4420918126E+03    0.1005846802E-05
   -0.4419448375E+03    0.1014881738E-05
   -0.4417978624E+03    0.1023704137E-05
   -0.4416508873E+03    0.1032308132E-05
   -0.4415039122E+03    0.1040687851E-05
   -0.4413569371E+03    0.1048837418E-05
   -0.4412099620E+03    0.1056750956E-05
   -0.4410629869E+03    0.1064422586E-05
   -0.4409160118E+03    0.1071846435E-05
   -0.4407690368E+03    0.1079016630E-05
   -0.4406220617E+03    0.1085927307E-05
   -0.4404750866E+03    0.1092572609E-05
   -0.4403281115E+03    0.1098946689E-05
   -0.4401811364E+03    0.1105043715E-05
   -0.4400341613E+03    0.1110857868E-05
   -0.4398871862E+03    0.1116383345E-05
   -0.4397402111E+03    0.1121614363E-05
   -0.4395932360E+03    0.1126545162E-05
   -0.4394462609E+03    0.1131170004E-05
   -0.4392992858E+03    0.1135483176E-05
   -0.4391523107E+03    0.1139478995E-05
   -0.4390053356E+03    0.1143151808E-05
   -0.4388583605E+03    0.1146495995E-05
   -0.4387113854E+03    0.1149505969E-05
   -0.4385644103E+03    0.1152176185E-05
   -0.4384174352E+03    0.1154501134E-05
   -0.4382704601E+03    0.1156475351E-05
   -0.4381234850E+03    0.1158093416E-05
   -0.4379765100E+03    0.1159349957E-05
   -0.4378295349E+03    0.1160239649E-05
   -0.4376825598E+03    0.1160757222E-05
   -0.4375355847E+03    0.1160897459E-05
   -0.4373886096E+03    0.1160655203E-05
   -0.4372416345E+03    0.1160025352E-05
   -0.4370946594E+03    0.1159002871E-05
   -0.4369476843E+03    0.1157582788E-05
   -0.4368007092E+03    0.1155760198E-05
   -0.4366537341E+03    0.1153530266E-05
   -0.4365067590E+03    0.1150888230E-05
   -0.4363597839E+03    0.1147829403E-05
   -0.4362128088E+03    0.1144349177E-05
   -0.4360658337E+03    0.1140443022E-05
   -0.4359188586E+03    0.1136106493E-05
   -0.4357718835E+03    0.1131335230E-05
   -0.4356249084E+03    0.1126124961E-05
   -0.4354779333E+03    0.1120471504E-05
   -0.4353309582E+03    0.1114370773E-05
   -0.4351839831E+03    0.1107818775E-05
   -0.4350370081E+03    0.1100811619E-05
   -0.4348900330E+03    0.1093345513E-05
   -0.4347430579E+03    0.1085416771E-05
   -0.4345960828E+03    0.1077021810E-05
   -0.4344491077E+03    0.1068157161E-05
   -0.4343021326E+03    0.1058819465E-05
   -0.4341551575E+03    0.1049005476E-05
   -0.4340081824E+03    0.1038712068E-05
   -0.4338612073E+03    0.1027936233E-05
   -0.4337142322E+03    0.1016675086E-05
   -0.4335672571E+03    0.1004925866E-05
   -0.4334202820E+03    0.9926859429E-06
   -0.4332733069E+03    0.9799528128E-06
   -0.4331263318E+03    0.9667241070E-06
   -0.4329793567E+03    0.9529975915E-06
   -0.4328323816E+03    0.9387711704E-06
   -0.4326854065E+03    0.9240428881E-06
   -0.4325384314E+03    0.9088109321E-06
   -0.4323914563E+03    0.8930736354E-06
   -0.4322444812E+03    0.8768294788E-06
   -0.4320975062E+03    0.8600770939E-06
   -0.4319505311E+03    0.8428152649E-06
   -0.4318035560E+03    0.8250429314E-06
   -0.4316565809E+03    0.8067591909E-06
   -0.4315096058E+03    0.7879633009E-06
   -0.4313626307E+03    0.7686546813E-06
   -0.4312156556E+03    0.7488329171E-06
   -0.4310686805E+03    0.7284977602E-06
   -0.4309217054E+03    0.7076491322E-06
   -0.4307747303E+03    0.6862871261E-06
   -0.4306277552E+03    0.6644120090E-06
   -0.4304807801E+03    0.6420242241E-06
   -0.4303338050E+03    0.6191243929E-06
   -0.4301868299E+03    0.5957133173E-06
   -0.4300398548E+03    0.5717919816E-06
   -0.4298928797E+03    0.5473615549E-06
   -0.4297459046E+03    0.5224233929E-06
   -0.4295989295E+03    0.4969790396E-06
   -0.4294519544E+03    0.4710302299E-06
   -0.4293049794E+03    0.4445788909E-06
   -0.4291580043E+03    0.4176271443E-06
   -0.4290110292E+03    0.3901773078E-06
   -0.4288640541E+03    0.3622318970E-06
   -0.4287170790E+03    0.3337936272E-06
   -0.4285701039E+03    0.3048654153E-06
   -0.4284231288E+03    0.2754503810E-06
   -0.4282761537E+03    0.2455518487E-06
   -0.4281291786E+03    0.2151733489E-06
   -0.4279822035E+03    0.1843186199E-06
   -0.4278352284E+03    0.1529916091E-06
   -0.4276882533E+03    0.1211964744E-06
   -0.4275412782E+03    0.8893758544E-07
   -0.4273943031E+03    0.5621952522E-07
   -0.4272473280E+03    0.2304709098E-07
   -0.4271003529E+03   -0.1057470444E-07
   -0.4269533778E+03   -0.4464063159E-07
   -0.4268064027E+03   -0.7914524326E-07
   -0.4266594276E+03   -0.1140828735E-06
   -0.4265124525E+03   -0.1494476369E-06
   -0.4263654775E+03   -0.1852334273E-06
   -0.4262185024E+03   -0.2214339175E-06
   -0.4260715273E+03   -0.2580425579E-06
   -0.4259245522E+03   -0.2950525765E-06
   -0.4257775771E+03   -0.3324569779E-06
   -0.4256306020E+03   -0.3702485428E-06
   -0.4254836269E+03   -0.4084198276E-06
   -0.4253366518E+03   -0.4469631640E-06
   -0.4251896767E+03   -0.4858706585E-06
   -0.4250427016E+03   -0.5251341927E-06
   -0.4248957265E+03   -0.5647454222E-06
   -0.4247487514E+03   -0.6046957776E-06
   -0.4246017763E+03   -0.6449764635E-06
   -0.4244548012E+03   -0.6855784591E-06
   -0.4243078261E+03   -0.7264925181E-06
   -0.4241608510E+03   -0.7677091693E-06
   -0.4240138759E+03   -0.8092187161E-06
   -0.4238669008E+03   -0.8510112378E-06
   -0.4237199257E+03   -0.8930765894E-06
   -0.4235729506E+03   -0.9354044022E-06
   -0.4234259756E+03   -0.9779840848E-06
   -0.4232790005E+03   -0.1020804824E-05
   -0.4231320254E+03   -0.1063855583E-05
   -0.4229850503E+03   -0.1107125107E-05
   -0.4228380752E+03   -0.1150601921E-05
   -0.4226911001E+03   -0.1194274331E-05
   -0.4225441250E+03   -0.1238130424E-05
   -0.4223971499E+03   -0.1282158074E-05
   -0.4222501748E+03   -0.1326344937E-05
   -0.4221031997E+03   -0.1370678457E-05
   -0.4219562246E+03   -0.1415145866E-05
   -0.4218092495E+03   -0.1459734185E-05
   -0.4216622744E+03   -0.1504430227E-05
   -0.4215152993E+03   -0.1549220597E-05
   -0.4213683242E+03   -0.1594091695E-05
   -0.4212213491E+03   -0.1639029718E-05
   -0.4210743740E+03   -0.1684020663E-05
   -0.4209273989E+03   -0.1729050327E-05
   -0.4207804238E+03   -0.1774104308E-05
   -0.4206334488E+03   -0.1819168014E-05
   -0.4204864737E+03   -0.1864226658E-05
   -0.4203394986E+03   -0.1909265263E-05
   -0.4201925235E+03   -0.1954268668E-05
   -0.4200455484E+03   -0.1999221526E-05
   -0.4198985733E+03   -0.2044108308E-05
   -0.4197515982E+03   -0.2088913309E-05
   -0.4196046231E+03   -0.2133620646E-05
   -0.4194576480E+03   -0.2178214265E-05
   -0.4193106729E+03   -0.2222677943E-05
   -0.4191636978E+03   -0.2266995291E-05
   -0.4190167227E+03   -0.2311149758E-05
   -0.4188697476E+03   -0.2355124634E-05
   -0.4187227725E+03   -0.2398903054E-05
   -0.4185757974E+03   -0.2442468000E-05
   -0.4184288223E+03   -0.2485802309E-05
   -0.4182818472E+03   -0.2528888671E-05
   -0.4181348721E+03   -0.2571709639E-05
   -0.4179878970E+03   -0.2614247630E-05
   -0.4178409219E+03   -0.2656484927E-05
   -0.4176939469E+03   -0.2698403688E-05
   -0.4175469718E+03   -0.2739985947E-05
   -0.4173999967E+03   -0.2781213622E-05
   -0.4172530216E+03   -0.2822068514E-05
   -0.4171060465E+03   -0.2862532317E-05
   -0.4169590714E+03   -0.2902586620E-05
   -0.4168120963E+03   -0.2942212913E-05
   -0.4166651212E+03   -0.2981392592E-05
   -0.4165181461E+03   -0.3020106961E-05
   -0.4163711710E+03   -0.3058337244E-05
   -0.4162241959E+03   -0.3096064583E-05
   -0.4160772208E+03   -0.3133270048E-05
   -0.4159302457E+03   -0.3169934639E-05
   -0.4157832706E+03   -0.3206039294E-05
   -0.4156362955E+03   -0.3241564897E-05
   -0.4154893204E+03   -0.3276492276E-05
   -0.4153423453E+03   -0.3310802217E-05
   -0.4151953702E+03   -0.3344475465E-05
   -0.4150483951E+03   -0.3377492732E-05
   -0.4149014201E+03   -0.3409834701E-05
   -0.4147544450E+03   -0.3441482036E-05
   -0.4146074699E+03   -0.3472415384E-05
   -0.4144604948E+03   -0.3502615384E-05
   -0.4143135197E+03   -0.3532062672E-05
   -0.4141665446E+03   -0.3560737889E-05
   -0.4140195695E+03   -0.3588621686E-05
   -0.4138725944E+03   -0.3615694732E-05
   -0.4137256193E+03   -0.3641937719E-05
   -0.4135786442E+03   -0.3667331370E-05
   -0.4134316691E+03   -0.3691856447E-05
   -0.4132846940E+03   -0.3715493754E-05
   -0.4131377189E+03   -0.3738224150E-05
   -0.4129907438E+03   -0.3760028551E-05
   -0.4128437687E+03   -0.3780887938E-05
   -0.4126967936E+03   -0.3800783366E-05
   -0.4125498185E+03   -0.3819695972E-05
   -0.4124028434E+03   -0.3837606978E-05
   -0.4122558683E+03   -0.3854497703E-05
   -0.4121088932E+03   -0.3870349568E-05
   -0.4119619182E+03   -0.3885144106E-05
   -0.4118149431E+03   -0.3898862964E-05
   -0.4116679680E+03   -0.3911487918E-05
   -0.4115209929E+03   -0.3923000875E-05
   -0.4113740178E+03   -0.3933383886E-05
   -0.4112270427E+03   -0.3942619146E-05
   -0.4110800676E+03   -0.3950689010E-05
   -0.4109330925E+03   -0.3957575998E-05
   -0.4107861174E+03   -0.3963262799E-05
   -0.4106391423E+03   -0.3967732285E-05
   -0.4104921672E+03   -0.3970967516E-05
   -0.4103451921E+03   -0.3972951749E-05
   -0.4101982170E+03   -0.3973668443E-05
   -0.4100512419E+03   -0.3973101273E-05
   -0.4099042668E+03   -0.3971234132E-05
   -0.4097572917E+03   -0.3968051143E-05
   -0.4096103166E+03   -0.3963536668E-05
   -0.4094633415E+03   -0.3957675311E-05
   -0.4093163664E+03   -0.3950451932E-05
   -0.4091693913E+03   -0.3941851653E-05
   -0.4090224163E+03   -0.3931859863E-05
   -0.4088754412E+03   -0.3920462233E-05
   -0.4087284661E+03   -0.3907644720E-05
   -0.4085814910E+03   -0.3893393574E-05
   -0.4084345159E+03   -0.3877695350E-05
   -0.4082875408E+03   -0.3860536914E-05
   -0.4081405657E+03   -0.3841905453E-05
   -0.4079935906E+03   -0.3821788480E-05
   -0.4078466155E+03   -0.3800173846E-05
   -0.4076996404E+03   -0.3777049747E-05
   -0.4075526653E+03   -0.3752404729E-05
   -0.4074056902E+03   -0.3726227703E-05
   -0.4072587151E+03   -0.3698507947E-05
   -0.4071117400E+03   -0.3669235118E-05
   -0.4069647649E+03   -0.3638399257E-05
   -0.4068177898E+03   -0.3605990800E-05
   -0.4066708147E+03   -0.3572000585E-05
   -0.4065238396E+03   -0.3536419860E-05
   -0.4063768645E+03   -0.3499240289E-05
   -0.4062298895E+03   -0.3460453966E-05
   -0.4060829144E+03   -0.3420053416E-05
   -0.4059359393E+03   -0.3378031606E-05
   -0.4057889642E+03   -0.3334381953E-05
   -0.4056419891E+03   -0.3289098332E-05
   -0.4054950140E+03   -0.3242175084E-05
   -0.4053480389E+03   -0.3193607020E-05
   -0.4052010638E+03   -0.3143389433E-05
   -0.4050540887E+03   -0.3091518105E-05
   -0.4049071136E+03   -0.3037989311E-05
   -0.4047601385E+03   -0.2982799831E-05
   -0.4046131634E+03   -0.2925946954E-05
   -0.4044661883E+03   -0.2867428486E-05
   -0.4043192132E+03   -0.2807242758E-05
   -0.4041722381E+03   -0.2745388631E-05
   -0.4040252630E+03   -0.2681865507E-05
   -0.4038782879E+03   -0.2616673330E-05
   -0.4037313128E+03   -0.2549812599E-05
   -0.4035843377E+03   -0.2481284369E-05
   -0.4034373626E+03   -0.2411090261E-05
   -0.4032903876E+03   -0.2339232468E-05
   -0.4031434125E+03   -0.2265713760E-05
   -0.4029964374E+03   -0.2190537493E-05
   -0.4028494623E+03   -0.2113707609E-05
   -0.4027024872E+03   -0.2035228651E-05
   -0.4025555121E+03   -0.1955105759E-05
   -0.4024085370E+03   -0.1873344685E-05
   -0.4022615619E+03   -0.1789951790E-05
   -0.4021145868E+03   -0.1704934056E-05
   -0.4019676117E+03   -0.1618299088E-05
   -0.4018206366E+03   -0.1530055119E-05
   -0.4016736615E+03   -0.1440211018E-05
   -0.4015266864E+03   -0.1348776289E-05
   -0.4013797113E+03   -0.1255761083E-05
   -0.4012327362E+03   -0.1161176197E-05
   -0.4010857611E+03   -0.1065033079E-05
   -0.4009387860E+03   -0.9673438347E-06
   -0.4007918109E+03   -0.8681212297E-06
   -0.4006448358E+03   -0.7673786936E-06
   -0.4004978607E+03   -0.6651303233E-06
   -0.4003508857E+03   -0.5613908871E-06
   -0.4002039106E+03   -0.4561758276E-06
   -0.4000569355E+03   -0.3495012650E-06
   -0.3999099604E+03   -0.2413839996E-06
   -0.3997629853E+03   -0.1318415149E-06
   -0.3996160102E+03   -0.2089198004E-07
   -0.3994690351E+03    0.9144574821E-07
   -0.3993220600E+03    0.2051521230E-06
   -0.3991750849E+03    0.3202069056E-06
   -0.3990281098E+03    0.4365891638E-06
   -0.3988811347E+03    0.5542772705E-06
   -0.3987341596E+03    0.6732489024E-06
   -0.3985871845E+03    0.7934810386E-06
   -0.3984402094E+03    0.9149499607E-06
   -0.3982932343E+03    0.1037631251E-05
   -0.3981462592E+03    0.1161499794E-05
   -0.3979992841E+03    0.1286529773E-05
   -0.3978523090E+03    0.1412694674E-05
   -0.3977053339E+03    0.1539967285E-05
   -0.3975583589E+03    0.1668319694E-05
   -0.3974113838E+03    0.1797723292E-05
   -0.3972644087E+03    0.1928148776E-05
   -0.3971174336E+03    0.2059566146E-05
   -0.3969704585E+03    0.2191944709E-05
   -0.3968234834E+03    0.2325253082E-05
   -0.3966765083E+03    0.2459459191E-05
   -0.3965295332E+03    0.2594530276E-05
   -0.3963825581E+03    0.2730432893E-05
   -0.3962355830E+03    0.2867132915E-05
   -0.3960886079E+03    0.3004595538E-05
   -0.3959416328E+03    0.3142785282E-05
   -0.3957946577E+03    0.3281665997E-05
   -0.3956476826E+03    0.3421200864E-05
   -0.3955007075E+03    0.3561352401E-05
   -0.3953537324E+03    0.3702082469E-05
   -0.3952067573E+03    0.3843352274E-05
   -0.3950597822E+03    0.3985122371E-05
   -0.3949128071E+03    0.4127352675E-05
   -0.3947658320E+03    0.4270002460E-05
   -0.3946188570E+03    0.4413030370E-05
   -0.3944718819E+03    0.4556394421E-05
   -0.3943249068E+03    0.4700052010E-05
   -0.3941779317E+03    0.4843959923E-05
   -0.3940309566E+03    0.4988074337E-05
   -0.3938839815E+03    0.5132350833E-05
   -0.3937370064E+03    0.5276744399E-05
   -0.3935900313E+03    0.5421209441E-05
   -0.3934430562E+03    0.5565699791E-05
   -0.3932960811E+03    0.5710168712E-05
   -0.3931491060E+03    0.5854568911E-05
   -0.3930021309E+03    0.5998852546E-05
   -0.3928551558E+03    0.6142971235E-05
   -0.3927081807E+03    0.6286876067E-05
   -0.3925612056E+03    0.6430517612E-05
   -0.3924142305E+03    0.6573845927E-05
   -0.3922672554E+03    0.6716810573E-05
   -0.3921202803E+03    0.6859360622E-05
   -0.3919733052E+03    0.7001444668E-05
   -0.3918263302E+03    0.7143010840E-05
   -0.3916793551E+03    0.7284006811E-05
   -0.3915323800E+03    0.7424379814E-05
   -0.3913854049E+03    0.7564076650E-05
   -0.3912384298E+03    0.7703043704E-05
   -0.3910914547E+03    0.7841226956E-05
   -0.3909444796E+03    0.7978571994E-05
   -0.3907975045E+03    0.8115024028E-05
   -0.3906505294E+03    0.8250527904E-05
   -0.3905035543E+03    0.8385028117E-05
   -0.3903565792E+03    0.8518468825E-05
   -0.3902096041E+03    0.8650793867E-05
   -0.3900626290E+03    0.8781946772E-05
   -0.3899156539E+03    0.8911870780E-05
   -0.3897686788E+03    0.9040508853E-05
   -0.3896217037E+03    0.9167803692E-05
   -0.3894747286E+03    0.9293697753E-05
   -0.3893277535E+03    0.9418133266E-05
   -0.3891807784E+03    0.9541052247E-05
   -0.3890338033E+03    0.9662396515E-05
   -0.3888868283E+03    0.9782107713E-05
   -0.3887398532E+03    0.9900127322E-05
   -0.3885928781E+03    0.1001639668E-04
   -0.3884459030E+03    0.1013085700E-04
   -0.3882989279E+03    0.1024344938E-04
   -0.3881519528E+03    0.1035411483E-04
   -0.3880049777E+03    0.1046279431E-04
   -0.3878580026E+03    0.1056942869E-04
   -0.3877110275E+03    0.1067395884E-04
   -0.3875640524E+03    0.1077632560E-04
   -0.3874170773E+03    0.1087646982E-04
   -0.3872701022E+03    0.1097433236E-04
   -0.3871231271E+03    0.1106985416E-04
   -0.3869761520E+03    0.1116297618E-04
   -0.3868291769E+03    0.1125363950E-04
   -0.3866822018E+03    0.1134178528E-04
   -0.3865352267E+03    0.1142735484E-04
   -0.3863882516E+03    0.1151028962E-04
   -0.3862412765E+03    0.1159053123E-04
   -0.3860943014E+03    0.1166802149E-04
   -0.3859473264E+03    0.1174270240E-04
   -0.3858003513E+03    0.1181451622E-04
   -0.3856533762E+03    0.1188340545E-04
   -0.3855064011E+03    0.1194931289E-04
   -0.3853594260E+03    0.1201218161E-04
   -0.3852124509E+03    0.1207195501E-04
   -0.3850654758E+03    0.1212857685E-04
   -0.3849185007E+03    0.1218199123E-04
   -0.3847715256E+03    0.1223214267E-04
   -0.3846245505E+03    0.1227897609E-04
   -0.3844775754E+03    0.1232243683E-04
   -0.3843306003E+03    0.1236247071E-04
   -0.3841836252E+03    0.1239902402E-04
   -0.3840366501E+03    0.1243204357E-04
   -0.3838896750E+03    0.1246147668E-04
   -0.3837426999E+03    0.1248727124E-04
   -0.3835957248E+03    0.1250937571E-04
   -0.3834487497E+03    0.1252773915E-04
   -0.3833017746E+03    0.1254231124E-04
   -0.3831547996E+03    0.1255304231E-04
   -0.3830078245E+03    0.1255988337E-04
   -0.3828608494E+03    0.1256278612E-04
   -0.3827138743E+03    0.1256170298E-04
   -0.3825668992E+03    0.1255658712E-04
   -0.3824199241E+03    0.1254739248E-04
   -0.3822729490E+03    0.1253407377E-04
   -0.3821259739E+03    0.1251658655E-04
   -0.3819789988E+03    0.1249488721E-04
   -0.3818320237E+03    0.1246893299E-04
   -0.3816850486E+03    0.1243868204E-04
   -0.3815380735E+03    0.1240409341E-04
   -0.3813910984E+03    0.1236512710E-04
   -0.3812441233E+03    0.1232174407E-04
   -0.3810971482E+03    0.1227390626E-04
   -0.3809501731E+03    0.1222157662E-04
   -0.3808031980E+03    0.1216471914E-04
   -0.3806562229E+03    0.1210329888E-04
   -0.3805092478E+03    0.1203728195E-04
   -0.3803622727E+03    0.1196663561E-04
   -0.3802152977E+03    0.1189132820E-04
   -0.3800683226E+03    0.1181132925E-04
   -0.3799213475E+03    0.1172660946E-04
   -0.3797743724E+03    0.1163714072E-04
   -0.3796273973E+03    0.1154289615E-04
   -0.3794804222E+03    0.1144385011E-04
   -0.3793334471E+03    0.1133997825E-04
   -0.3791864720E+03    0.1123125748E-04
   -0.3790394969E+03    0.1111766604E-04
   -0.3788925218E+03    0.1099918352E-04
   -0.3787455467E+03    0.1087579086E-04
   -0.3785985716E+03    0.1074747036E-04
   -0.3784515965E+03    0.1061420575E-04
   -0.3783046214E+03    0.1047598218E-04
   -0.3781576463E+03    0.1033278624E-04
   -0.3780106712E+03    0.1018460598E-04
   -0.3778636961E+03    0.1003143096E-04
   -0.3777167210E+03    0.9873252214E-05
   -0.3775697459E+03    0.9710062341E-05
   -0.3774227708E+03    0.9541855468E-05
   -0.3772757958E+03    0.9368627295E-05
   -0.3771288207E+03    0.9190375112E-05
   -0.3769818456E+03    0.9007097812E-05
   -0.3768348705E+03    0.8818795919E-05
   -0.3766878954E+03    0.8625471598E-05
   -0.3765409203E+03    0.8427128678E-05
   -0.3763939452E+03    0.8223772669E-05
   -0.3762469701E+03    0.8015410779E-05
   -0.3760999950E+03    0.7802051929E-05
   -0.3759530199E+03    0.7583706777E-05
   -0.3758060448E+03    0.7360387723E-05
   -0.3756590697E+03    0.7132108937E-05
   -0.3755120946E+03    0.6898886365E-05
   -0.3753651195E+03    0.6660737749E-05
   -0.3752181444E+03    0.6417682642E-05
   -0.3750711693E+03    0.6169742419E-05
   -0.3749241942E+03    0.5916940294E-05
   -0.3747772191E+03    0.5659301332E-05
   -0.3746302440E+03    0.5396852462E-05
   -0.3744832690E+03    0.5129622489E-05
   -0.3743362939E+03    0.4857642108E-05
   -0.3741893188E+03    0.4580943912E-05
   -0.3740423437E+03    0.4299562406E-05
   -0.3738953686E+03    0.4013534017E-05
   -0.3737483935E+03    0.3722897101E-05
   -0.3736014184E+03    0.3427691957E-05
   -0.3734544433E+03    0.3127960833E-05
   -0.3733074682E+03    0.2823747933E-05
   -0.3731604931E+03    0.2515099430E-05
   -0.3730135180E+03    0.2202063467E-05
   -0.3728665429E+03    0.1884690167E-05
   -0.3727195678E+03    0.1563031639E-05
   -0.3725725927E+03    0.1237141983E-05
   -0.3724256176E+03    0.9070772933E-06
   -0.3722786425E+03    0.5728956656E-06
   -0.3721316674E+03    0.2346571984E-06
   -0.3719846923E+03   -0.1075760033E-06
   -0.3718377172E+03   -0.4537398253E-06
   -0.3716907421E+03   -0.8037681434E-06
   -0.3715437671E+03   -0.1157592821E-05
   -0.3713967920E+03   -0.1515143711E-05
   -0.3712498169E+03   -0.1876348652E-05
   -0.3711028418E+03   -0.2241133475E-05
   -0.3709558667E+03   -0.2609422000E-05
   -0.3708088916E+03   -0.2981136039E-05
   -0.3706619165E+03   -0.3356195403E-05
   -0.3705149414E+03   -0.3734517900E-05
   -0.3703679663E+03   -0.4116019344E-05
   -0.3702209912E+03   -0.4500613558E-05
   -0.3700740161E+03   -0.4888212380E-05
   -0.3699270410E+03   -0.5278725669E-05
   -0.3697800659E+03   -0.5672061314E-05
   -0.3696330908E+03   -0.6068125242E-05
   -0.3694861157E+03   -0.6466821422E-05
   -0.3693391406E+03   -0.6868051883E-05
   -0.3691921655E+03   -0.7271716717E-05
   -0.3690451904E+03   -0.7677714092E-05
   -0.3688982153E+03   -0.8085940266E-05
   -0.3687512403E+03   -0.8496289598E-05
   -0.3686042652E+03   -0.8908654559E-05
   -0.3684572901E+03   -0.9322925751E-05
   -0.3683103150E+03   -0.9738991918E-05
   -0.3681633399E+03   -0.1015673996E-04
   -0.3680163648E+03   -0.1057605496E-04
   -0.3678693897E+03   -0.1099682019E-04
   -0.3677224146E+03   -0.1141891713E-04
   -0.3675754395E+03   -0.1184222549E-04
   -0.3674284644E+03   -0.1226662322E-04
   -0.3672814893E+03   -0.1269198657E-04
   -0.3671345142E+03   -0.1311819004E-04
   -0.3669875391E+03   -0.1354510648E-04
   -0.3668405640E+03   -0.1397260704E-04
   -0.3666935889E+03   -0.1440056127E-04
   -0.3665466138E+03   -0.1482883706E-04
   -0.3663996387E+03   -0.1525730074E-04
   -0.3662526636E+03   -0.1568581706E-04
   -0.3661056885E+03   -0.1611424925E-04
   -0.3659587134E+03   -0.1654245900E-04
   -0.3658117384E+03   -0.1697030653E-04
   -0.3656647633E+03   -0.1739765063E-04
   -0.3655177882E+03   -0.1782434863E-04
   -0.3653708131E+03   -0.1825025650E-04
   -0.3652238380E+03   -0.1867522883E-04
   -0.3650768629E+03   -0.1909911889E-04
   -0.3649298878E+03   -0.1952177865E-04
   -0.3647829127E+03   -0.1994305883E-04
   -0.3646359376E+03   -0.2036280892E-04
   -0.3644889625E+03   -0.2078087721E-04
   -0.3643419874E+03   -0.2119711085E-04
   -0.3641950123E+03   -0.2161135587E-04
   -0.3640480372E+03   -0.2202345723E-04
   -0.3639010621E+03   -0.2243325883E-04
   -0.3637540870E+03   -0.2284060359E-04
   -0.3636071119E+03   -0.2324533346E-04
   -0.3634601368E+03   -0.2364728948E-04
   -0.3633131617E+03   -0.2404631182E-04
   -0.3631661866E+03   -0.2444223979E-04
   -0.3630192115E+03   -0.2483491193E-04
   -0.3628722365E+03   -0.2522416604E-04
   -0.3627252614E+03   -0.2560983920E-04
   -0.3625782863E+03   -0.2599176785E-04
   -0.3624313112E+03   -0.2636978781E-04
   -0.3622843361E+03   -0.2674373434E-04
   -0.3621373610E+03   -0.2711344220E-04
   -0.3619903859E+03   -0.2747874565E-04
   -0.3618434108E+03   -0.2783947858E-04
   -0.3616964357E+03   -0.2819547446E-04
   -0.3615494606E+03   -0.2854656649E-04
   -0.3614024855E+03   -0.2889258758E-04
   -0.3612555104E+03   -0.2923337042E-04
   -0.3611085353E+03   -0.2956874756E-04
   -0.3609615602E+03   -0.2989855141E-04
   -0.3608145851E+03   -0.3022261437E-04
   -0.3606676100E+03   -0.3054076879E-04
   -0.3605206349E+03   -0.3085284710E-04
   -0.3603736598E+03   -0.3115868185E-04
   -0.3602266847E+03   -0.3145810573E-04
   -0.3600797097E+03   -0.3175095166E-04
   -0.3599327346E+03   -0.3203705284E-04
   -0.3597857595E+03   -0.3231624282E-04
   -0.3596387844E+03   -0.3258835551E-04
   -0.3594918093E+03   -0.3285322531E-04
   -0.3593448342E+03   -0.3311068712E-04
   -0.3591978591E+03   -0.3336057639E-04
   -0.3590508840E+03   -0.3360272923E-04
   -0.3589039089E+03   -0.3383698244E-04
   -0.3587569338E+03   -0.3406317355E-04
   -0.3586099587E+03   -0.3428114092E-04
   -0.3584629836E+03   -0.3449072380E-04
   -0.3583160085E+03   -0.3469176234E-04
   -0.3581690334E+03   -0.3488409773E-04
   -0.3580220583E+03   -0.3506757220E-04
   -0.3578750832E+03   -0.3524202912E-04
   -0.3577281081E+03   -0.3540731303E-04
   -0.3575811330E+03   -0.3556326974E-04
   -0.3574341579E+03   -0.3570974639E-04
   -0.3572871828E+03   -0.3584659146E-04
   -0.3571402078E+03   -0.3597365493E-04
   -0.3569932327E+03   -0.3609078824E-04
   -0.3568462576E+03   -0.3619784444E-04
   -0.3566992825E+03   -0.3629467822E-04
   -0.3565523074E+03   -0.3638114594E-04
   -0.3564053323E+03   -0.3645710579E-04
   -0.3562583572E+03   -0.3652241775E-04
   -0.3561113821E+03   -0.3657694372E-04
   -0.3559644070E+03   -0.3662054758E-04
   -0.3558174319E+03   -0.3665309521E-04
   -0.3556704568E+03   -0.3667445464E-04
   -0.3555234817E+03   -0.3668449602E-04
   -0.3553765066E+03   -0.3668309176E-04
   -0.3552295315E+03   -0.3667011656E-04
   -0.3550825564E+03   -0.3664544748E-04
   -0.3549355813E+03   -0.3660896401E-04
   -0.3547886062E+03   -0.3656054814E-04
   -0.3546416311E+03   -0.3650008443E-04
   -0.3544946560E+03   -0.3642746003E-04
   -0.3543476809E+03   -0.3634256482E-04
   -0.3542007059E+03   -0.3624529142E-04
   -0.3540537308E+03   -0.3613553526E-04
   -0.3539067557E+03   -0.3601319468E-04
   -0.3537597806E+03   -0.3587817094E-04
   -0.3536128055E+03   -0.3573036834E-04
   -0.3534658304E+03   -0.3556969424E-04
   -0.3533188553E+03   -0.3539605915E-04
   -0.3531718802E+03   -0.3520937678E-04
   -0.3530249051E+03   -0.3500956409E-04
   -0.3528779300E+03   -0.3479654141E-04
   -0.3527309549E+03   -0.3457023241E-04
   -0.3525839798E+03   -0.3433056424E-04
   -0.3524370047E+03   -0.3407746757E-04
   -0.3522900296E+03   -0.3381087662E-04
   -0.3521430545E+03   -0.3353072925E-04
   -0.3519960794E+03   -0.3323696702E-04
   -0.3518491043E+03   -0.3292953523E-04
   -0.3517021292E+03   -0.3260838299E-04
   -0.3515551541E+03   -0.3227346328E-04
   -0.3514081791E+03   -0.3192473299E-04
   -0.3512612040E+03   -0.3156215302E-04
   -0.3511142289E+03   -0.3118568826E-04
   -0.3509672538E+03   -0.3079530772E-04
   -0.3508202787E+03   -0.3039098454E-04
   -0.3506733036E+03   -0.2997269607E-04
   -0.3505263285E+03   -0.2954042387E-04
   -0.3503793534E+03   -0.2909415385E-04
   -0.3502323783E+03   -0.2863387623E-04
   -0.3500854032E+03   -0.2815958565E-04
   -0.3499384281E+03   -0.2767128118E-04
   -0.3497914530E+03   -0.2716896641E-04
   -0.3496444779E+03   -0.2665264945E-04
   -0.3494975028E+03   -0.2612234301E-04
   -0.3493505277E+03   -0.2557806442E-04
   -0.3492035526E+03   -0.2501983571E-04
   -0.3490565775E+03   -0.2444768361E-04
   -0.3489096024E+03   -0.2386163961E-04
   -0.3487626273E+03   -0.2326174002E-04
   -0.3486156522E+03   -0.2264802597E-04
   -0.3484686772E+03   -0.2202054348E-04
   -0.3483217021E+03   -0.2137934347E-04
   -0.3481747270E+03   -0.2072448184E-04
   -0.3480277519E+03   -0.2005601945E-04
   -0.3478807768E+03   -0.1937402219E-04
   -0.3477338017E+03   -0.1867856099E-04
   -0.3475868266E+03   -0.1796971188E-04
   -0.3474398515E+03   -0.1724755598E-04
   -0.3472928764E+03   -0.1651217955E-04
   -0.3471459013E+03   -0.1576367404E-04
   -0.3469989262E+03   -0.1500213606E-04
   -0.3468519511E+03   -0.1422766744E-04
   -0.3467049760E+03   -0.1344037526E-04
   -0.3465580009E+03   -0.1264037183E-04
   -0.3464110258E+03   -0.1182777475E-04
   -0.3462640507E+03   -0.1100270691E-04
   -0.3461170756E+03   -0.1016529651E-04
   -0.3459701005E+03   -0.9315677069E-05
   -0.3458231254E+03   -0.8453987445E-05
   -0.3456761503E+03   -0.7580371837E-05
   -0.3455291753E+03   -0.6694979805E-05
   -0.3453822002E+03   -0.5797966268E-05
   -0.3452352251E+03   -0.4889491519E-05
   -0.3450882500E+03   -0.3969721225E-05
   -0.3449412749E+03   -0.3038826428E-05
   -0.3447942998E+03   -0.2096983551E-05
   -0.3446473247E+03   -0.1144374393E-05
   -0.3445003496E+03   -0.1811861309E-06
   -0.3443533745E+03    0.7923886909E-06
   -0.3442063994E+03    0.1776152161E-05
   -0.3440594243E+03    0.2769901010E-05
   -0.3439124492E+03    0.3773426623E-05
   -0.3437654741E+03    0.4786515049E-05
   -0.3436184990E+03    0.5808947014E-05
   -0.3434715239E+03    0.6840497937E-05
   -0.3433245488E+03    0.7880937948E-05
   -0.3431775737E+03    0.8930031904E-05
   -0.3430305986E+03    0.9987539416E-05
   -0.3428836235E+03    0.1105321487E-04
   -0.3427366485E+03    0.1212680744E-04
   -0.3425896734E+03    0.1320806113E-04
   -0.3424426983E+03    0.1429671481E-04
   -0.3422957232E+03    0.1539250222E-04
   -0.3421487481E+03    0.1649515203E-04
   -0.3420017730E+03    0.1760438785E-04
   -0.3418547979E+03    0.1871992829E-04
   -0.3417078228E+03    0.1984148698E-04
   -0.3415608477E+03    0.2096877263E-04
   -0.3414138726E+03    0.2210148906E-04
   -0.3412668975E+03    0.2323933524E-04
   -0.3411199224E+03    0.2438200536E-04
   -0.3409729473E+03    0.2552918884E-04
   -0.3408259722E+03    0.2668057043E-04
   -0.3406789971E+03    0.2783583023E-04
   -0.3405320220E+03    0.2899464375E-04
   -0.3403850469E+03    0.3015668197E-04
   -0.3402380718E+03    0.3132161141E-04
   -0.3400910967E+03    0.3248909417E-04
   -0.3399441216E+03    0.3365878802E-04
   -0.3397971466E+03    0.3483034645E-04
   -0.3396501715E+03    0.3600341873E-04
   -0.3395031964E+03    0.3717765000E-04
   -0.3393562213E+03    0.3835268131E-04
   -0.3392092462E+03    0.3952814975E-04
   -0.3390622711E+03    0.4070368847E-04
   -0.3389152960E+03    0.4187892678E-04
   -0.3387683209E+03    0.4305349023E-04
   -0.3386213458E+03    0.4422700071E-04
   -0.3384743707E+03    0.4539907650E-04
   -0.3383273956E+03    0.4656933236E-04
   -0.3381804205E+03    0.4773737967E-04
   -0.3380334454E+03    0.4890282645E-04
   -0.3378864703E+03    0.5006527750E-04
   -0.3377394952E+03    0.5122433446E-04
   -0.3375925201E+03    0.5237959596E-04
   -0.3374455450E+03    0.5353065764E-04
   -0.3372985699E+03    0.5467711234E-04
   -0.3371515948E+03    0.5581855012E-04
   -0.3370046198E+03    0.5695455841E-04
   -0.3368576447E+03    0.5808472212E-04
   -0.3367106696E+03    0.5920862373E-04
   -0.3365636945E+03    0.6032584339E-04
   -0.3364167194E+03    0.6143595908E-04
   -0.3362697443E+03    0.6253854664E-04
   -0.3361227692E+03    0.6363318000E-04
   -0.3359757941E+03    0.6471943117E-04
   -0.3358288190E+03    0.6579687047E-04
   -0.3356818439E+03    0.6686506659E-04
   -0.3355348688E+03    0.6792358672E-04
   -0.3353878937E+03    0.6897199669E-04
   -0.3352409186E+03    0.7000986108E-04
   -0.3350939435E+03    0.7103674336E-04
   -0.3349469684E+03    0.7205220601E-04
   -0.3347999933E+03    0.7305581068E-04
   -0.3346530182E+03    0.7404711826E-04
   -0.3345060431E+03    0.7502568909E-04
   -0.3343590680E+03    0.7599108303E-04
   -0.3342120929E+03    0.7694285965E-04
   -0.3340651179E+03    0.7788057833E-04
   -0.3339181428E+03    0.7880379844E-04
   -0.3337711677E+03    0.7971207942E-04
   -0.3336241926E+03    0.8060498100E-04
   -0.3334772175E+03    0.8148206327E-04
   -0.3333302424E+03    0.8234288690E-04
   -0.3331832673E+03    0.8318701323E-04
   -0.3330362922E+03    0.8401400443E-04
   -0.3328893171E+03    0.8482342367E-04
   -0.3327423420E+03    0.8561483525E-04
   -0.3325953669E+03    0.8638780478E-04
   -0.3324483918E+03    0.8714189928E-04
   -0.3323014167E+03    0.8787668740E-04
   -0.3321544416E+03    0.8859173953E-04
   -0.3320074665E+03    0.8928662797E-04
   -0.3318604914E+03    0.8996092709E-04
   -0.3317135163E+03    0.9061421348E-04
   -0.3315665412E+03    0.9124606611E-04
   -0.3314195661E+03    0.9185606650E-04
   -0.3312725910E+03    0.9244379889E-04
   -0.3311256160E+03    0.9300885036E-04
   -0.3309786409E+03    0.9355081103E-04
   -0.3308316658E+03    0.9406927420E-04
   -0.3306846907E+03    0.9456383654E-04
   -0.3305377156E+03    0.9503409823E-04
   -0.3303907405E+03    0.9547966313E-04
   -0.3302437654E+03    0.9590013895E-04
   -0.3300967903E+03    0.9629513740E-04
   -0.3299498152E+03    0.9666427438E-04
   -0.3298028401E+03    0.9700717013E-04
   -0.3296558650E+03    0.9732344939E-04
   -0.3295088899E+03    0.9761274159E-04
   -0.3293619148E+03    0.9787468099E-04
   -0.3292149397E+03    0.9810890686E-04
   -0.3290679646E+03    0.9831506363E-04
   -0.3289209895E+03    0.9849280110E-04
   -0.3287740144E+03    0.9864177455E-04
   -0.3286270393E+03    0.9876164495E-04
   -0.3284800642E+03    0.9885207909E-04
   -0.3283330892E+03    0.9891274978E-04
   -0.3281861141E+03    0.9894333600E-04
   -0.3280391390E+03    0.9894352305E-04
   -0.3278921639E+03    0.9891300275E-04
   -0.3277451888E+03    0.9885147356E-04
   -0.3275982137E+03    0.9875864078E-04
   -0.3274512386E+03    0.9863421670E-04
   -0.3273042635E+03    0.9847792077E-04
   -0.3271572884E+03    0.9828947974E-04
   -0.3270103133E+03    0.9806862783E-04
   -0.3268633382E+03    0.9781510691E-04
   -0.3267163631E+03    0.9752866664E-04
   -0.3265693880E+03    0.9720906463E-04
   -0.3264224129E+03    0.9685606660E-04
   -0.3262754378E+03    0.9646944653E-04
   -0.3261284627E+03    0.9604898682E-04
   -0.3259814876E+03    0.9559447846E-04
   -0.3258345125E+03    0.9510572114E-04
   -0.3256875374E+03    0.9458252345E-04
   -0.3255405623E+03    0.9402470298E-04
   -0.3253935873E+03    0.9343208653E-04
   -0.3252466122E+03    0.9280451020E-04
   -0.3250996371E+03    0.9214181955E-04
   -0.3249526620E+03    0.9144386977E-04
   -0.3248056869E+03    0.9071052578E-04
   -0.3246587118E+03    0.8994166241E-04
   -0.3245117367E+03    0.8913716450E-04
   -0.3243647616E+03    0.8829692709E-04
   -0.3242177865E+03    0.8742085548E-04
   -0.3240708114E+03    0.8650886542E-04
   -0.3239238363E+03    0.8556088324E-04
   -0.3237768612E+03    0.8457684592E-04
   -0.3236298861E+03    0.8355670130E-04
   -0.3234829110E+03    0.8250040812E-04
   -0.3233359359E+03    0.8140793622E-04
   -0.3231889608E+03    0.8027926657E-04
   -0.3230419857E+03    0.7911439149E-04
   -0.3228950106E+03    0.7791331467E-04
   -0.3227480355E+03    0.7667605133E-04
   -0.3226010604E+03    0.7540262833E-04
   -0.3224540854E+03    0.7409308424E-04
   -0.3223071103E+03    0.7274746951E-04
   -0.3221601352E+03    0.7136584648E-04
   -0.3220131601E+03    0.6994828954E-04
   -0.3218661850E+03    0.6849488523E-04
   -0.3217192099E+03    0.6700573229E-04
   -0.3215722348E+03    0.6548094176E-04
   -0.3214252597E+03    0.6392063709E-04
   -0.3212782846E+03    0.6232495420E-04
   -0.3211313095E+03    0.6069404157E-04
   -0.3209843344E+03    0.5902806029E-04
   -0.3208373593E+03    0.5732718416E-04
   -0.3206903842E+03    0.5559159977E-04
   -0.3205434091E+03    0.5382150650E-04
   -0.3203964340E+03    0.5201711665E-04
   -0.3202494589E+03    0.5017865549E-04
   -0.3201024838E+03    0.4830636127E-04
   -0.3199555087E+03    0.4640048531E-04
   -0.3198085336E+03    0.4446129202E-04
   -0.3196615586E+03    0.4248905898E-04
   -0.3195145835E+03    0.4048407694E-04
   -0.3193676084E+03    0.3844664988E-04
   -0.3192206333E+03    0.3637709503E-04
   -0.3190736582E+03    0.3427574290E-04
   -0.3189266831E+03    0.3214293730E-04
   -0.3187797080E+03    0.2997903536E-04
   -0.3186327329E+03    0.2778440757E-04
   -0.3184857578E+03    0.2555943773E-04
   -0.3183387827E+03    0.2330452303E-04
   -0.3181918076E+03    0.2102007399E-04
   -0.3180448325E+03    0.1870651451E-04
   -0.3178978574E+03    0.1636428183E-04
   -0.3177508823E+03    0.1399382651E-04
   -0.3176039072E+03    0.1159561245E-04
   -0.3174569321E+03    0.9170116850E-05
   -0.3173099570E+03    0.6717830195E-05
   -0.3171629819E+03    0.4239256211E-05
   -0.3170160068E+03    0.1734911844E-05
   -0.3168690317E+03   -0.7946727809E-06
   -0.3167220567E+03   -0.3348954402E-05
   -0.3165750816E+03   -0.5927376666E-05
   -0.3164281065E+03   -0.8529370186E-05
   -0.3162811314E+03   -0.1115435259E-04
   -0.3161341563E+03   -0.1380172859E-04
   -0.3159871812E+03   -0.1647089003E-04
   -0.3158402061E+03   -0.1916121600E-04
   -0.3156932310E+03   -0.2187207286E-04
   -0.3155462559E+03   -0.2460281434E-04
   -0.3153992808E+03   -0.2735278165E-04
   -0.3152523057E+03   -0.3012130352E-04
   -0.3151053306E+03   -0.3290769636E-04
   -0.3149583555E+03   -0.3571126429E-04
   -0.3148113804E+03   -0.3853129931E-04
   -0.3146644053E+03   -0.4136708134E-04
   -0.3145174302E+03   -0.4421787841E-04
   -0.3143704551E+03   -0.4708294674E-04
   -0.3142234800E+03   -0.4996153084E-04
   -0.3140765049E+03   -0.5285286369E-04
   -0.3139295299E+03   -0.5575616686E-04
   -0.3137825548E+03   -0.5867065063E-04
   -0.3136355797E+03   -0.6159551415E-04
   -0.3134886046E+03   -0.6452994558E-04
   -0.3133416295E+03   -0.6747312226E-04
   -0.3131946544E+03   -0.7042421087E-04
   -0.3130476793E+03   -0.7338236756E-04
   -0.3129007042E+03   -0.7634673818E-04
   -0.3127537291E+03   -0.7931645838E-04
   -0.3126067540E+03   -0.8229065386E-04
   -0.3124597789E+03   -0.8526844051E-04
   -0.3123128038E+03   -0.8824892462E-04
   -0.3121658287E+03   -0.9123120306E-04
   -0.3120188536E+03   -0.9421436348E-04
   -0.3118718785E+03   -0.9719748454E-04
   -0.3117249034E+03   -0.1001796361E-03
   -0.3115779283E+03   -0.1031598793E-03
   -0.3114309532E+03   -0.1061372672E-03
   -0.3112839781E+03   -0.1091108445E-03
   -0.3111370030E+03   -0.1120796480E-03
   -0.3109900280E+03   -0.1150427067E-03
   -0.3108430529E+03   -0.1179990425E-03
   -0.3106960778E+03   -0.1209476698E-03
   -0.3105491027E+03   -0.1238875961E-03
   -0.3104021276E+03   -0.1268178222E-03
   -0.3102551525E+03   -0.1297373424E-03
   -0.3101081774E+03   -0.1326451450E-03
   -0.3099612023E+03   -0.1355402121E-03
   -0.3098142272E+03   -0.1384215204E-03
   -0.3096672521E+03   -0.1412880409E-03
   -0.3095202770E+03   -0.1441387398E-03
   -0.3093733019E+03   -0.1469725784E-03
   -0.3092263268E+03   -0.1497885132E-03
   -0.3090793517E+03   -0.1525854967E-03
   -0.3089323766E+03   -0.1553624776E-03
   -0.3087854015E+03   -0.1581184004E-03
   -0.3086384264E+03   -0.1608522068E-03
   -0.3084914513E+03   -0.1635628351E-03
   -0.3083444762E+03   -0.1662492211E-03
   -0.3081975011E+03   -0.1689102978E-03
   -0.3080505261E+03   -0.1715449966E-03
   -0.3079035510E+03   -0.1741522467E-03
   -0.3077565759E+03   -0.1767309760E-03
   -0.3076096008E+03   -0.1792801113E-03
   -0.3074626257E+03   -0.1817985784E-03
   -0.3073156506E+03   -0.1842853028E-03
   -0.3071686755E+03   -0.1867392100E-03
   -0.3070217004E+03   -0.1891592253E-03
   -0.3068747253E+03   -0.1915442749E-03
   -0.3067277502E+03   -0.1938932858E-03
   -0.3065807751E+03   -0.1962051863E-03
   -0.3064338000E+03   -0.1984789061E-03
   -0.3062868249E+03   -0.2007133771E-03
   -0.3061398498E+03   -0.2029075334E-03
   -0.3059928747E+03   -0.2050603118E-03
   -0.3058458996E+03   -0.2071706522E-03
   -0.3056989245E+03   -0.2092374977E-03
   -0.3055519494E+03   -0.2112597956E-03
   -0.3054049743E+03   -0.2132364968E-03
   -0.3052579993E+03   -0.2151665572E-03
   -0.3051110242E+03   -0.2170489373E-03
   -0.3049640491E+03   -0.2188826031E-03
   -0.3048170740E+03   -0.2206665259E-03
   -0.3046700989E+03   -0.2223996835E-03
   -0.3045231238E+03   -0.2240810598E-03
   -0.3043761487E+03   -0.2257096454E-03
   -0.3042291736E+03   -0.2272844384E-03
   -0.3040821985E+03   -0.2288044443E-03
   -0.3039352234E+03   -0.2302686766E-03
   -0.3037882483E+03   -0.2316761570E-03
   -0.3036412732E+03   -0.2330259160E-03
   -0.3034942981E+03   -0.2343169933E-03
   -0.3033473230E+03   -0.2355484381E-03
   -0.3032003479E+03   -0.2367193094E-03
   -0.3030533728E+03   -0.2378286766E-03
   -0.3029063977E+03   -0.2388756196E-03
   -0.3027594226E+03   -0.2398592296E-03
   -0.3026124475E+03   -0.2407786091E-03
   -0.3024654724E+03   -0.2416328725E-03
   -0.3023184974E+03   -0.2424211465E-03
   -0.3021715223E+03   -0.2431425703E-03
   -0.3020245472E+03   -0.2437962962E-03
   -0.3018775721E+03   -0.2443814900E-03
   -0.3017305970E+03   -0.2448973313E-03
   -0.3015836219E+03   -0.2453430136E-03
   -0.3014366468E+03   -0.2457177454E-03
   -0.3012896717E+03   -0.2460207498E-03
   -0.3011426966E+03   -0.2462512655E-03
   -0.3009957215E+03   -0.2464085468E-03
   -0.3008487464E+03   -0.2464918641E-03
   -0.3007017713E+03   -0.2465005045E-03
   -0.3005547962E+03   -0.2464337716E-03
   -0.3004078211E+03   -0.2462909866E-03
   -0.3002608460E+03   -0.2460714881E-03
   -0.3001138709E+03   -0.2457746328E-03
   -0.2999668958E+03   -0.2453997957E-03
   -0.2998199207E+03   -0.2449463705E-03
   -0.2996729456E+03   -0.2444137701E-03
   -0.2995259705E+03   -0.2438014267E-03
   -0.2993789955E+03   -0.2431087924E-03
   -0.2992320204E+03   -0.2423353396E-03
   -0.2990850453E+03   -0.2414805608E-03
   -0.2989380702E+03   -0.2405439698E-03
   -0.2987910951E+03   -0.2395251014E-03
   -0.2986441200E+03   -0.2384235119E-03
   -0.2984971449E+03   -0.2372387796E-03
   -0.2983501698E+03   -0.2359705051E-03
   -0.2982031947E+03   -0.2346183112E-03
   -0.2980562196E+03   -0.2331818438E-03
   -0.2979092445E+03   -0.2316607721E-03
   -0.2977622694E+03   -0.2300547887E-03
   -0.2976152943E+03   -0.2283636099E-03
   -0.2974683192E+03   -0.2265869762E-03
   -0.2973213441E+03   -0.2247246525E-03
   -0.2971743690E+03   -0.2227764286E-03
   -0.2970273939E+03   -0.2207421191E-03
   -0.2968804188E+03   -0.2186215639E-03
   -0.2967334437E+03   -0.2164146286E-03
   -0.2965864687E+03   -0.2141212045E-03
   -0.2964394936E+03   -0.2117412092E-03
   -0.2962925185E+03   -0.2092745864E-03
   -0.2961455434E+03   -0.2067213068E-03
   -0.2959985683E+03   -0.2040813676E-03
   -0.2958515932E+03   -0.2013547935E-03
   -0.2957046181E+03   -0.1985416361E-03
   -0.2955576430E+03   -0.1956419751E-03
   -0.2954106679E+03   -0.1926559177E-03
   -0.2952636928E+03   -0.1895835992E-03
   -0.2951167177E+03   -0.1864251831E-03
   -0.2949697426E+03   -0.1831808615E-03
   -0.2948227675E+03   -0.1798508549E-03
   -0.2946757924E+03   -0.1764354128E-03
   -0.2945288173E+03   -0.1729348137E-03
   -0.2943818422E+03   -0.1693493652E-03
   -0.2942348671E+03   -0.1656794042E-03
   -0.2940878920E+03   -0.1619252972E-03
   -0.2939409169E+03   -0.1580874404E-03
   -0.2937939418E+03   -0.1541662596E-03
   -0.2936469668E+03   -0.1501622106E-03
   -0.2934999917E+03   -0.1460757793E-03
   -0.2933530166E+03   -0.1419074816E-03
   -0.2932060415E+03   -0.1376578639E-03
   -0.2930590664E+03   -0.1333275027E-03
   -0.2929120913E+03   -0.1289170051E-03
   -0.2927651162E+03   -0.1244270087E-03
   -0.2926181411E+03   -0.1198581816E-03
   -0.2924711660E+03   -0.1152112227E-03
   -0.2923241909E+03   -0.1104868614E-03
   -0.2921772158E+03   -0.1056858582E-03
   -0.2920302407E+03   -0.1008090040E-03
   -0.2918832656E+03   -0.9585712073E-04
   -0.2917362905E+03   -0.9083106105E-04
   -0.2915893154E+03   -0.8573170847E-04
   -0.2914423403E+03   -0.8055997732E-04
   -0.2912953652E+03   -0.7531681272E-04
   -0.2911483901E+03   -0.7000319055E-04
   -0.2910014150E+03   -0.6462011747E-04
   -0.2908544400E+03   -0.5916863078E-04
   -0.2907074649E+03   -0.5364979845E-04
   -0.2905604898E+03   -0.4806471901E-04
   -0.2904135147E+03   -0.4241452148E-04
   -0.2902665396E+03   -0.3670036527E-04
   -0.2901195645E+03   -0.3092344012E-04
   -0.2899725894E+03   -0.2508496595E-04
   -0.2898256143E+03   -0.1918619275E-04
   -0.2896786392E+03   -0.1322840048E-04
   -0.2895316641E+03   -0.7212898886E-05
   -0.2893846890E+03   -0.1141027379E-05
   -0.2892377139E+03    0.4985845141E-05
   -0.2890907388E+03    0.1116632045E-04
   -0.2889437637E+03    0.1739897121E-04
   -0.2887967886E+03    0.2368234110E-04
   -0.2886498135E+03    0.3001494512E-04
   -0.2885028384E+03    0.3639526970E-04
   -0.2883558633E+03    0.4282177303E-04
   -0.2882088882E+03    0.4929288521E-04
   -0.2880619131E+03    0.5580700856E-04
   -0.2879149381E+03    0.6236251786E-04
   -0.2877679630E+03    0.6895776063E-04
   -0.2876209879E+03    0.7559105740E-04
   -0.2874740128E+03    0.8226070201E-04
   -0.2873270377E+03    0.8896496192E-04
   -0.2871800626E+03    0.9570207853E-04
   -0.2870330875E+03    0.1024702675E-03
   -0.2868861124E+03    0.1092677191E-03
   -0.2867391373E+03    0.1160925985E-03
   -0.2865921622E+03    0.1229430463E-03
   -0.2864451871E+03    0.1298171786E-03
   -0.2862982120E+03    0.1367130878E-03
   -0.2861512369E+03    0.1436288425E-03
   -0.2860042618E+03    0.1505624884E-03
   -0.2858572867E+03    0.1575120484E-03
   -0.2857103116E+03    0.1644755231E-03
   -0.2855633365E+03    0.1714508912E-03
   -0.2854163614E+03    0.1784361100E-03
   -0.2852693863E+03    0.1854291159E-03
   -0.2851224112E+03    0.1924278250E-03
   -0.2849754362E+03    0.1994301330E-03
   -0.2848284611E+03    0.2064339164E-03
   -0.2846814860E+03    0.2134370326E-03
   -0.2845345109E+03    0.2204373206E-03
   -0.2843875358E+03    0.2274326012E-03
   -0.2842405607E+03    0.2344206781E-03
   -0.2840935856E+03    0.2413993378E-03
   -0.2839466105E+03    0.2483663505E-03
   -0.2837996354E+03    0.2553194709E-03
   -0.2836526603E+03    0.2622564382E-03
   -0.2835056852E+03    0.2691749770E-03
   -0.2833587101E+03    0.2760727981E-03
   -0.2832117350E+03    0.2829475985E-03
   -0.2830647599E+03    0.2897970626E-03
   -0.2829177848E+03    0.2966188627E-03
   -0.2827708097E+03    0.3034106593E-03
   -0.2826238346E+03    0.3101701022E-03
   -0.2824768595E+03    0.3168948306E-03
   -0.2823298844E+03    0.3235824743E-03
   -0.2821829094E+03    0.3302306541E-03
   -0.2820359343E+03    0.3368369826E-03
   -0.2818889592E+03    0.3433990645E-03
   -0.2817419841E+03    0.3499144979E-03
   -0.2815950090E+03    0.3563808745E-03
   -0.2814480339E+03    0.3627957804E-03
   -0.2813010588E+03    0.3691567972E-03
   -0.2811540837E+03    0.3754615021E-03
   -0.2810071086E+03    0.3817074692E-03
   -0.2808601335E+03    0.3878922697E-03
   -0.2807131584E+03    0.3940134732E-03
   -0.2805661833E+03    0.4000686481E-03
   -0.2804192082E+03    0.4060553623E-03
   -0.2802722331E+03    0.4119711843E-03
   -0.2801252580E+03    0.4178136835E-03
   -0.2799782829E+03    0.4235804316E-03
   -0.2798313078E+03    0.4292690028E-03
   -0.2796843327E+03    0.4348769747E-03
   -0.2795373576E+03    0.4404019294E-03
   -0.2793903825E+03    0.4458414541E-03
   -0.2792434075E+03    0.4511931418E-03
   -0.2790964324E+03    0.4564545923E-03
   -0.2789494573E+03    0.4616234129E-03
   -0.2788024822E+03    0.4666972192E-03
   -0.2786555071E+03    0.4716736361E-03
   -0.2785085320E+03    0.4765502982E-03
   -0.2783615569E+03    0.4813248514E-03
   -0.2782145818E+03    0.4859949527E-03
   -0.2780676067E+03    0.4905582721E-03
   -0.2779206316E+03    0.4950124925E-03
   -0.2777736565E+03    0.4993553113E-03
   -0.2776266814E+03    0.5035844408E-03
   -0.2774797063E+03    0.5076976091E-03
   -0.2773327312E+03    0.5116925612E-03
   -0.2771857561E+03    0.5155670593E-03
   -0.2770387810E+03    0.5193188844E-03
   -0.2768918059E+03    0.5229458367E-03
   -0.2767448308E+03    0.5264457363E-03
   -0.2765978557E+03    0.5298164245E-03
   -0.2764508806E+03    0.5330557644E-03
   -0.2763039056E+03    0.5361616418E-03
   -0.2761569305E+03    0.5391319659E-03
   -0.2760099554E+03    0.5419646705E-03
   -0.2758629803E+03    0.5446577146E-03
   -0.2757160052E+03    0.5472090833E-03
   -0.2755690301E+03    0.5496167886E-03
   -0.2754220550E+03    0.5518788705E-03
   -0.2752750799E+03    0.5539933974E-03
   -0.2751281048E+03    0.5559584675E-03
   -0.2749811297E+03    0.5577722093E-03
   -0.2748341546E+03    0.5594327822E-03
   -0.2746871795E+03    0.5609383782E-03
   -0.2745402044E+03    0.5622872216E-03
   -0.2743932293E+03    0.5634775708E-03
   -0.2742462542E+03    0.5645077187E-03
   -0.2740992791E+03    0.5653759933E-03
   -0.2739523040E+03    0.5660807592E-03
   -0.2738053289E+03    0.5666204177E-03
   -0.2736583538E+03    0.5669934080E-03
   -0.2735113788E+03    0.5671982079E-03
   -0.2733644037E+03    0.5672333347E-03
   -0.2732174286E+03    0.5670973459E-03
   -0.2730704535E+03    0.5667888399E-03
   -0.2729234784E+03    0.5663064570E-03
   -0.2727765033E+03    0.5656488800E-03
   -0.2726295282E+03    0.5648148350E-03
   -0.2724825531E+03    0.5638030924E-03
   -0.2723355780E+03    0.5626124670E-03
   -0.2721886029E+03    0.5612418197E-03
   -0.2720416278E+03    0.5596900573E-03
   -0.2718946527E+03    0.5579561339E-03
   -0.2717476776E+03    0.5560390512E-03
   -0.2716007025E+03    0.5539378596E-03
   -0.2714537274E+03    0.5516516583E-03
   -0.2713067523E+03    0.5491795968E-03
   -0.2711597772E+03    0.5465208747E-03
   -0.2710128021E+03    0.5436747431E-03
   -0.2708658270E+03    0.5406405050E-03
   -0.2707188519E+03    0.5374175156E-03
   -0.2705718769E+03    0.5340051836E-03
   -0.2704249018E+03    0.5304029713E-03
   -0.2702779267E+03    0.5266103952E-03
   -0.2701309516E+03    0.5226270272E-03
   -0.2699839765E+03    0.5184524944E-03
   -0.2698370014E+03    0.5140864803E-03
   -0.2696900263E+03    0.5095287248E-03
   -0.2695430512E+03    0.5047790254E-03
   -0.2693960761E+03    0.4998372371E-03
   -0.2692491010E+03    0.4947032733E-03
   -0.2691021259E+03    0.4893771062E-03
   -0.2689551508E+03    0.4838587673E-03
   -0.2688081757E+03    0.4781483480E-03
   -0.2686612006E+03    0.4722459997E-03
   -0.2685142255E+03    0.4661519346E-03
   -0.2683672504E+03    0.4598664260E-03
   -0.2682202753E+03    0.4533898086E-03
   -0.2680733002E+03    0.4467224793E-03
   -0.2679263251E+03    0.4398648969E-03
   -0.2677793501E+03    0.4328175833E-03
   -0.2676323750E+03    0.4255811231E-03
   -0.2674853999E+03    0.4181561643E-03
   -0.2673384248E+03    0.4105434186E-03
   -0.2671914497E+03    0.4027436616E-03
   -0.2670444746E+03    0.3947577331E-03
   -0.2668974995E+03    0.3865865376E-03
   -0.2667505244E+03    0.3782310440E-03
   -0.2666035493E+03    0.3696922863E-03
   -0.2664565742E+03    0.3609713636E-03
   -0.2663095991E+03    0.3520694405E-03
   -0.2661626240E+03    0.3429877469E-03
   -0.2660156489E+03    0.3337275784E-03
   -0.2658686738E+03    0.3242902963E-03
   -0.2657216987E+03    0.3146773280E-03
   -0.2655747236E+03    0.3048901665E-03
   -0.2654277485E+03    0.2949303711E-03
   -0.2652807734E+03    0.2847995671E-03
   -0.2651337983E+03    0.2744994459E-03
   -0.2649868232E+03    0.2640317648E-03
   -0.2648398482E+03    0.2533983476E-03
   -0.2646928731E+03    0.2426010837E-03
   -0.2645458980E+03    0.2316419288E-03
   -0.2643989229E+03    0.2205229042E-03
   -0.2642519478E+03    0.2092460973E-03
   -0.2641049727E+03    0.1978136609E-03
   -0.2639579976E+03    0.1862278136E-03
   -0.2638110225E+03    0.1744908391E-03
   -0.2636640474E+03    0.1626050864E-03
   -0.2635170723E+03    0.1505729694E-03
   -0.2633700972E+03    0.1383969668E-03
   -0.2632231221E+03    0.1260796216E-03
   -0.2630761470E+03    0.1136235413E-03
   -0.2629291719E+03    0.1010313968E-03
   -0.2627821968E+03    0.8830592307E-04
   -0.2626352217E+03    0.7544991790E-04
   -0.2624882466E+03    0.6246624210E-04
   -0.2623412715E+03    0.4935781889E-04
   -0.2621942964E+03    0.3612763350E-04
   -0.2620473213E+03    0.2277873277E-04
   -0.2619003463E+03    0.9314224649E-05
   -0.2617533712E+03   -0.4262722256E-05
   -0.2616063961E+03   -0.1794887921E-04
   -0.2614594210E+03   -0.3174095788E-04
   -0.2613124459E+03   -0.4563561089E-04
   -0.2611654708E+03   -0.5962943237E-04
   -0.2610184957E+03   -0.7371895859E-04
   -0.2608715206E+03   -0.8790066860E-04
   -0.2607245455E+03   -0.1021709848E-03
   -0.2605775704E+03   -0.1165262737E-03
   -0.2604305953E+03   -0.1309628466E-03
   -0.2602836202E+03   -0.1454769601E-03
   -0.2601366451E+03   -0.1600648173E-03
   -0.2599896700E+03   -0.1747225681E-03
   -0.2598426949E+03   -0.1894463102E-03
   -0.2596957198E+03   -0.2042320897E-03
   -0.2595487447E+03   -0.2190759025E-03
   -0.2594017696E+03   -0.2339736943E-03
   -0.2592547945E+03   -0.2489213623E-03
   -0.2591078195E+03   -0.2639147554E-03
   -0.2589608444E+03   -0.2789496756E-03
   -0.2588138693E+03   -0.2940218789E-03
   -0.2586668942E+03   -0.3091270759E-03
   -0.2585199191E+03   -0.3242609332E-03
   -0.2583729440E+03   -0.3394190741E-03
   -0.2582259689E+03   -0.3545970798E-03
   -0.2580789938E+03   -0.3697904906E-03
   -0.2579320187E+03   -0.3849948066E-03
   -0.2577850436E+03   -0.4002054889E-03
   -0.2576380685E+03   -0.4154179609E-03
   -0.2574910934E+03   -0.4306276094E-03
   -0.2573441183E+03   -0.4458297856E-03
   -0.2571971432E+03   -0.4610198061E-03
   -0.2570501681E+03   -0.4761929548E-03
   -0.2569031930E+03   -0.4913444833E-03
   -0.2567562179E+03   -0.5064696127E-03
   -0.2566092428E+03   -0.5215635345E-03
   -0.2564622677E+03   -0.5366214119E-03
   -0.2563152926E+03   -0.5516383816E-03
   -0.2561683176E+03   -0.5666095542E-03
   -0.2560213425E+03   -0.5815300165E-03
   -0.2558743674E+03   -0.5963948321E-03
   -0.2557273923E+03   -0.6111990431E-03
   -0.2555804172E+03   -0.6259376714E-03
   -0.2554334421E+03   -0.6406057201E-03
   -0.2552864670E+03   -0.6551981752E-03
   -0.2551394919E+03   -0.6697100063E-03
   -0.2549925168E+03   -0.6841361688E-03
   -0.2548455417E+03   -0.6984716051E-03
   -0.2546985666E+03   -0.7127112459E-03
   -0.2545515915E+03   -0.7268500119E-03
   -0.2544046164E+03   -0.7408828153E-03
   -0.2542576413E+03   -0.7548045611E-03
   -0.2541106662E+03   -0.7686101489E-03
   -0.2539636911E+03   -0.7822944744E-03
   -0.2538167160E+03   -0.7958524308E-03
   -0.2536697409E+03   -0.8092789107E-03
   -0.2535227658E+03   -0.8225688071E-03
   -0.2533757907E+03   -0.8357170157E-03
   -0.2532288157E+03   -0.8487184361E-03
   -0.2530818406E+03   -0.8615679733E-03
   -0.2529348655E+03   -0.8742605399E-03
   -0.2527878904E+03   -0.8867910570E-03
   -0.2526409153E+03   -0.8991544564E-03
   -0.2524939402E+03   -0.9113456821E-03
   -0.2523469651E+03   -0.9233596920E-03
   -0.2521999900E+03   -0.9351914593E-03
   -0.2520530149E+03   -0.9468359747E-03
   -0.2519060398E+03   -0.9582882477E-03
   -0.2517590647E+03   -0.9695433084E-03
   -0.2516120896E+03   -0.9805962092E-03
   -0.2514651145E+03   -0.9914420265E-03
   -0.2513181394E+03   -0.1002075863E-02
   -0.2511711643E+03   -0.1012492847E-02
   -0.2510241892E+03   -0.1022688139E-02
   -0.2508772141E+03   -0.1032656928E-02
   -0.2507302390E+03   -0.1042394437E-02
   -0.2505832639E+03   -0.1051895922E-02
   -0.2504362889E+03   -0.1061156677E-02
   -0.2502893138E+03   -0.1070172032E-02
   -0.2501423387E+03   -0.1078937358E-02
   -0.2499953636E+03   -0.1087448067E-02
   -0.2498483885E+03   -0.1095699615E-02
   -0.2497014134E+03   -0.1103687500E-02
   -0.2495544383E+03   -0.1111407269E-02
   -0.2494074632E+03   -0.1118854518E-02
   -0.2492604881E+03   -0.1126024891E-02
   -0.2491135130E+03   -0.1132914084E-02
   -0.2489665379E+03   -0.1139517849E-02
   -0.2488195628E+03   -0.1145831991E-02
   -0.2486725877E+03   -0.1151852372E-02
   -0.2485256126E+03   -0.1157574913E-02
   -0.2483786375E+03   -0.1162995597E-02
   -0.2482316624E+03   -0.1168110466E-02
   -0.2480846873E+03   -0.1172915630E-02
   -0.2479377122E+03   -0.1177407261E-02
   -0.2477907371E+03   -0.1181581599E-02
   -0.2476437620E+03   -0.1185434955E-02
   -0.2474967870E+03   -0.1188963707E-02
   -0.2473498119E+03   -0.1192164308E-02
   -0.2472028368E+03   -0.1195033284E-02
   -0.2470558617E+03   -0.1197567237E-02
   -0.2469088866E+03   -0.1199762845E-02
   -0.2467619115E+03   -0.1201616865E-02
   -0.2466149364E+03   -0.1203126136E-02
   -0.2464679613E+03   -0.1204287577E-02
   -0.2463209862E+03   -0.1205098191E-02
   -0.2461740111E+03   -0.1205555067E-02
   -0.2460270360E+03   -0.1205655379E-02
   -0.2458800609E+03   -0.1205396390E-02
   -0.2457330858E+03   -0.1204775453E-02
   -0.2455861107E+03   -0.1203790012E-02
   -0.2454391356E+03   -0.1202437603E-02
   -0.2452921605E+03   -0.1200715856E-02
   -0.2451451854E+03   -0.1198622498E-02
   -0.2449982103E+03   -0.1196155351E-02
   -0.2448512352E+03   -0.1193312336E-02
   -0.2447042602E+03   -0.1190091475E-02
   -0.2445572851E+03   -0.1186490889E-02
   -0.2444103100E+03   -0.1182508802E-02
   -0.2442633349E+03   -0.1178143544E-02
   -0.2441163598E+03   -0.1173393546E-02
   -0.2439693847E+03   -0.1168257348E-02
   -0.2438224096E+03   -0.1162733598E-02
   -0.2436754345E+03   -0.1156821049E-02
   -0.2435284594E+03   -0.1150518569E-02
   -0.2433814843E+03   -0.1143825134E-02
   -0.2432345092E+03   -0.1136739831E-02
   -0.2430875341E+03   -0.1129261865E-02
   -0.2429405590E+03   -0.1121390550E-02
   -0.2427935839E+03   -0.1113125320E-02
   -0.2426466088E+03   -0.1104465722E-02
   -0.2424996337E+03   -0.1095411423E-02
   -0.2423526586E+03   -0.1085962208E-02
   -0.2422056835E+03   -0.1076117980E-02
   -0.2420587084E+03   -0.1065878764E-02
   -0.2419117333E+03   -0.1055244705E-02
   -0.2417647583E+03   -0.1044216071E-02
   -0.2416177832E+03   -0.1032793253E-02
   -0.2414708081E+03   -0.1020976764E-02
   -0.2413238330E+03   -0.1008767243E-02
   -0.2411768579E+03   -0.9961654540E-03
   -0.2410298828E+03   -0.9831722864E-03
   -0.2408829077E+03   -0.9697887561E-03
   -0.2407359326E+03   -0.9560160060E-03
   -0.2405889575E+03   -0.9418553068E-03
   -0.2404419824E+03   -0.9273080573E-03
   -0.2402950073E+03   -0.9123757850E-03
   -0.2401480322E+03   -0.8970601465E-03
   -0.2400010571E+03   -0.8813629280E-03
   -0.2398540820E+03   -0.8652860458E-03
   -0.2397071069E+03   -0.8488315462E-03
   -0.2395601318E+03   -0.8320016066E-03
   -0.2394131567E+03   -0.8147985348E-03
   -0.2392661816E+03   -0.7972247702E-03
   -0.2391192065E+03   -0.7792828832E-03
   -0.2389722314E+03   -0.7609755760E-03
   -0.2388252564E+03   -0.7423056821E-03
   -0.2386782813E+03   -0.7232761671E-03
   -0.2385313062E+03   -0.7038901280E-03
   -0.2383843311E+03   -0.6841507936E-03
   -0.2382373560E+03   -0.6640615246E-03
   -0.2380903809E+03   -0.6436258130E-03
   -0.2379434058E+03   -0.6228472825E-03
   -0.2377964307E+03   -0.6017296880E-03
   -0.2376494556E+03   -0.5802769155E-03
   -0.2375024805E+03   -0.5584929818E-03
   -0.2373555054E+03   -0.5363820343E-03
   -0.2372085303E+03   -0.5139483504E-03
   -0.2370615552E+03   -0.4911963376E-03
   -0.2369145801E+03   -0.4681305324E-03
   -0.2367676050E+03   -0.4447556006E-03
   -0.2366206299E+03   -0.4210763360E-03
   -0.2364736548E+03   -0.3970976604E-03
   -0.2363266797E+03   -0.3728246228E-03
   -0.2361797046E+03   -0.3482623987E-03
   -0.2360327296E+03   -0.3234162896E-03
   -0.2358857545E+03   -0.2982917219E-03
   -0.2357387794E+03   -0.2728942465E-03
   -0.2355918043E+03   -0.2472295377E-03
   -0.2354448292E+03   -0.2213033927E-03
   -0.2352978541E+03   -0.1951217300E-03
   -0.2351508790E+03   -0.1686905891E-03
   -0.2350039039E+03   -0.1420161294E-03
   -0.2348569288E+03   -0.1151046287E-03
   -0.2347099537E+03   -0.8796248248E-04
   -0.2345629786E+03   -0.6059620284E-04
   -0.2344160035E+03   -0.3301241701E-04
   -0.2342690284E+03   -0.5217866289E-05
   -0.2341220533E+03    0.2278059524E-04
   -0.2339750782E+03    0.5097600207E-04
   -0.2338281031E+03    0.7936127856E-04
   -0.2336811280E+03    0.1079292404E-03
   -0.2335341529E+03    0.1366725962E-03
   -0.2333871778E+03    0.1655839486E-03
   -0.2332402027E+03    0.1946557961E-03
   -0.2330932277E+03    0.2238805349E-03
   -0.2329462526E+03    0.2532504597E-03
   -0.2327992775E+03    0.2827577663E-03
   -0.2326523024E+03    0.3123945528E-03
   -0.2325053273E+03    0.3421528213E-03
   -0.2323583522E+03    0.3720244801E-03
   -0.2322113771E+03    0.4020013451E-03
   -0.2320644020E+03    0.4320751419E-03
   -0.2319174269E+03    0.4622375079E-03
   -0.2317704518E+03    0.4924799937E-03
   -0.2316234767E+03    0.5227940658E-03
   -0.2314765016E+03    0.5531711081E-03
   -0.2313295265E+03    0.5836024244E-03
   -0.2311825514E+03    0.6140792400E-03
   -0.2310355763E+03    0.6445927045E-03
   -0.2308886012E+03    0.6751338937E-03
   -0.2307416261E+03    0.7056938114E-03
   -0.2305946510E+03    0.7362633927E-03
   -0.2304476759E+03    0.7668335054E-03
   -0.2303007008E+03    0.7973949527E-03
   -0.2301537258E+03    0.8279384755E-03
   -0.2300067507E+03    0.8584547553E-03
   -0.2298597756E+03    0.8889344157E-03
   -0.2297128005E+03    0.9193680260E-03
   -0.2295658254E+03    0.9497461028E-03
   -0.2294188503E+03    0.9800591131E-03
   -0.2292718752E+03    0.1010297477E-02
   -0.2291249001E+03    0.1040451570E-02
   -0.2289779250E+03    0.1070511725E-02
   -0.2288309499E+03    0.1100468237E-02
   -0.2286839748E+03    0.1130311364E-02
   -0.2285369997E+03    0.1160031330E-02
   -0.2283900246E+03    0.1189618329E-02
   -0.2282430495E+03    0.1219062526E-02
   -0.2280960744E+03    0.1248354061E-02
   -0.2279490993E+03    0.1277483053E-02
   -0.2278021242E+03    0.1306439599E-02
   -0.2276551491E+03    0.1335213782E-02
   -0.2275081740E+03    0.1363795671E-02
   -0.2273611990E+03    0.1392175322E-02
   -0.2272142239E+03    0.1420342787E-02
   -0.2270672488E+03    0.1448288110E-02
   -0.2269202737E+03    0.1476001337E-02
   -0.2267732986E+03    0.1503472512E-02
   -0.2266263235E+03    0.1530691687E-02
   -0.2264793484E+03    0.1557648918E-02
   -0.2263323733E+03    0.1584334276E-02
   -0.2261853982E+03    0.1610737843E-02
   -0.2260384231E+03    0.1636849719E-02
   -0.2258914480E+03    0.1662660024E-02
   -0.2257444729E+03    0.1688158903E-02
   -0.2255974978E+03    0.1713336526E-02
   -0.2254505227E+03    0.1738183094E-02
   -0.2253035476E+03    0.1762688841E-02
   -0.2251565725E+03    0.1786844036E-02
   -0.2250095974E+03    0.1810638990E-02
   -0.2248626223E+03    0.1834064056E-02
   -0.2247156472E+03    0.1857109633E-02
   -0.2245686721E+03    0.1879766168E-02
   -0.2244216971E+03    0.1902024165E-02
   -0.2242747220E+03    0.1923874179E-02
   -0.2241277469E+03    0.1945306827E-02
   -0.2239807718E+03    0.1966312790E-02
   -0.2238337967E+03    0.1986882813E-02
   -0.2236868216E+03    0.2007007709E-02
   -0.2235398465E+03    0.2026678367E-02
   -0.2233928714E+03    0.2045885749E-02
   -0.2232458963E+03    0.2064620898E-02
   -0.2230989212E+03    0.2082874939E-02
   -0.2229519461E+03    0.2100639082E-02
   -0.2228049710E+03    0.2117904626E-02
   -0.2226579959E+03    0.2134662965E-02
   -0.2225110208E+03    0.2150905584E-02
   -0.2223640457E+03    0.2166624072E-02
   -0.2222170706E+03    0.2181810117E-02
   -0.2220700955E+03    0.2196455513E-02
   -0.2219231204E+03    0.2210552163E-02
   -0.2217761453E+03    0.2224092081E-02
   -0.2216291703E+03    0.2237067398E-02
   -0.2214821952E+03    0.2249470363E-02
   -0.2213352201E+03    0.2261293343E-02
   -0.2211882450E+03    0.2272528835E-02
   -0.2210412699E+03    0.2283169461E-02
   -0.2208942948E+03    0.2293207973E-02
   -0.2207473197E+03    0.2302637259E-02
   -0.2206003446E+03    0.2311450344E-02
   -0.2204533695E+03    0.2319640392E-02
   -0.2203063944E+03    0.2327200712E-02
   -0.2201594193E+03    0.2334124758E-02
   -0.2200124442E+03    0.2340406134E-02
   -0.2198654691E+03    0.2346038595E-02
   -0.2197184940E+03    0.2351016053E-02
   -0.2195715189E+03    0.2355332578E-02
   -0.2194245438E+03    0.2358982400E-02
   -0.2192775687E+03    0.2361959912E-02
   -0.2191305936E+03    0.2364259677E-02
   -0.2189836185E+03    0.2365876424E-02
   -0.2188366434E+03    0.2366805057E-02
   -0.2186896684E+03    0.2367040653E-02
   -0.2185426933E+03    0.2366578467E-02
   -0.2183957182E+03    0.2365413935E-02
   -0.2182487431E+03    0.2363542676E-02
   -0.2181017680E+03    0.2360960492E-02
   -0.2179547929E+03    0.2357663378E-02
   -0.2178078178E+03    0.2353647513E-02
   -0.2176608427E+03    0.2348909275E-02
   -0.2175138676E+03    0.2343445233E-02
   -0.2173668925E+03    0.2337252155E-02
   -0.2172199174E+03    0.2330327009E-02
   -0.2170729423E+03    0.2322666967E-02
   -0.2169259672E+03    0.2314269401E-02
   -0.2167789921E+03    0.2305131895E-02
   -0.2166320170E+03    0.2295252236E-02
   -0.2164850419E+03    0.2284628426E-02
   -0.2163380668E+03    0.2273258678E-02
   -0.2161910917E+03    0.2261141420E-02
   -0.2160441166E+03    0.2248275295E-02
   -0.2158971415E+03    0.2234659168E-02
   -0.2157501665E+03    0.2220292121E-02
   -0.2156031914E+03    0.2205173459E-02
   -0.2154562163E+03    0.2189302710E-02
   -0.2153092412E+03    0.2172679627E-02
   -0.2151622661E+03    0.2155304192E-02
   -0.2150152910E+03    0.2137176613E-02
   -0.2148683159E+03    0.2118297328E-02
   -0.2147213408E+03    0.2098667005E-02
   -0.2145743657E+03    0.2078286548E-02
   -0.2144273906E+03    0.2057157090E-02
   -0.2142804155E+03    0.2035280002E-02
   -0.2141334404E+03    0.2012656889E-02
   -0.2139864653E+03    0.1989289594E-02
   -0.2138394902E+03    0.1965180196E-02
   -0.2136925151E+03    0.1940331016E-02
   -0.2135455400E+03    0.1914744612E-02
   -0.2133985649E+03    0.1888423783E-02
   -0.2132515898E+03    0.1861371569E-02
   -0.2131046147E+03    0.1833591252E-02
   -0.2129576397E+03    0.1805086356E-02
   -0.2128106646E+03    0.1775860647E-02
   -0.2126636895E+03    0.1745918136E-02
   -0.2125167144E+03    0.1715263077E-02
   -0.2123697393E+03    0.1683899966E-02
   -0.2122227642E+03    0.1651833544E-02
   -0.2120757891E+03    0.1619068797E-02
   -0.2119288140E+03    0.1585610953E-02
   -0.2117818389E+03    0.1551465487E-02
   -0.2116348638E+03    0.1516638116E-02
   -0.2114878887E+03    0.1481134800E-02
   -0.2113409136E+03    0.1444961744E-02
   -0.2111939385E+03    0.1408125396E-02
   -0.2110469634E+03    0.1370632446E-02
   -0.2108999883E+03    0.1332489828E-02
   -0.2107530132E+03    0.1293704714E-02
   -0.2106060381E+03    0.1254284522E-02
   -0.2104590630E+03    0.1214236906E-02
   -0.2103120879E+03    0.1173569761E-02
   -0.2101651128E+03    0.1132291221E-02
   -0.2100181378E+03    0.1090409658E-02
   -0.2098711627E+03    0.1047933679E-02
   -0.2097241876E+03    0.1004872127E-02
   -0.2095772125E+03    0.9612340801E-03
   -0.2094302374E+03    0.9170288481E-03
   -0.2092832623E+03    0.8722659729E-03
   -0.2091362872E+03    0.8269552263E-03
   -0.2089893121E+03    0.7811066086E-03
   -0.2088423370E+03    0.7347303471E-03
   -0.2086953619E+03    0.6878368943E-03
   -0.2085483868E+03    0.6404369259E-03
   -0.2084014117E+03    0.5925413394E-03
   -0.2082544366E+03    0.5441612519E-03
   -0.2081074615E+03    0.4953079979E-03
   -0.2079604864E+03    0.4459931276E-03
   -0.2078135113E+03    0.3962284043E-03
   -0.2076665362E+03    0.3460258026E-03
   -0.2075195611E+03    0.2953975056E-03
   -0.2073725860E+03    0.2443559026E-03
   -0.2072256109E+03    0.1929135870E-03
   -0.2070786359E+03    0.1410833531E-03
   -0.2069316608E+03    0.8887819374E-04
   -0.2067846857E+03    0.3631129775E-04
   -0.2066377106E+03   -0.1660395321E-04
   -0.2064907355E+03   -0.6985398737E-04
   -0.2063437604E+03   -0.1234250459E-03
   -0.2061967853E+03   -0.1773031857E-03
   -0.2060498102E+03   -0.2314742831E-03
   -0.2059028351E+03   -0.2859240363E-03
   -0.2057558600E+03   -0.3406379693E-03
   -0.2056088849E+03   -0.3956014349E-03
   -0.2054619098E+03   -0.4507996181E-03
   -0.2053149347E+03   -0.5062175400E-03
   -0.2051679596E+03   -0.5618400607E-03
   -0.2050209845E+03   -0.6176518836E-03
   -0.2048740094E+03   -0.6736375588E-03
   -0.2047270343E+03   -0.7297814867E-03
   -0.2045800592E+03   -0.7860679224E-03
   -0.2044330841E+03   -0.8424809790E-03
   -0.2042861091E+03   -0.8990046321E-03
   -0.2041391340E+03   -0.9556227234E-03
   -0.2039921589E+03   -0.1012318965E-02
   -0.2038451838E+03   -0.1069076945E-02
   -0.2036982087E+03   -0.1125880128E-02
   -0.2035512336E+03   -0.1182711863E-02
   -0.2034042585E+03   -0.1239555388E-02
   -0.2032572834E+03   -0.1296393831E-02
   -0.2031103083E+03   -0.1353210217E-02
   -0.2029633332E+03   -0.1409987473E-02
   -0.2028163581E+03   -0.1466708431E-02
   -0.2026693830E+03   -0.1523355834E-02
   -0.2025224079E+03   -0.1579912340E-02
   -0.2023754328E+03   -0.1636360526E-02
   -0.2022284577E+03   -0.1692682895E-02
   -0.2020814826E+03   -0.1748861880E-02
   -0.2019345075E+03   -0.1804879846E-02
   -0.2017875324E+03   -0.1860719102E-02
   -0.2016405573E+03   -0.1916361898E-02
   -0.2014935822E+03   -0.1971790435E-02
   -0.2013466072E+03   -0.2026986870E-02
   -0.2011996321E+03   -0.2081933319E-02
   -0.2010526570E+03   -0.2136611863E-02
   -0.2009056819E+03   -0.2191004555E-02
   -0.2007587068E+03   -0.2245093423E-02
   -0.2006117317E+03   -0.2298860477E-02
   -0.2004647566E+03   -0.2352287713E-02
   -0.2003177815E+03   -0.2405357119E-02
   -0.2001708064E+03   -0.2458050683E-02
   -0.2000238313E+03   -0.2510350392E-02
   -0.1998768562E+03   -0.2562238246E-02
   -0.1997298811E+03   -0.2613696256E-02
   -0.1995829060E+03   -0.2664706455E-02
   -0.1994359309E+03   -0.2715250900E-02
   -0.1992889558E+03   -0.2765311680E-02
   -0.1991419807E+03   -0.2814870919E-02
   -0.1989950056E+03   -0.2863910787E-02
   -0.1988480305E+03   -0.2912413499E-02
   -0.1987010554E+03   -0.2960361324E-02
   -0.1985540804E+03   -0.3007736594E-02
   -0.1984071053E+03   -0.3054521703E-02
   -0.1982601302E+03   -0.3100699117E-02
   -0.1981131551E+03   -0.3146251379E-02
   -0.1979661800E+03   -0.3191161117E-02
   -0.1978192049E+03   -0.3235411044E-02
   -0.1976722298E+03   -0.3278983971E-02
   -0.1975252547E+03   -0.3321862806E-02
   -0.1973782796E+03   -0.3364030566E-02
   -0.1972313045E+03   -0.3405470379E-02
   -0.1970843294E+03   -0.3446165490E-02
   -0.1969373543E+03   -0.3486099267E-02
   -0.1967903792E+03   -0.3525255211E-02
   -0.1966434041E+03   -0.3563616955E-02
   -0.1964964290E+03   -0.3601168273E-02
   -0.1963494539E+03   -0.3637893088E-02
   -0.1962024788E+03   -0.3673775475E-02
   -0.1960555037E+03   -0.3708799666E-02
   -0.1959085286E+03   -0.3742950059E-02
   -0.1957615535E+03   -0.3776211222E-02
   -0.1956145785E+03   -0.3808567897E-02
   -0.1954676034E+03   -0.3840005010E-02
   -0.1953206283E+03   -0.3870507671E-02
   -0.1951736532E+03   -0.3900061186E-02
   -0.1950266781E+03   -0.3928651057E-02
   -0.1948797030E+03   -0.3956262992E-02
   -0.1947327279E+03   -0.3982882906E-02
   -0.1945857528E+03   -0.4008496932E-02
   -0.1944387777E+03   -0.4033091423E-02
   -0.1942918026E+03   -0.4056652956E-02
   -0.1941448275E+03   -0.4079168343E-02
   -0.1939978524E+03   -0.4100624630E-02
   -0.1938508773E+03   -0.4121009107E-02
   -0.1937039022E+03   -0.4140309311E-02
   -0.1935569271E+03   -0.4158513033E-02
   -0.1934099520E+03   -0.4175608320E-02
   -0.1932629769E+03   -0.4191583485E-02
   -0.1931160018E+03   -0.4206427108E-02
   -0.1929690267E+03   -0.4220128042E-02
   -0.1928220516E+03   -0.4232675419E-02
   -0.1926750766E+03   -0.4244058656E-02
   -0.1925281015E+03   -0.4254267455E-02
   -0.1923811264E+03   -0.4263291815E-02
   -0.1922341513E+03   -0.4271122031E-02
   -0.1920871762E+03   -0.4277748700E-02
   -0.1919402011E+03   -0.4283162728E-02
   -0.1917932260E+03   -0.4287355331E-02
   -0.1916462509E+03   -0.4290318044E-02
   -0.1914992758E+03   -0.4292042721E-02
   -0.1913523007E+03   -0.4292521540E-02
   -0.1912053256E+03   -0.4291747012E-02
   -0.1910583505E+03   -0.4289711978E-02
   -0.1909113754E+03   -0.4286409620E-02
   -0.1907644003E+03   -0.4281833458E-02
   -0.1906174252E+03   -0.4275977362E-02
   -0.1904704501E+03   -0.4268835550E-02
   -0.1903234750E+03   -0.4260402591E-02
   -0.1901764999E+03   -0.4250673415E-02
   -0.1900295248E+03   -0.4239643311E-02
   -0.1898825498E+03   -0.4227307931E-02
   -0.1897355747E+03   -0.4213663298E-02
   -0.1895885996E+03   -0.4198705803E-02
   -0.1894416245E+03   -0.4182432213E-02
   -0.1892946494E+03   -0.4164839672E-02
   -0.1891476743E+03   -0.4145925703E-02
   -0.1890006992E+03   -0.4125688215E-02
   -0.1888537241E+03   -0.4104125503E-02
   -0.1887067490E+03   -0.4081236248E-02
   -0.1885597739E+03   -0.4057019526E-02
   -0.1884127988E+03   -0.4031474806E-02
   -0.1882658237E+03   -0.4004601953E-02
   -0.1881188486E+03   -0.3976401231E-02
   -0.1879718735E+03   -0.3946873307E-02
   -0.1878248984E+03   -0.3916019248E-02
   -0.1876779233E+03   -0.3883840528E-02
   -0.1875309482E+03   -0.3850339029E-02
   -0.1873839731E+03   -0.3815517040E-02
   -0.1872369980E+03   -0.3779377261E-02
   -0.1870900229E+03   -0.3741922803E-02
   -0.1869430479E+03   -0.3703157193E-02
   -0.1867960728E+03   -0.3663084370E-02
   -0.1866490977E+03   -0.3621708689E-02
   -0.1865021226E+03   -0.3579034923E-02
   -0.1863551475E+03   -0.3535068261E-02
   -0.1862081724E+03   -0.3489814312E-02
   -0.1860611973E+03   -0.3443279104E-02
   -0.1859142222E+03   -0.3395469084E-02
   -0.1857672471E+03   -0.3346391118E-02
   -0.1856202720E+03   -0.3296052494E-02
   -0.1854732969E+03   -0.3244460921E-02
   -0.1853263218E+03   -0.3191624526E-02
   -0.1851793467E+03   -0.3137551859E-02
   -0.1850323716E+03   -0.3082251888E-02
   -0.1848853965E+03   -0.3025734003E-02
   -0.1847384214E+03   -0.2968008010E-02
   -0.1845914463E+03   -0.2909084137E-02
   -0.1844444712E+03   -0.2848973028E-02
   -0.1842974961E+03   -0.2787685744E-02
   -0.1841505210E+03   -0.2725233763E-02
   -0.1840035460E+03   -0.2661628977E-02
   -0.1838565709E+03   -0.2596883691E-02
   -0.1837095958E+03   -0.2531010623E-02
   -0.1835626207E+03   -0.2464022900E-02
   -0.1834156456E+03   -0.2395934059E-02
   -0.1832686705E+03   -0.2326758045E-02
   -0.1831216954E+03   -0.2256509204E-02
   -0.1829747203E+03   -0.2185202288E-02
   -0.1828277452E+03   -0.2112852449E-02
   -0.1826807701E+03   -0.2039475236E-02
   -0.1825337950E+03   -0.1965086595E-02
   -0.1823868199E+03   -0.1889702864E-02
   -0.1822398448E+03   -0.1813340771E-02
   -0.1820928697E+03   -0.1736017432E-02
   -0.1819458946E+03   -0.1657750347E-02
   -0.1817989195E+03   -0.1578557395E-02
   -0.1816519444E+03   -0.1498456835E-02
   -0.1815049693E+03   -0.1417467300E-02
   -0.1813579942E+03   -0.1335607791E-02
   -0.1812110192E+03   -0.1252897679E-02
   -0.1810640441E+03   -0.1169356695E-02
   -0.1809170690E+03   -0.1085004931E-02
   -0.1807700939E+03   -0.9998628326E-03
   -0.1806231188E+03   -0.9139511954E-03
   -0.1804761437E+03   -0.8272911618E-03
   -0.1803291686E+03   -0.7399042156E-03
   -0.1801821935E+03   -0.6518121772E-03
   -0.1800352184E+03   -0.5630371989E-03
   -0.1798882433E+03   -0.4736017602E-03
   -0.1797412682E+03   -0.3835286627E-03
   -0.1795942931E+03   -0.2928410245E-03
   -0.1794473180E+03   -0.2015622756E-03
   -0.1793003429E+03   -0.1097161518E-03
   -0.1791533678E+03   -0.1732668948E-04
   -0.1790063927E+03    0.7558178007E-04
   -0.1788594176E+03    0.1689846366E-03
   -0.1787124425E+03    0.2628569766E-03
   -0.1785654674E+03    0.3571736197E-03
   -0.1784184923E+03    0.4519091145E-03
   -0.1782715173E+03    0.5470377450E-03
   -0.1781245422E+03    0.6425335369E-03
   -0.1779775671E+03    0.7383702641E-03
   -0.1778305920E+03    0.8345214557E-03
   -0.1776836169E+03    0.9309604020E-03
   -0.1775366418E+03    0.1027660162E-02
   -0.1773896667E+03    0.1124593570E-02
   -0.1772426916E+03    0.1221733243E-02
   -0.1770957165E+03    0.1319051588E-02
   -0.1769487414E+03    0.1416520807E-02
   -0.1768017663E+03    0.1514112908E-02
   -0.1766547912E+03    0.1611799711E-02
   -0.1765078161E+03    0.1709552854E-02
   -0.1763608410E+03    0.1807343802E-02
   -0.1762138659E+03    0.1905143856E-02
   -0.1760668908E+03    0.2002924158E-02
   -0.1759199157E+03    0.2100655701E-02
   -0.1757729406E+03    0.2198309337E-02
   -0.1756259655E+03    0.2295855785E-02
   -0.1754789905E+03    0.2393265636E-02
   -0.1753320154E+03    0.2490509368E-02
   -0.1751850403E+03    0.2587557347E-02
   -0.1750380652E+03    0.2684379841E-02
   -0.1748910901E+03    0.2780947026E-02
   -0.1747441150E+03    0.2877228994E-02
   -0.1745971399E+03    0.2973195763E-02
   -0.1744501648E+03    0.3068817285E-02
   -0.1743031897E+03    0.3164063457E-02
   -0.1741562146E+03    0.3258904126E-02
   -0.1740092395E+03    0.3353309100E-02
   -0.1738622644E+03    0.3447248157E-02
   -0.1737152893E+03    0.3540691054E-02
   -0.1735683142E+03    0.3633607537E-02
   -0.1734213391E+03    0.3725967347E-02
   -0.1732743640E+03    0.3817740233E-02
   -0.1731273889E+03    0.3908895958E-02
   -0.1729804138E+03    0.3999404311E-02
   -0.1728334387E+03    0.4089235114E-02
   -0.1726864636E+03    0.4178358234E-02
   -0.1725394886E+03    0.4266743590E-02
   -0.1723925135E+03    0.4354361161E-02
   -0.1722455384E+03    0.4441181001E-02
   -0.1720985633E+03    0.4527173244E-02
   -0.1719515882E+03    0.4612308114E-02
   -0.1718046131E+03    0.4696555936E-02
   -0.1716576380E+03    0.4779887143E-02
   -0.1715106629E+03    0.4862272290E-02
   -0.1713636878E+03    0.4943682058E-02
   -0.1712167127E+03    0.5024087268E-02
   -0.1710697376E+03    0.5103458889E-02
   -0.1709227625E+03    0.5181768048E-02
   -0.1707757874E+03    0.5258986036E-02
   -0.1706288123E+03    0.5335084325E-02
   -0.1704818372E+03    0.5410034571E-02
   -0.1703348621E+03    0.5483808626E-02
   -0.1701878870E+03    0.5556378547E-02
   -0.1700409119E+03    0.5627716609E-02
   -0.1698939368E+03    0.5697795306E-02
   -0.1697469617E+03    0.5766587372E-02
   -0.1695999867E+03    0.5834065781E-02
   -0.1694530116E+03    0.5900203760E-02
   -0.1693060365E+03    0.5964974800E-02
   -0.1691590614E+03    0.6028352662E-02
   -0.1690120863E+03    0.6090311390E-02
   -0.1688651112E+03    0.6150825318E-02
   -0.1687181361E+03    0.6209869079E-02
   -0.1685711610E+03    0.6267417615E-02
   -0.1684241859E+03    0.6323446188E-02
   -0.1682772108E+03    0.6377930384E-02
   -0.1681302357E+03    0.6430846129E-02
   -0.1679832606E+03    0.6482169693E-02
   -0.1678362855E+03    0.6531877700E-02
   -0.1676893104E+03    0.6579947137E-02
   -0.1675423353E+03    0.6626355364E-02
   -0.1673953602E+03    0.6671080122E-02
   -0.1672483851E+03    0.6714099542E-02
   -0.1671014100E+03    0.6755392151E-02
   -0.1669544349E+03    0.6794936886E-02
   -0.1668074599E+03    0.6832713097E-02
   -0.1666604848E+03    0.6868700557E-02
   -0.1665135097E+03    0.6902879474E-02
   -0.1663665346E+03    0.6935230493E-02
   -0.1662195595E+03    0.6965734708E-02
   -0.1660725844E+03    0.6994373670E-02
   -0.1659256093E+03    0.7021129393E-02
   -0.1657786342E+03    0.7045984364E-02
   -0.1656316591E+03    0.7068921548E-02
   -0.1654846840E+03    0.7089924399E-02
   -0.1653377089E+03    0.7108976864E-02
   -0.1651907338E+03    0.7126063392E-02
   -0.1650437587E+03    0.7141168942E-02
   -0.1648967836E+03    0.7154278990E-02
   -0.1647498085E+03    0.7165379533E-02
   -0.1646028334E+03    0.7174457100E-02
   -0.1644558583E+03    0.7181498756E-02
   -0.1643088832E+03    0.7186492110E-02
   -0.1641619081E+03    0.7189425321E-02
   -0.1640149330E+03    0.7190287104E-02
   -0.1638679580E+03    0.7189066736E-02
   -0.1637209829E+03    0.7185754064E-02
   -0.1635740078E+03    0.7180339508E-02
   -0.1634270327E+03    0.7172814069E-02
   -0.1632800576E+03    0.7163169333E-02
   -0.1631330825E+03    0.7151397479E-02
   -0.1629861074E+03    0.7137491280E-02
   -0.1628391323E+03    0.7121444112E-02
   -0.1626921572E+03    0.7103249960E-02
   -0.1625451821E+03    0.7082903416E-02
   -0.1623982070E+03    0.7060399692E-02
   -0.1622512319E+03    0.7035734619E-02
   -0.1621042568E+03    0.7008904652E-02
   -0.1619572817E+03    0.6979906878E-02
   -0.1618103066E+03    0.6948739015E-02
   -0.1616633315E+03    0.6915399418E-02
   -0.1615163564E+03    0.6879887083E-02
   -0.1613693813E+03    0.6842201651E-02
   -0.1612224062E+03    0.6802343408E-02
   -0.1610754311E+03    0.6760313293E-02
   -0.1609284561E+03    0.6716112895E-02
   -0.1607814810E+03    0.6669744463E-02
   -0.1606345059E+03    0.6621210900E-02
   -0.1604875308E+03    0.6570515775E-02
   -0.1603405557E+03    0.6517663315E-02
   -0.1601935806E+03    0.6462658415E-02
   -0.1600466055E+03    0.6405506635E-02
   -0.1598996304E+03    0.6346214205E-02
   -0.1597526553E+03    0.6284788023E-02
   -0.1596056802E+03    0.6221235658E-02
   -0.1594587051E+03    0.6155565352E-02
   -0.1593117300E+03    0.6087786017E-02
   -0.1591647549E+03    0.6017907241E-02
   -0.1590177798E+03    0.5945939283E-02
   -0.1588708047E+03    0.5871893077E-02
   -0.1587238296E+03    0.5795780230E-02
   -0.1585768545E+03    0.5717613021E-02
   -0.1584298794E+03    0.5637404403E-02
   -0.1582829043E+03    0.5555168001E-02
   -0.1581359293E+03    0.5470918112E-02
   -0.1579889542E+03    0.5384669701E-02
   -0.1578419791E+03    0.5296438402E-02
   -0.1576950040E+03    0.5206240518E-02
   -0.1575480289E+03    0.5114093016E-02
   -0.1574010538E+03    0.5020013527E-02
   -0.1572540787E+03    0.4924020344E-02
   -0.1571071036E+03    0.4826132416E-02
   -0.1569601285E+03    0.4726369353E-02
   -0.1568131534E+03    0.4624751414E-02
   -0.1566661783E+03    0.4521299512E-02
   -0.1565192032E+03    0.4416035206E-02
   -0.1563722281E+03    0.4308980698E-02
   -0.1562252530E+03    0.4200158832E-02
   -0.1560782779E+03    0.4089593087E-02
   -0.1559313028E+03    0.3977307575E-02
   -0.1557843277E+03    0.3863327035E-02
   -0.1556373526E+03    0.3747676830E-02
   -0.1554903775E+03    0.3630382942E-02
   -0.1553434024E+03    0.3511471967E-02
   -0.1551964274E+03    0.3390971109E-02
   -0.1550494523E+03    0.3268908175E-02
   -0.1549024772E+03    0.3145311571E-02
   -0.1547555021E+03    0.3020210293E-02
   -0.1546085270E+03    0.2893633924E-02
   -0.1544615519E+03    0.2765612627E-02
   -0.1543145768E+03    0.2636177138E-02
   -0.1541676017E+03    0.2505358760E-02
   -0.1540206266E+03    0.2373189355E-02
   -0.1538736515E+03    0.2239701339E-02
   -0.1537266764E+03    0.2104927673E-02
   -0.1535797013E+03    0.1968901856E-02
   -0.1534327262E+03    0.1831657919E-02
   -0.1532857511E+03    0.1693230413E-02
   -0.1531387760E+03    0.1553654407E-02
   -0.1529918009E+03    0.1412965476E-02
   -0.1528448258E+03    0.1271199690E-02
   -0.1526978507E+03    0.1128393613E-02
   -0.1525508756E+03    0.9845842868E-03
   -0.1524039006E+03    0.8398092262E-03
   -0.1522569255E+03    0.6941064085E-03
   -0.1521099504E+03    0.5475142643E-03
   -0.1519629753E+03    0.4000716679E-03
   -0.1518160002E+03    0.2518179279E-03
   -0.1516690251E+03    0.1027927770E-03
   -0.1515220500E+03   -0.4696363790E-04
   -0.1513750749E+03   -0.1974107659E-03
   -0.1512280998E+03   -0.3485076627E-03
   -0.1510811247E+03   -0.5002130009E-03
   -0.1509341496E+03   -0.6524850809E-03
   -0.1507871745E+03   -0.8052818418E-03
   -0.1506401994E+03   -0.9585608723E-03
   -0.1504932243E+03   -0.1112279422E-02
   -0.1503462492E+03   -0.1266394413E-02
   -0.1501992741E+03   -0.1420862451E-02
   -0.1500522990E+03   -0.1575639838E-02
   -0.1499053239E+03   -0.1730682582E-02
   -0.1497583488E+03   -0.1885946410E-02
   -0.1496113737E+03   -0.2041386783E-02
   -0.1494643987E+03   -0.2196958902E-02
   -0.1493174236E+03   -0.2352617728E-02
   -0.1491704485E+03   -0.2508317986E-02
   -0.1490234734E+03   -0.2664014185E-02
   -0.1488764983E+03   -0.2819660628E-02
   -0.1487295232E+03   -0.2975211423E-02
   -0.1485825481E+03   -0.3130620500E-02
   -0.1484355730E+03   -0.3285841618E-02
   -0.1482885979E+03   -0.3440828387E-02
   -0.1481416228E+03   -0.3595534273E-02
   -0.1479946477E+03   -0.3749912614E-02
   -0.1478476726E+03   -0.3903916638E-02
   -0.1477006975E+03   -0.4057499470E-02
   -0.1475537224E+03   -0.4210614149E-02
   -0.1474067473E+03   -0.4363213643E-02
   -0.1472597722E+03   -0.4515250858E-02
   -0.1471127971E+03   -0.4666678659E-02
   -0.1469658220E+03   -0.4817449878E-02
   -0.1468188469E+03   -0.4967517331E-02
   -0.1466718718E+03   -0.5116833832E-02
   -0.1465248968E+03   -0.5265352205E-02
   -0.1463779217E+03   -0.5413025303E-02
   -0.1462309466E+03   -0.5559806016E-02
   -0.1460839715E+03   -0.5705647292E-02
   -0.1459369964E+03   -0.5850502147E-02
   -0.1457900213E+03   -0.5994323680E-02
   -0.1456430462E+03   -0.6137065089E-02
   -0.1454960711E+03   -0.6278679685E-02
   -0.1453490960E+03   -0.6419120907E-02
   -0.1452021209E+03   -0.6558342335E-02
   -0.1450551458E+03   -0.6696297705E-02
   -0.1449081707E+03   -0.6832940928E-02
   -0.1447611956E+03   -0.6968226096E-02
   -0.1446142205E+03   -0.7102107505E-02
   -0.1444672454E+03   -0.7234539666E-02
   -0.1443202703E+03   -0.7365477319E-02
   -0.1441732952E+03   -0.7494875451E-02
   -0.1440263201E+03   -0.7622689305E-02
   -0.1438793450E+03   -0.7748874400E-02
   -0.1437323700E+03   -0.7873386544E-02
   -0.1435853949E+03   -0.7996181847E-02
   -0.1434384198E+03   -0.8117216738E-02
   -0.1432914447E+03   -0.8236447977E-02
   -0.1431444696E+03   -0.8353832672E-02
   -0.1429974945E+03   -0.8469328292E-02
   -0.1428505194E+03   -0.8582892681E-02
   -0.1427035443E+03   -0.8694484074E-02
   -0.1425565692E+03   -0.8804061110E-02
   -0.1424095941E+03   -0.8911582845E-02
   -0.1422626190E+03   -0.9017008770E-02
   -0.1421156439E+03   -0.9120298821E-02
   -0.1419686688E+03   -0.9221413397E-02
   -0.1418216937E+03   -0.9320313369E-02
   -0.1416747186E+03   -0.9416960098E-02
   -0.1415277435E+03   -0.9511315448E-02
   -0.1413807684E+03   -0.9603341797E-02
   -0.1412337933E+03   -0.9693002054E-02
   -0.1410868182E+03   -0.9780259671E-02
   -0.1409398431E+03   -0.9865078657E-02
   -0.1407928681E+03   -0.9947423588E-02
   -0.1406458930E+03   -0.1002725962E-01
   -0.1404989179E+03   -0.1010455252E-01
   -0.1403519428E+03   -0.1017926865E-01
   -0.1402049677E+03   -0.1025137499E-01
   -0.1400579926E+03   -0.1032083916E-01
   -0.1399110175E+03   -0.1038762943E-01
   -0.1397640424E+03   -0.1045171472E-01
   -0.1396170673E+03   -0.1051306463E-01
   -0.1394700922E+03   -0.1057164944E-01
   -0.1393231171E+03   -0.1062744012E-01
   -0.1391761420E+03   -0.1068040834E-01
   -0.1390291669E+03   -0.1073052652E-01
   -0.1388821918E+03   -0.1077776777E-01
   -0.1387352167E+03   -0.1082210597E-01
   -0.1385882416E+03   -0.1086351572E-01
   -0.1384412665E+03   -0.1090197241E-01
   -0.1382942914E+03   -0.1093745220E-01
   -0.1381473163E+03   -0.1096993203E-01
   -0.1380003412E+03   -0.1099938961E-01
   -0.1378533662E+03   -0.1102580349E-01
   -0.1377063911E+03   -0.1104915302E-01
   -0.1375594160E+03   -0.1106941836E-01
   -0.1374124409E+03   -0.1108658052E-01
   -0.1372654658E+03   -0.1110062135E-01
   -0.1371184907E+03   -0.1111152353E-01
   -0.1369715156E+03   -0.1111927062E-01
   -0.1368245405E+03   -0.1112384705E-01
   -0.1366775654E+03   -0.1112523812E-01
   -0.1365305903E+03   -0.1112343001E-01
   -0.1363836152E+03   -0.1111840978E-01
   -0.1362366401E+03   -0.1111016543E-01
   -0.1360896650E+03   -0.1109868583E-01
   -0.1359426899E+03   -0.1108396077E-01
   -0.1357957148E+03   -0.1106598098E-01
   -0.1356487397E+03   -0.1104473810E-01
   -0.1355017646E+03   -0.1102022471E-01
   -0.1353547895E+03   -0.1099243432E-01
   -0.1352078144E+03   -0.1096136140E-01
   -0.1350608394E+03   -0.1092700137E-01
   -0.1349138643E+03   -0.1088935060E-01
   -0.1347668892E+03   -0.1084840643E-01
   -0.1346199141E+03   -0.1080416715E-01
   -0.1344729390E+03   -0.1075663203E-01
   -0.1343259639E+03   -0.1070580133E-01
   -0.1341789888E+03   -0.1065167627E-01
   -0.1340320137E+03   -0.1059425905E-01
   -0.1338850386E+03   -0.1053355288E-01
   -0.1337380635E+03   -0.1046956193E-01
   -0.1335910884E+03   -0.1040229138E-01
   -0.1334441133E+03   -0.1033174739E-01
   -0.1332971382E+03   -0.1025793714E-01
   -0.1331501631E+03   -0.1018086879E-01
   -0.1330031880E+03   -0.1010055149E-01
   -0.1328562129E+03   -0.1001699542E-01
   -0.1327092378E+03   -0.9930211747E-02
   -0.1325622627E+03   -0.9840212630E-02
   -0.1324152876E+03   -0.9747011247E-02
   -0.1322683125E+03   -0.9650621773E-02
   -0.1321213375E+03   -0.9551059387E-02
   -0.1319743624E+03   -0.9448340269E-02
   -0.1318273873E+03   -0.9342481603E-02
   -0.1316804122E+03   -0.9233501572E-02
   -0.1315334371E+03   -0.9121419358E-02
   -0.1313864620E+03   -0.9006255139E-02
   -0.1312394869E+03   -0.8888030090E-02
   -0.1310925118E+03   -0.8766766379E-02
   -0.1309455367E+03   -0.8642487161E-02
   -0.1307985616E+03   -0.8515216581E-02
   -0.1306515865E+03   -0.8384979767E-02
   -0.1305046114E+03   -0.8251802824E-02
   -0.1303576363E+03   -0.8115712837E-02
   -0.1302106612E+03   -0.7976737860E-02
   -0.1300636861E+03   -0.7834906915E-02
   -0.1299167110E+03   -0.7690249987E-02
   -0.1297697359E+03   -0.7542798016E-02
   -0.1296227608E+03   -0.7392582895E-02
   -0.1294757857E+03   -0.7239637461E-02
   -0.1293288107E+03   -0.7083995491E-02
   -0.1291818356E+03   -0.6925691697E-02
   -0.1290348605E+03   -0.6764761714E-02
   -0.1288878854E+03   -0.6601242098E-02
   -0.1287409103E+03   -0.6435170315E-02
   -0.1285939352E+03   -0.6266584737E-02
   -0.1284469601E+03   -0.6095524630E-02
   -0.1282999850E+03   -0.5922030150E-02
   -0.1281530099E+03   -0.5746142328E-02
   -0.1280060348E+03   -0.5567903070E-02
   -0.1278590597E+03   -0.5387355138E-02
   -0.1277120846E+03   -0.5204542150E-02
   -0.1275651095E+03   -0.5019508562E-02
   -0.1274181344E+03   -0.4832299664E-02
   -0.1272711593E+03   -0.4642961564E-02
   -0.1271241842E+03   -0.4451541183E-02
   -0.1269772091E+03   -0.4258086240E-02
   -0.1268302340E+03   -0.4062645243E-02
   -0.1266832589E+03   -0.3865267475E-02
   -0.1265362838E+03   -0.3666002987E-02
   -0.1263893088E+03   -0.3464902578E-02
   -0.1262423337E+03   -0.3262017790E-02
   -0.1260953586E+03   -0.3057400894E-02
   -0.1259483835E+03   -0.2851104871E-02
   -0.1258014084E+03   -0.2643183409E-02
   -0.1256544333E+03   -0.2433690879E-02
   -0.1255074582E+03   -0.2222682329E-02
   -0.1253604831E+03   -0.2010213468E-02
   -0.1252135080E+03   -0.1796340648E-02
   -0.1250665329E+03   -0.1581120856E-02
   -0.1249195578E+03   -0.1364611694E-02
   -0.1247725827E+03   -0.1146871366E-02
   -0.1246256076E+03   -0.9279586619E-03
   -0.1244786325E+03   -0.7079329450E-03
   -0.1243316574E+03   -0.4868541326E-03
   -0.1241846823E+03   -0.2647826819E-03
   -0.1240377072E+03   -0.4177957369E-04
   -0.1238907321E+03    0.1820937040E-03
   -0.1237437570E+03    0.4067751727E-03
   -0.1235967819E+03    0.6322023800E-03
   -0.1234498069E+03    0.8583124168E-03
   -0.1233028318E+03    0.1085041934E-02
   -0.1231558567E+03    0.1312327161E-02
   -0.1230088816E+03    0.1540103922E-02
   -0.1228619065E+03    0.1768307654E-02
   -0.1227149314E+03    0.1996873425E-02
   -0.1225679563E+03    0.2225735954E-02
   -0.1224209812E+03    0.2454829624E-02
   -0.1222740061E+03    0.2684088508E-02
   -0.1221270310E+03    0.2913446381E-02
   -0.1219800559E+03    0.3142836741E-02
   -0.1218330808E+03    0.3372192831E-02
   -0.1216861057E+03    0.3601447652E-02
   -0.1215391306E+03    0.3830533989E-02
   -0.1213921555E+03    0.4059384425E-02
   -0.1212451804E+03    0.4287931362E-02
   -0.1210982053E+03    0.4516107043E-02
   -0.1209512302E+03    0.4743843570E-02
   -0.1208042551E+03    0.4971072922E-02
   -0.1206572801E+03    0.5197726979E-02
   -0.1205103050E+03    0.5423737537E-02
   -0.1203633299E+03    0.5649036334E-02
   -0.1202163548E+03    0.5873555067E-02
   -0.1200693797E+03    0.6097225410E-02
   -0.1199224046E+03    0.6319979040E-02
   -0.1197754295E+03    0.6541747654E-02
   -0.1196284544E+03    0.6762462990E-02
   -0.1194814793E+03    0.6982056848E-02
   -0.1193345042E+03    0.7200461110E-02
   -0.1191875291E+03    0.7417607761E-02
   -0.1190405540E+03    0.7633428913E-02
   -0.1188935789E+03    0.7847856819E-02
   -0.1187466038E+03    0.8060823902E-02
   -0.1185996287E+03    0.8272262767E-02
   -0.1184526536E+03    0.8482106231E-02
   -0.1183056785E+03    0.8690287336E-02
   -0.1181587034E+03    0.8896739376E-02
   -0.1180117283E+03    0.9101395915E-02
   -0.1178647532E+03    0.9304190807E-02
   -0.1177177782E+03    0.9505058218E-02
   -0.1175708031E+03    0.9703932650E-02
   -0.1174238280E+03    0.9900748954E-02
   -0.1172768529E+03    0.1009544236E-01
   -0.1171298778E+03    0.1028794849E-01
   -0.1169829027E+03    0.1047820339E-01
   -0.1168359276E+03    0.1066614353E-01
   -0.1166889525E+03    0.1085170585E-01
   -0.1165419774E+03    0.1103482776E-01
   -0.1163950023E+03    0.1121544717E-01
   -0.1162480272E+03    0.1139350251E-01
   -0.1161010521E+03    0.1156893276E-01
   -0.1159540770E+03    0.1174167743E-01
   -0.1158071019E+03    0.1191167663E-01
   -0.1156601268E+03    0.1207887108E-01
   -0.1155131517E+03    0.1224320210E-01
   -0.1153661766E+03    0.1240461166E-01
   -0.1152192015E+03    0.1256304238E-01
   -0.1150722264E+03    0.1271843757E-01
   -0.1149252513E+03    0.1287074122E-01
   -0.1147782763E+03    0.1301989806E-01
   -0.1146313012E+03    0.1316585353E-01
   -0.1144843261E+03    0.1330855385E-01
   -0.1143373510E+03    0.1344794601E-01
   -0.1141903759E+03    0.1358397777E-01
   -0.1140434008E+03    0.1371659772E-01
   -0.1138964257E+03    0.1384575527E-01
   -0.1137494506E+03    0.1397140070E-01
   -0.1136024755E+03    0.1409348512E-01
   -0.1134555004E+03    0.1421196054E-01
   -0.1133085253E+03    0.1432677987E-01
   -0.1131615502E+03    0.1443789695E-01
   -0.1130145751E+03    0.1454526652E-01
   -0.1128676000E+03    0.1464884431E-01
   -0.1127206249E+03    0.1474858698E-01
   -0.1125736498E+03    0.1484445221E-01
   -0.1124266747E+03    0.1493639865E-01
   -0.1122796996E+03    0.1502438598E-01
   -0.1121327245E+03    0.1510837491E-01
   -0.1119857495E+03    0.1518832720E-01
   -0.1118387744E+03    0.1526420566E-01
   -0.1116917993E+03    0.1533597418E-01
   -0.1115448242E+03    0.1540359776E-01
   -0.1113978491E+03    0.1546704248E-01
   -0.1112508740E+03    0.1552627554E-01
   -0.1111038989E+03    0.1558126529E-01
   -0.1109569238E+03    0.1563198121E-01
   -0.1108099487E+03    0.1567839394E-01
   -0.1106629736E+03    0.1572047531E-01
   -0.1105159985E+03    0.1575819832E-01
   -0.1103690234E+03    0.1579153714E-01
   -0.1102220483E+03    0.1582046720E-01
   -0.1100750732E+03    0.1584496512E-01
   -0.1099280981E+03    0.1586500874E-01
   -0.1097811230E+03    0.1588057715E-01
   -0.1096341479E+03    0.1589165071E-01
   -0.1094871728E+03    0.1589821102E-01
   -0.1093401977E+03    0.1590024096E-01
   -0.1091932226E+03    0.1589772468E-01
   -0.1090462476E+03    0.1589064762E-01
   -0.1088992725E+03    0.1587899654E-01
   -0.1087522974E+03    0.1586275949E-01
   -0.1086053223E+03    0.1584192583E-01
   -0.1084583472E+03    0.1581648624E-01
   -0.1083113721E+03    0.1578643275E-01
   -0.1081643970E+03    0.1575175870E-01
   -0.1080174219E+03    0.1571245879E-01
   -0.1078704468E+03    0.1566852906E-01
   -0.1077234717E+03    0.1561996689E-01
   -0.1075764966E+03    0.1556677106E-01
   -0.1074295215E+03    0.1550894167E-01
   -0.1072825464E+03    0.1544648020E-01
   -0.1071355713E+03    0.1537938953E-01
   -0.1069885962E+03    0.1530767387E-01
   -0.1068416211E+03    0.1523133883E-01
   -0.1066946460E+03    0.1515039143E-01
   -0.1065476709E+03    0.1506484002E-01
   -0.1064006958E+03    0.1497469438E-01
   -0.1062537208E+03    0.1487996565E-01
   -0.1061067457E+03    0.1478066637E-01
   -0.1059597706E+03    0.1467681047E-01
   -0.1058127955E+03    0.1456841328E-01
   -0.1056658204E+03    0.1445549149E-01
   -0.1055188453E+03    0.1433806321E-01
   -0.1053718702E+03    0.1421614792E-01
   -0.1052248951E+03    0.1408976649E-01
   -0.1050779200E+03    0.1395894118E-01
   -0.1049309449E+03    0.1382369563E-01
   -0.1047839698E+03    0.1368405485E-01
   -0.1046369947E+03    0.1354004525E-01
   -0.1044900196E+03    0.1339169459E-01
   -0.1043430445E+03    0.1323903201E-01
   -0.1041960694E+03    0.1308208801E-01
   -0.1040490943E+03    0.1292089446E-01
   -0.1039021192E+03    0.1275548458E-01
   -0.1037551441E+03    0.1258589292E-01
   -0.1036081690E+03    0.1241215542E-01
   -0.1034611939E+03    0.1223430930E-01
   -0.1033142189E+03    0.1205239316E-01
   -0.1031672438E+03    0.1186644688E-01
   -0.1030202687E+03    0.1167651169E-01
   -0.1028732936E+03    0.1148263010E-01
   -0.1027263185E+03    0.1128484592E-01
   -0.1025793434E+03    0.1108320428E-01
   -0.1024323683E+03    0.1087775154E-01
   -0.1022853932E+03    0.1066853538E-01
   -0.1021384181E+03    0.1045560469E-01
   -0.1019914430E+03    0.1023900964E-01
   -0.1018444679E+03    0.1001880163E-01
   -0.1016974928E+03    0.9795033288E-02
   -0.1015505177E+03    0.9567758443E-02
   -0.1014035426E+03    0.9337032136E-02
   -0.1012565675E+03    0.9102910594E-02
   -0.1011095924E+03    0.8865451218E-02
   -0.1009626173E+03    0.8624712572E-02
   -0.1008156422E+03    0.8380754366E-02
   -0.1006686671E+03    0.8133637444E-02
   -0.1005216920E+03    0.7883423769E-02
   -0.1003747170E+03    0.7630176406E-02
   -0.1002277419E+03    0.7373959510E-02
   -0.1000807668E+03    0.7114838304E-02
   -0.9993379167E+02    0.6852879072E-02
   -0.9978681657E+02    0.6588149134E-02
   -0.9963984148E+02    0.6320716831E-02
   -0.9949286638E+02    0.6050651511E-02
   -0.9934589129E+02    0.5778023509E-02
   -0.9919891619E+02    0.5502904127E-02
   -0.9905194110E+02    0.5225365620E-02
   -0.9890496600E+02    0.4945481173E-02
   -0.9875799091E+02    0.4663324884E-02
   -0.9861101582E+02    0.4378971746E-02
   -0.9846404072E+02    0.4092497622E-02
   -0.9831706563E+02    0.3803979232E-02
   -0.9817009053E+02    0.3513494127E-02
   -0.9802311544E+02    0.3221120671E-02
   -0.9787614034E+02    0.2926938019E-02
   -0.9772916525E+02    0.2631026097E-02
   -0.9758219015E+02    0.2333465578E-02
   -0.9743521506E+02    0.2034337863E-02
   -0.9728823996E+02    0.1733725054E-02
   -0.9714126487E+02    0.1431709939E-02
   -0.9699428977E+02    0.1128375963E-02
   -0.9684731468E+02    0.8238072062E-03
   -0.9670033958E+02    0.5180883633E-03
   -0.9655336449E+02    0.2113047174E-03
   -0.9640638939E+02   -0.9645788317E-04
   -0.9625941430E+02   -0.4051130482E-03
   -0.9611243920E+02   -0.7145738705E-03
   -0.9596546411E+02   -0.1024752950E-02
   -0.9581848901E+02   -0.1335562419E-02
   -0.9567151392E+02   -0.1646913966E-02
   -0.9552453882E+02   -0.1958718863E-02
   -0.9537756373E+02   -0.2270887986E-02
   -0.9523058863E+02   -0.2583331849E-02
   -0.9508361354E+02   -0.2895960619E-02
   -0.9493663844E+02   -0.3208684152E-02
   -0.9478966335E+02   -0.3521412011E-02
   -0.9464268825E+02   -0.3834053498E-02
   -0.9449571316E+02   -0.4146517676E-02
   -0.9434873806E+02   -0.4458713400E-02
   -0.9420176297E+02   -0.4770549338E-02
   -0.9405478787E+02   -0.5081934004E-02
   -0.9390781278E+02   -0.5392775780E-02
   -0.9376083768E+02   -0.5702982945E-02
   -0.9361386259E+02   -0.6012463703E-02
   -0.9346688749E+02   -0.6321126207E-02
   -0.9331991240E+02   -0.6628878591E-02
   -0.9317293730E+02   -0.6935628993E-02
   -0.9302596221E+02   -0.7241285585E-02
   -0.9287898711E+02   -0.7545756600E-02
   -0.9273201202E+02   -0.7848950360E-02
   -0.9258503692E+02   -0.8150775302E-02
   -0.9243806183E+02   -0.8451140008E-02
   -0.9229108673E+02   -0.8749953230E-02
   -0.9214411164E+02   -0.9047123921E-02
   -0.9199713654E+02   -0.9342561260E-02
   -0.9185016145E+02   -0.9636174680E-02
   -0.9170318635E+02   -0.9927873900E-02
   -0.9155621126E+02   -0.1021756895E-01
   -0.9140923616E+02   -0.1050517018E-01
   -0.9126226107E+02   -0.1079058834E-01
   -0.9111528597E+02   -0.1107373455E-01
   -0.9096831088E+02   -0.1135452034E-01
   -0.9082133579E+02   -0.1163285773E-01
   -0.9067436069E+02   -0.1190865917E-01
   -0.9052738560E+02   -0.1218183764E-01
   -0.9038041050E+02   -0.1245230665E-01
   -0.9023343541E+02   -0.1271998027E-01
   -0.9008646031E+02   -0.1298477313E-01
   -0.8993948522E+02   -0.1324660051E-01
   -0.8979251012E+02   -0.1350537831E-01
   -0.8964553503E+02   -0.1376102309E-01
   -0.8949855993E+02   -0.1401345212E-01
   -0.8935158484E+02   -0.1426258337E-01
   -0.8920460974E+02   -0.1450833559E-01
   -0.8905763465E+02   -0.1475062826E-01
   -0.8891065955E+02   -0.1498938169E-01
   -0.8876368446E+02   -0.1522451701E-01
   -0.8861670936E+02   -0.1545595618E-01
   -0.8846973427E+02   -0.1568362206E-01
   -0.8832275917E+02   -0.1590743841E-01
   -0.8817578408E+02   -0.1612732990E-01
   -0.8802880898E+02   -0.1634322216E-01
   -0.8788183389E+02   -0.1655504181E-01
   -0.8773485879E+02   -0.1676271645E-01
   -0.8758788370E+02   -0.1696617471E-01
   -0.8744090860E+02   -0.1716534628E-01
   -0.8729393351E+02   -0.1736016191E-01
   -0.8714695841E+02   -0.1755055346E-01
   -0.8699998332E+02   -0.1773645391E-01
   -0.8685300822E+02   -0.1791779736E-01
   -0.8670603313E+02   -0.1809451910E-01
   -0.8655905803E+02   -0.1826655559E-01
   -0.8641208294E+02   -0.1843384453E-01
   -0.8626510784E+02   -0.1859632481E-01
   -0.8611813275E+02   -0.1875393661E-01
   -0.8597115765E+02   -0.1890662136E-01
   -0.8582418256E+02   -0.1905432179E-01
   -0.8567720746E+02   -0.1919698196E-01
   -0.8553023237E+02   -0.1933454725E-01
   -0.8538325727E+02   -0.1946696441E-01
   -0.8523628218E+02   -0.1959418154E-01
   -0.8508930708E+02   -0.1971614816E-01
   -0.8494233199E+02   -0.1983281520E-01
   -0.8479535689E+02   -0.1994413500E-01
   -0.8464838180E+02   -0.2005006137E-01
   -0.8450140670E+02   -0.2015054958E-01
   -0.8435443161E+02   -0.2024555639E-01
   -0.8420745651E+02   -0.2033504004E-01
   -0.8406048142E+02   -0.2041896031E-01
   -0.8391350632E+02   -0.2049727849E-01
   -0.8376653123E+02   -0.2056995745E-01
   -0.8361955613E+02   -0.2063696158E-01
   -0.8347258104E+02   -0.2069825689E-01
   -0.8332560594E+02   -0.2075381096E-01
   -0.8317863085E+02   -0.2080359296E-01
   -0.8303165576E+02   -0.2084757372E-01
   -0.8288468066E+02   -0.2088572567E-01
   -0.8273770557E+02   -0.2091802289E-01
   -0.8259073047E+02   -0.2094444112E-01
   -0.8244375538E+02   -0.2096495775E-01
   -0.8229678028E+02   -0.2097955189E-01
   -0.8214980519E+02   -0.2098820428E-01
   -0.8200283009E+02   -0.2099089742E-01
   -0.8185585500E+02   -0.2098761546E-01
   -0.8170887990E+02   -0.2097834431E-01
   -0.8156190481E+02   -0.2096307159E-01
   -0.8141492971E+02   -0.2094178664E-01
   -0.8126795462E+02   -0.2091448056E-01
   -0.8112097952E+02   -0.2088114619E-01
   -0.8097400443E+02   -0.2084177813E-01
   -0.8082702933E+02   -0.2079637273E-01
   -0.8068005424E+02   -0.2074492810E-01
   -0.8053307914E+02   -0.2068744415E-01
   -0.8038610405E+02   -0.2062392253E-01
   -0.8023912895E+02   -0.2055436668E-01
   -0.8009215386E+02   -0.2047878184E-01
   -0.7994517876E+02   -0.2039717502E-01
   -0.7979820367E+02   -0.2030955500E-01
   -0.7965122857E+02   -0.2021593237E-01
   -0.7950425348E+02   -0.2011631952E-01
   -0.7935727838E+02   -0.2001073060E-01
   -0.7921030329E+02   -0.1989918157E-01
   -0.7906332819E+02   -0.1978169018E-01
   -0.7891635310E+02   -0.1965827595E-01
   -0.7876937800E+02   -0.1952896022E-01
   -0.7862240291E+02   -0.1939376609E-01
   -0.7847542781E+02   -0.1925271844E-01
   -0.7832845272E+02   -0.1910584396E-01
   -0.7818147762E+02   -0.1895317107E-01
   -0.7803450253E+02   -0.1879473001E-01
   -0.7788752743E+02   -0.1863055275E-01
   -0.7774055234E+02   -0.1846067305E-01
   -0.7759357724E+02   -0.1828512639E-01
   -0.7744660215E+02   -0.1810395003E-01
   -0.7729962705E+02   -0.1791718297E-01
   -0.7715265196E+02   -0.1772486592E-01
   -0.7700567686E+02   -0.1752704134E-01
   -0.7685870177E+02   -0.1732375340E-01
   -0.7671172667E+02   -0.1711504798E-01
   -0.7656475158E+02   -0.1690097266E-01
   -0.7641777648E+02   -0.1668157670E-01
   -0.7627080139E+02   -0.1645691105E-01
   -0.7612382629E+02   -0.1622702832E-01
   -0.7597685120E+02   -0.1599198277E-01
   -0.7582987610E+02   -0.1575183032E-01
   -0.7568290101E+02   -0.1550662850E-01
   -0.7553592591E+02   -0.1525643647E-01
   -0.7538895082E+02   -0.1500131498E-01
   -0.7524197573E+02   -0.1474132638E-01
   -0.7509500063E+02   -0.1447653458E-01
   -0.7494802554E+02   -0.1420700506E-01
   -0.7480105044E+02   -0.1393280484E-01
   -0.7465407535E+02   -0.1365400245E-01
   -0.7450710025E+02   -0.1337066794E-01
   -0.7436012516E+02   -0.1308287286E-01
   -0.7421315006E+02   -0.1279069021E-01
   -0.7406617497E+02   -0.1249419446E-01
   -0.7391919987E+02   -0.1219346151E-01
   -0.7377222478E+02   -0.1188856868E-01
   -0.7362524968E+02   -0.1157959468E-01
   -0.7347827459E+02   -0.1126661960E-01
   -0.7333129949E+02   -0.1094972487E-01
   -0.7318432440E+02   -0.1062899328E-01
   -0.7303734930E+02   -0.1030450892E-01
   -0.7289037421E+02   -0.9976357161E-02
   -0.7274339911E+02   -0.9644624645E-02
   -0.7259642402E+02   -0.9309399265E-02
   -0.7244944892E+02   -0.8970770128E-02
   -0.7230247383E+02   -0.8628827540E-02
   -0.7215549873E+02   -0.8283662979E-02
   -0.7200852364E+02   -0.7935369071E-02
   -0.7186154854E+02   -0.7584039565E-02
   -0.7171457345E+02   -0.7229769306E-02
   -0.7156759835E+02   -0.6872654210E-02
   -0.7142062326E+02   -0.6512791239E-02
   -0.7127364816E+02   -0.6150278374E-02
   -0.7112667307E+02   -0.5785214585E-02
   -0.7097969797E+02   -0.5417699809E-02
   -0.7083272288E+02   -0.5047834917E-02
   -0.7068574778E+02   -0.4675721688E-02
   -0.7053877269E+02   -0.4301462784E-02
   -0.7039179759E+02   -0.3925161715E-02
   -0.7024482250E+02   -0.3546922814E-02
   -0.7009784740E+02   -0.3166851208E-02
   -0.6995087231E+02   -0.2785052786E-02
   -0.6980389721E+02   -0.2401634171E-02
   -0.6965692212E+02   -0.2016702689E-02
   -0.6950994702E+02   -0.1630366337E-02
   -0.6936297193E+02   -0.1242733756E-02
   -0.6921599683E+02   -0.8539141978E-03
   -0.6906902174E+02   -0.4640174920E-03
   -0.6892204664E+02   -0.7315401753E-04
   -0.6877507155E+02    0.3185653307E-03
   -0.6862809645E+02    0.7110291732E-03
   -0.6848112136E+02    0.1104125679E-02
   -0.6833414626E+02    0.1497742596E-02
   -0.6818717117E+02    0.1891767286E-02
   -0.6804019607E+02    0.2286086755E-02
   -0.6789322098E+02    0.2680587690E-02
   -0.6774624589E+02    0.3075156487E-02
   -0.6759927079E+02    0.3469679287E-02
   -0.6745229570E+02    0.3864042011E-02
   -0.6730532060E+02    0.4258130389E-02
   -0.6715834551E+02    0.4651829998E-02
   -0.6701137041E+02    0.5045026295E-02
   -0.6686439532E+02    0.5437604647E-02
   -0.6671742022E+02    0.5829450370E-02
   -0.6657044513E+02    0.6220448761E-02
   -0.6642347003E+02    0.6610485132E-02
   -0.6627649494E+02    0.6999444844E-02
   -0.6612951984E+02    0.7387213340E-02
   -0.6598254475E+02    0.7773676184E-02
   -0.6583556965E+02    0.8158719088E-02
   -0.6568859456E+02    0.8542227956E-02
   -0.6554161946E+02    0.8924088907E-02
   -0.6539464437E+02    0.9304188318E-02
   -0.6524766927E+02    0.9682412857E-02
   -0.6510069418E+02    0.1005864951E-01
   -0.6495371908E+02    0.1043278563E-01
   -0.6480674399E+02    0.1080470896E-01
   -0.6465976889E+02    0.1117430766E-01
   -0.6451279380E+02    0.1154147035E-01
   -0.6436581870E+02    0.1190608618E-01
   -0.6421884361E+02    0.1226804477E-01
   -0.6407186851E+02    0.1262723635E-01
   -0.6392489342E+02    0.1298355173E-01
   -0.6377791832E+02    0.1333688235E-01
   -0.6363094323E+02    0.1368712032E-01
   -0.6348396813E+02    0.1403415842E-01
   -0.6333699304E+02    0.1437789020E-01
   -0.6319001794E+02    0.1471820995E-01
   -0.6304304285E+02    0.1505501276E-01
   -0.6289606775E+02    0.1538819455E-01
   -0.6274909266E+02    0.1571765210E-01
   -0.6260211756E+02    0.1604328309E-01
   -0.6245514247E+02    0.1636498612E-01
   -0.6230816737E+02    0.1668266075E-01
   -0.6216119228E+02    0.1699620753E-01
   -0.6201421718E+02    0.1730552803E-01
   -0.6186724209E+02    0.1761052487E-01
   -0.6172026699E+02    0.1791110177E-01
   -0.6157329190E+02    0.1820716354E-01
   -0.6142631680E+02    0.1849861615E-01
   -0.6127934171E+02    0.1878536674E-01
   -0.6113236661E+02    0.1906732366E-01
   -0.6098539152E+02    0.1934439648E-01
   -0.6083841642E+02    0.1961649605E-01
   -0.6069144133E+02    0.1988353450E-01
   -0.6054446623E+02    0.2014542529E-01
   -0.6039749114E+02    0.2040208323E-01
   -0.6025051604E+02    0.2065342449E-01
   -0.6010354095E+02    0.2089936666E-01
   -0.5995656586E+02    0.2113982875E-01
   -0.5980959076E+02    0.2137473125E-01
   -0.5966261567E+02    0.2160399610E-01
   -0.5951564057E+02    0.2182754679E-01
   -0.5936866548E+02    0.2204530831E-01
   -0.5922169038E+02    0.2225720723E-01
   -0.5907471529E+02    0.2246317170E-01
   -0.5892774019E+02    0.2266313148E-01
   -0.5878076510E+02    0.2285701797E-01
   -0.5863379000E+02    0.2304476422E-01
   -0.5848681491E+02    0.2322630496E-01
   -0.5833983981E+02    0.2340157662E-01
   -0.5819286472E+02    0.2357051735E-01
   -0.5804588962E+02    0.2373306707E-01
   -0.5789891453E+02    0.2388916744E-01
   -0.5775193943E+02    0.2403876192E-01
   -0.5760496434E+02    0.2418179577E-01
   -0.5745798924E+02    0.2431821607E-01
   -0.5731101415E+02    0.2444797177E-01
   -0.5716403905E+02    0.2457101366E-01
   -0.5701706396E+02    0.2468729441E-01
   -0.5687008886E+02    0.2479676862E-01
   -0.5672311377E+02    0.2489939277E-01
   -0.5657613867E+02    0.2499512530E-01
   -0.5642916358E+02    0.2508392656E-01
   -0.5628218848E+02    0.2516575891E-01
   -0.5613521339E+02    0.2524058664E-01
   -0.5598823829E+02    0.2530837608E-01
   -0.5584126320E+02    0.2536909553E-01
   -0.5569428810E+02    0.2542271531E-01
   -0.5554731301E+02    0.2546920779E-01
   -0.5540033791E+02    0.2550854736E-01
   -0.5525336282E+02    0.2554071047E-01
   -0.5510638772E+02    0.2556567564E-01
   -0.5495941263E+02    0.2558342345E-01
   -0.5481243753E+02    0.2559393658E-01
   -0.5466546244E+02    0.2559719978E-01
   -0.5451848734E+02    0.2559319991E-01
   -0.5437151225E+02    0.2558192593E-01
   -0.5422453715E+02    0.2556336893E-01
   -0.5407756206E+02    0.2553752210E-01
   -0.5393058696E+02    0.2550438075E-01
   -0.5378361187E+02    0.2546394235E-01
   -0.5363663677E+02    0.2541620647E-01
   -0.5348966168E+02    0.2536117483E-01
   -0.5334268658E+02    0.2529885129E-01
   -0.5319571149E+02    0.2522924186E-01
   -0.5304873639E+02    0.2515235469E-01
   -0.5290176130E+02    0.2506820006E-01
   -0.5275478620E+02    0.2497679042E-01
   -0.5260781111E+02    0.2487814035E-01
   -0.5246083601E+02    0.2477226657E-01
   -0.5231386092E+02    0.2465918797E-01
   -0.5216688583E+02    0.2453892554E-01
   -0.5201991073E+02    0.2441150244E-01
   -0.5187293564E+02    0.2427694395E-01
   -0.5172596054E+02    0.2413527748E-01
   -0.5157898545E+02    0.2398653258E-01
   -0.5143201035E+02    0.2383074090E-01
   -0.5128503526E+02    0.2366793622E-01
   -0.5113806016E+02    0.2349815442E-01
   -0.5099108507E+02    0.2332143347E-01
   -0.5084410997E+02    0.2313781344E-01
   -0.5069713488E+02    0.2294733650E-01
   -0.5055015978E+02    0.2275004686E-01
   -0.5040318469E+02    0.2254599082E-01
   -0.5025620959E+02    0.2233521672E-01
   -0.5010923450E+02    0.2211777495E-01
   -0.4996225940E+02    0.2189371793E-01
   -0.4981528431E+02    0.2166310008E-01
   -0.4966830921E+02    0.2142597785E-01
   -0.4952133412E+02    0.2118240967E-01
   -0.4937435902E+02    0.2093245593E-01
   -0.4922738393E+02    0.2067617901E-01
   -0.4908040883E+02    0.2041364321E-01
   -0.4893343374E+02    0.2014491478E-01
   -0.4878645864E+02    0.1987006187E-01
   -0.4863948355E+02    0.1958915453E-01
   -0.4849250845E+02    0.1930226468E-01
   -0.4834553336E+02    0.1900946611E-01
   -0.4819855826E+02    0.1871083444E-01
   -0.4805158317E+02    0.1840644711E-01
   -0.4790460807E+02    0.1809638337E-01
   -0.4775763298E+02    0.1778072424E-01
   -0.4761065788E+02    0.1745955248E-01
   -0.4746368279E+02    0.1713295262E-01
   -0.4731670769E+02    0.1680101088E-01
   -0.4716973260E+02    0.1646381516E-01
   -0.4702275750E+02    0.1612145506E-01
   -0.4687578241E+02    0.1577402178E-01
   -0.4672880731E+02    0.1542160816E-01
   -0.4658183222E+02    0.1506430862E-01
   -0.4643485712E+02    0.1470221916E-01
   -0.4628788203E+02    0.1433543731E-01
   -0.4614090693E+02    0.1396406210E-01
   -0.4599393184E+02    0.1358819407E-01
   -0.4584695674E+02    0.1320793519E-01
   -0.4569998165E+02    0.1282338887E-01
   -0.4555300655E+02    0.1243465993E-01
   -0.4540603146E+02    0.1204185454E-01
   -0.4525905636E+02    0.1164508024E-01
   -0.4511208127E+02    0.1124444585E-01
   -0.4496510617E+02    0.1084006148E-01
   -0.4481813108E+02    0.1043203849E-01
   -0.4467115598E+02    0.1002048948E-01
   -0.4452418089E+02    0.9605528194E-02
   -0.4437720580E+02    0.9187269563E-02
   -0.4423023070E+02    0.8765829626E-02
   -0.4408325561E+02    0.8341325512E-02
   -0.4393628051E+02    0.7913875405E-02
   -0.4378930542E+02    0.7483598511E-02
   -0.4364233032E+02    0.7050615022E-02
   -0.4349535523E+02    0.6615046085E-02
   -0.4334838013E+02    0.6177013761E-02
   -0.4320140504E+02    0.5736640998E-02
   -0.4305442994E+02    0.5294051590E-02
   -0.4290745485E+02    0.4849370142E-02
   -0.4276047975E+02    0.4402722035E-02
   -0.4261350466E+02    0.3954233392E-02
   -0.4246652956E+02    0.3504031037E-02
   -0.4231955447E+02    0.3052242460E-02
   -0.4217257937E+02    0.2598995782E-02
   -0.4202560428E+02    0.2144419715E-02
   -0.4187862918E+02    0.1688643527E-02
   -0.4173165409E+02    0.1231797000E-02
   -0.4158467899E+02    0.7740103988E-03
   -0.4143770390E+02    0.3154144259E-03
   -0.4129072880E+02   -0.1438598120E-03
   -0.4114375371E+02   -0.6036808443E-03
   -0.4099677861E+02   -0.1063916875E-02
   -0.4084980352E+02   -0.1524435821E-02
   -0.4070282842E+02   -0.1985105351E-02
   -0.4055585333E+02   -0.2445792925E-02
   -0.4040887823E+02   -0.2906365835E-02
   -0.4026190314E+02   -0.3366691239E-02
   -0.4011492804E+02   -0.3826636206E-02
   -0.3996795295E+02   -0.4286067752E-02
   -0.3982097785E+02   -0.4744852883E-02
   -0.3967400276E+02   -0.5202858628E-02
   -0.3952702766E+02   -0.5659952085E-02
   -0.3938005257E+02   -0.6116000459E-02
   -0.3923307747E+02   -0.6570871099E-02
   -0.3908610238E+02   -0.7024431539E-02
   -0.3893912728E+02   -0.7476549539E-02
   -0.3879215219E+02   -0.7927093123E-02
   -0.3864517709E+02   -0.8375930620E-02
   -0.3849820200E+02   -0.8822930700E-02
   -0.3835122690E+02   -0.9267962418E-02
   -0.3820425181E+02   -0.9710895251E-02
   -0.3805727671E+02   -0.1015159913E-01
   -0.3791030162E+02   -0.1058994451E-01
   -0.3776332652E+02   -0.1102580235E-01
   -0.3761635143E+02   -0.1145904422E-01
   -0.3746937633E+02   -0.1188954228E-01
   -0.3732240124E+02   -0.1231716937E-01
   -0.3717542614E+02   -0.1274179902E-01
   -0.3702845105E+02   -0.1316330548E-01
   -0.3688147595E+02   -0.1358156377E-01
   -0.3673450086E+02   -0.1399644975E-01
   -0.3658752577E+02   -0.1440784008E-01
   -0.3644055067E+02   -0.1481561234E-01
   -0.3629357558E+02   -0.1521964503E-01
   -0.3614660048E+02   -0.1561981759E-01
   -0.3599962539E+02   -0.1601601046E-01
   -0.3585265029E+02   -0.1640810513E-01
   -0.3570567520E+02   -0.1679598414E-01
   -0.3555870010E+02   -0.1717953114E-01
   -0.3541172501E+02   -0.1755863093E-01
   -0.3526474991E+02   -0.1793316947E-01
   -0.3511777482E+02   -0.1830303394E-01
   -0.3497079972E+02   -0.1866811277E-01
   -0.3482382463E+02   -0.1902829566E-01
   -0.3467684953E+02   -0.1938347362E-01
   -0.3452987444E+02   -0.1973353904E-01
   -0.3438289934E+02   -0.2007838565E-01
   -0.3423592425E+02   -0.2041790862E-01
   -0.3408894915E+02   -0.2075200457E-01
   -0.3394197406E+02   -0.2108057157E-01
   -0.3379499896E+02   -0.2140350924E-01
   -0.3364802387E+02   -0.2172071872E-01
   -0.3350104877E+02   -0.2203210272E-01
   -0.3335407368E+02   -0.2233756557E-01
   -0.3320709858E+02   -0.2263701322E-01
   -0.3306012349E+02   -0.2293035329E-01
   -0.3291314839E+02   -0.2321749510E-01
   -0.3276617330E+02   -0.2349834967E-01
   -0.3261919820E+02   -0.2377282979E-01
   -0.3247222311E+02   -0.2404085002E-01
   -0.3232524801E+02   -0.2430232672E-01
   -0.3217827292E+02   -0.2455717808E-01
   -0.3203129782E+02   -0.2480532417E-01
   -0.3188432273E+02   -0.2504668691E-01
   -0.3173734763E+02   -0.2528119014E-01
   -0.3159037254E+02   -0.2550875965E-01
   -0.3144339744E+02   -0.2572932315E-01
   -0.3129642235E+02   -0.2594281035E-01
   -0.3114944725E+02   -0.2614915298E-01
   -0.3100247216E+02   -0.2634828475E-01
   -0.3085549706E+02   -0.2654014146E-01
   -0.3070852197E+02   -0.2672466095E-01
   -0.3056154687E+02   -0.2690178315E-01
   -0.3041457178E+02   -0.2707145010E-01
   -0.3026759668E+02   -0.2723360598E-01
   -0.3012062159E+02   -0.2738819708E-01
   -0.2997364649E+02   -0.2753517190E-01
   -0.2982667140E+02   -0.2767448107E-01
   -0.2967969630E+02   -0.2780607746E-01
   -0.2953272121E+02   -0.2792991612E-01
   -0.2938574611E+02   -0.2804595434E-01
   -0.2923877102E+02   -0.2815415166E-01
   -0.2909179593E+02   -0.2825446986E-01
   -0.2894482083E+02   -0.2834687301E-01
   -0.2879784574E+02   -0.2843132744E-01
   -0.2865087064E+02   -0.2850780179E-01
   -0.2850389555E+02   -0.2857626700E-01
   -0.2835692045E+02   -0.2863669633E-01
   -0.2820994536E+02   -0.2868906536E-01
   -0.2806297026E+02   -0.2873335201E-01
   -0.2791599517E+02   -0.2876953655E-01
   -0.2776902007E+02   -0.2879760159E-01
   -0.2762204498E+02   -0.2881753210E-01
   -0.2747506988E+02   -0.2882931542E-01
   -0.2732809479E+02   -0.2883294127E-01
   -0.2718111969E+02   -0.2882840173E-01
   -0.2703414460E+02   -0.2881569127E-01
   -0.2688716950E+02   -0.2879480674E-01
   -0.2674019441E+02   -0.2876574739E-01
   -0.2659321931E+02   -0.2872851484E-01
   -0.2644624422E+02   -0.2868311310E-01
   -0.2629926912E+02   -0.2862954860E-01
   -0.2615229403E+02   -0.2856783013E-01
   -0.2600531893E+02   -0.2849796889E-01
   -0.2585834384E+02   -0.2841997846E-01
   -0.2571136874E+02   -0.2833387481E-01
   -0.2556439365E+02   -0.2823967630E-01
   -0.2541741855E+02   -0.2813740365E-01
   -0.2527044346E+02   -0.2802707998E-01
   -0.2512346836E+02   -0.2790873078E-01
   -0.2497649327E+02   -0.2778238389E-01
   -0.2482951817E+02   -0.2764806952E-01
   -0.2468254308E+02   -0.2750582023E-01
   -0.2453556798E+02   -0.2735567092E-01
   -0.2438859289E+02   -0.2719765884E-01
   -0.2424161779E+02   -0.2703182354E-01
   -0.2409464270E+02   -0.2685820692E-01
   -0.2394766760E+02   -0.2667685316E-01
   -0.2380069251E+02   -0.2648780874E-01
   -0.2365371741E+02   -0.2629112243E-01
   -0.2350674232E+02   -0.2608684525E-01
   -0.2335976722E+02   -0.2587503050E-01
   -0.2321279213E+02   -0.2565573371E-01
   -0.2306581703E+02   -0.2542901263E-01
   -0.2291884194E+02   -0.2519492723E-01
   -0.2277186684E+02   -0.2495353968E-01
   -0.2262489175E+02   -0.2470491430E-01
   -0.2247791665E+02   -0.2444911761E-01
   -0.2233094156E+02   -0.2418621825E-01
   -0.2218396646E+02   -0.2391628697E-01
   -0.2203699137E+02   -0.2363939665E-01
   -0.2189001627E+02   -0.2335562224E-01
   -0.2174304118E+02   -0.2306504075E-01
   -0.2159606608E+02   -0.2276773125E-01
   -0.2144909099E+02   -0.2246377479E-01
   -0.2130211590E+02   -0.2215325446E-01
   -0.2115514080E+02   -0.2183625530E-01
   -0.2100816571E+02   -0.2151286429E-01
   -0.2086119061E+02   -0.2118317035E-01
   -0.2071421552E+02   -0.2084726431E-01
   -0.2056724042E+02   -0.2050523883E-01
   -0.2042026533E+02   -0.2015718847E-01
   -0.2027329023E+02   -0.1980320958E-01
   -0.2012631514E+02   -0.1944340030E-01
   -0.1997934004E+02   -0.1907786055E-01
   -0.1983236495E+02   -0.1870669197E-01
   -0.1968538985E+02   -0.1832999792E-01
   -0.1953841476E+02   -0.1794788344E-01
   -0.1939143966E+02   -0.1756045519E-01
   -0.1924446457E+02   -0.1716782149E-01
   -0.1909748947E+02   -0.1677009221E-01
   -0.1895051438E+02   -0.1636737878E-01
   -0.1880353928E+02   -0.1595979417E-01
   -0.1865656419E+02   -0.1554745281E-01
   -0.1850958909E+02   -0.1513047061E-01
   -0.1836261400E+02   -0.1470896489E-01
   -0.1821563890E+02   -0.1428305437E-01
   -0.1806866381E+02   -0.1385285910E-01
   -0.1792168871E+02   -0.1341850048E-01
   -0.1777471362E+02   -0.1298010116E-01
   -0.1762773852E+02   -0.1253778507E-01
   -0.1748076343E+02   -0.1209167733E-01
   -0.1733378833E+02   -0.1164190424E-01
   -0.1718681324E+02   -0.1118859325E-01
   -0.1703983814E+02   -0.1073187288E-01
   -0.1689286305E+02   -0.1027187276E-01
   -0.1674588795E+02   -0.9808723510E-02
   -0.1659891286E+02   -0.9342556747E-02
   -0.1645193776E+02   -0.8873505038E-02
   -0.1630496267E+02   -0.8401701863E-02
   -0.1615798757E+02   -0.7927281569E-02
   -0.1601101248E+02   -0.7450379336E-02
   -0.1586403738E+02   -0.6971131135E-02
   -0.1571706229E+02   -0.6489673691E-02
   -0.1557008719E+02   -0.6006144437E-02
   -0.1542311210E+02   -0.5520681480E-02
   -0.1527613700E+02   -0.5033423557E-02
   -0.1512916191E+02   -0.4544509995E-02
   -0.1498218681E+02   -0.4054080669E-02
   -0.1483521172E+02   -0.3562275962E-02
   -0.1468823662E+02   -0.3069236721E-02
   -0.1454126153E+02   -0.2575104221E-02
   -0.1439428643E+02   -0.2080020116E-02
   -0.1424731134E+02   -0.1584126404E-02
   -0.1410033624E+02   -0.1087565379E-02
   -0.1395336115E+02   -0.5904795943E-03
   -0.1380638605E+02   -0.9301181639E-04
   -0.1365941096E+02    0.4046950157E-03
   -0.1351243587E+02    0.9024978328E-03
   -0.1336546077E+02    0.1400253478E-02
   -0.1321848568E+02    0.1897818750E-02
   -0.1307151058E+02    0.2395050443E-02
   -0.1292453549E+02    0.2891805393E-02
   -0.1277756039E+02    0.3387940518E-02
   -0.1263058530E+02    0.3883312858E-02
   -0.1248361020E+02    0.4377779624E-02
   -0.1233663511E+02    0.4871198233E-02
   -0.1218966001E+02    0.5363426358E-02
   -0.1204268492E+02    0.5854321963E-02
   -0.1189570982E+02    0.6343743349E-02
   -0.1174873473E+02    0.6831549197E-02
   -0.1160175963E+02    0.7317598608E-02
   -0.1145478454E+02    0.7801751145E-02
   -0.1130780944E+02    0.8283866877E-02
   -0.1116083435E+02    0.8763806418E-02
   -0.1101385925E+02    0.9241430970E-02
   -0.1086688416E+02    0.9716602365E-02
   -0.1071990906E+02    0.1018918310E-01
   -0.1057293397E+02    0.1065903640E-01
   -0.1042595887E+02    0.1112602621E-01
   -0.1027898378E+02    0.1159001731E-01
   -0.1013200868E+02    0.1205087528E-01
   -0.9985033587E+01    0.1250846657E-01
   -0.9838058493E+01    0.1296265858E-01
   -0.9691083398E+01    0.1341331963E-01
   -0.9544108303E+01    0.1386031904E-01
   -0.9397133208E+01    0.1430352717E-01
   -0.9250158113E+01    0.1474281543E-01
   -0.9103183018E+01    0.1517805636E-01
   -0.8956207923E+01    0.1560912364E-01
   -0.8809232828E+01    0.1603589212E-01
   -0.8662257733E+01    0.1645823789E-01
   -0.8515282638E+01    0.1687603829E-01
   -0.8368307543E+01    0.1728917196E-01
   -0.8221332449E+01    0.1769751886E-01
   -0.8074357354E+01    0.1810096034E-01
   -0.7927382259E+01    0.1849937914E-01
   -0.7780407164E+01    0.1889265942E-01
   -0.7633432069E+01    0.1928068685E-01
   -0.7486456974E+01    0.1966334858E-01
   -0.7339481879E+01    0.2004053332E-01
   -0.7192506784E+01    0.2041213132E-01
   -0.7045531689E+01    0.2077803449E-01
   -0.6898556594E+01    0.2113813634E-01
   -0.6751581500E+01    0.2149233205E-01
   -0.6604606405E+01    0.2184051854E-01
   -0.6457631310E+01    0.2218259443E-01
   -0.6310656215E+01    0.2251846011E-01
   -0.6163681120E+01    0.2284801777E-01
   -0.6016706025E+01    0.2317117143E-01
   -0.5869730930E+01    0.2348782696E-01
   -0.5722755835E+01    0.2379789210E-01
   -0.5575780740E+01    0.2410127650E-01
   -0.5428805645E+01    0.2439789176E-01
   -0.5281830550E+01    0.2468765143E-01
   -0.5134855456E+01    0.2497047106E-01
   -0.4987880361E+01    0.2524626819E-01
   -0.4840905266E+01    0.2551496242E-01
   -0.4693930171E+01    0.2577647541E-01
   -0.4546955076E+01    0.2603073090E-01
   -0.4399979981E+01    0.2627765474E-01
   -0.4253004886E+01    0.2651717491E-01
   -0.4106029791E+01    0.2674922155E-01
   -0.3959054696E+01    0.2697372696E-01
   -0.3812079601E+01    0.2719062566E-01
   -0.3665104507E+01    0.2739985435E-01
   -0.3518129412E+01    0.2760135200E-01
   -0.3371154317E+01    0.2779505979E-01
   -0.3224179222E+01    0.2798092120E-01
   -0.3077204127E+01    0.2815888199E-01
   -0.2930229032E+01    0.2832889021E-01
   -0.2783253937E+01    0.2849089625E-01
   -0.2636278842E+01    0.2864485281E-01
   -0.2489303747E+01    0.2879071495E-01
   -0.2342328652E+01    0.2892844009E-01
   -0.2195353557E+01    0.2905798801E-01
   -0.2048378463E+01    0.2917932090E-01
   -0.1901403368E+01    0.2929240333E-01
   -0.1754428273E+01    0.2939720228E-01
   -0.1607453178E+01    0.2949368714E-01
   -0.1460478083E+01    0.2958182975E-01
   -0.1313502988E+01    0.2966160436E-01
   -0.1166527893E+01    0.2973298768E-01
   -0.1019552798E+01    0.2979595885E-01
   -0.8725777033E+00    0.2985049950E-01
   -0.7256026084E+00    0.2989659369E-01
   -0.5786275135E+00    0.2993422795E-01
   -0.4316524186E+00    0.2996339131E-01
   -0.2846773237E+00    0.2998407523E-01
   -0.1377022288E+00    0.2999627368E-01
    0.9272866102E-02    0.2999998310E-01
    0.1562479610E+00    0.2999520240E-01
    0.3032230559E+00    0.2998193298E-01
    0.4501981508E+00    0.2996017872E-01
    0.5971732457E+00    0.2992994596E-01
    0.7441483406E+00    0.2989124354E-01
    0.8911234355E+00    0.2984408276E-01
    0.1038098530E+01    0.2978847739E-01
    0.1185073625E+01    0.2972444369E-01
    0.1332048720E+01    0.2965200033E-01
    0.1479023815E+01    0.2957116849E-01
    0.1625998910E+01    0.2948197176E-01
    0.1772974005E+01    0.2938443620E-01
    0.1919949100E+01    0.2927859028E-01
    0.2066924195E+01    0.2916446492E-01
    0.2213899290E+01    0.2904209343E-01
    0.2360874385E+01    0.2891151155E-01
    0.2507849479E+01    0.2877275739E-01
    0.2654824574E+01    0.2862587148E-01
    0.2801799669E+01    0.2847089669E-01
    0.2948774764E+01    0.2830787826E-01
    0.3095749859E+01    0.2813686377E-01
    0.3242724954E+01    0.2795790315E-01
    0.3389700049E+01    0.2777104862E-01
    0.3536675144E+01    0.2757635472E-01
    0.3683650239E+01    0.2737387826E-01
    0.3830625334E+01    0.2716367833E-01
    0.3977600429E+01    0.2694581626E-01
    0.4124575523E+01    0.2672035562E-01
    0.4271550618E+01    0.2648736217E-01
    0.4418525713E+01    0.2624690389E-01
    0.4565500808E+01    0.2599905091E-01
    0.4712475903E+01    0.2574387551E-01
    0.4859450998E+01    0.2548145213E-01
    0.5006426093E+01    0.2521185727E-01
    0.5153401188E+01    0.2493516954E-01
    0.5300376283E+01    0.2465146962E-01
    0.5447351378E+01    0.2436084019E-01
    0.5594326472E+01    0.2406336598E-01
    0.5741301567E+01    0.2375913366E-01
    0.5888276662E+01    0.2344823191E-01
    0.6035251757E+01    0.2313075131E-01
    0.6182226852E+01    0.2280678434E-01
    0.6329201947E+01    0.2247642538E-01
    0.6476177042E+01    0.2213977065E-01
    0.6623152137E+01    0.2179691818E-01
    0.6770127232E+01    0.2144796781E-01
    0.6917102327E+01    0.2109302112E-01
    0.7064077422E+01    0.2073218144E-01
    0.7211052516E+01    0.2036555378E-01
    0.7358027611E+01    0.1999324483E-01
    0.7505002706E+01    0.1961536291E-01
    0.7651977801E+01    0.1923201795E-01
    0.7798952896E+01    0.1884332145E-01
    0.7945927991E+01    0.1844938644E-01
    0.8092903086E+01    0.1805032745E-01
    0.8239878181E+01    0.1764626049E-01
    0.8386853276E+01    0.1723730301E-01
    0.8533828371E+01    0.1682357383E-01
    0.8680803465E+01    0.1640519317E-01
    0.8827778560E+01    0.1598228254E-01
    0.8974753655E+01    0.1555496477E-01
    0.9121728750E+01    0.1512336392E-01
    0.9268703845E+01    0.1468760530E-01
    0.9415678940E+01    0.1424781537E-01
    0.9562654035E+01    0.1380412174E-01
    0.9709629130E+01    0.1335665312E-01
    0.9856604225E+01    0.1290553930E-01
    0.1000357932E+02    0.1245091108E-01
    0.1015055441E+02    0.1199290025E-01
    0.1029752951E+02    0.1153163956E-01
    0.1044450460E+02    0.1106726265E-01
    0.1059147970E+02    0.1059990404E-01
    0.1073845479E+02    0.1012969907E-01
    0.1088542989E+02    0.9656783883E-02
    0.1103240498E+02    0.9181295347E-02
    0.1117938008E+02    0.8703371052E-02
    0.1132635517E+02    0.8223149249E-02
    0.1147333027E+02    0.7740768811E-02
    0.1162030536E+02    0.7256369195E-02
    0.1176728046E+02    0.6770090400E-02
    0.1191425555E+02    0.6282072922E-02
    0.1206123065E+02    0.5792457715E-02
    0.1220820574E+02    0.5301386150E-02
    0.1235518084E+02    0.4808999970E-02
    0.1250215593E+02    0.4315441248E-02
    0.1264913103E+02    0.3820852350E-02
    0.1279610612E+02    0.3325375883E-02
    0.1294308122E+02    0.2829154663E-02
    0.1309005631E+02    0.2332331666E-02
    0.1323703141E+02    0.1835049987E-02
    0.1338400650E+02    0.1337452798E-02
    0.1353098160E+02    0.8396833059E-03
    0.1367795669E+02    0.3418847096E-03
    0.1382493179E+02   -0.1557998431E-03
    0.1397190688E+02   -0.6532272972E-03
    0.1411888198E+02   -0.1150254733E-02
    0.1426585707E+02   -0.1646739408E-02
    0.1441283217E+02   -0.2142538801E-02
    0.1455980726E+02   -0.2637510651E-02
    0.1470678236E+02   -0.3131513003E-02
    0.1485375745E+02   -0.3624404247E-02
    0.1500073255E+02   -0.4116043161E-02
    0.1514770764E+02   -0.4606288953E-02
    0.1529468274E+02   -0.5095001302E-02
    0.1544165783E+02   -0.5582040400E-02
    0.1558863293E+02   -0.6067266993E-02
    0.1573560802E+02   -0.6550542420E-02
    0.1588258312E+02   -0.7031728659E-02
    0.1602955821E+02   -0.7510688361E-02
    0.1617653331E+02   -0.7987284896E-02
    0.1632350840E+02   -0.8461382391E-02
    0.1647048350E+02   -0.8932845767E-02
    0.1661745859E+02   -0.9401540785E-02
    0.1676443369E+02   -0.9867334080E-02
    0.1691140878E+02   -0.1033009320E-01
    0.1705838388E+02   -0.1078968666E-01
    0.1720535897E+02   -0.1124598394E-01
    0.1735233406E+02   -0.1169885557E-01
    0.1749930916E+02   -0.1214817316E-01
    0.1764628425E+02   -0.1259380940E-01
    0.1779325935E+02   -0.1303563814E-01
    0.1794023444E+02   -0.1347353439E-01
    0.1808720954E+02   -0.1390737441E-01
    0.1823418463E+02   -0.1433703568E-01
    0.1838115973E+02   -0.1476239698E-01
    0.1852813482E+02   -0.1518333842E-01
    0.1867510992E+02   -0.1559974147E-01
    0.1882208501E+02   -0.1601148897E-01
    0.1896906011E+02   -0.1641846520E-01
    0.1911603520E+02   -0.1682055591E-01
    0.1926301030E+02   -0.1721764833E-01
    0.1940998539E+02   -0.1760963122E-01
    0.1955696049E+02   -0.1799639489E-01
    0.1970393558E+02   -0.1837783126E-01
    0.1985091068E+02   -0.1875383384E-01
    0.1999788577E+02   -0.1912429782E-01
    0.2014486087E+02   -0.1948912006E-01
    0.2029183596E+02   -0.1984819912E-01
    0.2043881106E+02   -0.2020143530E-01
    0.2058578615E+02   -0.2054873070E-01
    0.2073276125E+02   -0.2088998918E-01
    0.2087973634E+02   -0.2122511644E-01
    0.2102671144E+02   -0.2155402002E-01
    0.2117368653E+02   -0.2187660935E-01
    0.2132066163E+02   -0.2219279575E-01
    0.2146763672E+02   -0.2250249248E-01
    0.2161461182E+02   -0.2280561474E-01
    0.2176158691E+02   -0.2310207972E-01
    0.2190856201E+02   -0.2339180658E-01
    0.2205553710E+02   -0.2367471654E-01
    0.2220251220E+02   -0.2395073284E-01
    0.2234948729E+02   -0.2421978079E-01
    0.2249646239E+02   -0.2448178777E-01
    0.2264343748E+02   -0.2473668331E-01
    0.2279041258E+02   -0.2498439902E-01
    0.2293738767E+02   -0.2522486867E-01
    0.2308436277E+02   -0.2545802820E-01
    0.2323133786E+02   -0.2568381572E-01
    0.2337831296E+02   -0.2590217155E-01
    0.2352528805E+02   -0.2611303820E-01
    0.2367226315E+02   -0.2631636043E-01
    0.2381923824E+02   -0.2651208523E-01
    0.2396621334E+02   -0.2670016186E-01
    0.2411318843E+02   -0.2688054185E-01
    0.2426016353E+02   -0.2705317899E-01
    0.2440713862E+02   -0.2721802938E-01
    0.2455411372E+02   -0.2737505145E-01
    0.2470108881E+02   -0.2752420592E-01
    0.2484806391E+02   -0.2766545584E-01
    0.2499503900E+02   -0.2779876659E-01
    0.2514201409E+02   -0.2792410593E-01
    0.2528898919E+02   -0.2804144394E-01
    0.2543596428E+02   -0.2815075306E-01
    0.2558293938E+02   -0.2825200811E-01
    0.2572991447E+02   -0.2834518629E-01
    0.2587688957E+02   -0.2843026716E-01
    0.2602386466E+02   -0.2850723265E-01
    0.2617083976E+02   -0.2857606711E-01
    0.2631781485E+02   -0.2863675726E-01
    0.2646478995E+02   -0.2868929219E-01
    0.2661176504E+02   -0.2873366342E-01
    0.2675874014E+02   -0.2876986483E-01
    0.2690571523E+02   -0.2879789270E-01
    0.2705269033E+02   -0.2881774571E-01
    0.2719966542E+02   -0.2882942491E-01
    0.2734664052E+02   -0.2883293377E-01
    0.2749361561E+02   -0.2882827810E-01
    0.2764059071E+02   -0.2881546613E-01
    0.2778756580E+02   -0.2879450843E-01
    0.2793454090E+02   -0.2876541798E-01
    0.2808151599E+02   -0.2872821009E-01
    0.2822849109E+02   -0.2868290244E-01
    0.2837546618E+02   -0.2862951507E-01
    0.2852244128E+02   -0.2856807036E-01
    0.2866941637E+02   -0.2849859301E-01
    0.2881639147E+02   -0.2842111006E-01
    0.2896336656E+02   -0.2833565086E-01
    0.2911034166E+02   -0.2824224707E-01
    0.2925731675E+02   -0.2814093263E-01
    0.2940429185E+02   -0.2803174377E-01
    0.2955126694E+02   -0.2791471899E-01
    0.2969824204E+02   -0.2778989904E-01
    0.2984521713E+02   -0.2765732690E-01
    0.2999219223E+02   -0.2751704781E-01
    0.3013916732E+02   -0.2736910919E-01
    0.3028614242E+02   -0.2721356065E-01
    0.3043311751E+02   -0.2705045400E-01
    0.3058009261E+02   -0.2687984320E-01
    0.3072706770E+02   -0.2670178435E-01
    0.3087404280E+02   -0.2651633568E-01
    0.3102101789E+02   -0.2632355751E-01
    0.3116799299E+02   -0.2612351227E-01
    0.3131496808E+02   -0.2591626442E-01
    0.3146194318E+02   -0.2570188050E-01
    0.3160891827E+02   -0.2548042905E-01
    0.3175589337E+02   -0.2525198061E-01
    0.3190286846E+02   -0.2501660769E-01
    0.3204984356E+02   -0.2477438477E-01
    0.3219681865E+02   -0.2452538825E-01
    0.3234379375E+02   -0.2426969643E-01
    0.3249076884E+02   -0.2400738950E-01
    0.3263774393E+02   -0.2373854950E-01
    0.3278471903E+02   -0.2346326028E-01
    0.3293169412E+02   -0.2318160753E-01
    0.3307866922E+02   -0.2289367867E-01
    0.3322564431E+02   -0.2259956289E-01
    0.3337261941E+02   -0.2229935110E-01
    0.3351959450E+02   -0.2199313588E-01
    0.3366656960E+02   -0.2168101150E-01
    0.3381354469E+02   -0.2136307382E-01
    0.3396051979E+02   -0.2103942035E-01
    0.3410749488E+02   -0.2071015012E-01
    0.3425446998E+02   -0.2037536372E-01
    0.3440144507E+02   -0.2003516327E-01
    0.3454842017E+02   -0.1968965233E-01
    0.3469539526E+02   -0.1933893591E-01
    0.3484237036E+02   -0.1898312044E-01
    0.3498934545E+02   -0.1862231374E-01
    0.3513632055E+02   -0.1825662494E-01
    0.3528329564E+02   -0.1788616450E-01
    0.3543027074E+02   -0.1751104417E-01
    0.3557724583E+02   -0.1713137690E-01
    0.3572422093E+02   -0.1674727690E-01
    0.3587119602E+02   -0.1635885951E-01
    0.3601817112E+02   -0.1596624122E-01
    0.3616514621E+02   -0.1556953962E-01
    0.3631212131E+02   -0.1516887337E-01
    0.3645909640E+02   -0.1476436215E-01
    0.3660607150E+02   -0.1435612663E-01
    0.3675304659E+02   -0.1394428843E-01
    0.3690002169E+02   -0.1352897012E-01
    0.3704699678E+02   -0.1311029510E-01
    0.3719397188E+02   -0.1268838764E-01
    0.3734094697E+02   -0.1226337282E-01
    0.3748792207E+02   -0.1183537647E-01
    0.3763489716E+02   -0.1140452516E-01
    0.3778187226E+02   -0.1097094614E-01
    0.3792884735E+02   -0.1053476733E-01
    0.3807582245E+02   -0.1009611722E-01
    0.3822279754E+02   -0.9655124932E-02
    0.3836977264E+02   -0.9211920076E-02
    0.3851674773E+02   -0.8766632779E-02
    0.3866372283E+02   -0.8319393621E-02
    0.3881069792E+02   -0.7870333598E-02
    0.3895767302E+02   -0.7419584083E-02
    0.3910464811E+02   -0.6967276790E-02
    0.3925162321E+02   -0.6513543730E-02
    0.3939859830E+02   -0.6058517174E-02
    0.3954557340E+02   -0.5602329612E-02
    0.3969254849E+02   -0.5145113715E-02
    0.3983952359E+02   -0.4687002297E-02
    0.3998649868E+02   -0.4228128268E-02
    0.4013347378E+02   -0.3768624605E-02
    0.4028044887E+02   -0.3308624302E-02
    0.4042742396E+02   -0.2848260340E-02
    0.4057439906E+02   -0.2387665641E-02
    0.4072137415E+02   -0.1926973030E-02
    0.4086834925E+02   -0.1466315198E-02
    0.4101532434E+02   -0.1005824661E-02
    0.4116229944E+02   -0.5456337194E-03
    0.4130927453E+02   -0.8587442360E-04
    0.4145624963E+02    0.3733214698E-03
    0.4160322472E+02    0.8318225340E-03
    0.4175019982E+02    0.1289497711E-02
    0.4189717491E+02    0.1746216351E-02
    0.4204415001E+02    0.2201848250E-02
    0.4219112510E+02    0.2656263686E-02
    0.4233810020E+02    0.3109333461E-02
    0.4248507529E+02    0.3560928934E-02
    0.4263205039E+02    0.4010922064E-02
    0.4277902548E+02    0.4459185440E-02
    0.4292600058E+02    0.4905592326E-02
    0.4307297567E+02    0.5350016692E-02
    0.4321995077E+02    0.5792333251E-02
    0.4336692586E+02    0.6232417498E-02
    0.4351390096E+02    0.6670145745E-02
    0.4366087605E+02    0.7105395154E-02
    0.4380785115E+02    0.7538043776E-02
    0.4395482624E+02    0.7967970584E-02
    0.4410180134E+02    0.8395055508E-02
    0.4424877643E+02    0.8819179470E-02
    0.4439575153E+02    0.9240224416E-02
    0.4454272662E+02    0.9658073353E-02
    0.4468970172E+02    0.1007261038E-01
    0.4483667681E+02    0.1048372072E-01
    0.4498365191E+02    0.1089129075E-01
    0.4513062700E+02    0.1129520805E-01
    0.4527760210E+02    0.1169536141E-01
    0.4542457719E+02    0.1209164088E-01
    0.4557155229E+02    0.1248393779E-01
    0.4571852738E+02    0.1287214478E-01
    0.4586550248E+02    0.1325615585E-01
    0.4601247757E+02    0.1363586635E-01
    0.4615945267E+02    0.1401117306E-01
    0.4630642776E+02    0.1438197418E-01
    0.4645340286E+02    0.1474816936E-01
    0.4660037795E+02    0.1510965976E-01
    0.4674735305E+02    0.1546634803E-01
    0.4689432814E+02    0.1581813839E-01
    0.4704130324E+02    0.1616493661E-01
    0.4718827833E+02    0.1650665006E-01
    0.4733525343E+02    0.1684318771E-01
    0.4748222852E+02    0.1717446021E-01
    0.4762920362E+02    0.1750037986E-01
    0.4777617871E+02    0.1782086064E-01
    0.4792315381E+02    0.1813581826E-01
    0.4807012890E+02    0.1844517017E-01
    0.4821710399E+02    0.1874883556E-01
    0.4836407909E+02    0.1904673543E-01
    0.4851105418E+02    0.1933879255E-01
    0.4865802928E+02    0.1962493154E-01
    0.4880500437E+02    0.1990507884E-01
    0.4895197947E+02    0.2017916277E-01
    0.4909895456E+02    0.2044711351E-01
    0.4924592966E+02    0.2070886316E-01
    0.4939290475E+02    0.2096434571E-01
    0.4953987985E+02    0.2121349710E-01
    0.4968685494E+02    0.2145625520E-01
    0.4983383004E+02    0.2169255987E-01
    0.4998080513E+02    0.2192235292E-01
    0.5012778023E+02    0.2214557817E-01
    0.5027475532E+02    0.2236218144E-01
    0.5042173042E+02    0.2257211057E-01
    0.5056870551E+02    0.2277531543E-01
    0.5071568061E+02    0.2297174794E-01
    0.5086265570E+02    0.2316136205E-01
    0.5100963080E+02    0.2334411381E-01
    0.5115660589E+02    0.2351996133E-01
    0.5130358099E+02    0.2368886479E-01
    0.5145055608E+02    0.2385078649E-01
    0.5159753118E+02    0.2400569080E-01
    0.5174450627E+02    0.2415354422E-01
    0.5189148137E+02    0.2429431537E-01
    0.5203845646E+02    0.2442797496E-01
    0.5218543156E+02    0.2455449586E-01
    0.5233240665E+02    0.2467385305E-01
    0.5247938175E+02    0.2478602364E-01
    0.5262635684E+02    0.2489098691E-01
    0.5277333194E+02    0.2498872424E-01
    0.5292030703E+02    0.2507921918E-01
    0.5306728213E+02    0.2516245742E-01
    0.5321425722E+02    0.2523842679E-01
    0.5336123232E+02    0.2530711727E-01
    0.5350820741E+02    0.2536852098E-01
    0.5365518251E+02    0.2542263219E-01
    0.5380215760E+02    0.2546944731E-01
    0.5394913270E+02    0.2550896488E-01
    0.5409610779E+02    0.2554118560E-01
    0.5424308289E+02    0.2556611228E-01
    0.5439005798E+02    0.2558374987E-01
    0.5453703308E+02    0.2559410544E-01
    0.5468400817E+02    0.2559718818E-01
    0.5483098327E+02    0.2559300940E-01
    0.5497795836E+02    0.2558158249E-01
    0.5512493346E+02    0.2556292298E-01
    0.5527190855E+02    0.2553704844E-01
    0.5541888365E+02    0.2550397855E-01
    0.5556585874E+02    0.2546373507E-01
    0.5571283384E+02    0.2541634179E-01
    0.5585980893E+02    0.2536182459E-01
    0.5600678402E+02    0.2530021135E-01
    0.5615375912E+02    0.2523153202E-01
    0.5630073421E+02    0.2515581852E-01
    0.5644770931E+02    0.2507310481E-01
    0.5659468440E+02    0.2498342682E-01
    0.5674165950E+02    0.2488682247E-01
    0.5688863459E+02    0.2478333162E-01
    0.5703560969E+02    0.2467299611E-01
    0.5718258478E+02    0.2455585966E-01
    0.5732955988E+02    0.2443196796E-01
    0.5747653497E+02    0.2430136855E-01
    0.5762351007E+02    0.2416411088E-01
    0.5777048516E+02    0.2402024624E-01
    0.5791746026E+02    0.2386982778E-01
    0.5806443535E+02    0.2371291046E-01
    0.5821141045E+02    0.2354955105E-01
    0.5835838554E+02    0.2337980811E-01
    0.5850536064E+02    0.2320374195E-01
    0.5865233573E+02    0.2302141465E-01
    0.5879931083E+02    0.2283288997E-01
    0.5894628592E+02    0.2263823341E-01
    0.5909326102E+02    0.2243751212E-01
    0.5924023611E+02    0.2223079492E-01
    0.5938721121E+02    0.2201815225E-01
    0.5953418630E+02    0.2179965615E-01
    0.5968116140E+02    0.2157538027E-01
    0.5982813649E+02    0.2134539979E-01
    0.5997511159E+02    0.2110979144E-01
    0.6012208668E+02    0.2086863343E-01
    0.6026906178E+02    0.2062200550E-01
    0.6041603687E+02    0.2036998879E-01
    0.6056301197E+02    0.2011266591E-01
    0.6070998706E+02    0.1985012085E-01
    0.6085696216E+02    0.1958243897E-01
    0.6100393725E+02    0.1930970699E-01
    0.6115091235E+02    0.1903201294E-01
    0.6129788744E+02    0.1874944614E-01
    0.6144486254E+02    0.1846209715E-01
    0.6159183763E+02    0.1817005780E-01
    0.6173881273E+02    0.1787342109E-01
    0.6188578782E+02    0.1757228120E-01
    0.6203276292E+02    0.1726673346E-01
    0.6217973801E+02    0.1695687428E-01
    0.6232671311E+02    0.1664280119E-01
    0.6247368820E+02    0.1632461274E-01
    0.6262066330E+02    0.1600240851E-01
    0.6276763839E+02    0.1567628907E-01
    0.6291461349E+02    0.1534635592E-01
    0.6306158858E+02    0.1501271151E-01
    0.6320856368E+02    0.1467545917E-01
    0.6335553877E+02    0.1433470308E-01
    0.6350251386E+02    0.1399054826E-01
    0.6364948896E+02    0.1364310050E-01
    0.6379646405E+02    0.1329246637E-01
    0.6394343915E+02    0.1293875316E-01
    0.6409041424E+02    0.1258206886E-01
    0.6423738934E+02    0.1222252209E-01
    0.6438436443E+02    0.1186022214E-01
    0.6453133953E+02    0.1149527885E-01
    0.6467831462E+02    0.1112780265E-01
    0.6482528972E+02    0.1075790447E-01
    0.6497226481E+02    0.1038569575E-01
    0.6511923991E+02    0.1001128838E-01
    0.6526621500E+02    0.9634794675E-02
    0.6541319010E+02    0.9256327322E-02
    0.6556016519E+02    0.8875999380E-02
    0.6570714029E+02    0.8493924220E-02
    0.6585411538E+02    0.8110215501E-02
    0.6600109048E+02    0.7724987130E-02
    0.6614806557E+02    0.7338353231E-02
    0.6629504067E+02    0.6950428112E-02
    0.6644201576E+02    0.6561326227E-02
    0.6658899086E+02    0.6171162144E-02
    0.6673596595E+02    0.5780050511E-02
    0.6688294105E+02    0.5388106019E-02
    0.6702991614E+02    0.4995443371E-02
    0.6717689124E+02    0.4602177247E-02
    0.6732386633E+02    0.4208422269E-02
    0.6747084143E+02    0.3814292968E-02
    0.6761781652E+02    0.3419903749E-02
    0.6776479162E+02    0.3025368860E-02
    0.6791176671E+02    0.2630802354E-02
    0.6805874181E+02    0.2236318060E-02
    0.6820571690E+02    0.1842029545E-02
    0.6835269200E+02    0.1448050087E-02
    0.6849966709E+02    0.1054492635E-02
    0.6864664219E+02    0.6614697806E-03
    0.6879361728E+02    0.2690937241E-03
    0.6894059238E+02   -0.1225237581E-03
    0.6908756747E+02   -0.5132713463E-03
    0.6923454257E+02   -0.9030382088E-03
    0.6938151766E+02   -0.1291714034E-02
    0.6952849276E+02   -0.1679189064E-02
    0.6967546785E+02   -0.2065354122E-02
    0.6982244295E+02   -0.2450100647E-02
    0.6996941804E+02   -0.2833320724E-02
    0.7011639314E+02   -0.3214907115E-02
    0.7026336823E+02   -0.3594753287E-02
    0.7041034333E+02   -0.3972753446E-02
    0.7055731842E+02   -0.4348802564E-02
    0.7070429352E+02   -0.4722796410E-02
    0.7085126861E+02   -0.5094631579E-02
    0.7099824371E+02   -0.5464205520E-02
    0.7114521880E+02   -0.5831416566E-02
    0.7129219389E+02   -0.6196163961E-02
    0.7143916899E+02   -0.6558347891E-02
    0.7158614408E+02   -0.6917869508E-02
    0.7173311918E+02   -0.7274630959E-02
    0.7188009427E+02   -0.7628535412E-02
    0.7202706937E+02   -0.7979487084E-02
    0.7217404446E+02   -0.8327391267E-02
    0.7232101956E+02   -0.8672154353E-02
    0.7246799465E+02   -0.9013683860E-02
    0.7261496975E+02   -0.9351888455E-02
    0.7276194484E+02   -0.9686677984E-02
    0.7290891994E+02   -0.1001796349E-01
    0.7305589503E+02   -0.1034565724E-01
    0.7320287013E+02   -0.1066967275E-01
    0.7334984522E+02   -0.1098992480E-01
    0.7349682032E+02   -0.1130632946E-01
    0.7364379541E+02   -0.1161880414E-01
    0.7379077051E+02   -0.1192726756E-01
    0.7393774560E+02   -0.1223163979E-01
    0.7408472070E+02   -0.1253184231E-01
    0.7423169579E+02   -0.1282779798E-01
    0.7437867089E+02   -0.1311943107E-01
    0.7452564598E+02   -0.1340666730E-01
    0.7467262108E+02   -0.1368943384E-01
    0.7481959617E+02   -0.1396765935E-01
    0.7496657127E+02   -0.1424127396E-01
    0.7511354636E+02   -0.1451020932E-01
    0.7526052146E+02   -0.1477439861E-01
    0.7540749655E+02   -0.1503377656E-01
    0.7555447165E+02   -0.1528827944E-01
    0.7570144674E+02   -0.1553784511E-01
    0.7584842184E+02   -0.1578241301E-01
    0.7599539693E+02   -0.1602192420E-01
    0.7614237203E+02   -0.1625632133E-01
    0.7628934712E+02   -0.1648554872E-01
    0.7643632222E+02   -0.1670955229E-01
    0.7658329731E+02   -0.1692827965E-01
    0.7673027241E+02   -0.1714168006E-01
    0.7687724750E+02   -0.1734970448E-01
    0.7702422260E+02   -0.1755230553E-01
    0.7717119769E+02   -0.1774943755E-01
    0.7731817279E+02   -0.1794105659E-01
    0.7746514788E+02   -0.1812712042E-01
    0.7761212298E+02   -0.1830758852E-01
    0.7775909807E+02   -0.1848242212E-01
    0.7790607317E+02   -0.1865158420E-01
    0.7805304826E+02   -0.1881503947E-01
    0.7820002336E+02   -0.1897275441E-01
    0.7834699845E+02   -0.1912469727E-01
    0.7849397355E+02   -0.1927083804E-01
    0.7864094864E+02   -0.1941114850E-01
    0.7878792374E+02   -0.1954560222E-01
    0.7893489883E+02   -0.1967417452E-01
    0.7908187392E+02   -0.1979684252E-01
    0.7922884902E+02   -0.1991358513E-01
    0.7937582411E+02   -0.2002438304E-01
    0.7952279921E+02   -0.2012921872E-01
    0.7966977430E+02   -0.2022807646E-01
    0.7981674940E+02   -0.2032094230E-01
    0.7996372449E+02   -0.2040780410E-01
    0.8011069959E+02   -0.2048865151E-01
    0.8025767468E+02   -0.2056347594E-01
    0.8040464978E+02   -0.2063227062E-01
    0.8055162487E+02   -0.2069503055E-01
    0.8069859997E+02   -0.2075175250E-01
    0.8084557506E+02   -0.2080243503E-01
    0.8099255016E+02   -0.2084707849E-01
    0.8113952525E+02   -0.2088568496E-01
    0.8128650035E+02   -0.2091825833E-01
    0.8143347544E+02   -0.2094480422E-01
    0.8158045054E+02   -0.2096533000E-01
    0.8172742563E+02   -0.2097984480E-01
    0.8187440073E+02   -0.2098835950E-01
    0.8202137582E+02   -0.2099088669E-01
    0.8216835092E+02   -0.2098744069E-01
    0.8231532601E+02   -0.2097803755E-01
    0.8246230111E+02   -0.2096269500E-01
    0.8260927620E+02   -0.2094143249E-01
    0.8275625130E+02   -0.2091427116E-01
    0.8290322639E+02   -0.2088123380E-01
    0.8305020149E+02   -0.2084234490E-01
    0.8319717658E+02   -0.2079763057E-01
    0.8334415168E+02   -0.2074711858E-01
    0.8349112677E+02   -0.2069083834E-01
    0.8363810187E+02   -0.2062882085E-01
    0.8378507696E+02   -0.2056109874E-01
    0.8393205206E+02   -0.2048770622E-01
    0.8407902715E+02   -0.2040867907E-01
    0.8422600225E+02   -0.2032405463E-01
    0.8437297734E+02   -0.2023387181E-01
    0.8451995244E+02   -0.2013817101E-01
    0.8466692753E+02   -0.2003699418E-01
    0.8481390263E+02   -0.1993038475E-01
    0.8496087772E+02   -0.1981838764E-01
    0.8510785282E+02   -0.1970104924E-01
    0.8525482791E+02   -0.1957841735E-01
    0.8540180301E+02   -0.1945054125E-01
    0.8554877810E+02   -0.1931747160E-01
    0.8569575320E+02   -0.1917926046E-01
    0.8584272829E+02   -0.1903596126E-01
    0.8598970339E+02   -0.1888762878E-01
    0.8613667848E+02   -0.1873431914E-01
    0.8628365358E+02   -0.1857608977E-01
    0.8643062867E+02   -0.1841299939E-01
    0.8657760377E+02   -0.1824510800E-01
    0.8672457886E+02   -0.1807247684E-01
    0.8687155395E+02   -0.1789516840E-01
    0.8701852905E+02   -0.1771324634E-01
    0.8716550414E+02   -0.1752677554E-01
    0.8731247924E+02   -0.1733582203E-01
    0.8745945433E+02   -0.1714045297E-01
    0.8760642943E+02   -0.1694073665E-01
    0.8775340452E+02   -0.1673674246E-01
    0.8790037962E+02   -0.1652854084E-01
    0.8804735471E+02   -0.1631620328E-01
    0.8819432981E+02   -0.1609980232E-01
    0.8834130490E+02   -0.1587941146E-01
    0.8848828000E+02   -0.1565510520E-01
    0.8863525509E+02   -0.1542695897E-01
    0.8878223019E+02   -0.1519504913E-01
    0.8892920528E+02   -0.1495945295E-01
    0.8907618038E+02   -0.1472024856E-01
    0.8922315547E+02   -0.1447751495E-01
    0.8937013057E+02   -0.1423133190E-01
    0.8951710566E+02   -0.1398178003E-01
    0.8966408076E+02   -0.1372894069E-01
    0.8981105585E+02   -0.1347289600E-01
    0.8995803095E+02   -0.1321372879E-01
    0.9010500604E+02   -0.1295152256E-01
    0.9025198114E+02   -0.1268636151E-01
    0.9039895623E+02   -0.1241833045E-01
    0.9054593133E+02   -0.1214751480E-01
    0.9069290642E+02   -0.1187400057E-01
    0.9083988152E+02   -0.1159787433E-01
    0.9098685661E+02   -0.1131922316E-01
    0.9113383171E+02   -0.1103813466E-01
    0.9128080680E+02   -0.1075469689E-01
    0.9142778190E+02   -0.1046899836E-01
    0.9157475699E+02   -0.1018112799E-01
    0.9172173209E+02   -0.9891175101E-02
    0.9186870718E+02   -0.9599229375E-02
    0.9201568228E+02   -0.9305380824E-02
    0.9216265737E+02   -0.9009719768E-02
    0.9230963247E+02   -0.8712336806E-02
    0.9245660756E+02   -0.8413322789E-02
    0.9260358266E+02   -0.8112768792E-02
    0.9275055775E+02   -0.7810766086E-02
    0.9289753285E+02   -0.7507406107E-02
    0.9304450794E+02   -0.7202780436E-02
    0.9319148304E+02   -0.6896980763E-02
    0.9333845813E+02   -0.6590098865E-02
    0.9348543323E+02   -0.6282226575E-02
    0.9363240832E+02   -0.5973455757E-02
    0.9377938342E+02   -0.5663878277E-02
    0.9392635851E+02   -0.5353585975E-02
    0.9407333361E+02   -0.5042670641E-02
    0.9422030870E+02   -0.4731223984E-02
    0.9436728379E+02   -0.4419337606E-02
    0.9451425889E+02   -0.4107102976E-02
    0.9466123398E+02   -0.3794611404E-02
    0.9480820908E+02   -0.3481954009E-02
    0.9495518417E+02   -0.3169221701E-02
    0.9510215927E+02   -0.2856505146E-02
    0.9524913436E+02   -0.2543894744E-02
    0.9539610946E+02   -0.2231480604E-02
    0.9554308455E+02   -0.1919352513E-02
    0.9569005965E+02   -0.1607599916E-02
    0.9583703474E+02   -0.1296311886E-02
    0.9598400984E+02   -0.9855771021E-03
    0.9613098493E+02   -0.6754838195E-03
    0.9627796003E+02   -0.3661198489E-03
    0.9642493512E+02   -0.5757252939E-04
    0.9657191022E+02    0.2500712956E-03
    0.9671888531E+02    0.5567253032E-03
    0.9686586041E+02    0.8623037146E-03
    0.9701283550E+02    0.1166721320E-02
    0.9715981060E+02    0.1469893501E-02
    0.9730678569E+02    0.1771736256E-02
    0.9745376079E+02    0.2072166221E-02
    0.9760073588E+02    0.2371100696E-02
    0.9774771098E+02    0.2668457663E-02
    0.9789468607E+02    0.2964155813E-02
    0.9804166117E+02    0.3258114566E-02
    0.9818863626E+02    0.3550254092E-02
    0.9833561136E+02    0.3840495335E-02
    0.9848258645E+02    0.4128760032E-02
    0.9862956155E+02    0.4414970736E-02
    0.9877653664E+02    0.4699050835E-02
    0.9892351174E+02    0.4980924572E-02
    0.9907048683E+02    0.5260517068E-02
    0.9921746193E+02    0.5537754339E-02
    0.9936443702E+02    0.5812563315E-02
    0.9951141212E+02    0.6084871862E-02
    0.9965838721E+02    0.6354608797E-02
    0.9980536231E+02    0.6621703911E-02
    0.9995233740E+02    0.6886087981E-02
    0.1000993125E+03    0.7147692793E-02
    0.1002462876E+03    0.7406451156E-02
    0.1003932627E+03    0.7662296923E-02
    0.1005402378E+03    0.7915165001E-02
    0.1006872129E+03    0.8164991373E-02
    0.1008341880E+03    0.8411713112E-02
    0.1009811631E+03    0.8655268396E-02
    0.1011281382E+03    0.8895596523E-02
    0.1012751133E+03    0.9132637926E-02
    0.1014220884E+03    0.9366334188E-02
    0.1015690634E+03    0.9596628055E-02
    0.1017160385E+03    0.9823463450E-02
    0.1018630136E+03    0.1004678548E-01
    0.1020099887E+03    0.1026654048E-01
    0.1021569638E+03    0.1048267595E-01
    0.1023039389E+03    0.1069514067E-01
    0.1024509140E+03    0.1090388463E-01
    0.1025978891E+03    0.1110885907E-01
    0.1027448642E+03    0.1131001650E-01
    0.1028918393E+03    0.1150731069E-01
    0.1030388144E+03    0.1170069671E-01
    0.1031857895E+03    0.1189013088E-01
    0.1033327646E+03    0.1207557087E-01
    0.1034797397E+03    0.1225697562E-01
    0.1036267148E+03    0.1243430540E-01
    0.1037736899E+03    0.1260752180E-01
    0.1039206650E+03    0.1277658773E-01
    0.1040676401E+03    0.1294146746E-01
    0.1042146152E+03    0.1310212660E-01
    0.1043615902E+03    0.1325853208E-01
    0.1045085653E+03    0.1341065223E-01
    0.1046555404E+03    0.1355845670E-01
    0.1048025155E+03    0.1370191653E-01
    0.1049494906E+03    0.1384100413E-01
    0.1050964657E+03    0.1397569328E-01
    0.1052434408E+03    0.1410595912E-01
    0.1053904159E+03    0.1423177820E-01
    0.1055373910E+03    0.1435312843E-01
    0.1056843661E+03    0.1446998911E-01
    0.1058313412E+03    0.1458234094E-01
    0.1059783163E+03    0.1469016600E-01
    0.1061252914E+03    0.1479344774E-01
    0.1062722665E+03    0.1489217103E-01
    0.1064192416E+03    0.1498632212E-01
    0.1065662167E+03    0.1507588864E-01
    0.1067131918E+03    0.1516085961E-01
    0.1068601669E+03    0.1524122544E-01
    0.1070071420E+03    0.1531697795E-01
    0.1071541171E+03    0.1538811029E-01
    0.1073010921E+03    0.1545461705E-01
    0.1074480672E+03    0.1551649415E-01
    0.1075950423E+03    0.1557373892E-01
    0.1077420174E+03    0.1562635005E-01
    0.1078889925E+03    0.1567432758E-01
    0.1080359676E+03    0.1571767294E-01
    0.1081829427E+03    0.1575638890E-01
    0.1083299178E+03    0.1579047959E-01
    0.1084768929E+03    0.1581995050E-01
    0.1086238680E+03    0.1584480843E-01
    0.1087708431E+03    0.1586506153E-01
    0.1089178182E+03    0.1588071930E-01
    0.1090647933E+03    0.1589179253E-01
    0.1092117684E+03    0.1589829333E-01
    0.1093587435E+03    0.1590023513E-01
    0.1095057186E+03    0.1589763264E-01
    0.1096526937E+03    0.1589050187E-01
    0.1097996688E+03    0.1587886009E-01
    0.1099466439E+03    0.1586272587E-01
    0.1100936189E+03    0.1584211902E-01
    0.1102405940E+03    0.1581706060E-01
    0.1103875691E+03    0.1578757292E-01
    0.1105345442E+03    0.1575367950E-01
    0.1106815193E+03    0.1571540510E-01
    0.1108284944E+03    0.1567277567E-01
    0.1109754695E+03    0.1562581837E-01
    0.1111224446E+03    0.1557456152E-01
    0.1112694197E+03    0.1551903463E-01
    0.1114163948E+03    0.1545926837E-01
    0.1115633699E+03    0.1539529452E-01
    0.1117103450E+03    0.1532714603E-01
    0.1118573201E+03    0.1525485694E-01
    0.1120042952E+03    0.1517846242E-01
    0.1121512703E+03    0.1509799871E-01
    0.1122982454E+03    0.1501350312E-01
    0.1124452205E+03    0.1492501403E-01
    0.1125921956E+03    0.1483257086E-01
    0.1127391707E+03    0.1473621407E-01
    0.1128861458E+03    0.1463598511E-01
    0.1130331208E+03    0.1453192646E-01
    0.1131800959E+03    0.1442408156E-01
    0.1133270710E+03    0.1431249481E-01
    0.1134740461E+03    0.1419721157E-01
    0.1136210212E+03    0.1407827814E-01
    0.1137679963E+03    0.1395574172E-01
    0.1139149714E+03    0.1382965041E-01
    0.1140619465E+03    0.1370005320E-01
    0.1142089216E+03    0.1356699993E-01
    0.1143558967E+03    0.1343054130E-01
    0.1145028718E+03    0.1329072882E-01
    0.1146498469E+03    0.1314761481E-01
    0.1147968220E+03    0.1300125240E-01
    0.1149437971E+03    0.1285169546E-01
    0.1150907722E+03    0.1269899865E-01
    0.1152377473E+03    0.1254321733E-01
    0.1153847224E+03    0.1238440759E-01
    0.1155316975E+03    0.1222262622E-01
    0.1156786726E+03    0.1205793067E-01
    0.1158256477E+03    0.1189037906E-01
    0.1159726227E+03    0.1172003014E-01
    0.1161195978E+03    0.1154694328E-01
    0.1162665729E+03    0.1137117845E-01
    0.1164135480E+03    0.1119279620E-01
    0.1165605231E+03    0.1101185761E-01
    0.1167074982E+03    0.1082842433E-01
    0.1168544733E+03    0.1064255851E-01
    0.1170014484E+03    0.1045432280E-01
    0.1171484235E+03    0.1026378032E-01
    0.1172953986E+03    0.1007099465E-01
    0.1174423737E+03    0.9876029817E-02
    0.1175893488E+03    0.9678950233E-02
    0.1177363239E+03    0.9479820723E-02
    0.1178832990E+03    0.9278706478E-02
    0.1180302741E+03    0.9075673043E-02
    0.1181772492E+03    0.8870786290E-02
    0.1183242243E+03    0.8664112403E-02
    0.1184711994E+03    0.8455717853E-02
    0.1186181745E+03    0.8245669381E-02
    0.1187651495E+03    0.8034033973E-02
    0.1189121246E+03    0.7820878840E-02
    0.1190590997E+03    0.7606271401E-02
    0.1192060748E+03    0.7390279256E-02
    0.1193530499E+03    0.7172970170E-02
    0.1195000250E+03    0.6954412049E-02
    0.1196470001E+03    0.6734672923E-02
    0.1197939752E+03    0.6513820920E-02
    0.1199409503E+03    0.6291924250E-02
    0.1200879254E+03    0.6069051180E-02
    0.1202349005E+03    0.5845270017E-02
    0.1203818756E+03    0.5620649088E-02
    0.1205288507E+03    0.5395256713E-02
    0.1206758258E+03    0.5169161194E-02
    0.1208228009E+03    0.4942430787E-02
    0.1209697760E+03    0.4715133684E-02
    0.1211167511E+03    0.4487337996E-02
    0.1212637262E+03    0.4259111728E-02
    0.1214107013E+03    0.4030522762E-02
    0.1215576764E+03    0.3801638837E-02
    0.1217046514E+03    0.3572527528E-02
    0.1218516265E+03    0.3343256227E-02
    0.1219986016E+03    0.3113892124E-02
    0.1221455767E+03    0.2884502188E-02
    0.1222925518E+03    0.2655153145E-02
    0.1224395269E+03    0.2425911463E-02
    0.1225865020E+03    0.2196843330E-02
    0.1227334771E+03    0.1968014636E-02
    0.1228804522E+03    0.1739490956E-02
    0.1230274273E+03    0.1511337529E-02
    0.1231744024E+03    0.1283619239E-02
    0.1233213775E+03    0.1056400604E-02
    0.1234683526E+03    0.8297457469E-03
    0.1236153277E+03    0.6037183880E-03
    0.1237623028E+03    0.3783818211E-03
    0.1239092779E+03    0.1537988989E-03
    0.1240562530E+03   -0.6996798526E-04
    0.1242032281E+03   -0.2928569138E-03
    0.1243502032E+03   -0.5148064618E-03
    0.1244971783E+03   -0.7357557137E-03
    0.1246441533E+03   -0.9556442794E-03
    0.1247911284E+03   -0.1174412310E-02
    0.1249381035E+03   -0.1392000516E-02
    0.1250850786E+03   -0.1608350179E-02
    0.1252320537E+03   -0.1823403169E-02
    0.1253790288E+03   -0.2037101962E-02
    0.1255260039E+03   -0.2249389650E-02
    0.1256729790E+03   -0.2460209962E-02
    0.1258199541E+03   -0.2669507271E-02
    0.1259669292E+03   -0.2877226614E-02
    0.1261139043E+03   -0.3083313705E-02
    0.1262608794E+03   -0.3287714946E-02
    0.1264078545E+03   -0.3490377442E-02
    0.1265548296E+03   -0.3691249016E-02
    0.1267018047E+03   -0.3890278218E-02
    0.1268487798E+03   -0.4087414341E-02
    0.1269957549E+03   -0.4282607434E-02
    0.1271427300E+03   -0.4475808308E-02
    0.1272897051E+03   -0.4666968555E-02
    0.1274366801E+03   -0.4856040557E-02
    0.1275836552E+03   -0.5042977494E-02
    0.1277306303E+03   -0.5227733359E-02
    0.1278776054E+03   -0.5410262970E-02
    0.1280245805E+03   -0.5590521973E-02
    0.1281715556E+03   -0.5768466861E-02
    0.1283185307E+03   -0.5944054976E-02
    0.1284655058E+03   -0.6117244525E-02
    0.1286124809E+03   -0.6287994584E-02
    0.1287594560E+03   -0.6456265111E-02
    0.1289064311E+03   -0.6622016951E-02
    0.1290534062E+03   -0.6785211846E-02
    0.1292003813E+03   -0.6945812446E-02
    0.1293473564E+03   -0.7103782309E-02
    0.1294943315E+03   -0.7259085916E-02
    0.1296413066E+03   -0.7411688674E-02
    0.1297882817E+03   -0.7561556925E-02
    0.1299352568E+03   -0.7708657948E-02
    0.1300822319E+03   -0.7852959972E-02
    0.1302292070E+03   -0.7994432175E-02
    0.1303761820E+03   -0.8133044696E-02
    0.1305231571E+03   -0.8268768634E-02
    0.1306701322E+03   -0.8401576055E-02
    0.1308171073E+03   -0.8531440001E-02
    0.1309640824E+03   -0.8658334488E-02
    0.1311110575E+03   -0.8782234511E-02
    0.1312580326E+03   -0.8903116052E-02
    0.1314050077E+03   -0.9020956078E-02
    0.1315519828E+03   -0.9135732547E-02
    0.1316989579E+03   -0.9247424411E-02
    0.1318459330E+03   -0.9356011617E-02
    0.1319929081E+03   -0.9461475107E-02
    0.1321398832E+03   -0.9563796826E-02
    0.1322868583E+03   -0.9662959717E-02
    0.1324338334E+03   -0.9758947725E-02
    0.1325808085E+03   -0.9851745797E-02
    0.1327277836E+03   -0.9941339886E-02
    0.1328747587E+03   -0.1002771694E-01
    0.1330217338E+03   -0.1011086493E-01
    0.1331687088E+03   -0.1019077280E-01
    0.1333156839E+03   -0.1026743053E-01
    0.1334626590E+03   -0.1034082906E-01
    0.1336096341E+03   -0.1041096037E-01
    0.1337566092E+03   -0.1047781741E-01
    0.1339035843E+03   -0.1054139414E-01
    0.1340505594E+03   -0.1060168552E-01
    0.1341975345E+03   -0.1065868748E-01
    0.1343445096E+03   -0.1071239695E-01
    0.1344914847E+03   -0.1076281185E-01
    0.1346384598E+03   -0.1080993108E-01
    0.1347854349E+03   -0.1085375451E-01
    0.1349324100E+03   -0.1089428301E-01
    0.1350793851E+03   -0.1093151837E-01
    0.1352263602E+03   -0.1096546341E-01
    0.1353733353E+03   -0.1099612185E-01
    0.1355203104E+03   -0.1102349841E-01
    0.1356672855E+03   -0.1104759875E-01
    0.1358142606E+03   -0.1106842946E-01
    0.1359612357E+03   -0.1108599807E-01
    0.1361082107E+03   -0.1110031308E-01
    0.1362551858E+03   -0.1111138387E-01
    0.1364021609E+03   -0.1111922076E-01
    0.1365491360E+03   -0.1112383499E-01
    0.1366961111E+03   -0.1112523869E-01
    0.1368430862E+03   -0.1112344490E-01
    0.1369900613E+03   -0.1111846756E-01
    0.1371370364E+03   -0.1111032147E-01
    0.1372840115E+03   -0.1109902232E-01
    0.1374309866E+03   -0.1108458667E-01
    0.1375779617E+03   -0.1106703192E-01
    0.1377249368E+03   -0.1104637634E-01
    0.1378719119E+03   -0.1102263903E-01
    0.1380188870E+03   -0.1099583993E-01
    0.1381658621E+03   -0.1096599979E-01
    0.1383128372E+03   -0.1093314018E-01
    0.1384598123E+03   -0.1089728347E-01
    0.1386067874E+03   -0.1085845282E-01
    0.1387537625E+03   -0.1081667218E-01
    0.1389007376E+03   -0.1077196625E-01
    0.1390477126E+03   -0.1072436053E-01
    0.1391946877E+03   -0.1067388122E-01
    0.1393416628E+03   -0.1062055531E-01
    0.1394886379E+03   -0.1056441049E-01
    0.1396356130E+03   -0.1050547516E-01
    0.1397825881E+03   -0.1044377843E-01
    0.1399295632E+03   -0.1037935013E-01
    0.1400765383E+03   -0.1031222073E-01
    0.1402235134E+03   -0.1024242141E-01
    0.1403704885E+03   -0.1016998396E-01
    0.1405174636E+03   -0.1009494086E-01
    0.1406644387E+03   -0.1001732519E-01
    0.1408114138E+03   -0.9937170673E-02
    0.1409583889E+03   -0.9854511626E-02
    0.1411053640E+03   -0.9769382962E-02
    0.1412523391E+03   -0.9681820177E-02
    0.1413993142E+03   -0.9591859333E-02
    0.1415462893E+03   -0.9499537048E-02
    0.1416932644E+03   -0.9404890481E-02
    0.1418402394E+03   -0.9307957318E-02
    0.1419872145E+03   -0.9208775761E-02
    0.1421341896E+03   -0.9107384511E-02
    0.1422811647E+03   -0.9003822756E-02
    0.1424281398E+03   -0.8898130157E-02
    0.1425751149E+03   -0.8790346836E-02
    0.1427220900E+03   -0.8680513358E-02
    0.1428690651E+03   -0.8568670718E-02
    0.1430160402E+03   -0.8454860329E-02
    0.1431630153E+03   -0.8339124009E-02
    0.1433099904E+03   -0.8221503959E-02
    0.1434569655E+03   -0.8102042758E-02
    0.1436039406E+03   -0.7980783342E-02
    0.1437509157E+03   -0.7857768995E-02
    0.1438978908E+03   -0.7733043327E-02
    0.1440448659E+03   -0.7606650268E-02
    0.1441918410E+03   -0.7478634048E-02
    0.1443388161E+03   -0.7349039182E-02
    0.1444857912E+03   -0.7217910461E-02
    0.1446327663E+03   -0.7085292929E-02
    0.1447797413E+03   -0.6951231877E-02
    0.1449267164E+03   -0.6815772822E-02
    0.1450736915E+03   -0.6678961495E-02
    0.1452206666E+03   -0.6540843825E-02
    0.1453676417E+03   -0.6401465926E-02
    0.1455146168E+03   -0.6260874082E-02
    0.1456615919E+03   -0.6119114732E-02
    0.1458085670E+03   -0.5976234453E-02
    0.1459555421E+03   -0.5832279950E-02
    0.1461025172E+03   -0.5687298039E-02
    0.1462494923E+03   -0.5541335630E-02
    0.1463964674E+03   -0.5394439718E-02
    0.1465434425E+03   -0.5246657363E-02
    0.1466904176E+03   -0.5098035679E-02
    0.1468373927E+03   -0.4948621820E-02
    0.1469843678E+03   -0.4798462963E-02
    0.1471313429E+03   -0.4647606293E-02
    0.1472783180E+03   -0.4496098995E-02
    0.1474252931E+03   -0.4343988232E-02
    0.1475722682E+03   -0.4191321135E-02
    0.1477192432E+03   -0.4038144792E-02
    0.1478662183E+03   -0.3884506225E-02
    0.1480131934E+03   -0.3730452387E-02
    0.1481601685E+03   -0.3576030138E-02
    0.1483071436E+03   -0.3421286240E-02
    0.1484541187E+03   -0.3266267338E-02
    0.1486010938E+03   -0.3111019948E-02
    0.1487480689E+03   -0.2955590443E-02
    0.1488950440E+03   -0.2800025042E-02
    0.1490420191E+03   -0.2644369795E-02
    0.1491889942E+03   -0.2488670568E-02
    0.1493359693E+03   -0.2332973034E-02
    0.1494829444E+03   -0.2177322659E-02
    0.1496299195E+03   -0.2021764685E-02
    0.1497768946E+03   -0.1866344125E-02
    0.1499238697E+03   -0.1711105744E-02
    0.1500708448E+03   -0.1556094048E-02
    0.1502178199E+03   -0.1401353277E-02
    0.1503647950E+03   -0.1246927384E-02
    0.1505117700E+03   -0.1092860031E-02
    0.1506587451E+03   -0.9391945729E-03
    0.1508057202E+03   -0.7859740466E-03
    0.1509526953E+03   -0.6332411604E-03
    0.1510996704E+03   -0.4810382821E-03
    0.1512466455E+03   -0.3294074274E-03
    0.1513936206E+03   -0.1783902497E-03
    0.1515405957E+03   -0.2802802855E-04
    0.1516875708E+03    0.1216383407E-03
    0.1518345459E+03    0.2705683576E-03
    0.1519815210E+03    0.4187219271E-03
    0.1521284961E+03    0.5660593692E-03
    0.1522754712E+03    0.7125414298E-03
    0.1524224463E+03    0.8581292899E-03
    0.1525694214E+03    0.1002784576E-02
    0.1527163965E+03    0.1146469367E-02
    0.1528633716E+03    0.1289146210E-02
    0.1530103467E+03    0.1430778121E-02
    0.1531573218E+03    0.1571328599E-02
    0.1533042969E+03    0.1710761634E-02
    0.1534512719E+03    0.1849041716E-02
    0.1535982470E+03    0.1986133842E-02
    0.1537452221E+03    0.2122003524E-02
    0.1538921972E+03    0.2256616799E-02
    0.1540391723E+03    0.2389940235E-02
    0.1541861474E+03    0.2521940940E-02
    0.1543331225E+03    0.2652586566E-02
    0.1544800976E+03    0.2781845322E-02
    0.1546270727E+03    0.2909685977E-02
    0.1547740478E+03    0.3036077865E-02
    0.1549210229E+03    0.3160990898E-02
    0.1550679980E+03    0.3284395566E-02
    0.1552149731E+03    0.3406262947E-02
    0.1553619482E+03    0.3526564709E-02
    0.1555089233E+03    0.3645273123E-02
    0.1556558984E+03    0.3762361060E-02
    0.1558028735E+03    0.3877802001E-02
    0.1559498486E+03    0.3991570043E-02
    0.1560968237E+03    0.4103639901E-02
    0.1562437987E+03    0.4213986915E-02
    0.1563907738E+03    0.4322587052E-02
    0.1565377489E+03    0.4429416913E-02
    0.1566847240E+03    0.4534453736E-02
    0.1568316991E+03    0.4637675399E-02
    0.1569786742E+03    0.4739060423E-02
    0.1571256493E+03    0.4838587980E-02
    0.1572726244E+03    0.4936237891E-02
    0.1574195995E+03    0.5031990630E-02
    0.1575665746E+03    0.5125827331E-02
    0.1577135497E+03    0.5217729782E-02
    0.1578605248E+03    0.5307680439E-02
    0.1580074999E+03    0.5395662416E-02
    0.1581544750E+03    0.5481659496E-02
    0.1583014501E+03    0.5565656129E-02
    0.1584484252E+03    0.5647637434E-02
    0.1585954003E+03    0.5727589198E-02
    0.1587423754E+03    0.5805497882E-02
    0.1588893505E+03    0.5881350618E-02
    0.1590363256E+03    0.5955135211E-02
    0.1591833006E+03    0.6026840139E-02
    0.1593302757E+03    0.6096454553E-02
    0.1594772508E+03    0.6163968279E-02
    0.1596242259E+03    0.6229371815E-02
    0.1597712010E+03    0.6292656332E-02
    0.1599181761E+03    0.6353813675E-02
    0.1600651512E+03    0.6412836358E-02
    0.1602121263E+03    0.6469717568E-02
    0.1603591014E+03    0.6524451160E-02
    0.1605060765E+03    0.6577031657E-02
    0.1606530516E+03    0.6627454250E-02
    0.1608000267E+03    0.6675714793E-02
    0.1609470018E+03    0.6721809803E-02
    0.1610939769E+03    0.6765736459E-02
    0.1612409520E+03    0.6807492596E-02
    0.1613879271E+03    0.6847076705E-02
    0.1615349022E+03    0.6884487932E-02
    0.1616818773E+03    0.6919726072E-02
    0.1618288524E+03    0.6952791564E-02
    0.1619758275E+03    0.6983685496E-02
    0.1621228025E+03    0.7012409591E-02
    0.1622697776E+03    0.7038966211E-02
    0.1624167527E+03    0.7063358351E-02
    0.1625637278E+03    0.7085589633E-02
    0.1627107029E+03    0.7105664305E-02
    0.1628576780E+03    0.7123587235E-02
    0.1630046531E+03    0.7139363904E-02
    0.1631516282E+03    0.7153000408E-02
    0.1632986033E+03    0.7164503446E-02
    0.1634455784E+03    0.7173880319E-02
    0.1635925535E+03    0.7181138925E-02
    0.1637395286E+03    0.7186287752E-02
    0.1638865037E+03    0.7189335871E-02
    0.1640334788E+03    0.7190292935E-02
    0.1641804539E+03    0.7189169171E-02
    0.1643274290E+03    0.7185975371E-02
    0.1644744041E+03    0.7180722892E-02
    0.1646213792E+03    0.7173423645E-02
    0.1647683543E+03    0.7164090089E-02
    0.1649153293E+03    0.7152735227E-02
    0.1650623044E+03    0.7139372598E-02
    0.1652092795E+03    0.7124016271E-02
    0.1653562546E+03    0.7106680836E-02
    0.1655032297E+03    0.7087381398E-02
    0.1656502048E+03    0.7066133572E-02
    0.1657971799E+03    0.7042953474E-02
    0.1659441550E+03    0.7017857712E-02
    0.1660911301E+03    0.6990863381E-02
    0.1662381052E+03    0.6961988055E-02
    0.1663850803E+03    0.6931249778E-02
    0.1665320554E+03    0.6898667058E-02
    0.1666790305E+03    0.6864258858E-02
    0.1668260056E+03    0.6828044588E-02
    0.1669729807E+03    0.6790044096E-02
    0.1671199558E+03    0.6750277662E-02
    0.1672669309E+03    0.6708765989E-02
    0.1674139060E+03    0.6665530193E-02
    0.1675608811E+03    0.6620591796E-02
    0.1677078562E+03    0.6573972718E-02
    0.1678548312E+03    0.6525695265E-02
    0.1680018063E+03    0.6475782127E-02
    0.1681487814E+03    0.6424256361E-02
    0.1682957565E+03    0.6371141389E-02
    0.1684427316E+03    0.6316460984E-02
    0.1685897067E+03    0.6260239266E-02
    0.1687366818E+03    0.6202500687E-02
    0.1688836569E+03    0.6143270029E-02
    0.1690306320E+03    0.6082572387E-02
    0.1691776071E+03    0.6020433168E-02
    0.1693245822E+03    0.5956878073E-02
    0.1694715573E+03    0.5891933097E-02
    0.1696185324E+03    0.5825624512E-02
    0.1697655075E+03    0.5757978861E-02
    0.1699124826E+03    0.5689022949E-02
    0.1700594577E+03    0.5618783833E-02
    0.1702064328E+03    0.5547288811E-02
    0.1703534079E+03    0.5474565415E-02
    0.1705003830E+03    0.5400641401E-02
    0.1706473581E+03    0.5325544736E-02
    0.1707943331E+03    0.5249303593E-02
    0.1709413082E+03    0.5171946341E-02
    0.1710882833E+03    0.5093501532E-02
    0.1712352584E+03    0.5013997895E-02
    0.1713822335E+03    0.4933464323E-02
    0.1715292086E+03    0.4851929867E-02
    0.1716761837E+03    0.4769423725E-02
    0.1718231588E+03    0.4685975230E-02
    0.1719701339E+03    0.4601613846E-02
    0.1721171090E+03    0.4516369152E-02
    0.1722640841E+03    0.4430270837E-02
    0.1724110592E+03    0.4343348689E-02
    0.1725580343E+03    0.4255632584E-02
    0.1727050094E+03    0.4167152479E-02
    0.1728519845E+03    0.4077938402E-02
    0.1729989596E+03    0.3988020441E-02
    0.1731459347E+03    0.3897428736E-02
    0.1732929098E+03    0.3806193470E-02
    0.1734398849E+03    0.3714344857E-02
    0.1735868599E+03    0.3621913136E-02
    0.1737338350E+03    0.3528928561E-02
    0.1738808101E+03    0.3435421389E-02
    0.1740277852E+03    0.3341421874E-02
    0.1741747603E+03    0.3246960258E-02
    0.1743217354E+03    0.3152066758E-02
    0.1744687105E+03    0.3056771561E-02
    0.1746156856E+03    0.2961104816E-02
    0.1747626607E+03    0.2865096619E-02
    0.1749096358E+03    0.2768777011E-02
    0.1750566109E+03    0.2672175963E-02
    0.1752035860E+03    0.2575323374E-02
    0.1753505611E+03    0.2478249057E-02
    0.1754975362E+03    0.2380982732E-02
    0.1756445113E+03    0.2283554020E-02
    0.1757914864E+03    0.2185992428E-02
    0.1759384615E+03    0.2088327349E-02
    0.1760854366E+03    0.1990588049E-02
    0.1762324117E+03    0.1892803659E-02
    0.1763793868E+03    0.1795003167E-02
    0.1765263618E+03    0.1697215410E-02
    0.1766733369E+03    0.1599469068E-02
    0.1768203120E+03    0.1501792656E-02
    0.1769672871E+03    0.1404214510E-02
    0.1771142622E+03    0.1306762790E-02
    0.1772612373E+03    0.1209465462E-02
    0.1774082124E+03    0.1112350299E-02
    0.1775551875E+03    0.1015444868E-02
    0.1777021626E+03    0.9187765251E-03
    0.1778491377E+03    0.8223724079E-03
    0.1779961128E+03    0.7262594287E-03
    0.1781430879E+03    0.6304642673E-03
    0.1782900630E+03    0.5350133642E-03
    0.1784370381E+03    0.4399329140E-03
    0.1785840132E+03    0.3452488588E-03
    0.1787309883E+03    0.2509868815E-03
    0.1788779634E+03    0.1571723997E-03
    0.1790249385E+03    0.6383055919E-04
    0.1791719136E+03   -0.2901377196E-04
    0.1793188886E+03   -0.1213360096E-03
    0.1794658637E+03   -0.2131118595E-03
    0.1796128388E+03   -0.3043173227E-03
    0.1797598139E+03   -0.3949287016E-03
    0.1799067890E+03   -0.4849226056E-03
    0.1800537641E+03   -0.5742759560E-03
    0.1802007392E+03   -0.6629659915E-03
    0.1803477143E+03   -0.7509702739E-03
    0.1804946894E+03   -0.8382666923E-03
    0.1806416645E+03   -0.9248334684E-03
    0.1807886396E+03   -0.1010649162E-02
    0.1809356147E+03   -0.1095692673E-02
    0.1810825898E+03   -0.1179943250E-02
    0.1812295649E+03   -0.1263380493E-02
    0.1813765400E+03   -0.1345984354E-02
    0.1815235151E+03   -0.1427735147E-02
    0.1816704902E+03   -0.1508613549E-02
    0.1818174653E+03   -0.1588600603E-02
    0.1819644404E+03   -0.1667677725E-02
    0.1821114155E+03   -0.1745826704E-02
    0.1822583905E+03   -0.1823029708E-02
    0.1824053656E+03   -0.1899269284E-02
    0.1825523407E+03   -0.1974528365E-02
    0.1826993158E+03   -0.2048790274E-02
    0.1828462909E+03   -0.2122038721E-02
    0.1829932660E+03   -0.2194257810E-02
    0.1831402411E+03   -0.2265432042E-02
    0.1832872162E+03   -0.2335546316E-02
    0.1834341913E+03   -0.2404585930E-02
    0.1835811664E+03   -0.2472536589E-02
    0.1837281415E+03   -0.2539384399E-02
    0.1838751166E+03   -0.2605115876E-02
    0.1840220917E+03   -0.2669717943E-02
    0.1841690668E+03   -0.2733177935E-02
    0.1843160419E+03   -0.2795483598E-02
    0.1844630170E+03   -0.2856623093E-02
    0.1846099921E+03   -0.2916584994E-02
    0.1847569672E+03   -0.2975358294E-02
    0.1849039423E+03   -0.3032932399E-02
    0.1850509174E+03   -0.3089297137E-02
    0.1851978924E+03   -0.3144442752E-02
    0.1853448675E+03   -0.3198359909E-02
    0.1854918426E+03   -0.3251039691E-02
    0.1856388177E+03   -0.3302473603E-02
    0.1857857928E+03   -0.3352653569E-02
    0.1859327679E+03   -0.3401571935E-02
    0.1860797430E+03   -0.3449221466E-02
    0.1862267181E+03   -0.3495595348E-02
    0.1863736932E+03   -0.3540687187E-02
    0.1865206683E+03   -0.3584491008E-02
    0.1866676434E+03   -0.3627001256E-02
    0.1868146185E+03   -0.3668212793E-02
    0.1869615936E+03   -0.3708120900E-02
    0.1871085687E+03   -0.3746721274E-02
    0.1872555438E+03   -0.3784010027E-02
    0.1874025189E+03   -0.3819983687E-02
    0.1875494940E+03   -0.3854639193E-02
    0.1876964691E+03   -0.3887973898E-02
    0.1878434442E+03   -0.3919985563E-02
    0.1879904192E+03   -0.3950672360E-02
    0.1881373943E+03   -0.3980032865E-02
    0.1882843694E+03   -0.4008066060E-02
    0.1884313445E+03   -0.4034771332E-02
    0.1885783196E+03   -0.4060148466E-02
    0.1887252947E+03   -0.4084197647E-02
    0.1888722698E+03   -0.4106919456E-02
    0.1890192449E+03   -0.4128314867E-02
    0.1891662200E+03   -0.4148385247E-02
    0.1893131951E+03   -0.4167132351E-02
    0.1894601702E+03   -0.4184558319E-02
    0.1896071453E+03   -0.4200665676E-02
    0.1897541204E+03   -0.4215457324E-02
    0.1899010955E+03   -0.4228936545E-02
    0.1900480706E+03   -0.4241106994E-02
    0.1901950457E+03   -0.4251972697E-02
    0.1903420208E+03   -0.4261538045E-02
    0.1904889959E+03   -0.4269807796E-02
    0.1906359710E+03   -0.4276787067E-02
    0.1907829461E+03   -0.4282481331E-02
    0.1909299211E+03   -0.4286896415E-02
    0.1910768962E+03   -0.4290038495E-02
    0.1912238713E+03   -0.4291914091E-02
    0.1913708464E+03   -0.4292530067E-02
    0.1915178215E+03   -0.4291893622E-02
    0.1916647966E+03   -0.4290012289E-02
    0.1918117717E+03   -0.4286893929E-02
    0.1919587468E+03   -0.4282546729E-02
    0.1921057219E+03   -0.4276979196E-02
    0.1922526970E+03   -0.4270200153E-02
    0.1923996721E+03   -0.4262218732E-02
    0.1925466472E+03   -0.4253044375E-02
    0.1926936223E+03   -0.4242686824E-02
    0.1928405974E+03   -0.4231156119E-02
    0.1929875725E+03   -0.4218462593E-02
    0.1931345476E+03   -0.4204616867E-02
    0.1932815227E+03   -0.4189629842E-02
    0.1934284978E+03   -0.4173512702E-02
    0.1935754729E+03   -0.4156276899E-02
    0.1937224480E+03   -0.4137934156E-02
    0.1938694230E+03   -0.4118496457E-02
    0.1940163981E+03   -0.4097976044E-02
    0.1941633732E+03   -0.4076385411E-02
    0.1943103483E+03   -0.4053737299E-02
    0.1944573234E+03   -0.4030044693E-02
    0.1946042985E+03   -0.4005320809E-02
    0.1947512736E+03   -0.3979579100E-02
    0.1948982487E+03   -0.3952833241E-02
    0.1950452238E+03   -0.3925097127E-02
    0.1951921989E+03   -0.3896384868E-02
    0.1953391740E+03   -0.3866710784E-02
    0.1954861491E+03   -0.3836089397E-02
    0.1956331242E+03   -0.3804535426E-02
    0.1957800993E+03   -0.3772063785E-02
    0.1959270744E+03   -0.3738689572E-02
    0.1960740495E+03   -0.3704428066E-02
    0.1962210246E+03   -0.3669294722E-02
    0.1963679997E+03   -0.3633305163E-02
    0.1965149748E+03   -0.3596475176E-02
    0.1966619498E+03   -0.3558820706E-02
    0.1968089249E+03   -0.3520357851E-02
    0.1969559000E+03   -0.3481102853E-02
    0.1971028751E+03   -0.3441072095E-02
    0.1972498502E+03   -0.3400282097E-02
    0.1973968253E+03   -0.3358749503E-02
    0.1975438004E+03   -0.3316491085E-02
    0.1976907755E+03   -0.3273523729E-02
    0.1978377506E+03   -0.3229864432E-02
    0.1979847257E+03   -0.3185530298E-02
    0.1981317008E+03   -0.3140538530E-02
    0.1982786759E+03   -0.3094906424E-02
    0.1984256510E+03   -0.3048651366E-02
    0.1985726261E+03   -0.3001790821E-02
    0.1987196012E+03   -0.2954342333E-02
    0.1988665763E+03   -0.2906323514E-02
    0.1990135514E+03   -0.2857752044E-02
    0.1991605265E+03   -0.2808645659E-02
    0.1993075016E+03   -0.2759022150E-02
    0.1994544767E+03   -0.2708899354E-02
    0.1996014517E+03   -0.2658295150E-02
    0.1997484268E+03   -0.2607227456E-02
    0.1998954019E+03   -0.2555714216E-02
    0.2000423770E+03   -0.2503773401E-02
    0.2001893521E+03   -0.2451423001E-02
    0.2003363272E+03   -0.2398681019E-02
    0.2004833023E+03   -0.2345565468E-02
    0.2006302774E+03   -0.2292094360E-02
    0.2007772525E+03   -0.2238285706E-02
    0.2009242276E+03   -0.2184157509E-02
    0.2010712027E+03   -0.2129727757E-02
    0.2012181778E+03   -0.2075014419E-02
    0.2013651529E+03   -0.2020035439E-02
    0.2015121280E+03   -0.1964808732E-02
    0.2016591031E+03   -0.1909352176E-02
    0.2018060782E+03   -0.1853683610E-02
    0.2019530533E+03   -0.1797820827E-02
    0.2021000284E+03   -0.1741781568E-02
    0.2022470035E+03   -0.1685583520E-02
    0.2023939785E+03   -0.1629244308E-02
    0.2025409536E+03   -0.1572781491E-02
    0.2026879287E+03   -0.1516212557E-02
    0.2028349038E+03   -0.1459554918E-02
    0.2029818789E+03   -0.1402825906E-02
    0.2031288540E+03   -0.1346042768E-02
    0.2032758291E+03   -0.1289222659E-02
    0.2034228042E+03   -0.1232382642E-02
    0.2035697793E+03   -0.1175539677E-02
    0.2037167544E+03   -0.1118710622E-02
    0.2038637295E+03   -0.1061912227E-02
    0.2040107046E+03   -0.1005161129E-02
    0.2041576797E+03   -0.9484738461E-03
    0.2043046548E+03   -0.8918667760E-03
    0.2044516299E+03   -0.8353561902E-03
    0.2045986050E+03   -0.7789582303E-03
    0.2047455801E+03   -0.7226889037E-03
    0.2048925552E+03   -0.6665640795E-03
    0.2050395303E+03   -0.6105994846E-03
    0.2051865054E+03   -0.5548106997E-03
    0.2053334804E+03   -0.4992131557E-03
    0.2054804555E+03   -0.4438221297E-03
    0.2056274306E+03   -0.3886527414E-03
    0.2057744057E+03   -0.3337199492E-03
    0.2059213808E+03   -0.2790385472E-03
    0.2060683559E+03   -0.2246231611E-03
    0.2062153310E+03   -0.1704882451E-03
    0.2063623061E+03   -0.1166480787E-03
    0.2065092812E+03   -0.6311676307E-04
    0.2066562563E+03   -0.9908218106E-05
    0.2068032314E+03    0.4296382075E-04
    0.2069502065E+03    0.9548580555E-04
    0.2070971816E+03    0.1476443788E-03
    0.2072441567E+03    0.1994263763E-03
    0.2073911318E+03    0.2508188301E-03
    0.2075381069E+03    0.3018089710E-03
    0.2076850820E+03    0.3523842314E-03
    0.2078320571E+03    0.4025322478E-03
    0.2079790322E+03    0.4522408631E-03
    0.2081260073E+03    0.5014981295E-03
    0.2082729823E+03    0.5502923103E-03
    0.2084199574E+03    0.5986118826E-03
    0.2085669325E+03    0.6464455389E-03
    0.2087139076E+03    0.6937821899E-03
    0.2088608827E+03    0.7406109661E-03
    0.2090078578E+03    0.7869212196E-03
    0.2091548329E+03    0.8327025264E-03
    0.2093018080E+03    0.8779446876E-03
    0.2094487831E+03    0.9226377318E-03
    0.2095957582E+03    0.9667719161E-03
    0.2097427333E+03    0.1010337728E-02
    0.2098897084E+03    0.1053325886E-02
    0.2100366835E+03    0.1095727343E-02
    0.2101836586E+03    0.1137533284E-02
    0.2103306337E+03    0.1178735133E-02
    0.2104776088E+03    0.1219324547E-02
    0.2106245839E+03    0.1259293424E-02
    0.2107715590E+03    0.1298633897E-02
    0.2109185341E+03    0.1337338343E-02
    0.2110655091E+03    0.1375399375E-02
    0.2112124842E+03    0.1412809850E-02
    0.2113594593E+03    0.1449562866E-02
    0.2115064344E+03    0.1485651762E-02
    0.2116534095E+03    0.1521070123E-02
    0.2118003846E+03    0.1555811773E-02
    0.2119473597E+03    0.1589870783E-02
    0.2120943348E+03    0.1623241466E-02
    0.2122413099E+03    0.1655918380E-02
    0.2123882850E+03    0.1687896326E-02
    0.2125352601E+03    0.1719170349E-02
    0.2126822352E+03    0.1749735740E-02
    0.2128292103E+03    0.1779588032E-02
    0.2129761854E+03    0.1808723003E-02
    0.2131231605E+03    0.1837136672E-02
    0.2132701356E+03    0.1864825305E-02
    0.2134171107E+03    0.1891785406E-02
    0.2135640858E+03    0.1918013726E-02
    0.2137110609E+03    0.1943507255E-02
    0.2138580360E+03    0.1968263223E-02
    0.2140050110E+03    0.1992279103E-02
    0.2141519861E+03    0.2015552605E-02
    0.2142989612E+03    0.2038081679E-02
    0.2144459363E+03    0.2059864513E-02
    0.2145929114E+03    0.2080899530E-02
    0.2147398865E+03    0.2101185391E-02
    0.2148868616E+03    0.2120720990E-02
    0.2150338367E+03    0.2139505455E-02
    0.2151808118E+03    0.2157538146E-02
    0.2153277869E+03    0.2174818654E-02
    0.2154747620E+03    0.2191346799E-02
    0.2156217371E+03    0.2207122630E-02
    0.2157687122E+03    0.2222146420E-02
    0.2159156873E+03    0.2236418671E-02
    0.2160626624E+03    0.2249940106E-02
    0.2162096375E+03    0.2262711669E-02
    0.2163566126E+03    0.2274734525E-02
    0.2165035877E+03    0.2286010057E-02
    0.2166505628E+03    0.2296539865E-02
    0.2167975379E+03    0.2306325762E-02
    0.2169445129E+03    0.2315369775E-02
    0.2170914880E+03    0.2323674140E-02
    0.2172384631E+03    0.2331241302E-02
    0.2173854382E+03    0.2338073913E-02
    0.2175324133E+03    0.2344174828E-02
    0.2176793884E+03    0.2349547104E-02
    0.2178263635E+03    0.2354193998E-02
    0.2179733386E+03    0.2358118965E-02
    0.2181203137E+03    0.2361325653E-02
    0.2182672888E+03    0.2363817905E-02
    0.2184142639E+03    0.2365599752E-02
    0.2185612390E+03    0.2366675415E-02
    0.2187082141E+03    0.2367049297E-02
    0.2188551892E+03    0.2366725987E-02
    0.2190021643E+03    0.2365710251E-02
    0.2191491394E+03    0.2364007034E-02
    0.2192961145E+03    0.2361621455E-02
    0.2194430896E+03    0.2358558805E-02
    0.2195900647E+03    0.2354824545E-02
    0.2197370397E+03    0.2350424300E-02
    0.2198840148E+03    0.2345363861E-02
    0.2200309899E+03    0.2339649179E-02
    0.2201779650E+03    0.2333286362E-02
    0.2203249401E+03    0.2326281674E-02
    0.2204719152E+03    0.2318641529E-02
    0.2206188903E+03    0.2310372492E-02
    0.2207658654E+03    0.2301481274E-02
    0.2209128405E+03    0.2291974726E-02
    0.2210598156E+03    0.2281859843E-02
    0.2212067907E+03    0.2271143753E-02
    0.2213537658E+03    0.2259833721E-02
    0.2215007409E+03    0.2247937139E-02
    0.2216477160E+03    0.2235461531E-02
    0.2217946911E+03    0.2222414541E-02
    0.2219416662E+03    0.2208803936E-02
    0.2220886413E+03    0.2194637602E-02
    0.2222356164E+03    0.2179923536E-02
    0.2223825915E+03    0.2164669852E-02
    0.2225295666E+03    0.2148884767E-02
    0.2226765416E+03    0.2132576607E-02
    0.2228235167E+03    0.2115753796E-02
    0.2229704918E+03    0.2098424861E-02
    0.2231174669E+03    0.2080598420E-02
    0.2232644420E+03    0.2062283185E-02
    0.2234114171E+03    0.2043487957E-02
    0.2235583922E+03    0.2024221622E-02
    0.2237053673E+03    0.2004493147E-02
    0.2238523424E+03    0.1984311580E-02
    0.2239993175E+03    0.1963686041E-02
    0.2241462926E+03    0.1942625726E-02
    0.2242932677E+03    0.1921139898E-02
    0.2244402428E+03    0.1899237885E-02
    0.2245872179E+03    0.1876929078E-02
    0.2247341930E+03    0.1854222928E-02
    0.2248811681E+03    0.1831128938E-02
    0.2250281432E+03    0.1807656669E-02
    0.2251751183E+03    0.1783815726E-02
    0.2253220934E+03    0.1759615762E-02
    0.2254690685E+03    0.1735066472E-02
    0.2256160435E+03    0.1710177591E-02
    0.2257630186E+03    0.1684958890E-02
    0.2259099937E+03    0.1659420172E-02
    0.2260569688E+03    0.1633571270E-02
    0.2262039439E+03    0.1607422043E-02
    0.2263509190E+03    0.1580982372E-02
    0.2264978941E+03    0.1554262162E-02
    0.2266448692E+03    0.1527271330E-02
    0.2267918443E+03    0.1500019809E-02
    0.2269388194E+03    0.1472517542E-02
    0.2270857945E+03    0.1444774480E-02
    0.2272327696E+03    0.1416800577E-02
    0.2273797447E+03    0.1388605789E-02
    0.2275267198E+03    0.1360200071E-02
    0.2276736949E+03    0.1331593370E-02
    0.2278206700E+03    0.1302795629E-02
    0.2279676451E+03    0.1273816776E-02
    0.2281146202E+03    0.1244666729E-02
    0.2282615953E+03    0.1215355386E-02
    0.2284085703E+03    0.1185892627E-02
    0.2285555454E+03    0.1156288308E-02
    0.2287025205E+03    0.1126552261E-02
    0.2288494956E+03    0.1096694289E-02
    0.2289964707E+03    0.1066724162E-02
    0.2291434458E+03    0.1036651620E-02
    0.2292904209E+03    0.1006486361E-02
    0.2294373960E+03    0.9762380485E-03
    0.2295843711E+03    0.9459163007E-03
    0.2297313462E+03    0.9155306920E-03
    0.2298783213E+03    0.8850907492E-03
    0.2300252964E+03    0.8546059492E-03
    0.2301722715E+03    0.8240857161E-03
    0.2303192466E+03    0.7935394190E-03
    0.2304662217E+03    0.7629763691E-03
    0.2306131968E+03    0.7324058178E-03
    0.2307601719E+03    0.7018369538E-03
    0.2309071470E+03    0.6712789009E-03
    0.2310541221E+03    0.6407407156E-03
    0.2312010972E+03    0.6102313850E-03
    0.2313480722E+03    0.5797598243E-03
    0.2314950473E+03    0.5493348743E-03
    0.2316420224E+03    0.5189653000E-03
    0.2317889975E+03    0.4886597875E-03
    0.2319359726E+03    0.4584269427E-03
    0.2320829477E+03    0.4282752886E-03
    0.2322299228E+03    0.3982132637E-03
    0.2323768979E+03    0.3682492196E-03
    0.2325238730E+03    0.3383914194E-03
    0.2326708481E+03    0.3086480356E-03
    0.2328178232E+03    0.2790271483E-03
    0.2329647983E+03    0.2495367433E-03
    0.2331117734E+03    0.2201847103E-03
    0.2332587485E+03    0.1909788411E-03
    0.2334057236E+03    0.1619268281E-03
    0.2335526987E+03    0.1330362626E-03
    0.2336996738E+03    0.1043146329E-03
    0.2338466489E+03    0.7576932304E-04
    0.2339936240E+03    0.4740761100E-04
    0.2341405990E+03    0.1923666747E-04
    0.2342875741E+03   -0.8736445740E-05
    0.2344345492E+03   -0.3650477710E-04
    0.2345815243E+03   -0.6406148669E-04
    0.2347284994E+03   -0.9139984752E-04
    0.2348754745E+03   -0.1185132468E-03
    0.2350224496E+03   -0.1453951872E-03
    0.2351694247E+03   -0.1720392879E-03
    0.2353163998E+03   -0.1984392860E-03
    0.2354633749E+03   -0.2245890372E-03
    0.2356103500E+03   -0.2504825173E-03
    0.2357573251E+03   -0.2761138229E-03
    0.2359043002E+03   -0.3014771723E-03
    0.2360512753E+03   -0.3265669068E-03
    0.2361982504E+03   -0.3513774911E-03
    0.2363452255E+03   -0.3759035145E-03
    0.2364922006E+03   -0.4001396913E-03
    0.2366391757E+03   -0.4240808621E-03
    0.2367861508E+03   -0.4477219939E-03
    0.2369331259E+03   -0.4710581809E-03
    0.2370801009E+03   -0.4940846454E-03
    0.2372270760E+03   -0.5167967380E-03
    0.2373740511E+03   -0.5391899384E-03
    0.2375210262E+03   -0.5612598555E-03
    0.2376680013E+03   -0.5830022283E-03
    0.2378149764E+03   -0.6044129259E-03
    0.2379619515E+03   -0.6254879479E-03
    0.2381089266E+03   -0.6462234248E-03
    0.2382559017E+03   -0.6666156183E-03
    0.2384028768E+03   -0.6866609214E-03
    0.2385498519E+03   -0.7063558585E-03
    0.2386968270E+03   -0.7256970857E-03
    0.2388438021E+03   -0.7446813907E-03
    0.2389907772E+03   -0.7633056931E-03
    0.2391377523E+03   -0.7815670441E-03
    0.2392847274E+03   -0.7994626266E-03
    0.2394317025E+03   -0.8169897551E-03
    0.2395786776E+03   -0.8341458758E-03
    0.2397256527E+03   -0.8509285659E-03
    0.2398726278E+03   -0.8673355339E-03
    0.2400196028E+03   -0.8833646192E-03
    0.2401665779E+03   -0.8990137918E-03
    0.2403135530E+03   -0.9142811519E-03
    0.2404605281E+03   -0.9291649296E-03
    0.2406075032E+03   -0.9436634846E-03
    0.2407544783E+03   -0.9577753058E-03
    0.2409014534E+03   -0.9714990104E-03
    0.2410484285E+03   -0.9848333441E-03
    0.2411954036E+03   -0.9977771798E-03
    0.2413423787E+03   -0.1010329518E-02
    0.2414893538E+03   -0.1022489484E-02
    0.2416363289E+03   -0.1034256331E-02
    0.2417833040E+03   -0.1045629436E-02
    0.2419302791E+03   -0.1056608300E-02
    0.2420772542E+03   -0.1067192549E-02
    0.2422242293E+03   -0.1077381930E-02
    0.2423712044E+03   -0.1087176313E-02
    0.2425181795E+03   -0.1096575689E-02
    0.2426651546E+03   -0.1105580169E-02
    0.2428121296E+03   -0.1114189983E-02
    0.2429591047E+03   -0.1122405481E-02
    0.2431060798E+03   -0.1130227128E-02
    0.2432530549E+03   -0.1137655507E-02
    0.2434000300E+03   -0.1144691316E-02
    0.2435470051E+03   -0.1151335367E-02
    0.2436939802E+03   -0.1157588586E-02
    0.2438409553E+03   -0.1163452010E-02
    0.2439879304E+03   -0.1168926787E-02
    0.2441349055E+03   -0.1174014176E-02
    0.2442818806E+03   -0.1178715544E-02
    0.2444288557E+03   -0.1183032364E-02
    0.2445758308E+03   -0.1186966217E-02
    0.2447228059E+03   -0.1190518789E-02
    0.2448697810E+03   -0.1193691866E-02
    0.2450167561E+03   -0.1196487342E-02
    0.2451637312E+03   -0.1198907207E-02
    0.2453107063E+03   -0.1200953552E-02
    0.2454576814E+03   -0.1202628567E-02
    0.2456046565E+03   -0.1203934539E-02
    0.2457516315E+03   -0.1204873848E-02
    0.2458986066E+03   -0.1205448970E-02
    0.2460455817E+03   -0.1205662474E-02
    0.2461925568E+03   -0.1205517017E-02
    0.2463395319E+03   -0.1205015348E-02
    0.2464865070E+03   -0.1204160303E-02
    0.2466334821E+03   -0.1202954805E-02
    0.2467804572E+03   -0.1201401861E-02
    0.2469274323E+03   -0.1199504562E-02
    0.2470744074E+03   -0.1197266081E-02
    0.2472213825E+03   -0.1194689669E-02
    0.2473683576E+03   -0.1191778659E-02
    0.2475153327E+03   -0.1188536457E-02
    0.2476623078E+03   -0.1184966549E-02
    0.2478092829E+03   -0.1181072490E-02
    0.2479562580E+03   -0.1176857910E-02
    0.2481032331E+03   -0.1172326508E-02
    0.2482502082E+03   -0.1167482052E-02
    0.2483971833E+03   -0.1162328378E-02
    0.2485441584E+03   -0.1156869385E-02
    0.2486911334E+03   -0.1151109039E-02
    0.2488381085E+03   -0.1145051365E-02
    0.2489850836E+03   -0.1138700448E-02
    0.2491320587E+03   -0.1132060435E-02
    0.2492790338E+03   -0.1125135526E-02
    0.2494260089E+03   -0.1117929978E-02
    0.2495729840E+03   -0.1110448100E-02
    0.2497199591E+03   -0.1102694255E-02
    0.2498669342E+03   -0.1094672854E-02
    0.2500139093E+03   -0.1086388356E-02
    0.2501608844E+03   -0.1077845267E-02
    0.2503078595E+03   -0.1069048138E-02
    0.2504548346E+03   -0.1060001561E-02
    0.2506018097E+03   -0.1050710172E-02
    0.2507487848E+03   -0.1041178645E-02
    0.2508957599E+03   -0.1031411690E-02
    0.2510427350E+03   -0.1021414056E-02
    0.2511897101E+03   -0.1011190525E-02
    0.2513366852E+03   -0.1000745910E-02
    0.2514836602E+03   -0.9900850562E-03
    0.2516306353E+03   -0.9792128379E-03
    0.2517776104E+03   -0.9681341561E-03
    0.2519245855E+03   -0.9568539374E-03
    0.2520715606E+03   -0.9453771322E-03
    0.2522185357E+03   -0.9337087133E-03
    0.2523655108E+03   -0.9218536735E-03
    0.2525124859E+03   -0.9098170246E-03
    0.2526594610E+03   -0.8976037952E-03
    0.2528064361E+03   -0.8852190294E-03
    0.2529534112E+03   -0.8726677848E-03
    0.2531003863E+03   -0.8599551311E-03
    0.2532473614E+03   -0.8470861482E-03
    0.2533943365E+03   -0.8340659246E-03
    0.2535413116E+03   -0.8208995562E-03
    0.2536882867E+03   -0.8075921438E-03
    0.2538352618E+03   -0.7941487923E-03
    0.2539822369E+03   -0.7805746086E-03
    0.2541292120E+03   -0.7668747004E-03
    0.2542761871E+03   -0.7530541741E-03
    0.2544231621E+03   -0.7391181337E-03
    0.2545701372E+03   -0.7250716789E-03
    0.2547171123E+03   -0.7109199039E-03
    0.2548640874E+03   -0.6966678956E-03
    0.2550110625E+03   -0.6823207319E-03
    0.2551580376E+03   -0.6678834809E-03
    0.2553050127E+03   -0.6533611986E-03
    0.2554519878E+03   -0.6387589279E-03
    0.2555989629E+03   -0.6240816971E-03
    0.2557459380E+03   -0.6093345183E-03
    0.2558929131E+03   -0.5945223861E-03
    0.2560398882E+03   -0.5796502759E-03
    0.2561868633E+03   -0.5647231432E-03
    0.2563338384E+03   -0.5497459213E-03
    0.2564808135E+03   -0.5347235208E-03
    0.2566277886E+03   -0.5196608276E-03
    0.2567747637E+03   -0.5045627019E-03
    0.2569217388E+03   -0.4894339769E-03
    0.2570687139E+03   -0.4742794575E-03
    0.2572156889E+03   -0.4591039187E-03
    0.2573626640E+03   -0.4439121050E-03
    0.2575096391E+03   -0.4287087285E-03
    0.2576566142E+03   -0.4134984681E-03
    0.2578035893E+03   -0.3982859683E-03
    0.2579505644E+03   -0.3830758378E-03
    0.2580975395E+03   -0.3678726485E-03
    0.2582445146E+03   -0.3526809343E-03
    0.2583914897E+03   -0.3375051901E-03
    0.2585384648E+03   -0.3223498706E-03
    0.2586854399E+03   -0.3072193894E-03
    0.2588324150E+03   -0.2921181176E-03
    0.2589793901E+03   -0.2770503833E-03
    0.2591263652E+03   -0.2620204700E-03
    0.2592733403E+03   -0.2470326161E-03
    0.2594203154E+03   -0.2320910138E-03
    0.2595672905E+03   -0.2171998081E-03
    0.2597142656E+03   -0.2023630956E-03
    0.2598612407E+03   -0.1875849244E-03
    0.2600082158E+03   -0.1728692924E-03
    0.2601551908E+03   -0.1582201469E-03
    0.2603021659E+03   -0.1436413837E-03
    0.2604491410E+03   -0.1291368462E-03
    0.2605961161E+03   -0.1147103248E-03
    0.2607430912E+03   -0.1003655557E-03
    0.2608900663E+03   -0.8610622093E-04
    0.2610370414E+03   -0.7193594687E-04
    0.2611840165E+03   -0.5785830401E-04
    0.2613309916E+03   -0.4387680612E-04
    0.2614779667E+03   -0.2999490967E-04
    0.2616249418E+03   -0.1621601318E-04
    0.2617719169E+03   -0.2543456595E-05
    0.2619188920E+03    0.1101947923E-04
    0.2620658671E+03    0.2446957312E-04
    0.2622128422E+03    0.3780366410E-04
    0.2623598173E+03    0.5101865189E-04
    0.2625067924E+03    0.6411149742E-04
    0.2626537675E+03    0.7707922325E-04
    0.2628007426E+03    0.8991891401E-04
    0.2629477177E+03    0.1026277168E-03
    0.2630946927E+03    0.1152028418E-03
    0.2632416678E+03    0.1276415621E-03
    0.2633886429E+03    0.1399412146E-03
    0.2635356180E+03    0.1520992002E-03
    0.2636825931E+03    0.1641129839E-03
    0.2638295682E+03    0.1759800951E-03
    0.2639765433E+03    0.1876981281E-03
    0.2641235184E+03    0.1992647422E-03
    0.2642704935E+03    0.2106776617E-03
    0.2644174686E+03    0.2219346766E-03
    0.2645644437E+03    0.2330336420E-03
    0.2647114188E+03    0.2439724792E-03
    0.2648583939E+03    0.2547491749E-03
    0.2650053690E+03    0.2653617819E-03
    0.2651523441E+03    0.2758084189E-03
    0.2652993192E+03    0.2860872707E-03
    0.2654462943E+03    0.2961965882E-03
    0.2655932694E+03    0.3061346884E-03
    0.2657402445E+03    0.3158999543E-03
    0.2658872195E+03    0.3254908350E-03
    0.2660341946E+03    0.3349058457E-03
    0.2661811697E+03    0.3441435675E-03
    0.2663281448E+03    0.3532026472E-03
    0.2664751199E+03    0.3620817976E-03
    0.2666220950E+03    0.3707797970E-03
    0.2667690701E+03    0.3792954892E-03
    0.2669160452E+03    0.3876277832E-03
    0.2670630203E+03    0.3957756533E-03
    0.2672099954E+03    0.4037381386E-03
    0.2673569705E+03    0.4115143430E-03
    0.2675039456E+03    0.4191034346E-03
    0.2676509207E+03    0.4265046461E-03
    0.2677978958E+03    0.4337172737E-03
    0.2679448709E+03    0.4407406774E-03
    0.2680918460E+03    0.4475742805E-03
    0.2682388211E+03    0.4542175693E-03
    0.2683857962E+03    0.4606700926E-03
    0.2685327713E+03    0.4669314615E-03
    0.2686797464E+03    0.4730013491E-03
    0.2688267214E+03    0.4788794897E-03
    0.2689736965E+03    0.4845656789E-03
    0.2691206716E+03    0.4900597727E-03
    0.2692676467E+03    0.4953616875E-03
    0.2694146218E+03    0.5004713993E-03
    0.2695615969E+03    0.5053889433E-03
    0.2697085720E+03    0.5101144136E-03
    0.2698555471E+03    0.5146479622E-03
    0.2700025222E+03    0.5189897992E-03
    0.2701494973E+03    0.5231401916E-03
    0.2702964724E+03    0.5270994633E-03
    0.2704434475E+03    0.5308679939E-03
    0.2705904226E+03    0.5344462189E-03
    0.2707373977E+03    0.5378346283E-03
    0.2708843728E+03    0.5410337668E-03
    0.2710313479E+03    0.5440442325E-03
    0.2711783230E+03    0.5468666767E-03
    0.2713252981E+03    0.5495018030E-03
    0.2714722732E+03    0.5519503671E-03
    0.2716192483E+03    0.5542131754E-03
    0.2717662233E+03    0.5562910850E-03
    0.2719131984E+03    0.5581850027E-03
    0.2720601735E+03    0.5598958845E-03
    0.2722071486E+03    0.5614247346E-03
    0.2723541237E+03    0.5627726050E-03
    0.2725010988E+03    0.5639405947E-03
    0.2726480739E+03    0.5649298487E-03
    0.2727950490E+03    0.5657415577E-03
    0.2729420241E+03    0.5663769571E-03
    0.2730889992E+03    0.5668373262E-03
    0.2732359743E+03    0.5671239877E-03
    0.2733829494E+03    0.5672383065E-03
    0.2735299245E+03    0.5671816895E-03
    0.2736768996E+03    0.5669555843E-03
    0.2738238747E+03    0.5665614786E-03
    0.2739708498E+03    0.5660008996E-03
    0.2741178249E+03    0.5652754128E-03
    0.2742648000E+03    0.5643866216E-03
    0.2744117751E+03    0.5633361662E-03
    0.2745587501E+03    0.5621257228E-03
    0.2747057252E+03    0.5607570032E-03
    0.2748527003E+03    0.5592317533E-03
    0.2749996754E+03    0.5575517527E-03
    0.2751466505E+03    0.5557188138E-03
    0.2752936256E+03    0.5537347810E-03
    0.2754406007E+03    0.5516015297E-03
    0.2755875758E+03    0.5493209655E-03
    0.2757345509E+03    0.5468950237E-03
    0.2758815260E+03    0.5443256679E-03
    0.2760285011E+03    0.5416148894E-03
    0.2761754762E+03    0.5387647065E-03
    0.2763224513E+03    0.5357771635E-03
    0.2764694264E+03    0.5326543297E-03
    0.2766164015E+03    0.5293982988E-03
    0.2767633766E+03    0.5260111881E-03
    0.2769103517E+03    0.5224951372E-03
    0.2770573268E+03    0.5188523075E-03
    0.2772043019E+03    0.5150848815E-03
    0.2773512770E+03    0.5111950614E-03
    0.2774982520E+03    0.5071850688E-03
    0.2776452271E+03    0.5030571435E-03
    0.2777922022E+03    0.4988135428E-03
    0.2779391773E+03    0.4944565405E-03
    0.2780861524E+03    0.4899884264E-03
    0.2782331275E+03    0.4854115050E-03
    0.2783801026E+03    0.4807280949E-03
    0.2785270777E+03    0.4759405279E-03
    0.2786740528E+03    0.4710511484E-03
    0.2788210279E+03    0.4660623121E-03
    0.2789680030E+03    0.4609763855E-03
    0.2791149781E+03    0.4557957449E-03
    0.2792619532E+03    0.4505227760E-03
    0.2794089283E+03    0.4451598722E-03
    0.2795559034E+03    0.4397094349E-03
    0.2797028785E+03    0.4341738717E-03
    0.2798498536E+03    0.4285555962E-03
    0.2799968287E+03    0.4228570268E-03
    0.2801438038E+03    0.4170805865E-03
    0.2802907788E+03    0.4112287012E-03
    0.2804377539E+03    0.4053037998E-03
    0.2805847290E+03    0.3993083130E-03
    0.2807317041E+03    0.3932446723E-03
    0.2808786792E+03    0.3871153099E-03
    0.2810256543E+03    0.3809226573E-03
    0.2811726294E+03    0.3746691447E-03
    0.2813196045E+03    0.3683572005E-03
    0.2814665796E+03    0.3619892503E-03
    0.2816135547E+03    0.3555677164E-03
    0.2817605298E+03    0.3490950168E-03
    0.2819075049E+03    0.3425735645E-03
    0.2820544800E+03    0.3360057671E-03
    0.2822014551E+03    0.3293940258E-03
    0.2823484302E+03    0.3227407349E-03
    0.2824954053E+03    0.3160482807E-03
    0.2826423804E+03    0.3093190415E-03
    0.2827893555E+03    0.3025553862E-03
    0.2829363306E+03    0.2957596743E-03
    0.2830833057E+03    0.2889342547E-03
    0.2832302807E+03    0.2820814655E-03
    0.2833772558E+03    0.2752036329E-03
    0.2835242309E+03    0.2683030710E-03
    0.2836712060E+03    0.2613820808E-03
    0.2838181811E+03    0.2544429502E-03
    0.2839651562E+03    0.2474879525E-03
    0.2841121313E+03    0.2405193466E-03
    0.2842591064E+03    0.2335393760E-03
    0.2844060815E+03    0.2265502685E-03
    0.2845530566E+03    0.2195542353E-03
    0.2847000317E+03    0.2125534707E-03
    0.2848470068E+03    0.2055501515E-03
    0.2849939819E+03    0.1985464365E-03
    0.2851409570E+03    0.1915444660E-03
    0.2852879321E+03    0.1845463610E-03
    0.2854349072E+03    0.1775542231E-03
    0.2855818823E+03    0.1705701340E-03
    0.2857288574E+03    0.1635961545E-03
    0.2858758325E+03    0.1566343246E-03
    0.2860228076E+03    0.1496866629E-03
    0.2861697826E+03    0.1427551660E-03
    0.2863167577E+03    0.1358418082E-03
    0.2864637328E+03    0.1289485409E-03
    0.2866107079E+03    0.1220772925E-03
    0.2867576830E+03    0.1152299676E-03
    0.2869046581E+03    0.1084084471E-03
    0.2870516332E+03    0.1016145874E-03
    0.2871986083E+03    0.9485021994E-04
    0.2873455834E+03    0.8811715144E-04
    0.2874925585E+03    0.8141716297E-04
    0.2876395336E+03    0.7475200986E-04
    0.2877865087E+03    0.6812342134E-04
    0.2879334838E+03    0.6153310022E-04
    0.2880804589E+03    0.5498272257E-04
    0.2882274340E+03    0.4847393746E-04
    0.2883744091E+03    0.4200836664E-04
    0.2885213842E+03    0.3558760431E-04
    0.2886683593E+03    0.2921321682E-04
    0.2888153344E+03    0.2288674245E-04
    0.2889623094E+03    0.1660969116E-04
    0.2891092845E+03    0.1038354437E-04
    0.2892562596E+03    0.4209754716E-05
    0.2894032347E+03   -0.1910254100E-05
    0.2895502098E+03   -0.7975087551E-05
    0.2896971849E+03   -0.1398338045E-04
    0.2898441600E+03   -0.1993379712E-04
    0.2899911351E+03   -0.2582503156E-04
    0.2901381102E+03   -0.3165580760E-04
    0.2902850853E+03   -0.3742487902E-04
    0.2904320604E+03   -0.4313102970E-04
    0.2905790355E+03   -0.4877307374E-04
    0.2907260106E+03   -0.5434985555E-04
    0.2908729857E+03   -0.5986024994E-04
    0.2910199608E+03   -0.6530316225E-04
    0.2911669359E+03   -0.7067752838E-04
    0.2913139110E+03   -0.7598231487E-04
    0.2914608861E+03   -0.8121651896E-04
    0.2916078612E+03   -0.8637916865E-04
    0.2917548363E+03   -0.9146932269E-04
    0.2919018113E+03   -0.9648607065E-04
    0.2920487864E+03   -0.1014285329E-03
    0.2921957615E+03   -0.1062958607E-03
    0.2923427366E+03   -0.1110872360E-03
    0.2924897117E+03   -0.1158018717E-03
    0.2926366868E+03   -0.1204390113E-03
    0.2927836619E+03   -0.1249979292E-03
    0.2929306370E+03   -0.1294779304E-03
    0.2930776121E+03   -0.1338783507E-03
    0.2932245872E+03   -0.1381985563E-03
    0.2933715623E+03   -0.1424379440E-03
    0.2935185374E+03   -0.1465959410E-03
    0.2936655125E+03   -0.1506720049E-03
    0.2938124876E+03   -0.1546656235E-03
    0.2939594627E+03   -0.1585763148E-03
    0.2941064378E+03   -0.1624036267E-03
    0.2942534129E+03   -0.1661471371E-03
    0.2944003880E+03   -0.1698064537E-03
    0.2945473631E+03   -0.1733812136E-03
    0.2946943382E+03   -0.1768710837E-03
    0.2948413132E+03   -0.1802757601E-03
    0.2949882883E+03   -0.1835949679E-03
    0.2951352634E+03   -0.1868284613E-03
    0.2952822385E+03   -0.1899760233E-03
    0.2954292136E+03   -0.1930374656E-03
    0.2955761887E+03   -0.1960126281E-03
    0.2957231638E+03   -0.1989013792E-03
    0.2958701389E+03   -0.2017036150E-03
    0.2960171140E+03   -0.2044192596E-03
    0.2961640891E+03   -0.2070482646E-03
    0.2963110642E+03   -0.2095906089E-03
    0.2964580393E+03   -0.2120462986E-03
    0.2966050144E+03   -0.2144153665E-03
    0.2967519895E+03   -0.2166978721E-03
    0.2968989646E+03   -0.2188939012E-03
    0.2970459397E+03   -0.2210035657E-03
    0.2971929148E+03   -0.2230270033E-03
    0.2973398899E+03   -0.2249643774E-03
    0.2974868650E+03   -0.2268158763E-03
    0.2976338400E+03   -0.2285817136E-03
    0.2977808151E+03   -0.2302621274E-03
    0.2979277902E+03   -0.2318573803E-03
    0.2980747653E+03   -0.2333677590E-03
    0.2982217404E+03   -0.2347935737E-03
    0.2983687155E+03   -0.2361351584E-03
    0.2985156906E+03   -0.2373928702E-03
    0.2986626657E+03   -0.2385670888E-03
    0.2988096408E+03   -0.2396582166E-03
    0.2989566159E+03   -0.2406666781E-03
    0.2991035910E+03   -0.2415929197E-03
    0.2992505661E+03   -0.2424374093E-03
    0.2993975412E+03   -0.2432006358E-03
    0.2995445163E+03   -0.2438831092E-03
    0.2996914914E+03   -0.2444853598E-03
    0.2998384665E+03   -0.2450079380E-03
    0.2999854416E+03   -0.2454514139E-03
    0.3001324167E+03   -0.2458163773E-03
    0.3002793918E+03   -0.2461034366E-03
    0.3004263669E+03   -0.2463132194E-03
    0.3005733419E+03   -0.2464463711E-03
    0.3007203170E+03   -0.2465035553E-03
    0.3008672921E+03   -0.2464854533E-03
    0.3010142672E+03   -0.2463927633E-03
    0.3011612423E+03   -0.2462262005E-03
    0.3013082174E+03   -0.2459864965E-03
    0.3014551925E+03   -0.2456743991E-03
    0.3016021676E+03   -0.2452906714E-03
    0.3017491427E+03   -0.2448360923E-03
    0.3018961178E+03   -0.2443114552E-03
    0.3020430929E+03   -0.2437175683E-03
    0.3021900680E+03   -0.2430552538E-03
    0.3023370431E+03   -0.2423253476E-03
    0.3024840182E+03   -0.2415286992E-03
    0.3026309933E+03   -0.2406661709E-03
    0.3027779684E+03   -0.2397386375E-03
    0.3029249435E+03   -0.2387469863E-03
    0.3030719186E+03   -0.2376921161E-03
    0.3032188937E+03   -0.2365749372E-03
    0.3033658687E+03   -0.2353963710E-03
    0.3035128438E+03   -0.2341573495E-03
    0.3036598189E+03   -0.2328588149E-03
    0.3038067940E+03   -0.2315017193E-03
    0.3039537691E+03   -0.2300870242E-03
    0.3041007442E+03   -0.2286157002E-03
    0.3042477193E+03   -0.2270887265E-03
    0.3043946944E+03   -0.2255070908E-03
    0.3045416695E+03   -0.2238717885E-03
    0.3046886446E+03   -0.2221838226E-03
    0.3048356197E+03   -0.2204442031E-03
    0.3049825948E+03   -0.2186539471E-03
    0.3051295699E+03   -0.2168140776E-03
    0.3052765450E+03   -0.2149256239E-03
    0.3054235201E+03   -0.2129896208E-03
    0.3055704952E+03   -0.2110071084E-03
    0.3057174703E+03   -0.2089791315E-03
    0.3058644454E+03   -0.2069067395E-03
    0.3060114205E+03   -0.2047909859E-03
    0.3061583956E+03   -0.2026329278E-03
    0.3063053706E+03   -0.2004336258E-03
    0.3064523457E+03   -0.1981941434E-03
    0.3065993208E+03   -0.1959155469E-03
    0.3067462959E+03   -0.1935989048E-03
    0.3068932710E+03   -0.1912452873E-03
    0.3070402461E+03   -0.1888557664E-03
    0.3071872212E+03   -0.1864314153E-03
    0.3073341963E+03   -0.1839733079E-03
    0.3074811714E+03   -0.1814825188E-03
    0.3076281465E+03   -0.1789601227E-03
    0.3077751216E+03   -0.1764071940E-03
    0.3079220967E+03   -0.1738248067E-03
    0.3080690718E+03   -0.1712140340E-03
    0.3082160469E+03   -0.1685759478E-03
    0.3083630220E+03   -0.1659116185E-03
    0.3085099971E+03   -0.1632221148E-03
    0.3086569722E+03   -0.1605085032E-03
    0.3088039473E+03   -0.1577718476E-03
    0.3089509224E+03   -0.1550132093E-03
    0.3090978975E+03   -0.1522336464E-03
    0.3092448725E+03   -0.1494342136E-03
    0.3093918476E+03   -0.1466159620E-03
    0.3095388227E+03   -0.1437799386E-03
    0.3096857978E+03   -0.1409271861E-03
    0.3098327729E+03   -0.1380587427E-03
    0.3099797480E+03   -0.1351756417E-03
    0.3101267231E+03   -0.1322789112E-03
    0.3102736982E+03   -0.1293695741E-03
    0.3104206733E+03   -0.1264486473E-03
    0.3105676484E+03   -0.1235171419E-03
    0.3107146235E+03   -0.1205760628E-03
    0.3108615986E+03   -0.1176264082E-03
    0.3110085737E+03   -0.1146691699E-03
    0.3111555488E+03   -0.1117053325E-03
    0.3113025239E+03   -0.1087358733E-03
    0.3114494990E+03   -0.1057617623E-03
    0.3115964741E+03   -0.1027839616E-03
    0.3117434492E+03   -0.9980342547E-04
    0.3118904243E+03   -0.9682110002E-04
    0.3120373993E+03   -0.9383792290E-04
    0.3121843744E+03   -0.9085482316E-04
    0.3123313495E+03   -0.8787272102E-04
    0.3124783246E+03   -0.8489252769E-04
    0.3126252997E+03   -0.8191514511E-04
    0.3127722748E+03   -0.7894146579E-04
    0.3129192499E+03   -0.7597237262E-04
    0.3130662250E+03   -0.7300873865E-04
    0.3132132001E+03   -0.7005142695E-04
    0.3133601752E+03   -0.6710129039E-04
    0.3135071503E+03   -0.6415917148E-04
    0.3136541254E+03   -0.6122590223E-04
    0.3138011005E+03   -0.5830230392E-04
    0.3139480756E+03   -0.5538918703E-04
    0.3140950507E+03   -0.5248735101E-04
    0.3142420258E+03   -0.4959758414E-04
    0.3143890009E+03   -0.4672066345E-04
    0.3145359760E+03   -0.4385735451E-04
    0.3146829511E+03   -0.4100841131E-04
    0.3148299262E+03   -0.3817457617E-04
    0.3149769012E+03   -0.3535657957E-04
    0.3151238763E+03   -0.3255514006E-04
    0.3152708514E+03   -0.2977096412E-04
    0.3154178265E+03   -0.2700474608E-04
    0.3155648016E+03   -0.2425716799E-04
    0.3157117767E+03   -0.2152889955E-04
    0.3158587518E+03   -0.1882059797E-04
    0.3160057269E+03   -0.1613290793E-04
    0.3161527020E+03   -0.1346646146E-04
    0.3162996771E+03   -0.1082187789E-04
    0.3164466522E+03   -0.8199763738E-05
    0.3165936273E+03   -0.5600712668E-05
    0.3167406024E+03   -0.3025305416E-05
    0.3168875775E+03   -0.4741097306E-06
    0.3170345526E+03    0.2052319686E-05
    0.3171815277E+03    0.4553441228E-05
    0.3173285028E+03    0.7028726428E-05
    0.3174754779E+03    0.9477660009E-05
    0.3176224530E+03    0.1189973991E-04
    0.3177694281E+03    0.1429447733E-04
    0.3179164031E+03    0.1666139673E-04
    0.3180633782E+03    0.1900003592E-04
    0.3182103533E+03    0.2130994599E-04
    0.3183573284E+03    0.2359069139E-04
    0.3185043035E+03    0.2584184992E-04
    0.3186512786E+03    0.2806301273E-04
    0.3187982537E+03    0.3025378434E-04
    0.3189452288E+03    0.3241378260E-04
    0.3190922039E+03    0.3454263873E-04
    0.3192391790E+03    0.3663999727E-04
    0.3193861541E+03    0.3870551609E-04
    0.3195331292E+03    0.4073886636E-04
    0.3196801043E+03    0.4273973252E-04
    0.3198270794E+03    0.4470781227E-04
    0.3199740545E+03    0.4664281651E-04
    0.3201210296E+03    0.4854446934E-04
    0.3202680047E+03    0.5041250800E-04
    0.3204149798E+03    0.5224668281E-04
    0.3205619549E+03    0.5404675716E-04
    0.3207089299E+03    0.5581250744E-04
    0.3208559050E+03    0.5754372298E-04
    0.3210028801E+03    0.5924020599E-04
    0.3211498552E+03    0.6090177153E-04
    0.3212968303E+03    0.6252824740E-04
    0.3214438054E+03    0.6411947408E-04
    0.3215907805E+03    0.6567530471E-04
    0.3217377556E+03    0.6719560494E-04
    0.3218847307E+03    0.6868025289E-04
    0.3220317058E+03    0.7012913906E-04
    0.3221786809E+03    0.7154216627E-04
    0.3223256560E+03    0.7291924953E-04
    0.3224726311E+03    0.7426031596E-04
    0.3226196062E+03    0.7556530471E-04
    0.3227665813E+03    0.7683416687E-04
    0.3229135564E+03    0.7806686533E-04
    0.3230605315E+03    0.7926337472E-04
    0.3232075066E+03    0.8042368126E-04
    0.3233544817E+03    0.8154778271E-04
    0.3235014568E+03    0.8263568821E-04
    0.3236484318E+03    0.8368741816E-04
    0.3237954069E+03    0.8470300416E-04
    0.3239423820E+03    0.8568248884E-04
    0.3240893571E+03    0.8662592574E-04
    0.3242363322E+03    0.8753337922E-04
    0.3243833073E+03    0.8840492431E-04
    0.3245302824E+03    0.8924064658E-04
    0.3246772575E+03    0.9004064201E-04
    0.3248242326E+03    0.9080501689E-04
    0.3249712077E+03    0.9153388764E-04
    0.3251181828E+03    0.9222738067E-04
    0.3252651579E+03    0.9288563231E-04
    0.3254121330E+03    0.9350878860E-04
    0.3255591081E+03    0.9409700516E-04
    0.3257060832E+03    0.9465044709E-04
    0.3258530583E+03    0.9516928875E-04
    0.3260000334E+03    0.9565371370E-04
    0.3261470085E+03    0.9610391449E-04
    0.3262939836E+03    0.9652009251E-04
    0.3264409586E+03    0.9690245789E-04
    0.3265879337E+03    0.9725122928E-04
    0.3267349088E+03    0.9756663376E-04
    0.3268818839E+03    0.9784890665E-04
    0.3270288590E+03    0.9809829133E-04
    0.3271758341E+03    0.9831503915E-04
    0.3273228092E+03    0.9849940922E-04
    0.3274697843E+03    0.9865166826E-04
    0.3276167594E+03    0.9877209043E-04
    0.3277637345E+03    0.9886095723E-04
    0.3279107096E+03    0.9891855724E-04
    0.3280576847E+03    0.9894518604E-04
    0.3282046598E+03    0.9894114601E-04
    0.3283516349E+03    0.9890674617E-04
    0.3284986100E+03    0.9884230201E-04
    0.3286455851E+03    0.9874813535E-04
    0.3287925602E+03    0.9862457416E-04
    0.3289395353E+03    0.9847195237E-04
    0.3290865104E+03    0.9829060976E-04
    0.3292334855E+03    0.9808089173E-04
    0.3293804605E+03    0.9784314918E-04
    0.3295274356E+03    0.9757773834E-04
    0.3296744107E+03    0.9728502057E-04
    0.3298213858E+03    0.9696536223E-04
    0.3299683609E+03    0.9661913451E-04
    0.3301153360E+03    0.9624671322E-04
    0.3302623111E+03    0.9584847870E-04
    0.3304092862E+03    0.9542481559E-04
    0.3305562613E+03    0.9497611267E-04
    0.3307032364E+03    0.9450276273E-04
    0.3308502115E+03    0.9400516240E-04
    0.3309971866E+03    0.9348371194E-04
    0.3311441617E+03    0.9293881512E-04
    0.3312911368E+03    0.9237087905E-04
    0.3314381119E+03    0.9178031400E-04
    0.3315850870E+03    0.9116753325E-04
    0.3317320621E+03    0.9053295292E-04
    0.3318790372E+03    0.8987699183E-04
    0.3320260123E+03    0.8920007130E-04
    0.3321729874E+03    0.8850261504E-04
    0.3323199624E+03    0.8778504894E-04
    0.3324669375E+03    0.8704780097E-04
    0.3326139126E+03    0.8629130094E-04
    0.3327608877E+03    0.8551598045E-04
    0.3329078628E+03    0.8472227263E-04
    0.3330548379E+03    0.8391061206E-04
    0.3332018130E+03    0.8308143460E-04
    0.3333487881E+03    0.8223517721E-04
    0.3334957632E+03    0.8137227781E-04
    0.3336427383E+03    0.8049317518E-04
    0.3337897134E+03    0.7959830873E-04
    0.3339366885E+03    0.7868811840E-04
    0.3340836636E+03    0.7776304454E-04
    0.3342306387E+03    0.7682352769E-04
    0.3343776138E+03    0.7587000851E-04
    0.3345245889E+03    0.7490292759E-04
    0.3346715640E+03    0.7392272535E-04
    0.3348185391E+03    0.7292984186E-04
    0.3349655142E+03    0.7192471673E-04
    0.3351124892E+03    0.7090778896E-04
    0.3352594643E+03    0.6987949682E-04
    0.3354064394E+03    0.6884027772E-04
    0.3355534145E+03    0.6779056804E-04
    0.3357003896E+03    0.6673080306E-04
    0.3358473647E+03    0.6566141678E-04
    0.3359943398E+03    0.6458284183E-04
    0.3361413149E+03    0.6349550931E-04
    0.3362882900E+03    0.6239984872E-04
    0.3364352651E+03    0.6129628778E-04
    0.3365822402E+03    0.6018525235E-04
    0.3367292153E+03    0.5906716632E-04
    0.3368761904E+03    0.5794245144E-04
    0.3370231655E+03    0.5681152728E-04
    0.3371701406E+03    0.5567481104E-04
    0.3373171157E+03    0.5453271752E-04
    0.3374640908E+03    0.5338565896E-04
    0.3376110659E+03    0.5223404494E-04
    0.3377580410E+03    0.5107828229E-04
    0.3379050161E+03    0.4991877499E-04
    0.3380519911E+03    0.4875592403E-04
    0.3381989662E+03    0.4759012739E-04
    0.3383459413E+03    0.4642177986E-04
    0.3384929164E+03    0.4525127299E-04
    0.3386398915E+03    0.4407899501E-04
    0.3387868666E+03    0.4290533069E-04
    0.3389338417E+03    0.4173066131E-04
    0.3390808168E+03    0.4055536453E-04
    0.3392277919E+03    0.3937981432E-04
    0.3393747670E+03    0.3820438090E-04
    0.3395217421E+03    0.3702943061E-04
    0.3396687172E+03    0.3585532588E-04
    0.3398156923E+03    0.3468242515E-04
    0.3399626674E+03    0.3351108275E-04
    0.3401096425E+03    0.3234164888E-04
    0.3402566176E+03    0.3117446952E-04
    0.3404035927E+03    0.3000988637E-04
    0.3405505678E+03    0.2884823676E-04
    0.3406975429E+03    0.2768985361E-04
    0.3408445180E+03    0.2653506538E-04
    0.3409914930E+03    0.2538419598E-04
    0.3411384681E+03    0.2423756472E-04
    0.3412854432E+03    0.2309548628E-04
    0.3414324183E+03    0.2195827062E-04
    0.3415793934E+03    0.2082622297E-04
    0.3417263685E+03    0.1969964373E-04
    0.3418733436E+03    0.1857882848E-04
    0.3420203187E+03    0.1746406789E-04
    0.3421672938E+03    0.1635564771E-04
    0.3423142689E+03    0.1525384868E-04
    0.3424612440E+03    0.1415894657E-04
    0.3426082191E+03    0.1307121207E-04
    0.3427551942E+03    0.1199091079E-04
    0.3429021693E+03    0.1091830322E-04
    0.3430491444E+03    0.9853644699E-05
    0.3431961195E+03    0.8797185401E-05
    0.3433430946E+03    0.7749170279E-05
    0.3434900697E+03    0.6709839064E-05
    0.3436370448E+03    0.5679426233E-05
    0.3437840198E+03    0.4658160991E-05
    0.3439309949E+03    0.3646267249E-05
    0.3440779700E+03    0.2643963610E-05
    0.3442249451E+03    0.1651463354E-05
    0.3443719202E+03    0.6689744210E-06
    0.3445188953E+03   -0.3033005954E-06
    0.3446658704E+03   -0.1265164461E-05
    0.3448128455E+03   -0.2216425306E-05
    0.3449598206E+03   -0.3156896635E-05
    0.3451067957E+03   -0.4086397326E-05
    0.3452537708E+03   -0.5004751635E-05
    0.3454007459E+03   -0.5911789197E-05
    0.3455477210E+03   -0.6807345026E-05
    0.3456946961E+03   -0.7691259506E-05
    0.3458416712E+03   -0.8563378393E-05
    0.3459886463E+03   -0.9423552806E-05
    0.3461356214E+03   -0.1027163922E-04
    0.3462825965E+03   -0.1110749945E-04
    0.3464295716E+03   -0.1193100065E-04
    0.3465765467E+03   -0.1274201529E-04
    0.3467235217E+03   -0.1354042116E-04
    0.3468704968E+03   -0.1432610131E-04
    0.3470174719E+03   -0.1509894410E-04
    0.3471644470E+03   -0.1585884312E-04
    0.3473114221E+03   -0.1660569718E-04
    0.3474583972E+03   -0.1733941033E-04
    0.3476053723E+03   -0.1805989179E-04
    0.3477523474E+03   -0.1876705595E-04
    0.3478993225E+03   -0.1946082231E-04
    0.3480462976E+03   -0.2014111552E-04
    0.3481932727E+03   -0.2080786525E-04
    0.3483402478E+03   -0.2146100627E-04
    0.3484872229E+03   -0.2210047834E-04
    0.3486341980E+03   -0.2272622620E-04
    0.3487811731E+03   -0.2333819954E-04
    0.3489281482E+03   -0.2393635296E-04
    0.3490751233E+03   -0.2452064594E-04
    0.3492220984E+03   -0.2509104279E-04
    0.3493690735E+03   -0.2564751261E-04
    0.3495160485E+03   -0.2619002926E-04
    0.3496630236E+03   -0.2671857133E-04
    0.3498099987E+03   -0.2723312206E-04
    0.3499569738E+03   -0.2773366933E-04
    0.3501039489E+03   -0.2822020559E-04
    0.3502509240E+03   -0.2869272783E-04
    0.3503978991E+03   -0.2915123755E-04
    0.3505448742E+03   -0.2959574065E-04
    0.3506918493E+03   -0.3002624747E-04
    0.3508388244E+03   -0.3044277267E-04
    0.3509857995E+03   -0.3084533518E-04
    0.3511327746E+03   -0.3123395822E-04
    0.3512797497E+03   -0.3160866917E-04
    0.3514267248E+03   -0.3196949953E-04
    0.3515736999E+03   -0.3231648492E-04
    0.3517206750E+03   -0.3264966495E-04
    0.3518676501E+03   -0.3296908324E-04
    0.3520146252E+03   -0.3327478728E-04
    0.3521616003E+03   -0.3356682846E-04
    0.3523085754E+03   -0.3384526194E-04
    0.3524555504E+03   -0.3411014664E-04
    0.3526025255E+03   -0.3436154517E-04
    0.3527495006E+03   -0.3459952374E-04
    0.3528964757E+03   -0.3482415214E-04
    0.3530434508E+03   -0.3503550368E-04
    0.3531904259E+03   -0.3523365508E-04
    0.3533374010E+03   -0.3541868646E-04
    0.3534843761E+03   -0.3559068128E-04
    0.3536313512E+03   -0.3574972621E-04
    0.3537783263E+03   -0.3589591117E-04
    0.3539253014E+03   -0.3602932917E-04
    0.3540722765E+03   -0.3615007631E-04
    0.3542192516E+03   -0.3625825169E-04
    0.3543662267E+03   -0.3635395736E-04
    0.3545132018E+03   -0.3643729822E-04
    0.3546601769E+03   -0.3650838202E-04
    0.3548071520E+03   -0.3656731923E-04
    0.3549541271E+03   -0.3661422302E-04
    0.3551011022E+03   -0.3664920915E-04
    0.3552480773E+03   -0.3667239597E-04
    0.3553950523E+03   -0.3668390429E-04
    0.3555420274E+03   -0.3668385735E-04
    0.3556890025E+03   -0.3667238075E-04
    0.3558359776E+03   -0.3664960236E-04
    0.3559829527E+03   -0.3661565230E-04
    0.3561299278E+03   -0.3657066282E-04
    0.3562769029E+03   -0.3651476830E-04
    0.3564238780E+03   -0.3644810511E-04
    0.3565708531E+03   -0.3637081159E-04
    0.3567178282E+03   -0.3628302798E-04
    0.3568648033E+03   -0.3618489636E-04
    0.3570117784E+03   -0.3607656056E-04
    0.3571587535E+03   -0.3595816609E-04
    0.3573057286E+03   -0.3582986014E-04
    0.3574527037E+03   -0.3569179142E-04
    0.3575996788E+03   -0.3554411017E-04
    0.3577466539E+03   -0.3538696807E-04
    0.3578936290E+03   -0.3522051816E-04
    0.3580406041E+03   -0.3504491478E-04
    0.3581875791E+03   -0.3486031356E-04
    0.3583345542E+03   -0.3466687126E-04
    0.3584815293E+03   -0.3446474579E-04
    0.3586285044E+03   -0.3425409611E-04
    0.3587754795E+03   -0.3403508216E-04
    0.3589224546E+03   -0.3380786482E-04
    0.3590694297E+03   -0.3357260584E-04
    0.3592164048E+03   -0.3332946778E-04
    0.3593633799E+03   -0.3307861394E-04
    0.3595103550E+03   -0.3282020829E-04
    0.3596573301E+03   -0.3255441544E-04
    0.3598043052E+03   -0.3228140058E-04
    0.3599512803E+03   -0.3200132936E-04
    0.3600982554E+03   -0.3171436792E-04
    0.3602452305E+03   -0.3142068277E-04
    0.3603922056E+03   -0.3112044073E-04
    0.3605391807E+03   -0.3081380893E-04
    0.3606861558E+03   -0.3050095468E-04
    0.3608331309E+03   -0.3018204546E-04
    0.3609801060E+03   -0.2985724886E-04
    0.3611270810E+03   -0.2952673251E-04
    0.3612740561E+03   -0.2919066403E-04
    0.3614210312E+03   -0.2884921098E-04
    0.3615680063E+03   -0.2850254081E-04
    0.3617149814E+03   -0.2815082080E-04
    0.3618619565E+03   -0.2779421799E-04
    0.3620089316E+03   -0.2743289917E-04
    0.3621559067E+03   -0.2706703080E-04
    0.3623028818E+03   -0.2669677897E-04
    0.3624498569E+03   -0.2632230934E-04
    0.3625968320E+03   -0.2594378710E-04
    0.3627438071E+03   -0.2556137692E-04
    0.3628907822E+03   -0.2517524290E-04
    0.3630377573E+03   -0.2478554853E-04
    0.3631847324E+03   -0.2439245663E-04
    0.3633317075E+03   -0.2399612931E-04
    0.3634786826E+03   -0.2359672796E-04
    0.3636256577E+03   -0.2319441313E-04
    0.3637726328E+03   -0.2278934456E-04
    0.3639196079E+03   -0.2238168109E-04
    0.3640665829E+03   -0.2197158066E-04
    0.3642135580E+03   -0.2155920023E-04
    0.3643605331E+03   -0.2114469575E-04
    0.3645075082E+03   -0.2072822214E-04
    0.3646544833E+03   -0.2030993324E-04
    0.3648014584E+03   -0.1988998174E-04
    0.3649484335E+03   -0.1946851921E-04
    0.3650954086E+03   -0.1904569600E-04
    0.3652423837E+03   -0.1862166124E-04
    0.3653893588E+03   -0.1819656280E-04
    0.3655363339E+03   -0.1777054724E-04
    0.3656833090E+03   -0.1734375980E-04
    0.3658302841E+03   -0.1691634434E-04
    0.3659772592E+03   -0.1648844334E-04
    0.3661242343E+03   -0.1606019785E-04
    0.3662712094E+03   -0.1563174746E-04
    0.3664181845E+03   -0.1520323027E-04
    0.3665651596E+03   -0.1477478287E-04
    0.3667121347E+03   -0.1434654032E-04
    0.3668591097E+03   -0.1391863609E-04
    0.3670060848E+03   -0.1349120207E-04
    0.3671530599E+03   -0.1306436853E-04
    0.3673000350E+03   -0.1263826409E-04
    0.3674470101E+03   -0.1221301571E-04
    0.3675939852E+03   -0.1178874864E-04
    0.3677409603E+03   -0.1136558645E-04
    0.3678879354E+03   -0.1094365096E-04
    0.3680349105E+03   -0.1052306223E-04
    0.3681818856E+03   -0.1010393855E-04
    0.3683288607E+03   -0.9686396434E-05
    0.3684758358E+03   -0.9270550565E-05
    0.3686228109E+03   -0.8856513811E-05
    0.3687697860E+03   -0.8444397195E-05
    0.3689167611E+03   -0.8034309880E-05
    0.3690637362E+03   -0.7626359158E-05
    0.3692107113E+03   -0.7220650429E-05
    0.3693576864E+03   -0.6817287197E-05
    0.3695046615E+03   -0.6416371051E-05
    0.3696516366E+03   -0.6018001654E-05
    0.3697986116E+03   -0.5622276736E-05
    0.3699455867E+03   -0.5229292077E-05
    0.3700925618E+03   -0.4839141506E-05
    0.3702395369E+03   -0.4451916886E-05
    0.3703865120E+03   -0.4067708107E-05
    0.3705334871E+03   -0.3686603081E-05
    0.3706804622E+03   -0.3308687736E-05
    0.3708274373E+03   -0.2934046005E-05
    0.3709744124E+03   -0.2562759827E-05
    0.3711213875E+03   -0.2194909141E-05
    0.3712683626E+03   -0.1830571879E-05
    0.3714153377E+03   -0.1469823969E-05
    0.3715623128E+03   -0.1112739326E-05
    0.3717092879E+03   -0.7593898582E-06
    0.3718562630E+03   -0.4098454584E-06
    0.3720032381E+03   -0.6417400930E-07
    0.3721502132E+03    0.2775586185E-06
    0.3722971883E+03    0.6152885646E-06
    0.3724441634E+03    0.9489539772E-06
    0.3725911384E+03    0.1278495011E-05
    0.3727381135E+03    0.1603853822E-05
    0.3728850886E+03    0.1924974569E-05
    0.3730320637E+03    0.2241803404E-05
    0.3731790388E+03    0.2554288467E-05
    0.3733260139E+03    0.2862379886E-05
    0.3734729890E+03    0.3166029767E-05
    0.3736199641E+03    0.3465192187E-05
    0.3737669392E+03    0.3759823188E-05
    0.3739139143E+03    0.4049880768E-05
    0.3740608894E+03    0.4335324876E-05
    0.3742078645E+03    0.4616117397E-05
    0.3743548396E+03    0.4892222148E-05
    0.3745018147E+03    0.5163604867E-05
    0.3746487898E+03    0.5430233199E-05
    0.3747957649E+03    0.5692076691E-05
    0.3749427400E+03    0.5949106773E-05
    0.3750897151E+03    0.6201296753E-05
    0.3752366902E+03    0.6448621799E-05
    0.3753836653E+03    0.6691058932E-05
    0.3755306403E+03    0.6928587006E-05
    0.3756776154E+03    0.7161186698E-05
    0.3758245905E+03    0.7388840494E-05
    0.3759715656E+03    0.7611532671E-05
    0.3761185407E+03    0.7829249285E-05
    0.3762655158E+03    0.8041978155E-05
    0.3764124909E+03    0.8249708846E-05
    0.3765594660E+03    0.8452432651E-05
    0.3767064411E+03    0.8650142579E-05
    0.3768534162E+03    0.8842833332E-05
    0.3770003913E+03    0.9030501293E-05
    0.3771473664E+03    0.9213144504E-05
    0.3772943415E+03    0.9390762650E-05
    0.3774413166E+03    0.9563357038E-05
    0.3775882917E+03    0.9730930583E-05
    0.3777352668E+03    0.9893487781E-05
    0.3778822419E+03    0.1005103470E-04
    0.3780292170E+03    0.1020357895E-04
    0.3781761921E+03    0.1035112966E-04
    0.3783231672E+03    0.1049369749E-04
    0.3784701422E+03    0.1063129455E-04
    0.3786171173E+03    0.1076393445E-04
    0.3787640924E+03    0.1089163221E-04
    0.3789110675E+03    0.1101440430E-04
    0.3790580426E+03    0.1113226857E-04
    0.3792050177E+03    0.1124524425E-04
    0.3793519928E+03    0.1135335195E-04
    0.3794989679E+03    0.1145661358E-04
    0.3796459430E+03    0.1155505238E-04
    0.3797929181E+03    0.1164869288E-04
    0.3799398932E+03    0.1173756088E-04
    0.3800868683E+03    0.1182168341E-04
    0.3802338434E+03    0.1190108873E-04
    0.3803808185E+03    0.1197580628E-04
    0.3805277936E+03    0.1204586671E-04
    0.3806747687E+03    0.1211130179E-04
    0.3808217438E+03    0.1217214442E-04
    0.3809687189E+03    0.1222842861E-04
    0.3811156940E+03    0.1228018945E-04
    0.3812626690E+03    0.1232746308E-04
    0.3814096441E+03    0.1237028668E-04
    0.3815566192E+03    0.1240869842E-04
    0.3817035943E+03    0.1244273749E-04
    0.3818505694E+03    0.1247244399E-04
    0.3819975445E+03    0.1249785899E-04
    0.3821445196E+03    0.1251902446E-04
    0.3822914947E+03    0.1253598326E-04
    0.3824384698E+03    0.1254877911E-04
    0.3825854449E+03    0.1255745657E-04
    0.3827324200E+03    0.1256206102E-04
    0.3828793951E+03    0.1256263861E-04
    0.3830263702E+03    0.1255923627E-04
    0.3831733453E+03    0.1255190168E-04
    0.3833203204E+03    0.1254068322E-04
    0.3834672955E+03    0.1252562998E-04
    0.3836142706E+03    0.1250679170E-04
    0.3837612457E+03    0.1248421879E-04
    0.3839082208E+03    0.1245796225E-04
    0.3840551959E+03    0.1242807371E-04
    0.3842021709E+03    0.1239460534E-04
    0.3843491460E+03    0.1235760990E-04
    0.3844961211E+03    0.1231714064E-04
    0.3846430962E+03    0.1227325132E-04
    0.3847900713E+03    0.1222599621E-04
    0.3849370464E+03    0.1217543000E-04
    0.3850840215E+03    0.1212160782E-04
    0.3852309966E+03    0.1206458522E-04
    0.3853779717E+03    0.1200441813E-04
    0.3855249468E+03    0.1194116285E-04
    0.3856719219E+03    0.1187487602E-04
    0.3858188970E+03    0.1180561459E-04
    0.3859658721E+03    0.1173343582E-04
    0.3861128472E+03    0.1165839723E-04
    0.3862598223E+03    0.1158055660E-04
    0.3864067974E+03    0.1149997195E-04
    0.3865537725E+03    0.1141670148E-04
    0.3867007476E+03    0.1133080361E-04
    0.3868477227E+03    0.1124233692E-04
    0.3869946978E+03    0.1115136011E-04
    0.3871416728E+03    0.1105793203E-04
    0.3872886479E+03    0.1096211162E-04
    0.3874356230E+03    0.1086395791E-04
    0.3875825981E+03    0.1076352998E-04
    0.3877295732E+03    0.1066088698E-04
    0.3878765483E+03    0.1055608805E-04
    0.3880235234E+03    0.1044919235E-04
    0.3881704985E+03    0.1034025902E-04
    0.3883174736E+03    0.1022934716E-04
    0.3884644487E+03    0.1011651583E-04
    0.3886114238E+03    0.1000182400E-04
    0.3887583989E+03    0.9885330552E-05
    0.3889053740E+03    0.9767094262E-05
    0.3890523491E+03    0.9647173775E-05
    0.3891993242E+03    0.9525627592E-05
    0.3893462993E+03    0.9402514047E-05
    0.3894932744E+03    0.9277891298E-05
    0.3896402495E+03    0.9151817302E-05
    0.3897872246E+03    0.9024349802E-05
    0.3899341996E+03    0.8895546313E-05
    0.3900811747E+03    0.8765464101E-05
    0.3902281498E+03    0.8634160169E-05
    0.3903751249E+03    0.8501691242E-05
    0.3905221000E+03    0.8368113752E-05
    0.3906690751E+03    0.8233483823E-05
    0.3908160502E+03    0.8097857253E-05
    0.3909630253E+03    0.7961289504E-05
    0.3911100004E+03    0.7823835685E-05
    0.3912569755E+03    0.7685550539E-05
    0.3914039506E+03    0.7546488429E-05
    0.3915509257E+03    0.7406703324E-05
    0.3916979008E+03    0.7266248790E-05
    0.3918448759E+03    0.7125177969E-05
    0.3919918510E+03    0.6983543575E-05
    0.3921388261E+03    0.6841397877E-05
    0.3922858012E+03    0.6698792689E-05
    0.3924327763E+03    0.6555779356E-05
    0.3925797514E+03    0.6412408746E-05
    0.3927267265E+03    0.6268731237E-05
    0.3928737015E+03    0.6124796705E-05
    0.3930206766E+03    0.5980654517E-05
    0.3931676517E+03    0.5836353517E-05
    0.3933146268E+03    0.5691942020E-05
    0.3934616019E+03    0.5547467799E-05
    0.3936085770E+03    0.5402978078E-05
    0.3937555521E+03    0.5258519521E-05
    0.3939025272E+03    0.5114138226E-05
    0.3940495023E+03    0.4969879713E-05
    0.3941964774E+03    0.4825788919E-05
    0.3943434525E+03    0.4681910190E-05
    0.3944904276E+03    0.4538287270E-05
    0.3946374027E+03    0.4394963298E-05
    0.3947843778E+03    0.4251980800E-05
    0.3949313529E+03    0.4109381679E-05
    0.3950783280E+03    0.3967207213E-05
    0.3952253031E+03    0.3825498047E-05
    0.3953722782E+03    0.3684294187E-05
    0.3955192533E+03    0.3543634995E-05
    0.3956662283E+03    0.3403559181E-05
    0.3958132034E+03    0.3264104804E-05
    0.3959601785E+03    0.3125309262E-05
    0.3961071536E+03    0.2987209289E-05
    0.3962541287E+03    0.2849840951E-05
    0.3964011038E+03    0.2713239643E-05
    0.3965480789E+03    0.2577440084E-05
    0.3966950540E+03    0.2442476315E-05
    0.3968420291E+03    0.2308381692E-05
    0.3969890042E+03    0.2175188892E-05
    0.3971359793E+03    0.2042929899E-05
    0.3972829544E+03    0.1911636010E-05
    0.3974299295E+03    0.1781337831E-05
    0.3975769046E+03    0.1652065274E-05
    0.3977238797E+03    0.1523847554E-05
    0.3978708548E+03    0.1396713193E-05
    0.3980178299E+03    0.1270690013E-05
    0.3981648050E+03    0.1145805140E-05
    0.3983117801E+03    0.1022085000E-05
    0.3984587552E+03    0.8995553189E-06
    0.3986057302E+03    0.7782411263E-06
    0.3987527053E+03    0.6581667509E-06
    0.3988996804E+03    0.5393558232E-06
    0.3990466555E+03    0.4218312758E-06
    0.3991936306E+03    0.3056153443E-06
    0.3993406057E+03    0.1907295680E-06
    0.3994875808E+03    0.7719479146E-07
    0.3996345559E+03   -0.3496883396E-07
    0.3997815310E+03   -0.1457418486E-06
    0.3999285061E+03   -0.2551054825E-06
    0.4000754812E+03   -0.3630416533E-06
    0.4002224563E+03   -0.4695329639E-06
    0.4003694314E+03   -0.5745626997E-06
    0.4005164065E+03   -0.6781148263E-06
    0.4006633816E+03   -0.7801739865E-06
    0.4008103567E+03   -0.8807254968E-06
    0.4009573318E+03   -0.9797553445E-06
    0.4011043069E+03   -0.1077250184E-05
    0.4012512820E+03   -0.1173197334E-05
    0.4013982571E+03   -0.1267584771E-05
    0.4015452321E+03   -0.1360401130E-05
    0.4016922072E+03   -0.1451635695E-05
    0.4018391823E+03   -0.1541278398E-05
    0.4019861574E+03   -0.1629319814E-05
    0.4021331325E+03   -0.1715751156E-05
    0.4022801076E+03   -0.1800564269E-05
    0.4024270827E+03   -0.1883751628E-05
    0.4025740578E+03   -0.1965306330E-05
    0.4027210329E+03   -0.2045222090E-05
    0.4028680080E+03   -0.2123493235E-05
    0.4030149831E+03   -0.2200114698E-05
    0.4031619582E+03   -0.2275082015E-05
    0.4033089333E+03   -0.2348391317E-05
    0.4034559084E+03   -0.2420039322E-05
    0.4036028835E+03   -0.2490023334E-05
    0.4037498586E+03   -0.2558341232E-05
    0.4038968337E+03   -0.2624991467E-05
    0.4040438088E+03   -0.2689973054E-05
    0.4041907839E+03   -0.2753285565E-05
    0.4043377589E+03   -0.2814929124E-05
    0.4044847340E+03   -0.2874904399E-05
    0.4046317091E+03   -0.2933212595E-05
    0.4047786842E+03   -0.2989855448E-05
    0.4049256593E+03   -0.3044835218E-05
    0.4050726344E+03   -0.3098154680E-05
    0.4052196095E+03   -0.3149817119E-05
    0.4053665846E+03   -0.3199826321E-05
    0.4055135597E+03   -0.3248186568E-05
    0.4056605348E+03   -0.3294902628E-05
    0.4058075099E+03   -0.3339979748E-05
    0.4059544850E+03   -0.3383423648E-05
    0.4061014601E+03   -0.3425240511E-05
    0.4062484352E+03   -0.3465436976E-05
    0.4063954103E+03   -0.3504020134E-05
    0.4065423854E+03   -0.3540997512E-05
    0.4066893605E+03   -0.3576377075E-05
    0.4068363356E+03   -0.3610167208E-05
    0.4069833107E+03   -0.3642376717E-05
    0.4071302858E+03   -0.3673014814E-05
    0.4072772608E+03   -0.3702091115E-05
    0.4074242359E+03   -0.3729615627E-05
    0.4075712110E+03   -0.3755598741E-05
    0.4077181861E+03   -0.3780051226E-05
    0.4078651612E+03   -0.3802984218E-05
    0.4080121363E+03   -0.3824409215E-05
    0.4081591114E+03   -0.3844338065E-05
    0.4083060865E+03   -0.3862782961E-05
    0.4084530616E+03   -0.3879756429E-05
    0.4086000367E+03   -0.3895271326E-05
    0.4087470118E+03   -0.3909340825E-05
    0.4088939869E+03   -0.3921978409E-05
    0.4090409620E+03   -0.3933197866E-05
    0.4091879371E+03   -0.3943013275E-05
    0.4093349122E+03   -0.3951439003E-05
    0.4094818873E+03   -0.3958489692E-05
    0.4096288624E+03   -0.3964180255E-05
    0.4097758375E+03   -0.3968525866E-05
    0.4099228126E+03   -0.3971541950E-05
    0.4100697877E+03   -0.3973244176E-05
    0.4102167627E+03   -0.3973648453E-05
    0.4103637378E+03   -0.3972770912E-05
    0.4105107129E+03   -0.3970627909E-05
    0.4106576880E+03   -0.3967236009E-05
    0.4108046631E+03   -0.3962611980E-05
    0.4109516382E+03   -0.3956772788E-05
    0.4110986133E+03   -0.3949735584E-05
    0.4112455884E+03   -0.3941517700E-05
    0.4113925635E+03   -0.3932136637E-05
    0.4115395386E+03   -0.3921610062E-05
    0.4116865137E+03   -0.3909955797E-05
    0.4118334888E+03   -0.3897191811E-05
    0.4119804639E+03   -0.3883336213E-05
    0.4121274390E+03   -0.3868407245E-05
    0.4122744141E+03   -0.3852423273E-05
    0.4124213892E+03   -0.3835402779E-05
    0.4125683643E+03   -0.3817364357E-05
    0.4127153394E+03   -0.3798326699E-05
    0.4128623145E+03   -0.3778308593E-05
    0.4130092895E+03   -0.3757328916E-05
    0.4131562646E+03   -0.3735406621E-05
    0.4133032397E+03   -0.3712560735E-05
    0.4134502148E+03   -0.3688810349E-05
    0.4135971899E+03   -0.3664174614E-05
    0.4137441650E+03   -0.3638672730E-05
    0.4138911401E+03   -0.3612323941E-05
    0.4140381152E+03   -0.3585147527E-05
    0.4141850903E+03   -0.3557162800E-05
    0.4143320654E+03   -0.3528389094E-05
    0.4144790405E+03   -0.3498845759E-05
    0.4146260156E+03   -0.3468552156E-05
    0.4147729907E+03   -0.3437527648E-05
    0.4149199658E+03   -0.3405791595E-05
    0.4150669409E+03   -0.3373363349E-05
    0.4152139160E+03   -0.3340262245E-05
    0.4153608911E+03   -0.3306507594E-05
    0.4155078662E+03   -0.3272118682E-05
    0.4156548413E+03   -0.3237114759E-05
    0.4158018164E+03   -0.3201515034E-05
    0.4159487914E+03   -0.3165338671E-05
    0.4160957665E+03   -0.3128604782E-05
    0.4162427416E+03   -0.3091332420E-05
    0.4163897167E+03   -0.3053540576E-05
    0.4165366918E+03   -0.3015248171E-05
    0.4166836669E+03   -0.2976474054E-05
    0.4168306420E+03   -0.2937236992E-05
    0.4169776171E+03   -0.2897555667E-05
    0.4171245922E+03   -0.2857448674E-05
    0.4172715673E+03   -0.2816934509E-05
    0.4174185424E+03   -0.2776031571E-05
    0.4175655175E+03   -0.2734758153E-05
    0.4177124926E+03   -0.2693132439E-05
    0.4178594677E+03   -0.2651172496E-05
    0.4180064428E+03   -0.2608896276E-05
    0.4181534179E+03   -0.2566321604E-05
    0.4183003930E+03   -0.2523466181E-05
    0.4184473681E+03   -0.2480347573E-05
    0.4185943432E+03   -0.2436983211E-05
    0.4187413182E+03   -0.2393390384E-05
    0.4188882933E+03   -0.2349586240E-05
    0.4190352684E+03   -0.2305587776E-05
    0.4191822435E+03   -0.2261411838E-05
    0.4193292186E+03   -0.2217075117E-05
    0.4194761937E+03   -0.2172594142E-05
    0.4196231688E+03   -0.2127985283E-05
    0.4197701439E+03   -0.2083264741E-05
    0.4199171190E+03   -0.2038448549E-05
    0.4200640941E+03   -0.1993552567E-05
    0.4202110692E+03   -0.1948592479E-05
    0.4203580443E+03   -0.1903583790E-05
    0.4205050194E+03   -0.1858541824E-05
    0.4206519945E+03   -0.1813481720E-05
    0.4207989696E+03   -0.1768418430E-05
    0.4209459447E+03   -0.1723366716E-05
    0.4210929198E+03   -0.1678341149E-05
    0.4212398949E+03   -0.1633356103E-05
    0.4213868700E+03   -0.1588425756E-05
    0.4215338451E+03   -0.1543564087E-05
    0.4216808201E+03   -0.1498784875E-05
    0.4218277952E+03   -0.1454101691E-05
    0.4219747703E+03   -0.1409527906E-05
    0.4221217454E+03   -0.1365076681E-05
    0.4222687205E+03   -0.1320760966E-05
    0.4224156956E+03   -0.1276593506E-05
    0.4225626707E+03   -0.1232586828E-05
    0.4227096458E+03   -0.1188753248E-05
    0.4228566209E+03   -0.1145104867E-05
    0.4230035960E+03   -0.1101653569E-05
    0.4231505711E+03   -0.1058411021E-05
    0.4232975462E+03   -0.1015388670E-05
    0.4234445213E+03   -0.9725977449E-06
    0.4235914964E+03   -0.9300492523E-06
    0.4237384715E+03   -0.8877539783E-06
    0.4238854466E+03   -0.8457224862E-06
    0.4240324217E+03   -0.8039651164E-06
    0.4241793968E+03   -0.7624919856E-06
    0.4243263719E+03   -0.7213129865E-06
    0.4244733470E+03   -0.6804377870E-06
    0.4246203220E+03   -0.6398758301E-06
    0.4247672971E+03   -0.5996363336E-06
    0.4249142722E+03   -0.5597282898E-06
    0.4250612473E+03   -0.5201604657E-06
    0.4252082224E+03   -0.4809414023E-06
    0.4253551975E+03   -0.4420794153E-06
    0.4255021726E+03   -0.4035825950E-06
    0.4256491477E+03   -0.3654588062E-06
    0.4257961228E+03   -0.3277156890E-06
    0.4259430979E+03   -0.2903606585E-06
    0.4260900730E+03   -0.2534009059E-06
    0.4262370481E+03   -0.2168433983E-06
    0.4263840232E+03   -0.1806948797E-06
    0.4265309983E+03   -0.1449618714E-06
    0.4266779734E+03   -0.1096506728E-06
    0.4268249485E+03   -0.7476736213E-07
    0.4269719236E+03   -0.4031779709E-07
    0.4271188987E+03   -0.6307615950E-08
    0.4272658738E+03    0.2725776162E-07
    0.4274128488E+03    0.6037313355E-07
    0.4275598239E+03    0.9303351427E-07
    0.4277067990E+03    0.1252341336E-06
    0.4278537741E+03    0.1569704357E-06
    0.4280007492E+03    0.1882380775E-06
    0.4281477243E+03    0.2190329278E-06
    0.4282946994E+03    0.2493510657E-06
    0.4284416745E+03    0.2791887793E-06
    0.4285886496E+03    0.3085425640E-06
    0.4287356247E+03    0.3374091214E-06
    0.4288825998E+03    0.3657853574E-06
    0.4290295749E+03    0.3936683808E-06
    0.4291765500E+03    0.4210555015E-06
    0.4293235251E+03    0.4479442290E-06
    0.4294705002E+03    0.4743322703E-06
    0.4296174753E+03    0.5002175285E-06
    0.4297644504E+03    0.5255981008E-06
    0.4299114255E+03    0.5504722766E-06
    0.4300584006E+03    0.5748385356E-06
    0.4302053757E+03    0.5986955458E-06
    0.4303523507E+03    0.6220421617E-06
    0.4304993258E+03    0.6448774219E-06
    0.4306463009E+03    0.6672005474E-06
    0.4307932760E+03    0.6890109395E-06
    0.4309402511E+03    0.7103081772E-06
    0.4310872262E+03    0.7310920156E-06
    0.4312342013E+03    0.7513623832E-06
    0.4313811764E+03    0.7711193803E-06
    0.4315281515E+03    0.7903632759E-06
    0.4316751266E+03    0.8090945061E-06
    0.4318221017E+03    0.8273136715E-06
    0.4319690768E+03    0.8450215351E-06
    0.4321160519E+03    0.8622190193E-06
    0.4322630270E+03    0.8789072043E-06
    0.4324100021E+03    0.8950873252E-06
    0.4325569772E+03    0.9107607698E-06
    0.4327039523E+03    0.9259290759E-06
    0.4328509274E+03    0.9405939290E-06
    0.4329979025E+03    0.9547571599E-06
    0.4331448776E+03    0.9684207419E-06
    0.4332918526E+03    0.9815867886E-06
    0.4334388277E+03    0.9942575511E-06
    0.4335858028E+03    0.1006435416E-05
    0.4337327779E+03    0.1018122901E-05
    0.4338797530E+03    0.1029322655E-05
    0.4340267281E+03    0.1040037455E-05
    0.4341737032E+03    0.1050270200E-05
    0.4343206783E+03    0.1060023914E-05
    0.4344676534E+03    0.1069301739E-05
    0.4346146285E+03    0.1078106933E-05
    0.4347616036E+03    0.1086442871E-05
    0.4349085787E+03    0.1094313038E-05
    0.4350555538E+03    0.1101721027E-05
    0.4352025289E+03    0.1108670538E-05
    0.4353495040E+03    0.1115165377E-05
    0.4354964791E+03    0.1121209448E-05
    0.4356434542E+03    0.1126806755E-05
    0.4357904293E+03    0.1131961397E-05
    0.4359374044E+03    0.1136677566E-05
    0.4360843794E+03    0.1140959547E-05
    0.4362313545E+03    0.1144811710E-05
    0.4363783296E+03    0.1148238512E-05
    0.4365253047E+03    0.1151244491E-05
    0.4366722798E+03    0.1153834266E-05
    0.4368192549E+03    0.1156012535E-05
    0.4369662300E+03    0.1157784068E-05
    0.4371132051E+03    0.1159153709E-05
    0.4372601802E+03    0.1160126371E-05
    0.4374071553E+03    0.1160707034E-05
    0.4375541304E+03    0.1160900745E-05
    0.4377011055E+03    0.1160712608E-05
    0.4378480806E+03    0.1160147791E-05
    0.4379950557E+03    0.1159211518E-05
    0.4381420308E+03    0.1157909065E-05
    0.4382890059E+03    0.1156245762E-05
    0.4384359810E+03    0.1154226989E-05
    0.4385829561E+03    0.1151858171E-05
    0.4387299312E+03    0.1149144779E-05
    0.4388769063E+03    0.1146092326E-05
    0.4390238813E+03    0.1142706364E-05
    0.4391708564E+03    0.1138992482E-05
    0.4393178315E+03    0.1134956306E-05
    0.4394648066E+03    0.1130603493E-05
    0.4396117817E+03    0.1125939729E-05
    0.4397587568E+03    0.1120970731E-05
    0.4399057319E+03    0.1115702239E-05
    0.4400527070E+03    0.1110140016E-05
    0.4401996821E+03    0.1104289850E-05
    0.4403466572E+03    0.1098157543E-05
    0.4404936323E+03    0.1091748917E-05
    0.4406406074E+03    0.1085069807E-05
    0.4407875825E+03    0.1078126061E-05
    0.4409345576E+03    0.1070923535E-05
    0.4410815327E+03    0.1063468097E-05
    0.4412285078E+03    0.1055765618E-05
    0.4413754829E+03    0.1047821973E-05
    0.4415224580E+03    0.1039643041E-05
    0.4416694331E+03    0.1031234699E-05
    0.4418164081E+03    0.1022602821E-05
    0.4419633832E+03    0.1013753280E-05
    0.4421103583E+03    0.1004691941E-05
    0.4422573334E+03    0.9954246618E-06
    0.4424043085E+03    0.9859572891E-06
    0.4425512836E+03    0.9762956596E-06
    0.4426982587E+03    0.9664455958E-06
    0.4428452338E+03    0.9564129053E-06
    0.4429922089E+03    0.9462033786E-06
    0.4431391840E+03    0.9358227876E-06
    0.4432861591E+03    0.9252768837E-06
    0.4434331342E+03    0.9145713963E-06
    0.4435801093E+03    0.9037120312E-06
    0.4437270844E+03    0.8927044686E-06
    0.4438740595E+03    0.8815543622E-06
    0.4440210346E+03    0.8702673371E-06
    0.4441680097E+03    0.8588489883E-06
    0.4443149848E+03    0.8473048795E-06
    0.4444619599E+03    0.8356405415E-06
    0.4446089350E+03    0.8238614708E-06
    0.4447559100E+03    0.8119731281E-06
    0.4449028851E+03    0.7999809369E-06
    0.4450498602E+03    0.7878902826E-06
    0.4451968353E+03    0.7757065106E-06
    0.4453438104E+03    0.7634349252E-06
    0.4454907855E+03    0.7510807888E-06
    0.4456377606E+03    0.7386493201E-06
    0.4457847357E+03    0.7261456931E-06
    0.4459317108E+03    0.7135750361E-06
    0.4460786859E+03    0.7009424306E-06
    0.4462256610E+03    0.6882529100E-06
    0.4463726361E+03    0.6755114584E-06
    0.4465196112E+03    0.6627230103E-06
    0.4466665863E+03    0.6498924488E-06
    0.4468135614E+03    0.6370246049E-06
    0.4469605365E+03    0.6241242569E-06
    0.4471075116E+03    0.6111961290E-06
    0.4472544867E+03    0.5982448908E-06
    0.4474014618E+03    0.5852751560E-06
    0.4475484369E+03    0.5722914823E-06
    0.4476954119E+03    0.5592983700E-06
    0.4478423870E+03    0.5463002614E-06
    0.4479893621E+03    0.5333015403E-06
    0.4481363372E+03    0.5203065310E-06
    0.4482833123E+03    0.5073194978E-06
    0.4484302874E+03    0.4943446445E-06
    0.4485772625E+03    0.4813861135E-06
    0.4487242376E+03    0.4684479854E-06
    0.4488712127E+03    0.4555342784E-06
    0.4490181878E+03    0.4426489478E-06
    0.4491651629E+03    0.4297958857E-06
    0.4493121380E+03    0.4169789200E-06
    0.4494591131E+03    0.4042018147E-06
    0.4496060882E+03    0.3914682688E-06
    0.4497530633E+03    0.3787819165E-06
    0.4499000384E+03    0.3661463264E-06
    0.4500470135E+03    0.3535650016E-06
    0.4501939886E+03    0.3410413788E-06
    0.4503409637E+03    0.3285788287E-06
    0.4504879387E+03    0.3161806555E-06
    0.4506349138E+03    0.3038500964E-06
    0.4507818889E+03    0.2915903218E-06
    0.4509288640E+03    0.2794044350E-06
    0.4510758391E+03    0.2672954720E-06
    0.4512228142E+03    0.2552664014E-06
    0.4513697893E+03    0.2433201243E-06
    0.4515167644E+03    0.2314594745E-06
    0.4516637395E+03    0.2196872181E-06
    0.4518107146E+03    0.2080060534E-06
    0.4519576897E+03    0.1964186114E-06
    0.4521046648E+03    0.1849274554E-06
    0.4522516399E+03    0.1735350813E-06
    0.4523986150E+03    0.1622439175E-06
    0.4525455901E+03    0.1510563249E-06
    0.4526925652E+03    0.1399745976E-06
    0.4528395403E+03    0.1290009622E-06
    0.4529865154E+03    0.1181375785E-06
    0.4531334905E+03    0.1073865396E-06
    0.4532804656E+03    0.9674987210E-07
    0.4534274406E+03    0.8622953615E-07
    0.4535744157E+03    0.7582742590E-07
    0.4537213908E+03    0.6554536964E-07
    0.4538683659E+03    0.5538513014E-07
    0.4540153410E+03    0.4534840490E-07
    0.4541623161E+03    0.3543682649E-07
    0.4543092912E+03    0.2565196290E-07
    0.4544562663E+03    0.1599531786E-07
    0.4546032414E+03    0.6468331214E-08
    0.4547502165E+03   -0.2927620670E-08
    0.4548971916E+03   -0.1219122453E-07
    0.4550441667E+03   -0.2132122976E-07
    0.4551911418E+03   -0.3031644801E-07
    0.4553381169E+03   -0.3917575271E-07
    0.4554850920E+03   -0.4789807861E-07
    0.4556320671E+03   -0.5648242132E-07
    0.4557790422E+03   -0.6492783678E-07
    0.4559260173E+03   -0.7323344078E-07
    0.4560729924E+03   -0.8139840846E-07
    0.4562199675E+03   -0.8942197370E-07
    0.4563669425E+03   -0.9730342866E-07
    0.4565139176E+03   -0.1050421232E-06
    0.4566608927E+03   -0.1126374641E-06
    0.4568078678E+03   -0.1200889150E-06
    0.4569548429E+03   -0.1273959952E-06
    0.4571018180E+03   -0.1345582795E-06
    0.4572487931E+03   -0.1415753972E-06
    0.4573957682E+03   -0.1484470318E-06
    0.4575427433E+03   -0.1551729203E-06
    0.4576897184E+03   -0.1617528523E-06
    0.4578366935E+03   -0.1681866699E-06
    0.4579836686E+03   -0.1744742662E-06
    0.4581306437E+03   -0.1806155855E-06
    0.4582776188E+03   -0.1866106219E-06
    0.4584245939E+03   -0.1924594192E-06
    0.4585715690E+03   -0.1981620697E-06
    0.4587185441E+03   -0.2037187139E-06
    0.4588655192E+03   -0.2091295396E-06
    0.4590124943E+03   -0.2143947810E-06
    0.4591594693E+03   -0.2195147183E-06
    0.4593064444E+03   -0.2244896770E-06
    0.4594534195E+03   -0.2293200267E-06
    0.4596003946E+03   -0.2340061808E-06
    0.4597473697E+03   -0.2385485958E-06
    0.4598943448E+03   -0.2429477700E-06
    0.4600413199E+03   -0.2472042435E-06
    0.4601882950E+03   -0.2513185967E-06
    0.4603352701E+03   -0.2552914502E-06
    0.4604822452E+03   -0.2591234635E-06
    0.4606292203E+03   -0.2628153347E-06
    0.4607761954E+03   -0.2663677991E-06
    0.4609231705E+03   -0.2697816293E-06
    0.4610701456E+03   -0.2730576335E-06
    0.4612171207E+03   -0.2761966556E-06
    0.4613640958E+03   -0.2791995736E-06
    0.4615110709E+03   -0.2820672995E-06
    0.4616580460E+03   -0.2848007781E-06
    0.4618050211E+03   -0.2874009863E-06
    0.4619519962E+03   -0.2898689324E-06
    0.4620989712E+03   -0.2922056554E-06
    0.4622459463E+03   -0.2944122240E-06
    0.4623929214E+03   -0.2964897360E-06
    0.4625398965E+03   -0.2984393174E-06
    0.4626868716E+03   -0.3002621216E-06
    0.4628338467E+03   -0.3019593289E-06
    0.4629808218E+03   -0.3035321453E-06
    0.4631277969E+03   -0.3049818021E-06
    0.4632747720E+03   -0.3063095548E-06
    0.4634217471E+03   -0.3075166828E-06
    0.4635687222E+03   -0.3086044881E-06
    0.4637156973E+03   -0.3095742949E-06
    0.4638626724E+03   -0.3104274485E-06
    0.4640096475E+03   -0.3111653150E-06
    0.4641566226E+03   -0.3117892802E-06
    0.4643035977E+03   -0.3123007490E-06
    0.4644505728E+03   -0.3127011445E-06
    0.4645975479E+03   -0.3129919076E-06
    0.4647445230E+03   -0.3131744957E-06
    0.4648914980E+03   -0.3132503825E-06
    0.4650384731E+03   -0.3132210571E-06
    0.4651854482E+03   -0.3130880231E-06
    0.4653324233E+03   -0.3128527980E-06
    0.4654793984E+03   -0.3125169127E-06
    0.4656263735E+03   -0.3120819104E-06
    0.4657733486E+03   -0.3115493462E-06
    0.4659203237E+03   -0.3109207863E-06
    0.4660672988E+03   -0.3101978071E-06
    0.4662142739E+03   -0.3093819952E-06
    0.4663612490E+03   -0.3084749456E-06
    0.4665082241E+03   -0.3074782622E-06
    0.4666551992E+03   -0.3063935563E-06
    0.4668021743E+03   -0.3052224464E-06
    0.4669491494E+03   -0.3039665572E-06
    0.4670961245E+03   -0.3026275195E-06
    0.4672430996E+03   -0.3012069687E-06
    0.4673900747E+03   -0.2997065451E-06
    0.4675370498E+03   -0.2981278926E-06
    0.4676840249E+03   -0.2964726584E-06
    0.4678309999E+03   -0.2947424925E-06
    0.4679779750E+03   -0.2929390465E-06
    0.4681249501E+03   -0.2910639739E-06
    0.4682719252E+03   -0.2891189287E-06
    0.4684189003E+03   -0.2871055652E-06
    0.4685658754E+03   -0.2850255376E-06
    0.4687128505E+03   -0.2828804990E-06
    0.4688598256E+03   -0.2806721012E-06
    0.4690068007E+03   -0.2784019939E-06
    0.4691537758E+03   -0.2760718244E-06
    0.4693007509E+03   -0.2736832371E-06
    0.4694477260E+03   -0.2712378724E-06
    0.4695947011E+03   -0.2687373670E-06
    0.4697416762E+03   -0.2661833530E-06
    0.4698886513E+03   -0.2635774573E-06
    0.4700356264E+03   -0.2609213012E-06
    0.4701826015E+03   -0.2582165001E-06
    0.4703295766E+03   -0.2554646630E-06
    0.4704765517E+03   -0.2526673916E-06
    0.4706235268E+03   -0.2498262804E-06
    0.4707705018E+03   -0.2469429161E-06
    0.4709174769E+03   -0.2440188770E-06
    0.4710644520E+03   -0.2410557327E-06
    0.4712114271E+03   -0.2380550437E-06
    0.4713584022E+03   -0.2350183609E-06
    0.4715053773E+03   -0.2319472255E-06
    0.4716523524E+03   -0.2288431681E-06
    0.4717993275E+03   -0.2257077086E-06
    0.4719463026E+03   -0.2225423562E-06
    0.4720932777E+03   -0.2193486082E-06
    0.4722402528E+03   -0.2161279505E-06
    0.4723872279E+03   -0.2128818566E-06
    0.4725342030E+03   -0.2096117877E-06
    0.4726811781E+03   -0.2063191922E-06
    0.4728281532E+03   -0.2030055054E-06
    0.4729751283E+03   -0.1996721492E-06
    0.4731221034E+03   -0.1963205318E-06
    0.4732690785E+03   -0.1929520474E-06
    0.4734160536E+03   -0.1895680759E-06
    0.4735630286E+03   -0.1861699827E-06
    0.4737100037E+03   -0.1827591184E-06
    0.4738569788E+03   -0.1793368186E-06
    0.4740039539E+03   -0.1759044035E-06
    0.4741509290E+03   -0.1724631779E-06
    0.4742979041E+03   -0.1690144307E-06
    0.4744448792E+03   -0.1655594348E-06
    0.4745918543E+03   -0.1620994472E-06
    0.4747388294E+03   -0.1586357082E-06
    0.4748858045E+03   -0.1551694416E-06
    0.4750327796E+03   -0.1517018545E-06
    0.4751797547E+03   -0.1482341371E-06
    0.4753267298E+03   -0.1447674624E-06
    0.4754737049E+03   -0.1413029861E-06
    0.4756206800E+03   -0.1378418466E-06
    0.4757676551E+03   -0.1343851647E-06
    0.4759146302E+03   -0.1309340436E-06
    0.4760616053E+03   -0.1274895684E-06
    0.4762085804E+03   -0.1240528067E-06
    0.4763555555E+03   -0.1206248076E-06
    0.4765025305E+03   -0.1172066023E-06
    0.4766495056E+03   -0.1137992039E-06
    0.4767964807E+03   -0.1104036068E-06
    0.4769434558E+03   -0.1070207874E-06
    0.4770904309E+03   -0.1036517032E-06
    0.4772374060E+03   -0.1002972935E-06
    0.4773843811E+03   -0.9695847893E-07
    0.4775313562E+03   -0.9363616131E-07
    0.4776783313E+03   -0.9033122392E-07
    0.4778253064E+03   -0.8704453127E-07
    0.4779722815E+03   -0.8377692911E-07
    0.4781192566E+03   -0.8052924444E-07
    0.4782662317E+03   -0.7730228544E-07
    0.4784132068E+03   -0.7409684150E-07
    0.4785601819E+03   -0.7091368321E-07
    0.4787071570E+03   -0.6775356237E-07
    0.4788541321E+03   -0.6461721201E-07
    0.4790011072E+03   -0.6150534637E-07
    0.4791480823E+03   -0.5841866097E-07
    0.4792950574E+03   -0.5535783261E-07
    0.4794420324E+03   -0.5232351943E-07
    0.4795890075E+03   -0.4931636093E-07
    0.4797359826E+03   -0.4633697804E-07
    0.4798829577E+03   -0.4338597314E-07
    0.4800299328E+03   -0.4046393019E-07
    0.4801769079E+03   -0.3757141470E-07
    0.4803238830E+03   -0.3470897387E-07
    0.4804708581E+03   -0.3187713667E-07
    0.4806178332E+03   -0.2907641386E-07
    0.4807648083E+03   -0.2630729813E-07
    0.4809117834E+03   -0.2357026420E-07
    0.4810587585E+03   -0.2086576886E-07
    0.4812057336E+03   -0.1819425112E-07
    0.4813527087E+03   -0.1555613231E-07
    0.4814996838E+03   -0.1295181617E-07
    0.4816466589E+03   -0.1038168899E-07
    0.4817936340E+03   -0.7846119719E-08
    0.4819406091E+03   -0.5345460075E-08
    0.4820875842E+03   -0.2880044701E-08
    0.4822345592E+03   -0.4501912796E-09
    0.4823815343E+03    0.1943799325E-08
    0.4825285094E+03    0.4301642928E-08
    0.4826754845E+03    0.6623071877E-08
    0.4828224596E+03    0.8907834908E-08
    0.4829694347E+03    0.1115569699E-07
    0.4831164098E+03    0.1336643918E-07
    0.4832633849E+03    0.1553985844E-07
    0.4834103600E+03    0.1767576752E-07
    0.4835573351E+03    0.1977399472E-07
    0.4837043102E+03    0.2183438382E-07
    0.4838512853E+03    0.2385679381E-07
    0.4839982604E+03    0.2584109881E-07
    0.4841452355E+03    0.2778718779E-07
    0.4842922106E+03    0.2969496451E-07
    0.4844391857E+03    0.3156434722E-07
    0.4845861608E+03    0.3339526857E-07
    0.4847331359E+03    0.3518767536E-07
    0.4848801110E+03    0.3694152840E-07
    0.4850270861E+03    0.3865680228E-07
    0.4851740611E+03    0.4033348521E-07
    0.4853210362E+03    0.4197157878E-07
    0.4854680113E+03    0.4357109782E-07
    0.4856149864E+03    0.4513207016E-07
    0.4857619615E+03    0.4665453645E-07
    0.4859089366E+03    0.4813854994E-07
    0.4860559117E+03    0.4958417631E-07
    0.4862028868E+03    0.5099149344E-07
    0.4863498619E+03    0.5236059118E-07
    0.4864968370E+03    0.5369157121E-07
    0.4866438121E+03    0.5498454677E-07
    0.4867907872E+03    0.5623964249E-07
    0.4869377623E+03    0.5745699415E-07
    0.4870847374E+03    0.5863674851E-07
    0.4872317125E+03    0.5977906303E-07
    0.4873786876E+03    0.6088410574E-07
    0.4875256627E+03    0.6195205497E-07
    0.4876726378E+03    0.6298309916E-07
    0.4878196129E+03    0.6397743663E-07
    0.4879665880E+03    0.6493527538E-07
    0.4881135630E+03    0.6585683289E-07
    0.4882605381E+03    0.6674233587E-07
    0.4884075132E+03    0.6759202006E-07
    0.4885544883E+03    0.6840613002E-07
    0.4887014634E+03    0.6918491893E-07
    0.4888484385E+03    0.6992864834E-07
    0.4889954136E+03    0.7063758798E-07
    0.4891423887E+03    0.7131201555E-07
    0.4892893638E+03    0.7195221648E-07
    0.4894363389E+03    0.7255848376E-07
    0.4895833140E+03    0.7313111766E-07
    0.4897302891E+03    0.7367042561E-07
    0.4898772642E+03    0.7417672190E-07
    0.4900242393E+03    0.7465032751E-07
    0.4901712144E+03    0.7509156993E-07
    0.4903181895E+03    0.7550078287E-07
    0.4904651646E+03    0.7587830613E-07
    0.4906121397E+03    0.7622448536E-07
    0.4907591148E+03    0.7653967184E-07
    0.4909060898E+03    0.7682422230E-07
    0.4910530649E+03    0.7707849870E-07
    0.4912000400E+03    0.7730286804E-07
    0.4913470151E+03    0.7749770214E-07
    0.4914939902E+03    0.7766337745E-07
    0.4916409653E+03    0.7780027487E-07
    0.4917879404E+03    0.7790877950E-07
    0.4919349155E+03    0.7798928050E-07
    0.4920818906E+03    0.7804217087E-07
    0.4922288657E+03    0.7806784724E-07
    0.4923758408E+03    0.7806670970E-07
    0.4925228159E+03    0.7803916163E-07
    0.4926697910E+03    0.7798560944E-07
    0.4928167661E+03    0.7790646248E-07
    0.4929637412E+03    0.7780213277E-07
    0.4931107163E+03    0.7767303486E-07
    0.4932576914E+03    0.7751958564E-07
    0.4934046665E+03    0.7734220416E-07
    0.4935516416E+03    0.7714131145E-07
    0.4936986167E+03    0.7691733035E-07
    0.4938455917E+03    0.7667068532E-07
    0.4939925668E+03    0.7640180229E-07
    0.4941395419E+03    0.7611110848E-07
    0.4942865170E+03    0.7579903223E-07
    0.4944334921E+03    0.7546600283E-07
    0.4945804672E+03    0.7511245037E-07
    0.4947274423E+03    0.7473880558E-07
    0.4948744174E+03    0.7434549963E-07
    0.4950213925E+03    0.7393296404E-07
    0.4951683676E+03    0.7350163048E-07
    0.4953153427E+03    0.7305193060E-07
    0.4954623178E+03    0.7258429595E-07
    0.4956092929E+03    0.7209915776E-07
    0.4957562680E+03    0.7159694683E-07
    0.4959032431E+03    0.7107809338E-07
    0.4960502182E+03    0.7054302690E-07
    0.4961971933E+03    0.6999217604E-07
    0.4963441684E+03    0.6942596842E-07
    0.4964911435E+03    0.6884483056E-07
    0.4966381185E+03    0.6824918770E-07
    0.4967850936E+03    0.6763946369E-07
    0.4969320687E+03    0.6701608087E-07
    0.4970790438E+03    0.6637945992E-07
    0.4972260189E+03    0.6573001976E-07
    0.4973729940E+03    0.6506817744E-07
    0.4975199691E+03    0.6439434798E-07
    0.4976669442E+03    0.6370894431E-07
    0.4978139193E+03    0.6301237711E-07
    0.4979608944E+03    0.6230505473E-07
    0.4981078695E+03    0.6158738307E-07
    0.4982548446E+03    0.6085976548E-07
    0.4984018197E+03    0.6012260267E-07
    0.4985487948E+03    0.5937629256E-07
    0.4986957699E+03    0.5862123026E-07
    0.4988427450E+03    0.5785780790E-07
    0.4989897201E+03    0.5708641460E-07
    0.4991366952E+03    0.5630743633E-07
    0.4992836703E+03    0.5552125585E-07
    0.4994306454E+03    0.5472825262E-07
    0.4995776204E+03    0.5392880271E-07
    0.4997245955E+03    0.5312327874E-07
    0.4998715706E+03    0.5231204976E-07
