 Check the initial condition
     # t        Re[psi(1)]        Im[psi(1)]      ||psi||Re[phi(2)]        Im[phi(2)]        ||phi||
-1102.3132     0.1000000000E+01    0.0000000000E+00    0.1000000000E+01    0.0000000000E+00   -0.6064410698E-03    0.9960194653E+00
 Saving the dynamic parameters
 Saving the initial conditions
 Starting propagation
 nt =       15000
           1        1500  -1100.8434608368448        1.0000000000000036        3.1472241429313379        1.0000000000000036        1.2331424771807267E-028  -3.5527136788005009E-015   (1.94288148730503338E-016,1.43857404939417985E-018)  (-2.83457954230388335E-016,9.44410742332764088E-017)             (-0.49999942442302930,0.0000000000000000)
           2        1500  -1099.3737098877973        1.0000000000000093        9.5523704222315455        1.0000000000000093        2.2708843715802930E-028  -9.3258734068513149E-015  (-1.84849241098644857E-016,2.08146599587834885E-020)  (-3.15899058192788975E-016,8.18538418581843450E-017)             (-0.49999942442303219,0.0000000000000000)
           3        1500  -1097.9039589387498        1.0000000000000133        20.028098751003760        1.0000000000000129        2.8343345610344279E-028  -1.3322676295501878E-014 (-2.60012884906612557E-016,-2.53864466169445944E-018)  (7.36218592874268861E-016,-4.93631749763795362E-017)             (-0.49999942442303397,0.0000000000000000)
           4        1500  -1096.4342079897024        1.0000000000000147        34.281005706897034        1.0000000000000147        2.7293255391806982E-028  -1.4654943925052066E-014   (2.28471409362781516E-016,6.77664744744516526E-019)   (7.70340053759235590E-016,1.67461937205741826E-016)             (-0.49999942442303486,0.0000000000000000)
           5        1500  -1094.9644570406549        1.0000000000000169        51.911896928616173        1.0000000000000169        2.0486924670134799E-028  -1.6875389974302379E-014  (1.69636643820987196E-016,-1.18328750832319498E-018)  (2.56790349973554241E-016,-8.57803072533424771E-017)             (-0.49999942442303597,0.0000000000000000)
           6        1500  -1093.4947060916074        1.0000000000000187        72.426967721994899        1.0000000000000187        1.4584133734604770E-028  -1.8651746813702630E-014  (2.71508113684972709E-016,-1.10722525273386681E-017)   (5.12599028285852648E-016,1.57652007435004090E-016)             (-0.49999942442303685,0.0000000000000000)
           7        1500  -1092.0249551425600        1.0000000000000211        95.251633505261125        1.0000000000000209        1.1105983326789890E-028  -2.1094237467877974E-014  (-1.56785965106335089E-016,1.27271537601307534E-018)   (2.17899158483135558E-016,1.50134975017040384E-016)             (-0.49999942442303796,0.0000000000000000)
           8        1500  -1090.5552041935125        1.0000000000000258        119.74662273140093        1.0000000000000258        1.0633417916650702E-028  -2.5757174171303632E-014 (-2.81283429556059386E-016,-1.83106469997740974E-019)   (2.84441885560706060E-016,2.13615874810493583E-016)             (-0.49999942442304041,0.0000000000000000)
           9        1500  -1089.0854532444650        1.0000000000000320        145.22588155825406        1.0000000000000320        1.5153246507233038E-028  -3.1974423109204508E-014  (-2.37633856531060465E-016,1.36069308936363760E-018)   (4.14185791739486071E-016,1.28055000312032272E-016)             (-0.49999942442304351,0.0000000000000000)
          10        1500  -1087.6157022954176        1.0000000000000364        170.97578879365537        1.0000000000000364        2.0240451486760113E-028  -3.6415315207705135E-014   (3.42918159736375253E-016,7.81320512444214992E-018)  (5.83713540721506015E-016,-2.30599852670733879E-018)             (-0.49999942442304574,0.0000000000000000)
          11        1500  -1086.1459513463701        1.0000000000000391        196.27514294487821        1.0000000000000391        2.2408814755772363E-028  -3.9079850466805510E-014  (-2.61950548413470850E-016,6.30492196362175399E-019)  (-5.98535892891198781E-019,1.25506034986411172E-016)             (-0.49999942442304707,0.0000000000000000)
          12        1500  -1084.6762003973226        1.0000000000000406        220.41536157657686        1.0000000000000404        2.3495506245567464E-028  -4.0634162701280729E-014 (-1.21950580718279187E-016,-1.56936134121637030E-017)   (3.00488371682207991E-016,2.05505844940759227E-016)             (-0.49999942442304773,0.0000000000000000)
          13        1500  -1083.2064494482752        1.0000000000000440        242.72032723509543        1.0000000000000440        2.1860797217877228E-028  -4.3964831775156199E-014 (-1.13198054681614334E-016,-6.34661196439026514E-019)  (-2.35007564939070495E-016,3.50091387041349448E-017)             (-0.49999942442304951,0.0000000000000000)
          14        1500  -1081.7366984992277        1.0000000000000484        262.56532409598265        1.0000000000000480        1.8026367112943092E-028  -4.8405723873656825E-014  (6.01908582280767357E-017,-1.18330217717504189E-018)   (3.49463061241699412E-016,2.00117079463350086E-017)             (-0.49999942442305151,0.0000000000000000)
          15        1500  -1080.2669475501802        1.0000000000000515        279.39453495848744        1.0000000000000515        1.4641882200629430E-028  -5.1514348342607263E-014  (8.46450269261079442E-017,-5.72338732391307052E-019)  (-3.02730598104732222E-016,4.15068672215325676E-017)             (-0.49999942442305328,0.0000000000000000)
          16        1500  -1078.7971966011328        1.0000000000000560        292.73660853250544        1.0000000000000555        1.2191510450863847E-028  -5.5955240441107890E-014   (1.65990921930851660E-018,9.24993299785772308E-018)  (3.54363516132061115E-016,-1.27847543826022570E-016)             (-0.49999942442305528,0.0000000000000000)
          17        1500  -1077.3274456520853        1.0000000000000604        302.21786101057631        1.0000000000000600        1.3826721860747840E-028  -6.0396132539608516E-014 (-1.71724205916541977E-016,-1.34954339671991110E-019)  (-2.91585853294826743E-016,1.14202805308778400E-016)             (-0.49999942442305750,0.0000000000000000)
          18        1500  -1075.8576947030379        1.0000000000000622        307.57274217624285        1.0000000000000617        1.8121940922159534E-028  -6.2172489379008766E-014 (-2.14964774821883860E-016,-2.62739352998851272E-018)   (2.27113074589706486E-016,9.46546730125041987E-017)             (-0.49999942442305839,0.0000000000000000)
          19        1500  -1074.3879437539904        1.0000000000000642        308.65127291482611        1.0000000000000639        2.0967427037175388E-028  -6.4170890823334048E-014   (1.19265620301689364E-016,6.17207590366502409E-018)   (1.68575999870180686E-016,1.01141042915795086E-016)             (-0.49999942442305950,0.0000000000000000)
          20        1500  -1072.9181928049429        1.0000000000000662        305.42324581737057        1.0000000000000662        2.3258710547554967E-028  -6.6169292267659330E-014  (-8.15487764419873894E-018,7.80829194565464765E-018)   (4.41424904794897137E-016,2.24324907836959637E-016)             (-0.49999942442306061,0.0000000000000000)
          21        1500  -1071.4484418558955        1.0000000000000675        297.97907122748927        1.0000000000000675        2.1670607357614731E-028  -6.7501559897209518E-014  (-9.82493020045826029E-017,5.47261255259552527E-019)   (4.01228389128522489E-016,1.06855281916518710E-016)             (-0.49999942442306128,0.0000000000000000)
          22        1500  -1069.9786909068480        1.0000000000000695        286.52724503517845        1.0000000000000693        1.8922786381843926E-028  -6.9499961341534799E-014   (6.22467197006194222E-017,8.87650739359065910E-020)   (9.21838799721165108E-016,2.01644794371499759E-016)             (-0.49999942442306217,0.0000000000000000)
          23        1500  -1068.5089399578005        1.0000000000000746        271.38850913937995        1.0000000000000742        1.6551966877918534E-028  -7.4606987254810520E-014  (7.11595799450493824E-016,-1.23332096352746253E-017)   (2.43322199576011152E-016,7.92191593560126228E-017)             (-0.49999942442306461,0.0000000000000000)
          24        1500  -1067.0391890087531        1.0000000000000815        252.98686813266426        1.0000000000000813        1.4680384913302252E-028  -8.1490370007486490E-014   (2.52265586868833584E-016,1.26653168622467191E-018)  (-1.82750788806931838E-016,2.81074521498228309E-017)             (-0.49999942442306816,0.0000000000000000)
          25        1500  -1065.5694380597056        1.0000000000000857        231.83771381203215        1.0000000000000857        1.5505588695057982E-028  -8.5709217501062085E-014  (6.86488776071252611E-017,-1.68658199870282312E-017)  (-6.31721515332032774E-017,2.01316602824370366E-016)             (-0.49999942442307038,0.0000000000000000)
          26        1500  -1064.0996871106581        1.0000000000000893        208.53339012367104        1.0000000000000888        1.7441226250470044E-028  -8.9261931179862586E-014 (-6.02526053970785770E-016,-7.24806024571148608E-019)  (-3.79007602082278880E-016,8.11346377279335276E-018)             (-0.49999942442307194,0.0000000000000000)
          27        1500  -1062.6299361616107        1.0000000000000933        183.72660283764060        1.0000000000000928        1.9464167666621934E-028  -9.3258734068513149E-014 (-4.93116478653464386E-016,-1.35532853001762883E-018)   (4.79113265525348737E-016,4.75063416221156914E-017)             (-0.49999942442307393,0.0000000000000000)
          28        1500  -1061.1601852125632        1.0000000000000977        158.11213861304887        1.0000000000000977        2.1053063603695014E-028  -9.7699626167013776E-014 (-3.51063194941421884E-017,-4.70784333349376428E-020)  (-2.66032813454810719E-017,6.26671395452818762E-017)             (-0.49999942442307638,0.0000000000000000)
          29        1500  -1059.6904342635157        1.0000000000000990        132.40740546481356        1.0000000000000990        2.1647318202757994E-028  -9.9031893796563963E-014   (9.23144601361700765E-017,9.16118063917461390E-018)   (6.08856756164984943E-016,5.09633141994571628E-017)             (-0.49999942442307704,0.0000000000000000)
          30        1500  -1058.2206833144683        1.0000000000001026        107.33233965317619        1.0000000000001026        2.1715297754780125E-028  -1.0258460747536446E-013   (2.88978723126949519E-016,9.76727886949400600E-019)  (-2.65128324018537810E-017,6.37542546915976874E-017)             (-0.49999942442307882,0.0000000000000000)
          31        1500  -1056.7509323654208        1.0000000000001061        83.589241762297803        1.0000000000001057        1.9085327618153746E-028  -1.0613732115416497E-013  (1.03327165448254573E-015,-2.75653602159783422E-017)   (1.29878679594993307E-016,1.34881448818482292E-016)             (-0.49999942442308037,0.0000000000000000)
          32        1500  -1055.2811814163733        1.0000000000001099        61.843106717569519        1.0000000000001097        1.7502369913969708E-028  -1.0991207943789050E-013  (1.65905445428709540E-016,-2.12009579941105174E-018)  (-9.92914559977677567E-016,4.20203931563929970E-017)             (-0.49999942442308237,0.0000000000000000)
          33        1500  -1053.8114304673259        1.0000000000001117        42.702998657042592        1.0000000000001115        1.6129926663212171E-028  -1.1168843627729075E-013 (-5.12009529035691693E-016,-6.53591225173690513E-018)   (6.28973638205159094E-016,2.64828580781940342E-016)             (-0.49999942442308326,0.0000000000000000)
          34        1500  -1052.3416795182784        1.0000000000001157        26.704992308208819        1.0000000000001155        1.6183121908137693E-028  -1.1568523916594131E-013  (1.55580958534131769E-016,-3.90260241964595631E-018)   (6.11650835222877993E-016,4.83853942420617081E-017)             (-0.49999942442308526,0.0000000000000000)
          35        1500  -1050.8719285692309        1.0000000000001206        14.297158646778174        1.0000000000001203        1.7498698705783320E-028  -1.2057022047429200E-013 (-3.22365812765229990E-016,-1.27178812319905199E-018)  (2.86516756678657463E-016,-3.86105482441342286E-018)             (-0.49999942442308770,0.0000000000000000)
          36        1500  -1049.4021776201835        1.0000000000001239        5.8270153580105344        1.0000000000001239        1.9603063804530859E-028  -1.2390088954816747E-013   (4.96716488546753493E-016,9.83987223420312623E-018)   (5.34636762083115842E-016,8.99128111496852941E-017)             (-0.49999942442308948,0.0000000000000000)
          37        1500  -1047.9324266711360        1.0000000000001279        1.5317935871525232        1.0000000000001279        2.1758928846975354E-028  -1.2789769243681803E-013 (-3.89664484869466630E-016,-1.17742875459674374E-018)   (3.35416922912538111E-016,4.29696600341307124E-017)             (-0.49999942442309148,0.0000000000000000)
          38        1500  -1046.4626757220885        1.0000000000001303        1.5317935871102262        1.0000000000001301        2.1823546686022843E-028  -1.3034018309099338E-013   (4.58987817679794010E-016,1.27952981063285849E-018)   (7.82333489508953287E-017,5.65127057291672200E-017)             (-0.49999942442309259,0.0000000000000000)
          39        1500  -1044.9929247730411        1.0000000000001339        5.8270153578848589        1.0000000000001337        2.1675916598152702E-028  -1.3389289676979388E-013 (-1.13674583705079222E-016,-8.87646968325956726E-020)  (-5.26356797954167164E-016,4.44492651365191372E-017)             (-0.49999942442309436,0.0000000000000000)
          40        1500  -1043.5231738239936        1.0000000000001363        14.297158646572711        1.0000000000001363        1.9190050341120366E-028  -1.3633538742396922E-013  (2.36484105291519011E-016,-1.95851348631903451E-017)   (6.42712584640900234E-016,1.51957164758673546E-016)             (-0.49999942442309570,0.0000000000000000)
          41        1500  -1042.0534228749461        1.0000000000001392        26.704992307929722        1.0000000000001394        1.6271753628435004E-028  -1.3922196728799463E-013   (1.52424548109093004E-016,5.54833867031310525E-021)   (2.99532366046853946E-016,1.99504320394227394E-016)             (-0.49999942442309725,0.0000000000000000)
          42        1500  -1040.5836719258987        1.0000000000001430        42.702998656697524        1.0000000000001426        1.5913703986471144E-028  -1.4299672557172016E-013  (1.95780023348942740E-016,-6.53590028118530660E-018)   (6.56066643102220204E-016,3.83821729645824949E-017)             (-0.49999942442309880,0.0000000000000000)
          43        1500  -1039.1139209768512        1.0000000000001474        61.843106717168830        1.0000000000001474        1.5212863363282117E-028  -1.4743761767022079E-013  (7.06514977419718422E-017,-1.33448265259318631E-025)  (-6.51143309299617006E-016,1.54699060008856826E-017)             (-0.49999942442310125,0.0000000000000000)
          44        1500  -1037.6441700278037        1.0000000000001505        83.589241761852904        1.0000000000001505        1.8774299593642656E-028  -1.5054624213917123E-013  (-5.18649108871863252E-016,1.02414369234242910E-017)   (3.80137404725424315E-016,2.15831251134151827E-016)             (-0.49999942442310280,0.0000000000000000)
          45        1500  -1036.1744190787563        1.0000000000001554        107.33233965270036        1.0000000000001550        2.1509095547812378E-028  -1.5543122344752192E-013  (-4.08719084292126149E-016,7.96609162703607096E-019) (-1.77038863703280153E-016,-4.49085881956435485E-017)             (-0.49999942442310502,0.0000000000000000)
          46        1500  -1034.7046681297088        1.0000000000001579        132.40740546431911        1.0000000000001577        2.3112518323373696E-028  -1.5787371410169726E-013  (4.26135644543922783E-016,-9.24968389390894674E-018)   (5.62088101906175167E-016,8.59255776520119734E-017)             (-0.49999942442310635,0.0000000000000000)
          47        1500  -1033.2349171806613        1.0000000000001599        158.11213861255078        1.0000000000001599        2.3210682088998436E-028  -1.5987211554602254E-013  (-1.01004839434723654E-016,3.41046584083530563E-020)  (-6.94708892541427725E-017,1.33367681740177517E-016)             (-0.49999942442310746,0.0000000000000000)
          48        1500  -1031.7651662316139        1.0000000000001619        183.72660283715396        1.0000000000001616        1.9773576582936167E-028  -1.6187051699034782E-013  (9.30396597052910852E-017,-9.24099055926711634E-018)   (2.60731320908480083E-016,2.27000959036845026E-016)             (-0.49999942442310835,0.0000000000000000)
          49        1500  -1030.2954152825664        1.0000000000001652        208.53339012320964        1.0000000000001652        1.6778247050553605E-028  -1.6520118606422329E-013   (9.19397713312514656E-017,1.95337851390157500E-018)  (-6.83304725576707629E-016,1.20453180458472162E-016)             (-0.49999942442311013,0.0000000000000000)
          50        1500  -1028.8256643335189        1.0000000000001690        231.83771381161074        1.0000000000001688        1.4780883261180393E-028  -1.6897594434794883E-013  (-4.66531602210745431E-016,1.27764512521482051E-018)  (-8.88049340003834603E-017,1.17158637974461489E-016)             (-0.49999942442311190,0.0000000000000000)
          51        1500  -1027.3559133844715        1.0000000000001730        252.98686813229736        1.0000000000001728        1.5692552740799172E-028  -1.7297274723659939E-013  (-1.07067740292943603E-016,5.25531188867538475E-018)  (-4.56447476400679939E-016,1.76759446414938274E-017)             (-0.49999942442311390,0.0000000000000000)
          52        1500  -1025.8861624354240        1.0000000000001779        271.38850913907481        1.0000000000001776        1.8754312438111775E-028  -1.7785772854495008E-013  (-6.80916744134562319E-016,1.57029090899371013E-017)  (7.99358567101667149E-016,-8.64441210883358040E-018)             (-0.49999942442311635,0.0000000000000000)
          53        1500  -1024.4164114863765        1.0000000000001830        286.52724503494630        1.0000000000001825        2.1408155044254003E-028  -1.8296475445822580E-013  (1.10466967648440323E-015,-3.89827948717382993E-018)  (-1.29283448760947181E-017,1.24793139350827087E-016)             (-0.49999942442311879,0.0000000000000000)
          54        1500  -1022.9466605373291        1.0000000000001874        297.97907122733471        1.0000000000001874        2.2482304325429250E-028  -1.8740564655672642E-013  (-3.65062572919210733E-016,1.06111046416513129E-017)  (-3.93734952923982204E-016,2.31083690467362315E-017)             (-0.49999942442312123,0.0000000000000000)
          55        1500  -1021.4769095882816        1.0000000000001912        305.42324581729520        1.0000000000001910        2.1962900064165285E-028  -1.9118040484045196E-013   (2.73571888867796735E-016,8.35253048019722444E-020)  (2.41665055090094552E-017,-8.97725494956919461E-017)             (-0.49999942442312301,0.0000000000000000)
          56        1500  -1020.0071586392341        1.0000000000001941        308.65127291483134        1.0000000000001941        2.0471215129741190E-028  -1.9406698470447736E-013 (-5.62616136926684554E-016,-5.56281803295015753E-021)  (-5.67929722562416836E-016,3.34175277798918775E-017)             (-0.49999942442312456,0.0000000000000000)
          57        1500  -1018.5374076901867        1.0000000000001965        307.57274217633108        1.0000000000001963        1.8290241832547791E-028  -1.9650947535865271E-013  (-1.61517032076002130E-016,6.44710359568161248E-018)   (2.10833623014602027E-016,2.28357340774707866E-016)             (-0.49999942442312567,0.0000000000000000)
          58        1500  -1017.0676567411392        1.0000000000002029        302.21786101075412        1.0000000000002029        1.6756806902908698E-028  -2.0294876890147862E-013  (-2.73968028543716081E-016,6.00414925454291837E-024)  (-6.03255053943242393E-016,2.52434338348302739E-017)             (-0.49999942442312900,0.0000000000000000)
          59        1500  -1015.5979057920918        1.0000000000002038        292.73660853276181        1.0000000000002038        1.6459321525702473E-028  -2.0383694732117874E-013  (2.90730473818209752E-016,-9.16333800102463742E-018)   (6.48453740987162721E-016,4.80564875391041763E-017)             (-0.49999942442312945,0.0000000000000000)
          60        1500  -1014.1281548430443        1.0000000000002067        279.39453495881224        1.0000000000002065        1.7746507081388254E-028  -2.0672352718520415E-013  (2.80980020557971158E-016,-2.08115176902107884E-020)  (-4.03429376620352834E-016,5.66615023882000745E-017)             (-0.49999942442313078,0.0000000000000000)
          61        1500  -1012.6584038939968        1.0000000000002092        262.56532409637180        1.0000000000002087        1.9940954426483411E-028  -2.0916601783937949E-013   (5.51398493460114740E-016,9.24996088615806515E-018)   (4.27319315532691968E-016,1.47957338862461074E-016)             (-0.49999942442313189,0.0000000000000000)
          62        1500  -1011.1886529449494        1.0000000000002138        242.72032723553258        1.0000000000002136        2.0364926176095360E-028  -2.1382895454280515E-013 (-1.19088620568852411E-016,-2.21320372915281224E-019)  (-1.05436752169151782E-015,8.24981762265917902E-017)             (-0.49999942442313433,0.0000000000000000)
          63        1500  -1009.7189019959019        1.0000000000002163        220.41536157705568        1.0000000000002163        2.1667188027938589E-028  -2.1627144519698049E-013 (-1.02745443425886158E-015,-1.05220433572411896E-017)   (2.34516979405933142E-017,3.27727851345675412E-016)             (-0.49999942442313566,0.0000000000000000)
          64        1500  -1008.2491510468544        1.0000000000002212        196.27514294538290        1.0000000000002207        2.1573916346536864E-028  -2.2115642650533118E-013 (-1.59147421989170018E-016,-1.90620737227014335E-018)  (-9.75941973820363363E-017,1.79598996449469749E-017)             (-0.49999942442313788,0.0000000000000000)
          65        1500  -1006.7794000978070        1.0000000000002236        170.97578879417188        1.0000000000002238        2.0170009993570632E-028  -2.2359891715950653E-013 (-2.03308273616654635E-016,-6.44710302542816961E-018)  (1.03498179966102546E-015,-2.05320543725866800E-016)             (-0.49999942442313944,0.0000000000000000)
          66        1500  -1005.3096491487595        1.0000000000002296        145.22588155877128        1.0000000000002292        1.8827541427328686E-028  -2.2959412149248237E-013  (5.00099252921348672E-016,-3.99171309800135421E-018)   (1.65269643979363329E-017,1.06338557067934208E-016)             (-0.49999942442314210,0.0000000000000000)
          67        1500  -1003.8398981997120        1.0000000000002349        119.74662273190471        1.0000000000002349        1.7162216583957242E-028  -2.3492319201068312E-013  (-2.27163207329045107E-016,7.79688024505354140E-018) (-1.51904649920220828E-017,-9.87143697682930493E-018)             (-0.49999942442314499,0.0000000000000000)
          68        1500  -1002.3701472506646        1.0000000000002338        95.251633505736166        1.0000000000002340        1.7222610777369086E-028  -2.3381296898605797E-013   (2.21751003213060194E-016,2.78834217437843157E-021)   (2.37564645620657430E-016,1.14939969899956049E-016)             (-0.49999942442314455,0.0000000000000000)
          69        1500  -1000.9003963016171        1.0000000000002380        72.426967722427108        1.0000000000002380        1.8015954188066631E-028  -2.3803181647963356E-013  (-7.08101988678893602E-016,5.54809612035646472E-021)   (1.54803772742808509E-015,6.43338504148028093E-017)             (-0.49999942442314654,0.0000000000000000)
          70        1500  -999.43064535256963        1.0000000000002425        51.911896928994729        1.0000000000002425        2.0111376329230121E-028  -2.4247270857813419E-013  (7.65435312366894267E-017,-5.25486858281230846E-021)   (9.65836768226489683E-018,1.22511169623062567E-016)             (-0.49999942442314876,0.0000000000000000)
          71        1500  -997.96089440352216        1.0000000000002471        34.281005707212614        1.0000000000002474        2.2438941466082289E-028  -2.4713564528155985E-013 (-2.38641487360927123E-016,-1.26669028621692224E-018)  (8.61736106608966607E-016,-5.47654119081086724E-019)             (-0.49999942442315121,0.0000000000000000)
          72        1500  -996.49114345447470        1.0000000000002509        20.028098751247345        1.0000000000002509        2.3246907937228110E-028  -2.5091040356528538E-013  (5.40085638691522493E-016,-1.66522565634838228E-023) (-1.59429305935449120E-016,-2.03655596513118509E-016)             (-0.49999942442315298,0.0000000000000000)
          73        1500  -995.02139250542723        1.0000000000002549        9.5523704223970256        1.0000000000002549        2.2330793629308192E-028  -2.5490720645393594E-013  (1.25614106776684077E-016,-3.81363138682304989E-018) (-5.63956924253833685E-016,-3.54633101450545611E-018)             (-0.49999942442315498,0.0000000000000000)
          74        1500  -993.55164155637976        1.0000000000002589        3.1472241430148840        1.0000000000002589        1.9438250767178794E-028  -2.5890400934258651E-013   (6.32819653434819460E-016,1.06055692322966378E-017) (-4.44428990278175124E-016,-5.91407645266345558E-017)             (-0.49999942442315698,0.0000000000000000)
          75        1500  -992.08189060733230        1.0000000000002647       0.99205477520989727        1.0000000000002647        1.8046410511210306E-028  -2.6467716907063732E-013 (-3.87416608327029163E-016,-1.94922436166742394E-018) (-9.56220969331891225E-016,-1.02956679854139157E-016)             (-0.49999942442315987,0.0000000000000000)
          76        1500  -990.61213965828483        1.0000000000002676        3.1472241428490619        1.0000000000002673        1.8477650289866360E-028  -2.6756374893466273E-013 (-4.34152700821085993E-016,-2.89238776889065689E-017)   (3.57279852005633874E-016,1.34343007332915223E-016)             (-0.49999942442316120,0.0000000000000000)
          77        1500  -989.14238870923737        1.0000000000002713        9.5523704220700392        1.0000000000002713        1.9148572136015204E-028  -2.7133850721838826E-013  (1.87165993809158133E-016,-1.57950683473431684E-019)  (-1.66642899817986865E-015,3.42275466932459312E-017)             (-0.49999942442316320,0.0000000000000000)
          78        1500  -987.67263776018990        1.0000000000002731        20.028098750768596        1.0000000000002727        1.9257709505433806E-028  -2.7311486405778851E-013  (2.08722276752575716E-016,-5.24231448332881986E-021)  (9.88647617181640624E-016,-2.72517381358640264E-016)             (-0.49999942442316386,0.0000000000000000)
          79        1500  -986.20288681114243        1.0000000000002796        34.281005706595934        1.0000000000002793        1.9826859497855470E-028  -2.7955415760061442E-013  (-1.24338318794212668E-016,3.15939728105681040E-019)  (-7.00711527042330732E-016,5.87052247147478654E-017)             (-0.49999942442316719,0.0000000000000000)
          80        1500  -984.73313586209497        1.0000000000002842        51.911896928258081        1.0000000000002842        2.2944507552198912E-028  -2.8421709430404007E-013 (-3.03676979698471170E-016,-1.72333923051165642E-017)  (1.74372893375444659E-016,-5.81469248538598981E-017)             (-0.49999942442316964,0.0000000000000000)
          81        1500  -983.26338491304750        1.0000000000002842        72.426967721591851        1.0000000000002842        2.4212367957160162E-028  -2.8421709430404007E-013  (1.53808515053641013E-016,-2.30986407848734000E-018)   (3.61872595917803403E-016,4.25934282752429888E-017)             (-0.49999942442316964,0.0000000000000000)
          82        1500  -981.79363396400004        1.0000000000002884        95.251633504824866        1.0000000000002882        2.3308768342857945E-028  -2.8843594179761567E-013  (2.96318797775284127E-016,-8.32460206113570675E-020)   (7.36861422506984522E-016,6.57495970746883985E-017)             (-0.49999942442317163,0.0000000000000000)
          83        1500  -980.32388301495257        1.0000000000002915        119.74662273094356        1.0000000000002913        2.0598851531495337E-028  -2.9154456626656611E-013   (3.81281835297042241E-016,3.99447206309428581E-018)   (2.81363454899361632E-016,9.64086578048442211E-017)             (-0.49999942442317319,0.0000000000000000)
          84        1500  -978.85413206590511        1.0000000000002960        145.22588155778928        1.0000000000002958        1.7416900230675453E-028  -2.9598545836506673E-013  (9.32979695043721439E-017,-1.56936146391900024E-017)   (1.14013841478028263E-015,1.64375095622318949E-016)             (-0.49999942442317541,0.0000000000000000)
          85        1500  -977.38438111685764        1.0000000000002986        170.97578879319792        1.0000000000002984        1.6735081370281166E-028  -2.9864999362416711E-013  (-1.77201308485577090E-016,9.89987918676287501E-018) (-1.24790134645978215E-015,-6.26629971941047200E-017)             (-0.49999942442317674,0.0000000000000000)
          86        1500  -975.91463016781017        1.0000000000003038        196.27514294444353        1.0000000000003038        1.7420714422571058E-028  -3.0375701953744283E-013  (-3.80486649630145037E-016,8.32317584039581349E-020)  (-2.69602316016956348E-016,8.03928684256383911E-017)             (-0.49999942442317941,0.0000000000000000)
          87        1500  -974.44487921876271        1.0000000000003075        220.41536157617915        1.0000000000003073        2.1392274810215011E-028  -3.0753177782116836E-013   (2.16744013664104920E-016,1.05165095092185317E-017)  (-3.83139184913069647E-016,9.22848150123860786E-017)             (-0.49999942442318118,0.0000000000000000)
          88        1500  -972.97512826971524        1.0000000000003140        242.72032723474337        1.0000000000003135        2.4262973238128785E-028  -3.1397107136399427E-013  (-1.25736865212297182E-016,5.41726445549492931E-019) (-1.35941344897105372E-016,-5.79088957552089767E-017)             (-0.49999942442318429,0.0000000000000000)
          89        1500  -971.50537732066778        1.0000000000003137        262.56532409568825        1.0000000000003140        2.5038556582299962E-028  -3.1374902675906924E-013 (-9.62376811620428944E-017,-1.69633042404637744E-017)  (-2.93699537500109656E-016,3.40217649881281377E-016)             (-0.49999942442318451,0.0000000000000000)
          90        1500  -970.03562637162031        1.0000000000003160        279.39453495825995        1.0000000000003157        2.3421044703735992E-028  -3.1596947280831955E-013   (7.78119220550982022E-017,4.35194405783644431E-018)   (5.33638973012753985E-016,2.05001925022081944E-016)             (-0.49999942442318540,0.0000000000000000)
          91        1500  -968.56587542257284        1.0000000000003202        292.73660853235407        1.0000000000003197        1.9514259319732340E-028  -3.2018832030189515E-013 (-3.56112563916685436E-016,-1.36428188724708897E-018)  (-1.75201963549461360E-016,9.57327443798546287E-017)             (-0.49999942442318740,0.0000000000000000)
          92        1500  -967.09612447352538        1.0000000000003235        302.21786101050191        1.0000000000003237        1.8155672907908854E-028  -3.2351898937577062E-013  (-1.54706047038153001E-016,1.58317336963062805E-019) (-9.03807042830275479E-016,-6.07693021330116288E-017)             (-0.49999942442318940,0.0000000000000000)
          93        1500  -965.62637352447791        1.0000000000003255        307.57274217624956        1.0000000000003251        1.8200302142442803E-028  -3.2551739082009590E-013   (9.40735874602430208E-016,6.53622525730616116E-018)   (5.54498747755407699E-017,1.49959429860074716E-016)             (-0.49999942442319006,0.0000000000000000)
          94        1500  -964.15662257543045        1.0000000000003293        308.65127291491774        1.0000000000003291        1.8815503364442174E-028  -3.2929214910382143E-013 (-7.90557954610873695E-016,-3.29355832092969751E-019) (-9.15213995694619249E-016,-1.37943205128309749E-016)             (-0.49999942442319206,0.0000000000000000)
          95        1500  -962.68687162638298        1.0000000000003331        305.42324581754531        1.0000000000003331        2.1206758883634024E-028  -3.3306690738754696E-013   (3.90638257783413852E-016,6.44155241902393012E-018)   (3.06226186083145436E-017,3.38847193825892017E-017)             (-0.49999942442319406,0.0000000000000000)
          96        1500  -961.21712067733552        1.0000000000003386        297.97907122774149        1.0000000000003380        2.2626135638080333E-028  -3.3861802251067274E-013  (-1.18121205825324634E-016,1.90620755089740625E-018)  (-2.66341850004271551E-017,4.14807757135461054E-017)             (-0.49999942442319650,0.0000000000000000)
          97        1500  -959.74736972828805        1.0000000000003413        286.52724503550149        1.0000000000003411        2.4072486907145146E-028  -3.4128255776977312E-013  (2.81122334180620772E-016,-7.80272793845117041E-018)  (1.64845548415812828E-016,-2.45749258800664934E-017)             (-0.49999942442319806,0.0000000000000000)
          98        1500  -958.27761877924058        1.0000000000003437        271.38850913976711        1.0000000000003442        2.4024371805252071E-028  -3.4372504842394846E-013   (2.19300251896670909E-016,4.43893146931381101E-020)  (-4.18889923594111239E-017,1.20669385531587069E-016)             (-0.49999942442319961,0.0000000000000000)
          99        1500  -956.80786783019312        1.0000000000003468        252.98686813310559        1.0000000000003468        2.2387879599680697E-028  -3.4683367289289890E-013   (6.74396838460379358E-017,1.27240571365221974E-018)  (6.12382201214523940E-016,-1.05792520976084923E-017)             (-0.49999942442320094,0.0000000000000000)
         100        1500  -955.33811688114565        1.0000000000003484        231.83771381251464        1.0000000000003486        2.0137058414340559E-028  -3.4838798512737412E-013  (-1.71849612746071470E-016,5.37210691108532894E-019) (-7.50852550546943345E-017,-2.08092137808750228E-017)             (-0.49999942442320183,0.0000000000000000)
         101        1500  -953.86836593209819        1.0000000000003519        208.53339012418516        1.0000000000003522        1.8492506465666164E-028  -3.5194069880617462E-013  (-1.28194410344726707E-016,8.32480523670241254E-020)   (1.96991340433894800E-016,1.01079767988068390E-016)             (-0.49999942442320361,0.0000000000000000)
         102        1500  -952.39861498305072        1.0000000000003535        183.72660283817117        1.0000000000003531        1.9304719661967929E-028  -3.5349501104064984E-013  (-2.31450024997294197E-016,7.80271256653284937E-018)  (-1.64735824418153382E-016,4.63078868969611226E-017)             (-0.49999942442320405,0.0000000000000000)
         103        1500  -950.92886403400325        1.0000000000003573        158.11213861358419        1.0000000000003575        2.0305331673994409E-028  -3.5726976932437537E-013  (1.29843561721789511E-016,-7.79671197530177405E-018)  (5.75349956360000716E-016,-5.54479096602955096E-017)             (-0.49999942442320627,0.0000000000000000)
         104        1500  -949.45911308495579        1.0000000000003606        132.40740546533800        1.0000000000003606        2.2770121700747905E-028  -3.6060043839825084E-013  (2.41498003257749310E-016,-7.89148782656737503E-018)  (-1.07563103436668718E-015,2.09081199747207569E-016)             (-0.49999942442320783,0.0000000000000000)
         105        1500  -947.98936213590832        1.0000000000003650        107.33233965367567        1.0000000000003650        2.4277677569692104E-028  -3.6504133049675147E-013  (6.19739182351460191E-016,-6.33274069869098099E-019)   (4.30759273535414801E-016,8.58893771107620912E-017)             (-0.49999942442321005,0.0000000000000000)
         106        1500  -946.51961118686086        1.0000000000003693        83.589241762758519        1.0000000000003686        2.4191552852435990E-028  -3.6926017799032707E-013 (-9.41255275130537298E-017,-7.71363697916327838E-018)  (-9.65861774334809762E-016,1.27391191967622839E-016)             (-0.49999942442321182,0.0000000000000000)
         107        1500  -945.04986023781339        1.0000000000003730        61.843106717979914        1.0000000000003726        2.3241924562918828E-028  -3.7303493627405260E-013  (2.37714998076950294E-016,-1.92840156087869034E-018) (-4.14438078780646394E-016,-2.77069471399113366E-018)             (-0.49999942442321382,0.0000000000000000)
         108        1500  -943.58010928876593        1.0000000000003761        42.702998657392357        1.0000000000003757        2.2420385681529135E-028  -3.7614356074300304E-013  (-2.62723242990421824E-016,1.27208153385405948E-018)  (-6.70217219087500585E-017,4.07469122794357928E-016)             (-0.49999942442321538,0.0000000000000000)
         109        1500  -942.11035833971846        1.0000000000003817        26.704992308490080        1.0000000000003815        2.1765952288382282E-028  -3.8169467586612882E-013  (-2.42779514773148119E-016,4.50411756301520224E-020)  (-2.34306857122856680E-017,8.34606810316882714E-017)             (-0.49999942442321826,0.0000000000000000)
         110        1500  -940.64060739067099        1.0000000000003830        14.297158646983696        1.0000000000003828        1.9948222854160502E-028  -3.8302694349567901E-013  (6.35713370766518900E-016,-1.44788658196774335E-018)  (-7.86665740225142183E-016,1.06635734834949046E-016)             (-0.49999942442321893,0.0000000000000000)
         111        1500  -939.17085644162353        1.0000000000003879        5.8270153581354265        1.0000000000003872        1.9804315445484257E-028  -3.8791192480402970E-013   (4.67077652381728370E-016,4.60192572483204407E-018) (-7.76637074774985580E-016,-9.72436659414268722E-017)             (-0.49999942442322115,0.0000000000000000)
         112        1500  -937.70110549257606        1.0000000000003932        1.5317935871942507        1.0000000000003926        2.1921357170630277E-028  -3.9324099532223045E-013 (-2.64995148743602834E-016,-9.77800554268916451E-020)  (-7.08760833468370298E-016,1.28426290471625856E-018)             (-0.49999942442322381,0.0000000000000000)
         113        1500  -936.23135454352860        1.0000000000003972        1.5317935870686437        1.0000000000003970        2.3763229908528301E-028  -3.9723779821088101E-013 (-5.68716297911179129E-016,-5.30248257394270461E-018)   (3.25054833852190170E-016,9.10494974266509115E-017)             (-0.49999942442322604,0.0000000000000000)
         114        1500  -934.76160359448113        1.0000000000004001        5.8270153577621837        1.0000000000004001        2.5902425724645584E-028  -4.0012437807490642E-013 (-1.71529976119173240E-016,-1.58801411636605339E-017) (-4.29006239869560794E-016,-1.03462076218236816E-016)             (-0.49999942442322759,0.0000000000000000)
         115        1500  -933.29185264543366        1.0000000000004026        14.297158646373402        1.0000000000004028        2.4907435496486333E-028  -4.0256686872908176E-013  (9.46279032102430071E-017,-4.62220765581478231E-018)   (1.01097111448738313E-015,7.22237814933439074E-017)             (-0.49999942442322892,0.0000000000000000)
         116        1500  -931.82210169638620        1.0000000000004086        26.704992307660035        1.0000000000004086        2.3938038606839694E-028  -4.0856207306205761E-013   (2.20823938983571397E-016,1.26650137184450887E-018)  (9.67734159796880435E-016,-4.10149159667488001E-016)             (-0.49999942442323181,0.0000000000000000)
         117        1500  -930.35235074733873        1.0000000000004130        42.702998656366169        1.0000000000004130        2.1863695979734373E-028  -4.1300296516055823E-013   (2.86610642302093899E-016,7.79688035054078739E-018)   (8.59155071829781449E-017,2.31980329668259598E-016)             (-0.49999942442323403,0.0000000000000000)
         118        1500  -928.88259979829127        1.0000000000004192        61.843106716786089        1.0000000000004192        2.0019056203027323E-028  -4.1922021409845911E-013  (-7.67394266090827741E-016,1.35500386635986915E-018)   (6.91732791278496605E-016,1.58025983060859948E-016)             (-0.49999942442323714,0.0000000000000000)
         119        1500  -927.41284884924380        1.0000000000004228        83.589241761430074        1.0000000000004223        1.9461114352502017E-028  -4.2277292777725961E-013 (-1.82911463380242411E-016,-7.70841447158734062E-018) (-1.80660553673083348E-017,-2.20184897984804346E-016)             (-0.49999942442323869,0.0000000000000000)
         120        1500  -925.94309790019634        1.0000000000004261        107.33233965225050        1.0000000000004259        2.0788323665110177E-028  -4.2610359685113508E-013   (1.43279184265593973E-016,7.23626319346321869E-019)   (1.67056396236174823E-016,1.84004357640402264E-016)             (-0.49999942442324047,0.0000000000000000)
         121        1500  -924.47334695114887        1.0000000000004285        132.40740546385751        1.0000000000004285        2.3174613906166357E-028  -4.2854608750531042E-013   (2.72863386452832648E-016,5.55159480476309267E-021)  (-7.44879504255856540E-016,1.62801595026783146E-016)             (-0.49999942442324180,0.0000000000000000)
         122        1500  -923.00359600210140        1.0000000000004334        158.11213861209129        1.0000000000004334        2.4849286241530080E-028  -4.3343106881366111E-013  (-4.20689946159570555E-016,7.02024225753384216E-019)   (1.01870516554503105E-016,1.87779822706574517E-016)             (-0.49999942442324424,0.0000000000000000)
         123        1500  -921.53384505305394        1.0000000000004381        183.72660283671121        1.0000000000004379        2.5401753234011025E-028  -4.3809400551708677E-013  (-9.82740072380396664E-017,6.53585337283929867E-018)  (-8.52934261183095385E-016,3.07160049821081502E-016)             (-0.49999942442324646,0.0000000000000000)
         124        1500  -920.06409410400647        1.0000000000004428        208.53339012279577        1.0000000000004428        2.4697071202490229E-028  -4.4275694222051243E-013   (4.09636111828706089E-016,2.38449315902349254E-019)   (6.27101926531993908E-017,1.37986243001131247E-017)             (-0.49999942442324891,0.0000000000000000)
         125        1500  -918.59434315495901        1.0000000000004439        231.83771381123748        1.0000000000004441        2.3260682724454603E-028  -4.4386716524513758E-013  (2.87768403608792992E-016,-1.17864771376919656E-017)  (-6.01927948319048813E-016,3.01691915561033762E-016)             (-0.49999942442324957,0.0000000000000000)
         126        1500  -917.12459220591154        1.0000000000004488        252.98686813197824        1.0000000000004481        2.1759433556568877E-028  -4.4875214655348827E-013   (5.51325880316299282E-016,3.15207728442738857E-019)  (-1.56808106275203045E-016,4.46799412730241174E-017)             (-0.49999942442325157,0.0000000000000000)
         127        1500  -915.65484125686407        1.0000000000004496        271.38850913882180        1.0000000000004499        2.0498199508473339E-028  -4.4964032497318840E-013 (-9.50248036794806291E-017,-1.04335694501228440E-017) (-3.32097156200800700E-016,-7.07078268188566311E-018)             (-0.49999942442325246,0.0000000000000000)
         128        1500  -914.18509030781661        1.0000000000004534        286.52724503476190        1.0000000000004530        2.0116605974843564E-028  -4.5341508325691393E-013  (3.40278908816357676E-016,-3.99171292200226462E-018) (-8.20679994262671070E-017,-1.71476365546389341E-019)             (-0.49999942442325401,0.0000000000000000)
         129        1500  -912.71533935876914        1.0000000000004570        297.97907122723194        1.0000000000004570        2.1298674498890579E-028  -4.5696779693571443E-013  (1.53285973179572912E-016,-1.36369055697807689E-018) (-7.63622288872147966E-016,-5.97370164077573211E-017)             (-0.49999942442325601,0.0000000000000000)
         130        1500  -911.24558840972168        1.0000000000004614        305.42324581728133        1.0000000000004614        2.3923777485492070E-028  -4.6140868903421506E-013  (-6.97339970665023955E-016,9.17080033882415518E-020)   (8.65913881980193610E-016,2.67949640794027413E-016)             (-0.49999942442325823,0.0000000000000000)
         131        1500  -909.77583746067421        1.0000000000004632        308.65127291490683        1.0000000000004632        2.6502617120347639E-028  -4.6318504587361531E-013  (-4.44335529987119237E-016,9.15218069591239402E-018) (-6.69443842924100681E-017,-1.86821707553089560E-016)             (-0.49999942442325912,0.0000000000000000)
         132        1500  -908.30608651162675        1.0000000000004658        307.57274217649359        1.0000000000004654        2.6283468826289178E-028  -4.6584958113271568E-013 (-2.92579450590435678E-016,-8.97956686553736631E-018)   (8.61967787626898420E-016,3.71593043223575352E-017)             (-0.49999942442326023,0.0000000000000000)
         133        1500  -906.83633556257928        1.0000000000004703        302.21786101099593        1.0000000000004707        2.5047501046967898E-028  -4.7029047323121631E-013  (1.19722828138977456E-015,-3.53597712434014953E-018)  (8.62854011644628039E-016,-2.27827206910906995E-017)             (-0.49999942442326289,0.0000000000000000)
         134        1500  -905.36658461353181        1.0000000000004725        292.73660853307865        1.0000000000004725        2.1606136021072038E-028  -4.7251091928046662E-013  (9.54362851118545077E-016,-7.80210721059736787E-018)   (3.28002418746826352E-017,1.05302588550869316E-016)             (-0.49999942442326378,0.0000000000000000)
         135        1500  -903.89683366448435        1.0000000000004763        279.39453495919895        1.0000000000004761        1.9568442056432846E-028  -4.7628567756419216E-013  (5.52515498331004603E-017,-1.24759779435405922E-017) (-1.02752608312507333E-015,-2.31003506930032580E-016)             (-0.49999942442326556,0.0000000000000000)
         136        1500  -902.42708271543688        1.0000000000004778        262.56532409681677        1.0000000000004774        1.9886774702371285E-028  -4.7783998979866737E-013 (-1.11500609008645330E-015,-9.43433163370688604E-020) (-7.39141117185182092E-016,-3.21137376474120444E-017)             (-0.49999942442326623,0.0000000000000000)
         137        1500  -900.95733176638942        1.0000000000004827        242.72032723603135        1.0000000000004823        2.2433940363195115E-028  -4.8272497110701806E-013 (-8.30895557529689434E-016,-3.60499090333250814E-019)   (5.09987056153735962E-016,9.40578967066879253E-017)             (-0.49999942442326867,0.0000000000000000)
         138        1500  -899.48758081734195        1.0000000000004845        220.41536157758878        1.0000000000004841        2.4818840474477765E-028  -4.8450132794641831E-013   (3.21556070412837300E-016,1.17155842577556343E-018)  (-4.19177387275989995E-016,3.32791829872650581E-016)             (-0.49999942442326956,0.0000000000000000)
         139        1500  -898.01782986829448        1.0000000000004887        196.27514294593999        1.0000000000004889        2.5296100100239045E-028  -4.8872017543999391E-013   (5.93534158451795238E-016,1.31456177044825931E-018)   (6.07846585410762960E-016,2.08137417915103773E-016)             (-0.49999942442327200,0.0000000000000000)
         140        1500  -896.54807891924702        1.0000000000004929        170.97578879473966        1.0000000000004925        2.6728157686342281E-028  -4.9293902293356950E-013  (7.20929665363470052E-016,-1.56045530687419502E-017)  (-7.36061638311397749E-016,2.30700819112573569E-016)             (-0.49999942442327378,0.0000000000000000)
         141        1500  -895.07832797019955        1.0000000000004965        145.22588155933133        1.0000000000004965        2.6299248231891417E-028  -4.9649173661237000E-013  (6.02367899162863517E-016,-3.37220807277694716E-020)  (-2.38621213850936526E-016,7.06635257846509565E-017)             (-0.49999942442327577,0.0000000000000000)
         142        1500  -893.60857702115209        1.0000000000004998        119.74662273244317        1.0000000000004996        2.3984769020333126E-028  -4.9982240568624547E-013  (-1.06735399397474290E-016,9.06340148319004962E-018) (-6.09402108308567950E-016,-6.52816973435980460E-017)             (-0.49999942442327733,0.0000000000000000)
         143        1500  -892.13882607210462        1.0000000000005014        95.251633506239173        1.0000000000005014        2.2197417067561382E-028  -5.0137671792072069E-013 (-6.16479519067085598E-017,-4.62498174341241642E-018) (-1.38925367128781225E-015,-8.91151353860781485E-017)             (-0.49999942442327822,0.0000000000000000)
         144        1500  -890.66907512305715        1.0000000000005027        72.426967722882736        1.0000000000005027        2.1019607489501944E-028  -5.0270898555027088E-013  (9.87579224934418549E-016,-1.17803451997607079E-018)  (4.82687185989511534E-017,-7.00582419207256760E-017)             (-0.49999942442327888,0.0000000000000000)
         145        1500  -889.19932417400969        1.0000000000005060        51.911896929391780        1.0000000000005058        2.1185470815870648E-028  -5.0603965462414635E-013   (2.56010218401908176E-016,4.62205392470857102E-018) (-1.93181026507346472E-015,-6.94412787390212914E-017)             (-0.49999942442328044,0.0000000000000000)
         146        1500  -887.72957322496222        1.0000000000005105        34.281005707540501        1.0000000000005107        2.3650030515367249E-028  -5.1048054672264698E-013 (-1.25609624373522355E-017,-1.44757240842598455E-018) (-6.16631224420171063E-016,-1.20726850998898515E-016)             (-0.49999942442328288,0.0000000000000000)
         147        1500  -886.25982227591476        1.0000000000005149        20.028098751499350        1.0000000000005143        2.5932220115332142E-028  -5.1492143882114760E-013 (-8.14945966274847833E-016,-4.61912386984846561E-018)  (-5.84097960177045471E-016,8.55023428865012850E-017)             (-0.49999942442328466,0.0000000000000000)
         148        1500  -884.79007132686729        1.0000000000005176        9.5523704225676216        1.0000000000005178        2.7836085318078716E-028  -5.1758597408024798E-013  (3.05187663672223750E-016,-4.62496835170186010E-018)  (2.50849854030514747E-016,-3.19741992968072867E-016)             (-0.49999942442328643,0.0000000000000000)
         149        1500  -883.32032037781983        1.0000000000005189        3.1472241431005985        1.0000000000005187        2.6614359079570324E-028  -5.1891824170979817E-013   (1.04534658203886164E-015,1.42553805936103580E-017)  (-7.06785838548309914E-017,2.22456626062283237E-016)             (-0.49999942442328688,0.0000000000000000)
         150        1500  -881.85056942877236        1.0000000000005220       0.99205477520960483        1.0000000000005218        2.5096742417252060E-028  -5.2202686617874861E-013  (4.63859029589794582E-016,-6.36348870944728646E-019) (-7.44337941738059720E-016,-4.52049700834434742E-017)             (-0.49999942442328843,0.0000000000000000)
         151        1500  -880.38081847972489        1.0000000000005238        3.1472241427640757        1.0000000000005236        2.3003715167189916E-028  -5.2380322301814886E-013 (-1.20796703434950739E-015,-1.03444842489178318E-017)  (-6.52377606621195047E-016,2.80799342278280552E-016)             (-0.49999942442328932,0.0000000000000000)
         152        1500  -878.91106753067743        1.0000000000005274        9.5523704219040244        1.0000000000005271        2.2472370902736079E-028  -5.2735593669694936E-013 (-1.10866309329483119E-015,-6.33274244282784984E-019) (-4.84151175982157636E-016,-9.71278001469838936E-017)             (-0.49999942442329109,0.0000000000000000)
         153        1500  -877.44131658162996        1.0000000000005307        20.028098750527491        1.0000000000005302        2.1548449016017433E-028  -5.3068660577082483E-013  (4.82741730345780007E-018,-6.62463556361672761E-018)   (4.84566270647434695E-016,1.09121098294673490E-016)             (-0.49999942442329265,0.0000000000000000)
         154        1500  -875.97156563258250        1.0000000000005342        34.281005706287729        1.0000000000005342        2.2028168001820983E-028  -5.3423931944962533E-013  (7.33891419207604722E-016,-4.98231311005656801E-019)   (1.43694605742045455E-015,2.96329777207640522E-016)             (-0.49999942442329465,0.0000000000000000)
         155        1500  -874.50181468353503        1.0000000000005353        51.911896927892975        1.0000000000005351        2.4681181041551399E-028  -5.3534954247425048E-013  (-2.98229044865384625E-016,2.88608920295289283E-018)  (-5.04852137248248866E-016,2.60193238962264192E-017)             (-0.49999942442329509,0.0000000000000000)
         156        1500  -873.03206373448756        1.0000000000005391        72.426967721180134        1.0000000000005387        2.7060286103144583E-028  -5.3912430075797602E-013 (-7.77038337530263864E-016,-1.15050104416497468E-018)  (8.07931371077640445E-016,-9.87937005806672357E-017)             (-0.49999942442329687,0.0000000000000000)
         157        1500  -871.56231278544010        1.0000000000005433        95.251633504380223        1.0000000000005431        2.7809073317815039E-028  -5.4334314825155161E-013   (1.58419912718363709E-016,1.71498754504362826E-017) (-3.39009049971007078E-016,-2.17238543015681748E-016)             (-0.49999942442329909,0.0000000000000000)
         158        1500  -870.09256183639263        1.0000000000005489        119.74662273048189        1.0000000000005489        2.6775623158157961E-028  -5.4889426337467739E-013   (4.07901577242602618E-016,3.61808466350675974E-019)   (3.63516300864505334E-016,1.82949294670937494E-016)             (-0.49999942442330197,0.0000000000000000)
         159        1500  -868.62281088734517        1.0000000000005498        145.22588155732328        1.0000000000005498        2.5247002013762583E-028  -5.4978244179437752E-013   (7.28442447435525721E-016,9.16088759681814791E-018) (-1.05427844334004822E-016,-1.15901198849213213E-016)             (-0.49999942442330242,0.0000000000000000)
         160        1500  -867.15305993829770        1.0000000000005511        170.97578879273848        1.0000000000005511        2.2328791247193502E-028  -5.5111470942392771E-013  (-6.23442762025054583E-016,3.30956567625500330E-018)  (-2.55139235383660362E-016,1.14821711857244242E-016)             (-0.49999942442330308,0.0000000000000000)
         161        1500  -865.68330898925024        1.0000000000005576        196.27514294400589        1.0000000000005573        2.1381855925782314E-028  -5.5755400296675361E-013  (-2.45012695474815250E-016,1.57026283363138064E-017) (-4.92407095007723913E-016,-1.36775395870205103E-016)             (-0.49999942442330619,0.0000000000000000)
         162        1500  -864.21355804020277        1.0000000000005604        220.41536157577630        1.0000000000005604        2.2509072782799528E-028  -5.6044058283077902E-013  (-5.25213672093683350E-017,4.48741307707330579E-019)   (2.35330273207897696E-017,5.70130917297776187E-016)             (-0.49999942442330775,0.0000000000000000)
         163        1500  -862.74380709115530        1.0000000000005616        242.72032723438991        1.0000000000005613        2.5172469011866462E-028  -5.6155080585540418E-013   (7.37945566536434113E-016,8.07190187276395587E-018) (-1.25025247883840498E-015,-6.35981587676482968E-017)             (-0.49999942442330819,0.0000000000000000)
         164        1500  -861.27405614210784        1.0000000000005633        262.56532409539585        1.0000000000005631        2.6553772461256622E-028  -5.6332716269480443E-013  (-1.31878867385610009E-016,2.75691003450410038E-025)  (-7.25322379826835157E-016,2.32414451505316016E-016)             (-0.49999942442330908,0.0000000000000000)
         165        1500  -859.80430519306037        1.0000000000005680        279.39453495803900        1.0000000000005680        2.8150979603125984E-028  -5.6799009939823009E-013 (-6.82169980796452708E-016,-1.57829144611376697E-017)  (1.68551408577432021E-017,-1.41384619627976252E-016)             (-0.49999942442331152,0.0000000000000000)
         166        1500  -858.33455424401291        1.0000000000005707        292.73660853221116        1.0000000000005707        2.6932708334755221E-028  -5.7065463465733046E-013  (3.76489533840773944E-016,-7.89150401464112082E-018)   (4.10847676482464129E-016,2.98715758129580841E-016)             (-0.49999942442331285,0.0000000000000000)
         167        1500  -856.86480329496544        1.0000000000005766        302.21786101044938        1.0000000000005764        2.5949463414335214E-028  -5.7664983899030631E-013  (-7.71445457746697066E-017,5.29372314673972406E-024)   (1.82929837950518316E-016,8.51254371391265665E-017)             (-0.49999942442331574,0.0000000000000000)
         168        1500  -855.39505234591797        1.0000000000005778        307.57274217628003        1.0000000000005778        2.4074304213096190E-028  -5.7776006201493146E-013 (-3.73408927850391586E-016,-1.42495195846740493E-017)  (-3.32729131344289777E-016,6.27912515560507684E-017)             (-0.49999942442331641,0.0000000000000000)
         169        1500  -853.92530139687051        1.0000000000005826        308.65127291503438        1.0000000000005826        2.2146245970160884E-028  -5.8264504332328215E-013 (-4.25686344310054451E-016,-4.22069313391282234E-018)   (9.37171596742291104E-018,7.39239524300870064E-018)             (-0.49999942442331885,0.0000000000000000)
         170        1500  -852.45555044782304        1.0000000000005878        305.42324581774324        1.0000000000005875        2.1833644837724515E-028  -5.8775206923655787E-013 (-6.00701683606838777E-016,-9.07480805857343643E-018)  (-1.00395748697302584E-015,1.50348463135454944E-016)             (-0.49999942442332129,0.0000000000000000)
         171        1500  -850.98579949877558        1.0000000000005922        297.97907122801820        1.0000000000005920        2.3986571502759464E-028  -5.9219296133505850E-013   (8.72653918864381256E-016,2.65376581665202597E-021)   (8.72441100193666074E-016,1.53364097322227131E-016)             (-0.49999942442332351,0.0000000000000000)
         172        1500  -849.51604854972811        1.0000000000005929        286.52724503585301        1.0000000000005929        2.6006168732367336E-028  -5.9285909514983359E-013  (8.23336160260569912E-016,-6.53560347466831117E-018)   (1.61794769364406058E-016,5.63387659443231486E-017)             (-0.49999942442332396,0.0000000000000000)
         173        1500  -848.04629760068065        1.0000000000005973        271.38850914018212        1.0000000000005969        2.7982632189810080E-028  -5.9729998724833422E-013 (-5.00328052405663322E-016,-1.99577843578402361E-018)   (5.50539241853714370E-016,2.96388081956713092E-016)             (-0.49999942442332596,0.0000000000000000)
         174        1500  -846.57654665163318        1.0000000000006011        252.98686813357367        1.0000000000006009        2.8572038899924752E-028  -6.0107474553205975E-013 (-2.74380542594633711E-016,-1.68769122314036847E-017) (-2.46668079471312988E-016,-1.64844475806264030E-016)             (-0.49999942442332795,0.0000000000000000)
         175        1500  -845.10679570258571        1.0000000000006024        231.83771381302333        1.0000000000006026        2.6174218343554021E-028  -6.0240701316160994E-013  (-3.57485409260333649E-016,2.63729505598025454E-018)  (-6.03410184565912468E-017,2.51186649083974379E-016)             (-0.49999942442332884,0.0000000000000000)
         176        1500  -843.63704475353825        1.0000000000006066        208.53339012472279        1.0000000000006062        2.3981839761227574E-028  -6.0662586065518553E-013   (1.32198626109455638E-016,6.71346146113795702E-018)  (-4.86729288850217040E-016,6.33311862150717970E-017)             (-0.49999942442333062,0.0000000000000000)
         177        1500  -842.16729380449078        1.0000000000006108        183.72660283872528        1.0000000000006106        2.2380109952600338E-028  -6.1084470814876113E-013  (-8.03346653980055446E-016,2.72346992610362014E-018) (-1.12714152068391394E-015,-5.78960083829041007E-017)             (-0.49999942442333284,0.0000000000000000)
         178        1500  -840.69754285544332        1.0000000000006140        158.11213861413816        1.0000000000006137        2.2597790952278513E-028  -6.1395333261771157E-013  (1.70327402809076218E-016,-5.23989480214092572E-021)   (5.57347148104400372E-017,1.46923904589846555E-016)             (-0.49999942442333439,0.0000000000000000)
         179        1500  -839.22779190639585        1.0000000000006148        132.40740546588125        1.0000000000006146        2.4208902326191010E-028  -6.1484151103741169E-013   (2.72670543362036385E-016,1.70526574053769511E-017) (-1.05045245570343064E-016,-3.72048536384582425E-017)             (-0.49999942442333484,0.0000000000000000)
         180        1500  -837.75804095734838        1.0000000000006191        107.33233965419380        1.0000000000006186        2.6061620779885429E-028  -6.1906035853098729E-013  (-1.21211536814201007E-016,4.71929569222734342E-018)  (-1.64264976515795758E-016,6.31121437739543408E-017)             (-0.49999942442333684,0.0000000000000000)
         181        1500  -836.28829000830092        1.0000000000006224        83.589241763239812        1.0000000000006222        2.7898727789733029E-028  -6.2239102760486276E-013 (-4.96979938827791697E-016,-5.35813194329826798E-018)   (8.20089511174468067E-017,3.47264299175605705E-016)             (-0.49999942442333861,0.0000000000000000)
         182        1500  -834.81853905925345        1.0000000000006231        61.843106718409672        1.0000000000006226        2.7765638826759439E-028  -6.2305716141963785E-013 (-2.95741149973901069E-017,-8.48164354339882596E-018)   (2.62097103674369181E-016,1.91552600479505183E-016)             (-0.49999942442333883,0.0000000000000000)
         183        1500  -833.34878811020599        1.0000000000006253        42.702998657759181        1.0000000000006253        2.6067171688746594E-028  -6.2527760746888816E-013  (6.47094791987514668E-017,-8.16098750087015275E-018)  (-7.73785200682537812E-016,3.08899252249235946E-016)             (-0.49999942442334017,0.0000000000000000)
         184        1500  -831.87903716115852        1.0000000000006288        26.704992308784483        1.0000000000006288        2.5871269544622883E-028  -6.2883032114768866E-013  (3.65277378760509422E-016,-2.85161477978568364E-021)  (2.89636986223780738E-016,-5.09016701532951120E-017)             (-0.49999942442334194,0.0000000000000000)
         185        1500  -830.40928621211106        1.0000000000006326        14.297158647198591        1.0000000000006324        2.3658762687384655E-028  -6.3260507943141420E-013 (-1.28824678212601166E-016,-1.80731899726080427E-019)  (-2.64088893931122829E-016,9.61062697058418950E-017)             (-0.49999942442334372,0.0000000000000000)
         186        1500  -828.93953526306359        1.0000000000006359        5.8270153582658351        1.0000000000006359        2.3378583399615554E-028  -6.3593574850528967E-013 (-1.62500598575746551E-015,-5.66790151990369205E-019)   (6.25116585722749937E-016,3.01702248698551765E-016)             (-0.49999942442334550,0.0000000000000000)
         187        1500  -827.46978431401612        1.0000000000006410        1.5317935872376076        1.0000000000006408        2.4393988108475512E-028  -6.4104277441856539E-013  (2.09380619930320556E-016,-1.54220381851699890E-017) (-4.49719755364157801E-016,-2.59687149716819303E-016)             (-0.49999942442334794,0.0000000000000000)
         188        1500  -826.00003336496866        1.0000000000006442        1.5317935870247441        1.0000000000006444        2.5707340001796315E-028  -6.4415139888751582E-013  (1.91364232681277815E-016,-1.13466685256289536E-018)   (1.41141071591789041E-015,3.97670614353003549E-016)             (-0.49999942442334971,0.0000000000000000)
         189        1500  -824.53028241592119        1.0000000000006479        5.8270153576333206        1.0000000000006479        2.7318680690944854E-028  -6.4792615717124136E-013   (1.84422254789911363E-016,7.89464772984532393E-018) (-7.14688592912389207E-016,-9.00763576355743540E-017)             (-0.49999942442335149,0.0000000000000000)
         190        1500  -823.06053146687373        1.0000000000006504        14.297158646164290        1.0000000000006501        2.7406751751302698E-028  -6.5036864782541670E-013  (-6.95962219243877678E-016,3.85674059702185167E-018)   (7.64210005096385339E-016,1.16330070691765510E-016)             (-0.49999942442335260,0.0000000000000000)
         191        1500  -821.59078051782626        1.0000000000006526        26.704992307377346        1.0000000000006524        2.7090898589341801E-028  -6.5258909387466701E-013  (-4.19147356865915576E-016,1.82301470997113466E-017) (-4.71236860250534645E-016,-1.68463706594087818E-016)             (-0.49999942442335371,0.0000000000000000)
         192        1500  -820.12102956877879        1.0000000000006557        42.702998656019346        1.0000000000006550        2.6526600986633773E-028  -6.5569771834361745E-013  (-8.38023407053368290E-017,1.35546774313085960E-018)   (2.67638440810149925E-016,1.54413749050328511E-016)             (-0.49999942442335504,0.0000000000000000)
         193        1500  -818.65127861973133        1.0000000000006601        61.843106716385321        1.0000000000006599        2.6428197397139674E-028  -6.6013861044211808E-013  (4.63692178725407901E-016,-6.44157052268472553E-018)  (2.37769914007823490E-016,-2.05926991411346165E-016)             (-0.49999942442335749,0.0000000000000000)
         194        1500  -817.18152767068386        1.0000000000006664        83.589241760989324        1.0000000000006666        2.5830268866513340E-028  -6.6635585938001896E-013 (-5.09302539506321427E-016,-7.80796465480766022E-018)  (-1.40693559908915223E-017,5.62387914467863754E-016)             (-0.49999942442336082,0.0000000000000000)
         195        1500  -815.71177672163640        1.0000000000006697        107.33233965178127        1.0000000000006697        2.6226630087806734E-028  -6.6968652845389443E-013  (3.52439230969839283E-017,-6.53620766991803140E-018)  (7.65589254038627559E-016,-1.51419404084467126E-016)             (-0.49999942442336237,0.0000000000000000)
         196        1500  -814.24202577258893        1.0000000000006710        132.40740546337500        1.0000000000006710        2.6048007949960427E-028  -6.7101879608344461E-013  (-9.10963701973687500E-017,1.26681071451054400E-018)  (-1.20436154608585380E-016,2.53227399344290384E-016)             (-0.49999942442336304,0.0000000000000000)
         197        1500  -812.77227482354147        1.0000000000006752        158.11213861160854        1.0000000000006750        2.6193792724736022E-028  -6.7523764357702021E-013  (4.43072120325036412E-016,-1.24717721413512616E-017)  (8.94821746799643268E-016,-4.75117082636385768E-017)             (-0.49999942442336504,0.0000000000000000)
         198        1500  -811.30252387449400        1.0000000000006761        183.72660283624208        1.0000000000006759        2.6839153483435873E-028  -6.7612582199672033E-013 (-4.11639447706386050E-016,-9.16149038381891951E-018)  (-4.41471018236786685E-016,9.93202658937946097E-017)             (-0.49999942442336548,0.0000000000000000)
         199        1500  -809.83277292544653        1.0000000000006819        208.53339012235560        1.0000000000006817        2.8029736787905040E-028  -6.8189898172477115E-013  (1.30246990482657762E-016,-4.94075016228243364E-018)  (1.94304028130021875E-015,-1.28297788904484887E-016)             (-0.49999942442336837,0.0000000000000000)
         200        1500  -808.36302197639907        1.0000000000006837        231.83771381083932        1.0000000000006835        2.9481824209459041E-028  -6.8367533856417140E-013  (-2.15347145995863120E-016,1.31605771149653246E-017) (-6.71124109986146613E-016,-1.25540379751481471E-016)             (-0.49999942442336925,0.0000000000000000)
         201        1500  -806.89327102735160        1.0000000000006863        252.98686813163263        1.0000000000006861        2.8980670120030533E-028  -6.8633987382327177E-013  (-4.63767717437410550E-016,1.80981527882619203E-019)   (1.07125408531180187E-015,3.58064149892487317E-016)             (-0.49999942442337059,0.0000000000000000)
         202        1500  -805.42352007830414        1.0000000000006888        271.38850913854333        1.0000000000006883        2.7641355526498683E-028  -6.8878236447744712E-013  (5.48109930676800116E-016,-6.35835382993340569E-018)  (-7.72157221152095968E-016,2.79112206138425102E-016)             (-0.49999942442337170,0.0000000000000000)
         203        1500  -803.95376912925667        1.0000000000006912        286.52724503455795        1.0000000000006910        2.5031249714807837E-028  -6.9122485513162246E-013   (4.22673070925220603E-016,1.58583050402499627E-024)   (1.22528882446899786E-015,2.32755896086138610E-016)             (-0.49999942442337303,0.0000000000000000)
         204        1500  -802.48401818020920        1.0000000000006941        297.97907122710734        1.0000000000006937        2.4491709557634848E-028  -6.9411143499564787E-013  (4.38251088894295514E-017,-7.70809238158152999E-018)  (-9.77224383129976954E-016,1.56503171749140127E-016)             (-0.49999942442337436,0.0000000000000000)
         205        1500  -801.01426723116174        1.0000000000006988        305.42324581724040        1.0000000000006986        2.4961129885213643E-028  -6.9877437169907353E-013  (-5.42189068085860282E-016,6.33266807969363780E-019)  (-2.33992163468643821E-016,3.91131384702236555E-017)             (-0.49999942442337680,0.0000000000000000)
         206        1500  -799.54451628211427        1.0000000000006988        308.65127291495531        1.0000000000006990        2.8887963347685148E-028  -6.9877437169907353E-013  (9.83335179890998824E-017,-1.80716536140905857E-019)  (-6.78483795626208179E-016,5.63763423841649307E-017)             (-0.49999942442337703,0.0000000000000000)
         207        1500  -798.07476533306681        1.0000000000007019        307.57274217662808        1.0000000000007017        2.9600362948804710E-028  -7.0188299616802396E-013  (-6.63770877486186788E-018,3.31510664114246516E-018)   (1.35196231633495357E-015,2.71435822718810581E-016)             (-0.49999942442337836,0.0000000000000000)
         208        1500  -796.60501438401934        1.0000000000007072        302.21786101121540        1.0000000000007070        3.0599776474656484E-028  -7.0721206668622472E-013  (9.34390452898222607E-016,-1.70468438293337898E-017)  (-1.49919398991131866E-016,1.03930339426835700E-016)             (-0.49999942442338102,0.0000000000000000)
         209        1500  -795.13526343497188        1.0000000000007110        292.73660853338066        1.0000000000007110        2.9904127745539886E-028  -7.1098682496995025E-013  (-6.88270823018175010E-016,4.63068520953091269E-018)   (2.78538513502617270E-016,1.13214073318345100E-016)             (-0.49999942442338302,0.0000000000000000)
         210        1500  -793.66551248592441        1.0000000000007139        279.39453495957071        1.0000000000007137        2.8180309385813058E-028  -7.1387340483397566E-013   (4.45707818908206545E-016,8.98539493702078359E-018)  (2.83979441889588635E-016,-3.66721266465030235E-017)             (-0.49999942442338435,0.0000000000000000)
         211        1500  -792.19576153687694        1.0000000000007165        262.56532409725088        1.0000000000007163        2.6432852939783291E-028  -7.1653794009307603E-013  (-2.66896396303826461E-016,9.43555854980481623E-020)  (4.91655769935911617E-016,-6.39526130272433279E-017)             (-0.49999942442338569,0.0000000000000000)
         212        1500  -790.72601058782948        1.0000000000007185        242.72032723651537        1.0000000000007185        2.6519642077728880E-028  -7.1853634153740131E-013   (3.95216456178963507E-016,1.98753129388155205E-018)   (9.80806440217662803E-016,1.45261139434248616E-016)             (-0.49999942442338680,0.0000000000000000)
         213        1500  -789.25625963878201        1.0000000000007176        220.41536157810998        1.0000000000007176        2.7222957808872471E-028  -7.1764816311770119E-013   (4.71454225440292388E-016,2.75741414894588701E-017)   (1.87828474797277776E-017,2.97873743481753778E-016)             (-0.49999942442338635,0.0000000000000000)
         214        1500  -787.78650868973455        1.0000000000007236        196.27514294648432        1.0000000000007234        2.9254765486278552E-028  -7.2364336745067703E-013   (3.75280197167828590E-016,4.57781648942556459E-018)  (5.95593395686859870E-016,-3.40555081768730924E-016)             (-0.49999942442338924,0.0000000000000000)
         215        1500  -786.31675774068708        1.0000000000007281        170.97578879529368        1.0000000000007279        3.0695379551237547E-028  -7.2808425954917766E-013 (-8.53622896578872094E-016,-1.57858451823796423E-017)  (-9.90180024321941950E-018,3.01962328818707522E-016)             (-0.49999942442339146,0.0000000000000000)
         216        1500  -784.84700679163961        1.0000000000007314        145.22588155988237        1.0000000000007314        3.0753289215294091E-028  -7.3141492862305313E-013 (-6.84930851381824488E-016,-7.95750127789946818E-019)   (1.00088355313052228E-015,4.47223246159141471E-016)             (-0.49999942442339324,0.0000000000000000)
         217        1500  -783.37725584259215        1.0000000000007316        119.74662273297569        1.0000000000007314        3.0324026719129297E-028  -7.3163697322797816E-013 (-1.02834742827992026E-015,-3.99347752505610878E-018) (-1.24175609843384407E-015,-1.62379447373553918E-016)             (-0.49999942442339324,0.0000000000000000)
         218        1500  -781.90750489354468        1.0000000000007332        95.251633506739367        1.0000000000007332        2.9086961116492054E-028  -7.3319128546245338E-013 (-1.92633501387632288E-016,-3.43010511834204338E-020)   (7.69671276763026330E-016,2.21788314589436315E-016)             (-0.49999942442339412,0.0000000000000000)
         219        1500  -780.43775394449722        1.0000000000007370        72.426967723339118        1.0000000000007367        2.7870972983554113E-028  -7.3696604374617891E-013  (9.91089065242088463E-016,-1.44199610918372604E-018) (-1.43047296410677320E-015,-2.35758822620398718E-017)             (-0.49999942442339590,0.0000000000000000)
         220        1500  -778.96800299544975        1.0000000000007407        51.911896929790451        1.0000000000007403        2.6047594893793447E-028  -7.4074080202990444E-013  (5.69904519562707013E-016,-5.93954802469866287E-018)   (1.41352352137413821E-015,5.20039929433363163E-016)             (-0.49999942442339768,0.0000000000000000)
         221        1500  -777.49825204640229        1.0000000000007441        34.281005707872524        1.0000000000007438        2.6480225245158235E-028  -7.4407147110377991E-013  (2.17651160740579842E-017,-2.89689213002366747E-018)  (-1.26165740460367288E-015,1.64797857700401166E-016)             (-0.49999942442339945,0.0000000000000000)
         222        1500  -776.02850109735482        1.0000000000007474        20.028098751755547        1.0000000000007470        2.7561874589925250E-028  -7.4740214017765538E-013   (3.42745321947218887E-016,8.48180636489126247E-018)   (5.02729491478425797E-016,2.59374228325150519E-016)             (-0.49999942442340101,0.0000000000000000)
         223        1500  -774.55875014830735        1.0000000000007501        9.5523704227415198        1.0000000000007501        2.9473942141582454E-028  -7.5006667543675576E-013  (-2.87738618914823237E-016,5.55016095043005814E-021) (-8.73280623787639560E-016,-2.27683421676490755E-016)             (-0.49999942442340256,0.0000000000000000)
         224        1500  -773.08899919925989        1.0000000000007534        3.1472241431884256        1.0000000000007536        2.9356197692302848E-028  -7.5339734451063123E-013  (9.73435897095215843E-017,-7.89674418099084793E-018)   (1.96435570416617897E-015,5.59654144234444586E-016)             (-0.49999942442340434,0.0000000000000000)
         225        1500  -771.61924825021242        1.0000000000007563       0.99205477520988383        1.0000000000007563        3.0093073063150112E-028  -7.5628392437465664E-013   (5.14350155454471075E-017,6.53031982939788003E-018)  (-1.63166483666780192E-016,9.62144233173584383E-017)             (-0.49999942442340567,0.0000000000000000)
         226        1500  -770.14949730116496        1.0000000000007574        3.1472241426778069        1.0000000000007572        2.7343675708989974E-028  -7.5739414739928179E-013  (-2.85486039738702303E-016,5.56438088365003787E-021) (-5.96973771168812631E-016,-7.07942116519545597E-019)             (-0.49999942442340611,0.0000000000000000)
         227        1500  -768.67974635211749        1.0000000000007612        9.5523704217346292        1.0000000000007612        2.7546624941646334E-028  -7.6116890568300732E-013   (1.03245729709419073E-015,5.16758646210995357E-018)  (4.18441332845440078E-016,-1.04077532211649370E-016)             (-0.49999942442340811,0.0000000000000000)
         228        1500  -767.20999540307002        1.0000000000007658        20.028098750280900        1.0000000000007656        2.6583836777145903E-028  -7.6583184238643298E-013  (-5.39487860945751541E-016,9.33319420121355894E-018)  (-1.25289467729549420E-015,4.09249090324429510E-016)             (-0.49999942442341033,0.0000000000000000)
         229        1500  -765.74024445402256        1.0000000000007705        34.281005705971623        1.0000000000007705        2.6812915081490464E-028  -7.7049477908985864E-013  (-7.36368753678902136E-016,3.89843438897871305E-018) (-1.34922995251302236E-015,-2.29158776933173348E-016)             (-0.49999942442341277,0.0000000000000000)
         230        1500  -764.27049350497509        1.0000000000007703        51.911896927516928        1.0000000000007705        2.7762890335136265E-028  -7.7027273448493361E-013  (-1.19372728553427860E-015,7.80241623981420136E-018) (-3.60846676657182136E-016,-5.12462872996765914E-017)             (-0.49999942442341277,0.0000000000000000)
         231        1500  -762.80074255592763        1.0000000000007747        72.426967720757176        1.0000000000007745        2.8579240223071320E-028  -7.7471362658343423E-013 (-3.94003871677140310E-016,-1.95337850462795539E-018)   (2.42838876198169297E-016,3.71434640102873433E-016)             (-0.49999942442341477,0.0000000000000000)
         232        1500  -761.33099160688016        1.0000000000007792        95.251633503922704        1.0000000000007789        2.9070070104302738E-028  -7.7915451868193486E-013  (3.22866708353402753E-016,-9.24650919703883530E-018)  (-9.24660571052194920E-016,2.49395628583457676E-016)             (-0.49999942442341699,0.0000000000000000)
         233        1500  -759.86124065783270        1.0000000000007796        119.74662273000257        1.0000000000007794        2.8820741969304668E-028  -7.7959860789178492E-013  (5.24313735919533399E-016,-9.66334984504866156E-024)  (-1.54764712434779006E-015,9.60665045506328566E-017)             (-0.49999942442341722,0.0000000000000000)
         234        1500  -758.39148970878523        1.0000000000007805        145.22588155683792        1.0000000000007803        2.8810958553856144E-028  -7.8048678631148505E-013  (-1.60486506526080854E-015,6.35246243879417104E-018)  (-3.02733445022739716E-016,1.78824946415062894E-016)             (-0.49999942442341766,0.0000000000000000)
         235        1500  -756.92173875973776        1.0000000000007829        170.97578879226273        1.0000000000007829        2.8565352581834439E-028  -7.8292927696566039E-013  (2.01668275517236765E-016,-6.87583199424923392E-020) (-8.65512295362392856E-016,-1.19107603908028674E-016)             (-0.49999942442341899,0.0000000000000000)
         236        1500  -755.45198781069030        1.0000000000007876        196.27514294355331        1.0000000000007869        2.9431070906245036E-028  -7.8759221366908605E-013  (-2.70236161309737409E-016,1.26067566378742281E-018)   (4.62245196140802269E-016,1.83832690567411507E-016)             (-0.49999942442342099,0.0000000000000000)
         237        1500  -753.98223686164283        1.0000000000007909        220.41536157536089        1.0000000000007905        2.8421760056426548E-028  -7.9092288274296152E-013  (1.08075175250317136E-015,-8.58574686446256303E-020)   (1.00951651105805093E-015,1.83208731123984898E-016)             (-0.49999942442342277,0.0000000000000000)
         238        1500  -752.51248591259537        1.0000000000007945        242.72032723402575        1.0000000000007949        2.8830117648866214E-028  -7.9447559642176202E-013 (-5.86440861643789047E-017,-1.34945561087564571E-018)  (-6.89236386142007204E-016,1.55502540337734895E-016)             (-0.49999942442342499,0.0000000000000000)
         239        1500  -751.04273496354790        1.0000000000007974        262.56532409509362        1.0000000000007971        2.7233592561430661E-028  -7.9736217628578743E-013   (4.04643737100108876E-016,3.36092613138370484E-018)   (2.41468480353146792E-015,4.89000356224906131E-016)             (-0.49999942442342610,0.0000000000000000)
         240        1500  -749.57298401450043        1.0000000000008022        279.39453495780600        1.0000000000008020        2.8443764313410411E-028  -8.0224715759413812E-013  (1.13655291195833336E-015,-1.27175513626755395E-018)   (7.72046783406930683E-016,2.17774700236070697E-016)             (-0.49999942442342854,0.0000000000000000)
         241        1500  -748.10323306545297        1.0000000000008027        292.73660853205666        1.0000000000008029        2.9654205068598936E-028  -8.0269124680398818E-013  (1.89888769679481791E-015,-8.87794469816789097E-020)  (1.35687726266598163E-015,-7.33602829810606391E-017)             (-0.49999942442342898,0.0000000000000000)
         242        1500  -746.63348211640550        1.0000000000008062        302.21786101037162        1.0000000000008060        3.3989147399725484E-028  -8.0624396048278868E-013   (3.53301601542779207E-015,2.71617542413225757E-018)   (4.13491908558757744E-015,2.42273860956074850E-016)             (-0.49999942442343054,0.0000000000000000)
         243        1500  -745.16373116735804        1.0000000000008100        307.57274217628975        1.0000000000008100        3.4931079910889485E-028  -8.1001871876651421E-013  (2.35517654711891665E-015,-2.71409518489609034E-018)  (-3.48521789020383086E-015,2.74068861260694678E-016)             (-0.49999942442343254,0.0000000000000000)
         244        1500  -743.69398021831057        1.0000000000008136        308.65127291512823        1.0000000000008136        3.8040552888829881E-028  -8.1357143244531471E-013   (3.44651680111550299E-015,1.31076842226671525E-018)   (1.03749084335320071E-014,2.26773081884675894E-016)             (-0.49999942442343431,0.0000000000000000)
         245        1500  -742.22422926926311        1.0000000000008158        305.42324581792377        1.0000000000008153        3.6195646537572670E-028  -8.1579187849456503E-013  (7.66775840120617628E-015,-1.70468290541514683E-017)   (6.13730448288122348E-015,3.13752721230662774E-016)             (-0.49999942442343520,0.0000000000000000)
         246        1500  -740.75447832021564        1.0000000000008176        297.97907122828383        1.0000000000008176        3.6837548378091874E-028  -8.1756823533396528E-013   (4.91837064126793867E-015,4.98738406686415794E-018)   (1.17525235067739806E-014,1.42668816140839337E-018)             (-0.49999942442343631,0.0000000000000000)
         247        1500  -739.28472737116817        1.0000000000008187        286.52724503619260        1.0000000000008185        4.0313002122232166E-028  -8.1867845835859043E-013   (7.18511995201456645E-015,2.62764601839897004E-018)   (1.22237538585652434E-014,2.08004108184965595E-015)             (-0.49999942442343676,0.0000000000000000)
         248        1500  -737.81497642212071        1.0000000000008233        271.38850914059213        1.0000000000008229        3.8920876250217362E-028  -8.2334139506201609E-013  (2.69133126501729150E-015,-7.93740429793007525E-020)   (1.09117886969848356E-014,3.02520298203907665E-016)             (-0.49999942442343898,0.0000000000000000)
         249        1500  -736.34522547307324        1.0000000000008265        252.98686813403967        1.0000000000008265        4.5801476399208248E-028  -8.2645001953096653E-013   (9.12576528018993566E-015,9.07483703726839234E-018)   (1.10235328964628547E-014,2.12798091835462326E-015)             (-0.49999942442344075,0.0000000000000000)
         250        1500  -734.87547452402578        1.0000000000008296        231.83771381353404        1.0000000000008291        4.4327300992106323E-028  -8.2955864399991697E-013   (1.91777955853619903E-015,9.97234693154216672E-019)   (8.88731030375883425E-015,9.12168752881150193E-016)             (-0.49999942442344208,0.0000000000000000)
         251        1500  -733.40572357497831        1.0000000000008327        208.53339012526493        1.0000000000008322        4.4661420379774298E-028  -8.3266726846886741E-013  (6.93845415497451803E-015,-9.25754532932582357E-018)   (2.39593416299175489E-015,9.46489935968900396E-016)             (-0.49999942442344364,0.0000000000000000)
         252        1500  -731.93597262593084        1.0000000000008342        183.72660283928730        1.0000000000008344        4.6318736079605038E-028  -8.3422158070334262E-013   (5.44271817282768252E-016,4.43828829045106793E-020)   (3.53450534085418447E-015,4.20444415509577401E-016)             (-0.49999942442344475,0.0000000000000000)
         253        1500  -730.46622167688338        1.0000000000008384        158.11213861470335        1.0000000000008384        4.4676314721455207E-028  -8.3844042819691822E-013  (3.32139998845928118E-015,-9.06891788563646492E-018) (-4.44604989791047367E-016,-6.18535954984470018E-016)             (-0.49999942442344675,0.0000000000000000)
         254        1500  -728.99647072783591        1.0000000000008420        132.40740546643286        1.0000000000008415        4.4336158440953154E-028  -8.4199314187571872E-013 (-6.85396114887555041E-016,-1.18314636640990465E-018)   (1.53161179347050927E-015,2.18028443120894200E-016)             (-0.49999942442344830,0.0000000000000000)
         255        1500  -727.52671977878845        1.0000000000008469        107.33233965471784        1.0000000000008469        4.7505748622694799E-028  -8.4687812318406941E-013 (-1.21435287275108494E-015,-7.81354285399709352E-018) (-7.68303199268140464E-015,-9.15302491567422490E-016)             (-0.49999942442345097,0.0000000000000000)
         256        1500  -726.05696882974098        1.0000000000008489        83.589241763721688        1.0000000000008487        5.0535389672302311E-028  -8.4887652462839469E-013 (-6.18605659669461917E-015,-1.24218623023635597E-017) (-7.53507557142796305E-015,-8.73476713385111447E-016)             (-0.49999942442345185,0.0000000000000000)
         257        1500  -724.58721788069352        1.0000000000008533        61.843106718839131        1.0000000000008531        7.7600215463334327E-028  -8.5331741672689532E-013  (-1.09613354644477421E-014,3.35830821573939523E-018)  (-2.78725730134185266E-014,7.67787555528722553E-017)             (-0.49999942442345408,0.0000000000000000)
         258        1500  -723.11746693164605        1.0000000000008551        42.702998658125416        1.0000000000008549        9.7094419659313066E-028  -8.5509377356629557E-013  (-2.23543704844151878E-014,1.27764348062823048E-018) (-1.41920645166127367E-014,-8.10904442023795448E-016)             (-0.49999942442345496,0.0000000000000000)
         259        1500  -721.64771598259858        1.0000000000008580        26.704992309078129        1.0000000000008580        1.6258568872691237E-027  -8.5798035343032097E-013  (-3.16463370870612008E-014,5.26117596069481930E-018)  (-2.94131404700001535E-014,2.15808688956471809E-015)             (-0.49999942442345652,0.0000000000000000)
         260        1500  -720.17796503355112        1.0000000000008598        14.297158647412923        1.0000000000008598        2.8610203493447595E-027  -8.5975671026972122E-013  (-6.40844801709149993E-014,1.27176021457998396E-018)  (-1.78403171069541711E-014,1.24623003771989306E-014)             (-0.49999942442345741,0.0000000000000000)
         261        1500  -718.70821408450365        1.0000000000008626        5.8270153583961877        1.0000000000008624        3.3355481335816223E-027  -8.6264329013374663E-013 (-4.75800453685302644E-014,-1.95069669215099749E-018)  (-2.20403131243965968E-014,8.77970057174800410E-016)             (-0.49999942442345874,0.0000000000000000)
         262        1500  -717.23846313545619        1.0000000000008638        1.5317935872815676        1.0000000000008633        3.9799484991565026E-027  -8.6375351315837179E-013 (-7.47374975966684082E-014,-6.62465836200918805E-018)  (-1.32721618787259663E-014,1.28432563956850786E-014)             (-0.49999942442345918,0.0000000000000000)
         263        1500  -715.76871218640872        1.0000000000008689        1.5317935869823489        1.0000000000008686        5.0058844635720185E-027  -8.6886053907164751E-013 (-6.09725675055746587E-014,-1.33741158172957401E-018) (-5.56692624858792332E-014,-2.11863685366631016E-015)             (-0.49999942442346185,0.0000000000000000)
         264        1500  -714.29896123736125        1.0000000000008731        5.8270153575069452        1.0000000000008726        6.3787381257224291E-027  -8.7307938656522310E-013  (-8.97303123191292810E-014,1.41607699541451289E-017)  (-2.89210286034779323E-014,1.17763557834089310E-014)             (-0.49999942442346385,0.0000000000000000)
         265        1500  -712.82921028831379        1.0000000000008764        14.297158645958733        1.0000000000008762        7.1693577969444254E-027  -8.7641005563909857E-013  (-8.66038310565365531E-014,1.03847558547118189E-020)   (7.12714244278770333E-016,3.54918565125250817E-016)             (-0.49999942442346562,0.0000000000000000)
         266        1500  -711.35945933926632        1.0000000000008791        26.704992307099957        1.0000000000008793        7.6036607528261233E-027  -8.7907459089819895E-013  (-9.33358472014118460E-014,1.83244625576178879E-017)  (-1.94274946306742556E-014,7.01600205322942304E-015)             (-0.49999942442346718,0.0000000000000000)
         267        1500  -709.88970839021886        1.0000000000008817        42.702998655678776        1.0000000000008820        7.0544200640228278E-027  -8.8173912615729932E-013  (-5.85181716921388659E-014,2.26810020242010465E-018) (-2.20249156824835950E-014,-1.56178855546885674E-014)             (-0.49999942442346851,0.0000000000000000)
         268        1500  -708.41995744117139        1.0000000000008848        61.843106715992647        1.0000000000008846        7.7039504020615881E-027  -8.8484775062624976E-013  (-7.50251722230123994E-014,1.36608958820473734E-018)  (-8.70079627206429916E-014,9.64496722006390476E-015)             (-0.49999942442346984,0.0000000000000000)
         269        1500  -706.95020649212393        1.0000000000008868        83.589241760556476        1.0000000000008864        7.3229255107388383E-027  -8.8684615207057504E-013 (-8.00223285902696720E-014,-4.71633077993278731E-020)   (3.20607056243674245E-014,9.99488194212566150E-015)             (-0.49999942442347073,0.0000000000000000)
         270        1500  -705.48045554307646        1.0000000000008911        107.33233965132247        1.0000000000008908        6.8570966758332095E-027  -8.9106499956415064E-013 (-5.17193551431623781E-014,-6.53094200240258678E-018)  (-1.72815530811438716E-014,3.89545361092653682E-015)             (-0.49999942442347295,0.0000000000000000)
         271        1500  -704.01070459402899        1.0000000000008946        132.40740546290149        1.0000000000008940        6.1342750489739205E-027  -8.9461771324295114E-013 (-3.99744079947497085E-014,-5.88593632478361711E-018)  (5.55335768083815438E-014,-4.90563207110072565E-015)             (-0.49999942442347450,0.0000000000000000)
         272        1500  -702.54095364498153        1.0000000000008991        158.11213861113612        1.0000000000008988        6.0048432390677220E-027  -8.9905860534145177E-013  (2.04437222554708226E-015,-1.44899940017368522E-023)  (1.49699836427318751E-015,-7.25059965203217352E-015)             (-0.49999942442347695,0.0000000000000000)
         273        1500  -701.07120269593406        1.0000000000009022        183.72660283578728        1.0000000000009019        6.6042737539613774E-027  -9.0216722981040220E-013   (2.01070402909455383E-014,3.11475811001788160E-022)  (2.45344637881272758E-014,-3.16403364978586607E-015)             (-0.49999942442347850,0.0000000000000000)
         274        1500  -699.60145174688660        1.0000000000009064        208.53339012193064        1.0000000000009064        9.2478389914432363E-027  -9.0638607730397780E-013   (5.33558278317304274E-014,7.20997953611956093E-019)  (3.41923749291871741E-014,-1.29363896642240737E-015)             (-0.49999942442348072,0.0000000000000000)
         275        1500  -698.13170079783913        1.0000000000009097        231.83771381045787        1.0000000000009095        1.8360390486967832E-026  -9.0971674637785327E-013   (1.30752322197713303E-013,6.70820385823727324E-018)  (5.74513545317023285E-014,-6.20701938122543285E-015)             (-0.49999942442348227,0.0000000000000000)
         276        1500  -696.66194984879166        1.0000000000009137        252.98686813130593        1.0000000000009135        3.1471104670045669E-026  -9.1371354926650383E-013   (1.96685261781712545E-013,7.79980286540206787E-018)  (5.27177371362020279E-014,-8.70967291984803586E-015)             (-0.49999942442348427,0.0000000000000000)
         277        1500  -695.19219889974420        1.0000000000009179        271.38850913827855        1.0000000000009175        4.5952768295241512E-026  -9.1793239676007943E-013   (2.55013581055165380E-013,9.34397849211550726E-018)  (9.45326511722822216E-014,-1.94709630525615889E-014)             (-0.49999942442348627,0.0000000000000000)
         278        1500  -693.72244795069673        1.0000000000009215        286.52724503437150        1.0000000000009215        6.5079454590891909E-026  -9.2148511043887993E-013   (3.18580329515686176E-013,1.63266097616804228E-018)  (5.93392688738139628E-014,-3.17219115440071256E-014)             (-0.49999942442348827,0.0000000000000000)
         279        1500  -692.25269700164927        1.0000000000009255        297.97907122700320        1.0000000000009246        8.7800429404051670E-026  -9.2548191332753049E-013  (3.78367282930988906E-013,-1.03410308081156131E-017)  (6.44361491825018031E-014,-3.90907935357996814E-014)             (-0.49999942442348982,0.0000000000000000)
         280        1500  -690.78294605260180        1.0000000000009288        305.42324581722363        1.0000000000009286        1.1557334750104926E-025  -9.2881258240140596E-013  (4.38416962558864399E-013,-2.46599836218882864E-019)  (3.41658812287580800E-014,-3.76991851729638005E-014)             (-0.49999942442349182,0.0000000000000000)
         281        1500  -689.31319510355434        1.0000000000009284        308.65127291502608        1.0000000000009281        1.5257781353584543E-025  -9.2836849319155590E-013   (5.05514356860186080E-013,9.06343056122852576E-018)  (5.55170545242555763E-014,-4.15076588713908358E-014)             (-0.49999942442349160,0.0000000000000000)
         282        1500  -687.84344415450687        1.0000000000009304        307.57274217678588        1.0000000000009299        1.9376798091548312E-025  -9.3036689463588118E-013   (5.73101530297840522E-013,6.78522635419881524E-019)  (1.82726749486932364E-014,-4.18359785132065568E-014)             (-0.49999942442349249,0.0000000000000000)
         283        1500  -686.37369320545940        1.0000000000009366        302.21786101145585        1.0000000000009361        2.2427531242013463E-025  -9.3658414357378206E-013  (6.12641386687784870E-013,-9.16734693351703767E-018)  (6.43940995217513195E-014,-4.25840532391825595E-014)             (-0.49999942442349560,0.0000000000000000)
         284        1500  -684.90394225641194        1.0000000000009390        292.73660853369819        1.0000000000009388        2.5016806213024315E-025  -9.3902663422795740E-013  (6.55402074390380814E-013,-9.20385380095490463E-018)  (2.60537119447551533E-014,-5.02464349458853711E-014)             (-0.49999942442349693,0.0000000000000000)
         285        1500  -683.43419130736447        1.0000000000009428        279.39453495996202        1.0000000000009424        2.4953016179455450E-025  -9.4280139251168293E-013   (6.50908516960726701E-013,1.35323152920408955E-018)  (4.25678978702133617E-014,-5.63855685665716684E-014)             (-0.49999942442349871,0.0000000000000000)
         286        1500  -681.96444035831701        1.0000000000009452        262.56532409770278        1.0000000000009455        2.3873137788103348E-025  -9.4524388316585828E-013   (6.43859646235503804E-013,2.63304406609961741E-021) (-4.57392419251341720E-014,-6.10970760757257835E-014)             (-0.49999942442350026,0.0000000000000000)
         287        1500  -680.49468940926954        1.0000000000009479        242.72032723701722        1.0000000000009477        1.9926887410602035E-025  -9.4790841842495865E-013   (5.75771438673640447E-013,7.90019675047227982E-018) (-6.53650573342132446E-014,-5.01256173990243844E-014)             (-0.49999942442350137,0.0000000000000000)
         288        1500  -679.02493846022207        1.0000000000009532        220.41536157865011        1.0000000000009530        1.5245691815173507E-025  -9.5323748894315941E-013   (4.95004788640860333E-013,7.70776338271038262E-018) (-1.26275718318643557E-013,-3.96807171455507927E-014)             (-0.49999942442350404,0.0000000000000000)
         289        1500  -677.55518751117461        1.0000000000009561        196.27514294704758        1.0000000000009561        9.2887542435225245E-026  -9.5612406880718481E-013  (3.46874159782977447E-013,-7.16080533447298122E-018) (-1.02548499987670553E-013,-1.58228738853910241E-014)             (-0.49999942442350559,0.0000000000000000)
         290        1500  -676.08543656212714        1.0000000000009586        170.97578879586476        1.0000000000009579        5.1014314302283873E-026  -9.5856655946136016E-013  (1.89660628592396735E-013,-7.80209221368547290E-018) (-1.39480558767635791E-013,-1.18094806431246917E-014)             (-0.49999942442350648,0.0000000000000000)
         291        1500  -674.61568561307968        1.0000000000009639        145.22588156044699        1.0000000000009641        4.5160686086394020E-026  -9.6389562997956091E-013 (-5.11161313548893204E-014,-8.66093476763591563E-018)  (-1.41945032389157254E-013,6.34470953448515367E-015)             (-0.49999942442350959,0.0000000000000000)
         292        1500  -673.14593466403221        1.0000000000009661        119.74662273352000        1.0000000000009659        1.1255087908831841E-025  -9.6611607602881122E-013 (-2.99075282847644854E-013,-2.62156559382451717E-017)  (-2.53031535338870856E-013,1.66825193898853032E-014)             (-0.49999942442351047,0.0000000000000000)
         293        1500  -671.67618371498475        1.0000000000009699        95.251633507249196        1.0000000000009690        3.1143162100807040E-025  -9.6989083431253675E-013  (-6.44088266128783632E-013,2.65348403811963970E-018)  (-3.12555699596557373E-013,5.29486709931197733E-014)             (-0.49999942442351203,0.0000000000000000)
         294        1500  -670.20643276593728        1.0000000000009763        72.426967723800942        1.0000000000009761        6.8313396593087470E-025  -9.7633012785536266E-013 (-1.01305474646014875E-012,-5.26745263464924828E-021)  (-3.69228911114907331E-013,8.61785612334310657E-014)             (-0.49999942442351558,0.0000000000000000)
         295        1500  -668.73668181688981        1.0000000000009786        51.911896930194011        1.0000000000009783        1.3071307182218276E-024  -9.7855057390461297E-013  (-1.46307651759342245E-012,2.89398359333918358E-019)  (-3.63479494426300771E-013,1.38801346609042065E-013)             (-0.49999942442351669,0.0000000000000000)
         296        1500  -667.26693086784235        1.0000000000009817        34.281005708207438        1.0000000000009814        2.1634731290024334E-024  -9.8165919837356341E-013  (-1.89715423596821566E-012,6.53033443629659680E-018)  (-3.56976957682328783E-013,1.67237809596678270E-013)             (-0.49999942442351825,0.0000000000000000)
         297        1500  -665.79717991879488        1.0000000000009865        20.028098752013584        1.0000000000009863        3.3259756895497321E-024  -9.8654417968191410E-013 (-2.38474018827246704E-012,-1.15627665141486702E-018)  (-3.57560220004477074E-013,2.08098340735178138E-013)             (-0.49999942442352069,0.0000000000000000)
         298        1500  -664.32742896974742        1.0000000000009901        9.5523704229168462        1.0000000000009899        4.7210515553822712E-024  -9.9009689336071460E-013  (-2.84944042082733291E-012,8.87746355266390755E-020)  (-3.69433905250625269E-013,2.39275605858171758E-013)             (-0.49999942442352246,0.0000000000000000)
         299        1500  -662.85767802069995        1.0000000000009934        3.1472241432774468        1.0000000000009934        6.3405409886886716E-024  -9.9342756243459007E-013 (-3.32664393434072572E-012,-7.24819721051936123E-019)  (-3.69100693278635247E-013,2.84170988254084993E-013)             (-0.49999942442352424,0.0000000000000000)
         300        1500  -661.38792707165248        1.0000000000009976       0.99205477521143937        1.0000000000009974        8.0209617270301507E-024  -9.9764640992816567E-013 (-3.74664244169957908E-012,-1.35530028711358667E-018)  (-3.51683394850934594E-013,3.18508525534989390E-013)             (-0.49999942442352624,0.0000000000000000)
         301        1500  -659.91817612260502        1.0000000000009990        3.1472241425932093        1.0000000000009988        9.6887581804255262E-024  -9.9897867755771586E-013 (-4.13770428826241383E-012,-5.41699062741008899E-019)  (-2.85537076047631456E-013,3.58660526195524794E-013)             (-0.49999942442352691,0.0000000000000000)
         302        1500  -658.44842517355755        1.0000000000010019        9.5523704215676197        1.0000000000010019        1.0992133099592701E-023  -1.0018652574217413E-012 (-4.40389941780800094E-012,-1.26684025595554302E-018)  (-1.86388155561323897E-013,3.78109930005108478E-013)             (-0.49999942442352846,0.0000000000000000)
         303        1500  -656.97867422451009        1.0000000000010043        20.028098750037419        1.0000000000010045        1.1787363145348204E-023  -1.0043077480759166E-012  (-4.57090407686154510E-012,1.44232253574081551E-018)  (-4.78607163501219858E-014,3.94156164293719817E-013)             (-0.49999942442352979,0.0000000000000000)
         304        1500  -655.50892327546262        1.0000000000010090        34.281005705660370        1.0000000000010090        1.1735953837461446E-023  -1.0089706847793423E-012 (-4.54415019270233667E-012,-1.05165091124070719E-017)   (9.51983234116214165E-014,3.79955480831788352E-013)             (-0.49999942442353201,0.0000000000000000)
         305        1500  -654.03917232641516        1.0000000000010110        51.911896927147758        1.0000000000010107        1.0799234300855842E-023  -1.0109690862236675E-012 (-4.35014423405989346E-012,-1.96780023895420805E-017)   (2.42887909155648093E-013,3.63670201752710565E-013)             (-0.49999942442353290,0.0000000000000000)
         306        1500  -652.56942137736769        1.0000000000010141        72.426967720341551        1.0000000000010139        8.8812875914393406E-024  -1.0140777106926180E-012 (-3.89722225580463646E-012,-9.87767910883465598E-018)   (4.28173928554213567E-013,3.20764707929738645E-013)             (-0.49999942442353446,0.0000000000000000)
         307        1500  -651.09967042832022        1.0000000000010130        95.251633503472831        1.0000000000010130        6.3313828506698772E-024  -1.0129674876679928E-012  (-3.21399683446582884E-012,8.87955634026216254E-020)   (6.28594469283637826E-013,2.73012993098177413E-013)             (-0.49999942442353401,0.0000000000000000)
         308        1500  -649.62991947927276        1.0000000000010176        119.74662272953167        1.0000000000010170        3.6332054299867081E-024  -1.0176304243714185E-012  (-2.20510409292248103E-012,1.68068101185796961E-018)   (9.05628589415607563E-013,1.85599733219302477E-013)             (-0.49999942442353601,0.0000000000000000)
         309        1500  -648.16016853022529        1.0000000000010196        145.22588155636049        1.0000000000010192        1.8236303359439508E-024  -1.0196288258157438E-012  (-9.11154044148753685E-013,4.99398246737139932E-018)   (1.15712932956096379E-012,7.35730921980762406E-014)             (-0.49999942442353712,0.0000000000000000)
         310        1500  -646.69041758117783        1.0000000000010196        170.97578879179613        1.0000000000010196        2.2714687289173687E-024  -1.0196288258157438E-012   (7.31739063026709410E-013,1.58969785698538048E-019)  (1.46627811918990056E-012,-7.53289639504002409E-014)             (-0.49999942442353734,0.0000000000000000)
         311        1500  -645.22066663213036        1.0000000000010238        196.27514294311135        1.0000000000010236        6.7943149442591055E-024  -1.0238476733093194E-012   (2.70387947475838540E-012,2.70827955748935056E-018)  (1.69609882139413951E-012,-2.47868027439907808E-013)             (-0.49999942442353934,0.0000000000000000)
         312        1500  -643.75091568308289        1.0000000000010274        220.41536157495767        1.0000000000010272        1.7529785616037853E-023  -1.0274003869881199E-012   (5.00474488623206130E-012,1.12251959354278613E-018)  (1.94994449798864313E-012,-4.46385367677440865E-013)             (-0.49999942442354112,0.0000000000000000)
         313        1500  -642.28116473403543        1.0000000000010310        242.72032723367289        1.0000000000010307        3.6620636270064484E-023  -1.0309531006669204E-012   (7.59084206046284396E-012,2.44397965981196104E-018)  (2.13359974453709766E-012,-6.63330762454500823E-013)             (-0.49999942442354289,0.0000000000000000)
         314        1500  -640.81141378498796        1.0000000000010361        262.56532409480042        1.0000000000010361        6.6066218791775093E-023  -1.0360601265801961E-012  (1.04299356228639408E-011,-5.88806709200398323E-019)  (2.32665045145271600E-012,-9.01075731777140124E-013)             (-0.49999942442354556,0.0000000000000000)
         315        1500  -639.34166283594050        1.0000000000010378        279.39453495758295        1.0000000000010374        1.0707653314045084E-022  -1.0378364834195963E-012   (1.34486956372292419E-011,6.54112153276846088E-018)  (2.44330025731686250E-012,-1.16274179480898503E-012)             (-0.49999942442354622,0.0000000000000000)
         316        1500  -637.87191188689303        1.0000000000010412        292.73660853191035        1.0000000000010409        1.6002405603177743E-022  -1.0411671524934718E-012   (1.65802544671510656E-011,1.26915277004875326E-018)  (2.49760415486127357E-012,-1.43422907775647449E-012)             (-0.49999942442354800,0.0000000000000000)
         317        1500  -636.40216093784557        1.0000000000010478        302.21786101030767        1.0000000000010481        2.2307386950198833E-022  -1.0478284906412227E-012  (1.96782160790611097E-011,-1.56967705494063809E-017)  (2.40552601813916556E-012,-1.69634670215700274E-012)             (-0.49999942442355155,0.0000000000000000)
         318        1500  -634.93240998879810        1.0000000000010467        307.57274217631311        1.0000000000010476        2.9275876147749854E-022  -1.0467182676165976E-012  (2.26343829639905666E-011,-1.05221991686425748E-017)  (2.24627725499767827E-012,-1.95129517869300118E-012)             (-0.49999942442355133,0.0000000000000000)
         319        1500  -633.46265903975063        1.0000000000010481        308.65127291523930        1.0000000000010485        3.6327663405574773E-022  -1.0480505352461478E-012   (2.52795816807425404E-011,1.44768549225422750E-018)  (1.90043837924353893E-012,-2.16868810485916248E-012)             (-0.49999942442355177,0.0000000000000000)
         320        1500  -631.99290809070317        1.0000000000010540        305.42324581811914        1.0000000000010538        4.2678451643343412E-022  -1.0540457395791236E-012   (2.74530194434162653E-011,1.26684012956963716E-018)  (1.49085035171548702E-012,-2.34929169264846639E-012)             (-0.49999942442355444,0.0000000000000000)
         321        1500  -630.52315714165570        1.0000000000010572        297.97907122856071        1.0000000000010574        4.7359778985728175E-022  -1.0571543640480741E-012   (2.89490473463571275E-011,3.98892366695057277E-018)  (8.52835132032719297E-013,-2.47182914827124007E-012)             (-0.49999942442355622,0.0000000000000000)
         322        1500  -629.05340619260824        1.0000000000010589        286.52724503654684        1.0000000000010583        4.9385826647171630E-022  -1.0589307208874743E-012   (2.95613828459221234E-011,9.15007130608095618E-018)  (1.07046783837415812E-013,-2.51798381788666469E-012)             (-0.49999942442355666,0.0000000000000000)
         323        1500  -627.58365524356077        1.0000000000010645        271.38850914101130        1.0000000000010645        4.7934376168611247E-022  -1.0644818360106001E-012  (2.90750698099745497E-011,-6.21639485364315052E-018) (-8.81453856523556313E-013,-2.47334305505005980E-012)             (-0.49999942442355977,0.0000000000000000)
         324        1500  -626.11390429451330        1.0000000000010683        252.98686813451602        1.0000000000010680        4.2595940074474212E-022  -1.0682565942943256E-012  (2.72681260713543030E-011,-7.62106551735802383E-018) (-1.99165617088115696E-012,-2.30845427928864185E-012)             (-0.49999942442356154,0.0000000000000000)
         325        1500  -624.64415334546584        1.0000000000010720        231.83771381405481        1.0000000000010711        3.3725584906011062E-022  -1.0720313525780512E-012   (2.39494398466001036E-011,3.26563234461631577E-018) (-3.29859095258185094E-012,-2.01166861536293718E-012)             (-0.49999942442356310,0.0000000000000000)
         326        1500  -623.17440239641837        1.0000000000010756        208.53339012581344        1.0000000000010756        2.2685765355806338E-022  -1.0755840662568517E-012  (1.89199558438232062E-011,-1.83186019831347019E-017) (-4.67034786212049794E-012,-1.56805015741417276E-012)             (-0.49999942442356532,0.0000000000000000)
         327        1500  -621.70465144737091        1.0000000000010771        183.72660283985130        1.0000000000010769        1.2217778336616109E-022  -1.0771383784913269E-012  (1.20412431100850004E-011,-6.51731207696735113E-019) (-6.17422986128718435E-012,-9.70501962549863962E-013)             (-0.49999942442356599,0.0000000000000000)
         328        1500  -620.23490049832344        1.0000000000010816        158.11213861526798        1.0000000000010818        6.5926461479754734E-023  -1.0815792705898275E-012   (3.21287526871825556E-012,9.24099072436673975E-018) (-7.72471891945814315E-012,-2.14386696226572411E-013)             (-0.49999942442356843,0.0000000000000000)
         329        1500  -618.76514954927598        1.0000000000010845        132.40740546698484        1.0000000000010845        1.1639517638170711E-022  -1.0844658504538529E-012 (-7.60330177610554177E-012,-3.89972942685838957E-018)  (-9.37038074771701779E-012,7.13573458384559901E-013)             (-0.49999942442356976,0.0000000000000000)
         330        1500  -617.29539860022851        1.0000000000010860        107.33233965524303        1.0000000000010862        3.4521385085855040E-022  -1.0860201626883281E-012  (-2.04281353635940465E-011,1.84132394952768478E-017)  (-1.09074911875240325E-011,1.82632041210355034E-012)             (-0.49999942442357065,0.0000000000000000)
         331        1500  -615.82564765118104        1.0000000000010891        83.589241764207515        1.0000000000010889        8.3133454131284646E-022  -1.0891287871572786E-012 (-3.51115755142474788E-011,-3.90397510021478865E-018)  (-1.23170514404061815E-011,3.09189102811641452E-012)             (-0.49999942442357198,0.0000000000000000)
         332        1500  -614.35589670213358        1.0000000000010911        61.843106719272249        1.0000000000010911        1.6510555687502196E-021  -1.0911271886016038E-012  (-5.14359548217831648E-011,1.05165090347974708E-017)  (-1.34495337158122279E-011,4.49924630611716554E-012)             (-0.49999942442357309,0.0000000000000000)
         333        1500  -612.88614575308611        1.0000000000010947        42.702998658495488        1.0000000000010942        2.8650405651338164E-021  -1.0946799022804043E-012  (-6.90491085247254455E-011,3.90105142399725288E-018)  (-1.43147005733806133E-011,6.00366970596121343E-012)             (-0.49999942442357465,0.0000000000000000)
         334        1500  -611.41639480403865        1.0000000000010985        26.704992309375530        1.0000000000010982        4.5038967262201169E-021  -1.0984546605641299E-012 (-8.75347433712339915E-011,-2.53861523623786890E-018)  (-1.47508333397200695E-011,7.58152668027065714E-012)             (-0.49999942442357664,0.0000000000000000)
         335        1500  -609.94664385499118        1.0000000000010982        14.297158647630345        1.0000000000010982        6.5466116983842930E-021  -1.0982326159592048E-012  (-1.06269617657871556E-010,8.97984401105234252E-018)  (-1.47208726635417996E-011,9.16712988100649837E-012)             (-0.49999942442357664,0.0000000000000000)
         336        1500  -608.47689290594371        1.0000000000011033        5.8270153585289108        1.0000000000011027        8.9099423375349003E-021  -1.1033396418724806E-012  (-1.24581742435485268E-010,1.26899810510393756E-018)  (-1.40769754179267376E-011,1.07260032067041530E-011)             (-0.49999942442357886,0.0000000000000000)
         337        1500  -607.00714195689625        1.0000000000011051        1.5317935873270643        1.0000000000011053        1.1431627148504761E-020  -1.1051159987118808E-012 (-1.41593914419279548E-010,-7.90049385567634924E-018)  (-1.27143913130387905E-011,1.21647562532659730E-011)             (-0.49999942442358020,0.0000000000000000)
         338        1500  -605.53739100784878        1.0000000000011071        1.5317935869406281        1.0000000000011071        1.3873617665003366E-020  -1.1071144001562061E-012 (-1.56371079122558784E-010,-4.45459042606398406E-020)  (-1.05144015411075715E-011,1.34151237180218163E-011)             (-0.49999942442358108,0.0000000000000000)
         339        1500  -604.06764005880132        1.0000000000011111        5.8270153573804331        1.0000000000011111        1.5929020907959314E-020  -1.1111112030448567E-012  (-1.67816092609876609E-010,2.34942432848255591E-017)  (-7.41926441513047005E-012,1.43658479209361871E-011)             (-0.49999942442358308,0.0000000000000000)
         340        1500  -602.59788910975385        1.0000000000011131        14.297158645752161        1.0000000000011133        1.7258607403022520E-020  -1.1131096044891819E-012 (-1.74801514914993656E-010,-6.33347764001856328E-019)  (-3.40101355472362569E-012,1.49266005455257616E-011)             (-0.49999942442358419,0.0000000000000000)
         341        1500  -601.12813816070638        1.0000000000011164        26.704992306820277        1.0000000000011160        1.7538033156028992E-020  -1.1164402735630574E-012  (-1.76115125304787161E-010,9.25581723326706857E-018)   (1.55379161156052993E-012,1.49885051162364903E-011)             (-0.49999942442358553,0.0000000000000000)
         342        1500  -599.65838721165892        1.0000000000011231        42.702998655335143        1.0000000000011227        1.6533684969462657E-020  -1.1231016117108084E-012  (-1.70566353315768929E-010,8.94614876715741593E-021)   (7.42208621234598342E-012,1.44647158017284304E-011)             (-0.49999942442358886,0.0000000000000000)
         343        1500  -598.18863626261145        1.0000000000011278        61.843106715596420        1.0000000000011275        1.4192893823811636E-020  -1.1277645484142340E-012 (-1.56975169584203242E-010,-2.46772073359620340E-017)   (1.41727680535803880E-011,1.32549640217382619E-011)             (-0.49999942442359130,0.0000000000000000)
         344        1500  -596.71888531356399        1.0000000000011322        83.589241760118185        1.0000000000011324        1.0748032548990216E-020  -1.1322054405127346E-012  (-1.34289186540096095E-010,2.35556690429652737E-018)   (2.17552881699973111E-011,1.12723402688064849E-011)             (-0.49999942442359374,0.0000000000000000)
         345        1500  -595.24913436451652        1.0000000000011358        107.33233965085692        1.0000000000011351        6.8092092585835371E-021  -1.1357581541915351E-012  (-1.01550158859087969E-010,1.35497437270557389E-018)   (3.00142283984491524E-011,8.42297257992812669E-012)             (-0.49999942442359507,0.0000000000000000)
         346        1500  -593.77938341546906        1.0000000000011406        132.40740546242367        1.0000000000011404        3.4510655099792996E-021  -1.1406431354998858E-012 (-5.81055444434813048E-011,-8.52356834967210115E-018)   (3.87181029946164825E-011,4.65697652315520733E-012)             (-0.49999942442359774,0.0000000000000000)
         347        1500  -592.30963246642159        1.0000000000011431        158.11213861066176        1.0000000000011431        2.2372669222198515E-021  -1.1430856261540612E-012 (-3.52221753274044002E-012,-1.44202518792606389E-018)  (4.75726476684628832E-011,-7.99493738756351082E-014)             (-0.49999942442359907,0.0000000000000000)
         348        1500  -590.83988151737412        1.0000000000011451        183.72660283532787        1.0000000000011449        5.1891950628632377E-021  -1.1450840275983865E-012   (6.21715184043487610E-011,1.99323446505786267E-018)  (5.62243311797504119E-011,-5.74770444250813631E-012)             (-0.49999942442359996,0.0000000000000000)
         349        1500  -589.37013056832666        1.0000000000011509        208.53339012150076        1.0000000000011506        1.4656994930229907E-020  -1.1508571873264373E-012   (1.38576068693299627E-010,9.07448132400980003E-018)  (6.43419858155225064E-011,-1.23212128492990725E-011)             (-0.49999942442360285,0.0000000000000000)
         350        1500  -587.90037961927919        1.0000000000011526        231.83771381007159        1.0000000000011524        3.3082598868356479E-020  -1.1526335441658375E-012  (2.24717759358472605E-010,-1.27177491392894675E-018)  (7.14846420821863386E-011,-1.97057754348288531E-011)             (-0.49999942442360373,0.0000000000000000)
         351        1500  -586.43062867023173        1.0000000000011577        252.98686813097646        1.0000000000011573        6.2653088342989144E-020  -1.1577405700791132E-012  (3.19079472762360159E-010,-3.98997051955694663E-018)  (7.72352724009042967E-011,-2.77879542513339178E-011)             (-0.49999942442360618,0.0000000000000000)
         352        1500  -584.96087772118426        1.0000000000011644        271.38850913801610        1.0000000000011640        1.0485191486951366E-019  -1.1644019082268642E-012   (4.19481338781346346E-010,1.27176990191006108E-018)  (8.09915567856184602E-011,-3.63720308685718144E-011)             (-0.49999942442360951,0.0000000000000000)
         353        1500  -583.49112677213679        1.0000000000011668        286.52724503418273        1.0000000000011666        1.5995017106873319E-019  -1.1668443988810395E-012   (5.23088330341360797E-010,4.58149305827752095E-018)  (8.22369628883409861E-011,-4.52186711086752363E-011)             (-0.49999942442361084,0.0000000000000000)
         354        1500  -582.02137582308933        1.0000000000011686        297.97907122689611        1.0000000000011684        2.2650040652391019E-019  -1.1686207557204398E-012   (6.26355519594836694E-010,9.41643619822738990E-018)  (8.03606275466858133E-011,-5.40119243308986391E-011)             (-0.49999942442361173,0.0000000000000000)
         355        1500  -580.55162487404186        1.0000000000011720        305.42324581720277        1.0000000000011720        3.0093894223079854E-019  -1.1719514247943152E-012   (7.25092169930645222E-010,2.31256789690463010E-018)  (7.49079869989823975E-011,-6.23888651898200899E-011)             (-0.49999942442361350,0.0000000000000000)
         356        1500  -579.08187392499440        1.0000000000011737        308.65127291509100        1.0000000000011737        3.7737037676258747E-019  -1.1737277816337155E-012   (8.14425362123905707E-010,1.58746239974955370E-017)  (6.53834671460792457E-011,-6.99175554105266296E-011)             (-0.49999942442361439,0.0000000000000000)
         357        1500  -577.61212297594693        1.0000000000011777        307.57274217693862        1.0000000000011773        4.4774383204520271E-019  -1.1777245845223661E-012  (8.88981713005707820E-010,-9.86613521120940661E-019)  (5.14543675780764713E-011,-7.61566775795020961E-011)             (-0.49999942442361617,0.0000000000000000)
         358        1500  -576.14237202689947        1.0000000000011815        302.21786101168954        1.0000000000011813        5.0242286485610293E-019  -1.1814993428060916E-012   (9.42879791946302267E-010,9.24678878120145762E-018)  (3.27535061886207975E-011,-8.06038943333596131E-011)             (-0.49999942442361817,0.0000000000000000)
         359        1500  -574.67262107785200        1.0000000000011844        292.73660853401350        1.0000000000011839        5.3138771857406832E-019  -1.1843859226701170E-012  (9.69984033234884749E-010,-7.74296859594645465E-022)  (9.14236781826074741E-012,-8.27436450112749830E-011)             (-0.49999942442361950,0.0000000000000000)
         360        1500  -573.20287012880453        1.0000000000011884        279.39453496034577        1.0000000000011879        5.2594867960561012E-019  -1.1883827255587676E-012  (9.63987595504871792E-010,-1.53629696718812874E-018) (-1.94958530288966444E-011,-8.20208883929871375E-011)             (-0.49999942442362150,0.0000000000000000)
         361        1500  -571.73311917975707        1.0000000000011924        262.56532409814963        1.0000000000011924        4.8108380905861904E-019  -1.1923795284474181E-012  (9.18749291283005621E-010,-3.53447101492264009E-018) (-5.28478165632050646E-011,-7.79136431900225751E-011)             (-0.49999942442362372,0.0000000000000000)
         362        1500  -570.26336823070960        1.0000000000011928        242.72032723751309        1.0000000000011928        3.9809197690210987E-019  -1.1928236176572682E-012   (8.28495504317784048E-010,1.17742987544784867E-018) (-9.05638580376497713E-011,-6.99328076830863018E-011)             (-0.49999942442362394,0.0000000000000000)
         363        1500  -568.79361728166214        1.0000000000011953        220.41536157918483        1.0000000000011950        2.8735989352302009E-019  -1.1952661083114435E-012  (6.88162971172674749E-010,-8.33832407789470931E-020) (-1.31844500775066832E-010,-5.76548850876750752E-011)             (-0.49999942442362505,0.0000000000000000)
         364        1500  -567.32386633261467        1.0000000000011979        196.27514294760564        1.0000000000011982        1.7074143832108359E-019  -1.1979306435705439E-012  (4.93714058589318466E-010,-8.98013813331892782E-018) (-1.75821637818912815E-010,-4.07481112114182170E-011)             (-0.49999942442362660,0.0000000000000000)
         365        1500  -565.85411538356720        1.0000000000012039        170.97578879643223        1.0000000000012035        8.3055366185902069E-020  -1.2039258479035198E-012  (2.42509640884185839E-010,-8.86100326274066135E-020) (-2.21213978440835038E-010,-1.90019828939105773E-011)             (-0.49999942442362927,0.0000000000000000)
         366        1500  -564.38436443451974        1.0000000000012081        145.22588156100932        1.0000000000012079        7.2021664638564435E-020  -1.2081446953970953E-012  (-6.63432910530398099E-011,1.43384703730774181E-017)  (-2.66572098356330848E-010,7.65410637030209911E-012)             (-0.49999942442363149,0.0000000000000000)
         367        1500  -562.91461348547227        1.0000000000012108        119.74662273406149        1.0000000000012110        1.9606068992481166E-019  -1.2108092306561957E-012 (-4.31605114108441188E-010,-6.54141758452062857E-018)  (-3.10011573317407290E-010,3.91097131611599383E-011)             (-0.49999942442363304,0.0000000000000000)
         368        1500  -561.44486253642481        1.0000000000012168        95.251633507757020        1.0000000000012168        5.1946581918254650E-019  -1.2168044349891716E-012 (-8.49580980354315473E-010,-7.29475126453372949E-019)  (-3.49469101281530509E-010,7.50311614724265288E-011)             (-0.49999942442363593,0.0000000000000000)
         369        1500  -559.97511158737734        1.0000000000012186        72.426967724261758        1.0000000000012186        1.1046800977759081E-018  -1.2185807918285718E-012 (-1.31376184745743208E-009,-5.54860489971277722E-021)  (-3.82567025529564116E-010,1.14849832281741248E-010)             (-0.49999942442363682,0.0000000000000000)
         370        1500  -558.50536063832988        1.0000000000012215        51.911896930595184        1.0000000000012212        2.0019076299581226E-018  -1.2214673716925972E-012  (-1.81460042835008091E-009,4.84904182358884891E-018)  (-4.06874787829863744E-010,1.57720074196111111E-010)             (-0.49999942442363815,0.0000000000000000)
         371        1500  -557.03560968928241        1.0000000000012250        34.281005708539475        1.0000000000012248        3.2367033038684537E-018  -1.2250200853713977E-012  (-2.33931038786442412E-009,9.06894773677467194E-018)  (-4.19755393446302847E-010,2.02539866182877426E-010)             (-0.49999942442363993,0.0000000000000000)
         372        1500  -555.56585874023494        1.0000000000012270        20.028098752268676        1.0000000000012270        4.7969927049576286E-018  -1.2270184868157230E-012  (-2.87179387213065445E-009,2.32852264344125916E-020)  (-4.18644415654509539E-010,2.47917559735397739E-010)             (-0.49999942442364104,0.0000000000000000)
         373        1500  -554.09610779118748        1.0000000000012295        9.5523704230891404        1.0000000000012288        6.6214229169496665E-018  -1.2294609774698984E-012  (-3.39265861305870128E-009,1.26622378482526577E-018)  (-4.00908699036279696E-010,2.92181456554679899E-010)             (-0.49999942442364192,0.0000000000000000)
         374        1500  -552.62635684214001        1.0000000000012355        3.1472241433634984        1.0000000000012346        8.5916074268625407E-018  -1.2354561818028742E-012 (-3.87935257234060093E-009,-2.19363491206140685E-020)  (-3.64258426373543960E-010,3.33398523852779126E-010)             (-0.49999942442364481,0.0000000000000000)
         375        1500  -551.15660589309255        1.0000000000012379       0.99205477521009178        1.0000000000012377        1.0531521515903295E-017  -1.2378986724570495E-012  (-4.30654402423722030E-009,1.58745964687290234E-017)  (-3.06530201435268571E-010,3.69397679951186460E-010)             (-0.49999942442364637,0.0000000000000000)
         376        1500  -549.68685494404508        1.0000000000012423        3.1472241425057184        1.0000000000012426        1.2216428645389607E-017  -1.2423395645555502E-012 (-4.64650971186877230E-009,-1.31880314688707917E-018)  (-2.26193914645207308E-010,3.97792229173431280E-010)             (-0.49999942442364881,0.0000000000000000)
         377        1500  -548.21710399499761        1.0000000000012454        9.5523704213977023        1.0000000000012457        1.3394734699745893E-017  -1.2454481890245006E-012  (-4.86993174309037557E-009,1.17279322384667105E-018)  (-1.22221855017586309E-010,4.16079520820307317E-010)             (-0.49999942442365036,0.0000000000000000)
         378        1500  -546.74735304595015        1.0000000000012503        20.028098749790995        1.0000000000012501        1.3823069110986877E-017  -1.2503331703328513E-012  (-4.94663473678623698E-009,3.22370615289416276E-018)   (5.58472711437072684E-012,4.21684062730274352E-010)             (-0.49999942442365258,0.0000000000000000)
         379        1500  -545.27760209690268        1.0000000000012537        34.281005705345088        1.0000000000012537        1.3315259819515939E-017  -1.2536638394067268E-012  (-4.84674499222934466E-009,9.33841634116155632E-018)   (1.56599521953440669E-010,4.12079600717689780E-010)             (-0.49999942442365436,0.0000000000000000)
         380        1500  -543.80785114785522        1.0000000000012559        51.911896926774467        1.0000000000012559        1.1801328056158012E-017  -1.2558842854559771E-012  (-4.54178319063456163E-009,7.18071100023358244E-019)   (3.29146665598896473E-010,3.84837507510553634E-010)             (-0.49999942442365547,0.0000000000000000)
         381        1500  -542.33810019880775        1.0000000000012590        72.426967719921336        1.0000000000012590        9.3918444145176613E-018  -1.2589929099249275E-012  (-4.00616778859034063E-009,7.98375242797810245E-018)   (5.20392803413063904E-010,3.37803764461254767E-010)             (-0.49999942442365702,0.0000000000000000)
         382        1500  -540.86834924976029        1.0000000000012650        95.251633503019434        1.0000000000012648        6.4380575310926448E-018  -1.2649881142579034E-012 (-3.21865935320064999E-009,-9.25027269840415018E-018)   (7.26263118425591338E-010,2.69191600970492778E-010)             (-0.49999942442365991,0.0000000000000000)
         383        1500  -539.39859830071282        1.0000000000012692        119.74662272905996        1.0000000000012692        3.5766483469138293E-018  -1.2692069617514790E-012 (-2.16401657433735459E-009,-4.71376076659973483E-018)   (9.41365923092719173E-010,1.77739742804891059E-010)             (-0.49999942442366213,0.0000000000000000)
         384        1500  -537.92884735166535        1.0000000000012730        145.22588155588377        1.0000000000012728        1.7456870470682850E-018  -1.2729817200352045E-012  (-8.34630747117831299E-010,1.56083163890689274E-017)   (1.15896041801704470E-009,6.28447802755183972E-011)             (-0.49999942442366391,0.0000000000000000)
         385        1500  -536.45909640261789        1.0000000000012750        170.97578879132743        1.0000000000012750        2.1581022822566836E-018  -1.2749801214795298E-012  (7.67758203668426995E-010,-5.25823976618298739E-018)  (1.37105859888600546E-009,-7.52770676083993707E-011)             (-0.49999942442366502,0.0000000000000000)
         386        1500  -534.98934545357042        1.0000000000012772        196.27514294266624        1.0000000000012772        6.2207068191668555E-018  -1.2772005675287801E-012   (2.63053496800104859E-009,1.62544305059703120E-018)  (1.56845741495194612E-009,-2.35487273820749854E-010)             (-0.49999942442366613,0.0000000000000000)
         387        1500  -533.51959450452296        1.0000000000012801        220.41536157454809        1.0000000000012799        1.5391657527590080E-017  -1.2800871473928055E-012  (4.72870169632307024E-009,-3.15246549064974645E-019)  (1.74093558700147068E-009,-4.15581261473589179E-010)             (-0.49999942442366746,0.0000000000000000)
         388        1500  -532.04984355547549        1.0000000000012830        242.72032723331247        1.0000000000012830        3.0976906773958322E-017  -1.2829737272568309E-012   (7.02376771845598613E-009,1.43916259379301558E-018)  (1.87737629208753276E-009,-6.12216476538622729E-010)             (-0.49999942442366901,0.0000000000000000)
         389        1500  -530.58009260642802        1.0000000000012876        262.56532409450210        1.0000000000012870        5.3875914948642550E-017  -1.2876366639602566E-012   (9.46272220381278238E-009,2.09913633628967775E-019)  (1.96609164737822943E-009,-8.20784325139741066E-010)             (-0.49999942442367101,0.0000000000000000)
         390        1500  -529.11034165738056        1.0000000000012903        279.39453495735472        1.0000000000012901        8.4301297467389880E-017  -1.2903011992193569E-012  (1.19777029668021742E-008,-1.03410313220931134E-017)  (1.99524266587974423E-009,-1.03542606142109881E-009)             (-0.49999942442367257,0.0000000000000000)
         391        1500  -527.64059070833309        1.0000000000012934        292.73660853176324        1.0000000000012932        1.2150801780648059E-016  -1.2934098236883074E-012  (1.44858870524288928E-008,-2.35549365023176125E-018)  (1.95317489231456990E-009,-1.24898453863560003E-009)             (-0.49999942442367412,0.0000000000000000)
         392        1500  -526.17083975928563        1.0000000000012983        302.21786101024912        1.0000000000012976        1.6358388339675388E-016  -1.2982948049966581E-012  (1.68902341511923994E-008,-9.25550493380357573E-018)  (1.82911534861041180E-009,-1.45311778165245362E-009)             (-0.49999942442367634,0.0000000000000000)
         393        1500  -524.70108881023816        1.0000000000013043        307.57274217634210        1.0000000000013038        2.0735751057648800E-016  -1.3042900093296339E-012  (1.90806537273847615E-008,-2.62074086842566756E-021)  (1.61345046775219694E-009,-1.63836853194677936E-009)             (-0.49999942442367945,0.0000000000000000)
         394        1500  -523.23133786119070        1.0000000000013063        308.65127291535902        1.0000000000013061        2.4848758369456266E-016  -1.3062884107739592E-012   (2.09361006334125268E-008,1.55995892271727759E-017)  (1.29856896273107794E-009,-1.79438027816697435E-009)             (-0.49999942442368056,0.0000000000000000)
         395        1500  -521.76158691214323        1.0000000000013096        305.42324581832537        1.0000000000013092        2.8178616234780698E-016  -1.3096190798478347E-012   (2.23272964589125615E-008,3.81782152773273727E-018)  (8.79229669336192884E-010,-1.91009421719233243E-009)             (-0.49999942442368212,0.0000000000000000)
         396        1500  -520.29183596309576        1.0000000000013161        297.97907122884578        1.0000000000013154        3.0181312183848254E-016  -1.3160583733906606E-012   (2.31203426268778390E-008,1.86830304457023553E-017)  (3.53419306650341294E-010,-1.97409131581894553E-009)             (-0.49999942442368522,0.0000000000000000)
         397        1500  -518.82208501404830        1.0000000000013187        286.52724503690428        1.0000000000013185        3.0374711391261868E-016  -1.3187229086497609E-012   (2.31810663948541778E-008,7.79128943158186799E-018) (-2.77166665265224366E-010,-1.97492816210146723E-009)             (-0.49999942442368678,0.0000000000000000)
         398        1500  -517.35233406500083        1.0000000000013256        271.38850914143597        1.0000000000013252        2.8449446594194819E-016  -1.3256062914024369E-012   (2.23801914641551165E-008,8.52620235166957001E-018) (-1.00641752630110998E-009,-1.90163080641219453E-009)             (-0.49999942442369011,0.0000000000000000)
         399        1500  -515.88258311595337        1.0000000000013298        252.98686813499555        1.0000000000013296        2.4394391651355760E-016  -1.3298251388960125E-012   (2.05990986561363737E-008,6.53588643453977634E-018) (-1.82342711877814088E-009,-1.74414952874038528E-009)             (-0.49999942442369233,0.0000000000000000)
         400        1500  -514.41283216690590        1.0000000000013352        231.83771381457993        1.0000000000013345        1.8621859456958312E-016  -1.3351542094142133E-012   (1.77362897217711643E-008,7.84942628091119014E-018) (-2.71199519442529553E-009,-1.49395806662269845E-009)             (-0.49999942442369477,0.0000000000000000)
         401        1500  -512.94308121785843        1.0000000000013369        208.53339012637119        1.0000000000013367        1.2071895213654835E-016  -1.3369305662536135E-012   (1.37140973044856325E-008,1.03333861032422603E-017) (-3.65059194699800864E-009,-1.14458214745061452E-009)             (-0.49999942442369588,0.0000000000000000)
         402        1500  -511.47333026881074        1.0000000000013420        183.72660284042340        1.0000000000013416        6.2714264888539916E-017  -1.3420375921668892E-012  (8.48579151822560005E-009,-2.93054856587498520E-019) (-4.61195595883406335E-009,-6.92220768962520950E-010)             (-0.49999942442369832,0.0000000000000000)
         403        1500  -510.00357931976271        1.0000000000013465        158.11213861583806        1.0000000000013465        3.3219944604627245E-017  -1.3464784842653899E-012   (2.04252374520224455E-009,1.83387866946759514E-019) (-5.56351860602294999E-009,-1.36334480332659663E-010)             (-0.49999942442370077,0.0000000000000000)
         404        1500  -508.53382837071467        1.0000000000013496        132.40740546753659        1.0000000000013491        5.7924590566903389E-017  -1.3495871087343403E-012  (-5.57988788422273833E-009,4.27848111291535001E-019)  (-6.46741603448780625E-009,5.19774184772543514E-010)             (-0.49999942442370210,0.0000000000000000)
         405        1500  -507.06407742166664        1.0000000000013511        107.33233965576247        1.0000000000013509        1.6499710486994795E-016  -1.3511414209688155E-012  (-1.42948753943502439E-008,1.08314448136790726E-018)  (-7.28140180456865486E-009,1.26844759942273191E-009)             (-0.49999942442370299,0.0000000000000000)
         406        1500  -505.59432647261860        1.0000000000013520        83.589241764681759        1.0000000000013518        3.8172907786473074E-016  -1.3520295993885156E-012 (-2.39599124011206239E-008,-1.63397039938020210E-018)  (-7.95946255754657854E-009,2.09722154412738988E-009)             (-0.49999942442370343,0.0000000000000000)
         407        1500  -504.12457552357057        1.0000000000013556        61.843106719689651        1.0000000000013549        7.3014160415152071E-016  -1.3555823130673161E-012 (-3.43726212032431480E-008,-7.97294933759646576E-018)  (-8.45328456413497666E-009,2.98851806973027152E-009)             (-0.49999942442370499,0.0000000000000000)
         408        1500  -502.65482457452254        1.0000000000013589        42.702998658845324        1.0000000000013571        1.2219028570521174E-015  -1.3589129821411916E-012 (-4.52685417289430705E-008,-1.55699023573142725E-022)  (-8.71342173446440620E-009,3.91945593974978462E-009)             (-0.49999942442370610,0.0000000000000000)
         409        1500  -501.18507362547450        1.0000000000013667        26.704992309651594        1.0000000000013642        1.8531414728504370E-015  -1.3666845433135677E-012  (-5.63209042891423010E-008,2.62191072300861765E-017)  (-8.69126345235700018E-009,4.86185606870944032E-009)             (-0.49999942442370965,0.0000000000000000)
         410        1500  -499.71532267642647        1.0000000000013765        14.297158647828113        1.0000000000013727        2.5999684806201892E-015  -1.3764545059302691E-012  (-6.71427586072341248E-008,5.80259561692541416E-018)  (-8.34076358133605827E-009,5.78243286353794638E-009)             (-0.49999942442371387,0.0000000000000000)
         411        1500  -498.24557172737843        1.0000000000013916        5.8270153586462508        1.0000000000013864        3.4157000789428474E-015  -1.3915535390651712E-012 (-7.72917582012212103E-008,-1.45189880242265632E-017)  (-7.62084235586409620E-009,6.64320952152490393E-009)             (-0.49999942442372075,0.0000000000000000)
         412        1500  -496.77582077833040        1.0000000000014164        1.5317935873632613        1.0000000000014104        4.2308492810767421E-015  -1.4164225348167747E-012  (-8.62778212243999381E-008,7.98899222137949229E-018)  (-6.49760269491188923E-009,7.40216969065883566E-009)             (-0.49999942442373274,0.0000000000000000)
         413        1500  -495.30606982928236        1.0000000000014373        1.5317935868983210        1.0000000000014300        4.9568937040660353E-015  -1.4372947276797277E-012  (-9.35739325848809414E-008,3.89565986430967531E-018)  (-4.94702049717009301E-009,8.01422362214467549E-009)             (-0.49999942442374251,0.0000000000000000)
         414        1500  -493.83631888023433        1.0000000000014924        5.8270153572647043        1.0000000000014833        5.4945647614104808E-015  -1.4923617897011354E-012  (-9.86300087980102070E-008,9.49453412866803235E-020)  (-2.95717850982126209E-009,8.43237853815278979E-009)             (-0.49999942442376916,0.0000000000000000)
         415        1500  -492.36656793118630        1.0000000000015197        14.297158645571363        1.0000000000015126        5.7469508145880031E-015  -1.5196732761069143E-012  (-1.00889999005526237E-007,4.53650884847045965E-018)  (-5.31023104903773738E-010,8.60924425321398096E-009)             (-0.49999942442378381,0.0000000000000000)
         416        1500  -490.89681698213826        1.0000000000015847        26.704992306583524        1.0000000000015707        5.6370214524425129E-015  -1.5847323453499484E-012  (-9.98118791797164281E-008,1.83189122296662483E-017)   (2.31175793589868075E-009,8.49873869661023531E-009)             (-0.49999942442381290,0.0000000000000000)
         417        1500  -489.42706603309023        1.0000000000016134        42.702998655052646        1.0000000000016072        5.1283425488354247E-015  -1.6133760993852775E-012  (-9.48903677241544525E-008,2.63051822702462020E-018)   (5.53243595854128784E-009,8.05802999347463161E-009)             (-0.49999942442383111,0.0000000000000000)
         418        1500  -487.95731508404219        1.0000000000016678        61.843106715278402        1.0000000000016556        4.2468070606503604E-015  -1.6677770275919102E-012 (-8.56819036532027233E-008,-9.25027023417508998E-018)   (9.07203566628317184E-009,7.24968497784892880E-009)             (-0.49999942442385531,0.0000000000000000)
         419        1500  -486.48756413499416        1.0000000000016982        83.589241759778105        1.0000000000016938        3.1002857907644608E-015  -1.6981971384666394E-012  (-7.18311875501960939E-008,2.48460876604029293E-019)   (1.28499471096561696E-008,6.04391130183467426E-009)             (-0.49999942442387441,0.0000000000000000)
         420        1500  -485.01781318594612        1.0000000000017295        107.33233965050761        1.0000000000017235        1.8923769657862584E-015  -1.7295054277610689E-012 (-5.30987351844435711E-008,-9.24471917254326231E-018)   (1.67638382531133086E-008,4.42093877601910250E-009)             (-0.49999942442388928,0.0000000000000000)
         421        1500  -483.54806223689809        1.0000000000017426        132.40740546207769        1.0000000000017422        9.2604736279863869E-016  -1.7426060594516457E-012  (-2.93882686808044958E-008,2.33541748824786632E-018)   (2.06898263176347639E-008,2.37334044662998774E-009)             (-0.49999942442389861,0.0000000000000000)
         422        1500  -482.07831128785006        1.0000000000017475        158.11213861032979        1.0000000000017453        5.9314888198384120E-016  -1.7474910407599964E-012 (-7.73184748932242981E-010,-7.89988917321653665E-018)  (2.44840547687445508E-008,-9.16985711935573162E-011)             (-0.49999942442390016,0.0000000000000000)
         423        1500  -480.60856033880202        1.0000000000017448        183.72660283502304        1.0000000000017448        1.3466655555877501E-015  -1.7448265055008960E-012   (3.24794044601677603E-008,2.27095215081705870E-018)  (2.79847664997864307E-008,-2.95038070105037102E-009)             (-0.49999942442389994,0.0000000000000000)
         424        1500  -479.13880938975399        1.0000000000017337        208.53339012123115        1.0000000000017302        3.6542478245012413E-015  -1.7337242752546445E-012  (6.98879745721885388E-008,-6.53619275429746616E-018)  (3.10157417696670537E-008,-6.16052163878151871E-009)             (-0.49999942442389261,0.0000000000000000)
         425        1500  -477.66905844070595        1.0000000000017297        231.83771380984462        1.0000000000017217        7.9340892050482488E-015  -1.7297274723659939E-012   (1.10740927056713818E-007,4.54000886743382919E-018)  (3.33905720399726298E-008,-9.66027250272149303E-009)             (-0.49999942442388839,0.0000000000000000)
         426        1500  -476.19930749165792        1.0000000000017313        252.98686813079877        1.0000000000017177        1.4477378956611032E-014  -1.7312817846004691E-012  (1.54086971271588193E-007,-2.72487911697943010E-018)  (3.49181745558786045E-008,-1.33673091093194560E-008)             (-0.49999942442388640,0.0000000000000000)
         427        1500  -474.72955654260988        1.0000000000017486        271.38850913788752        1.0000000000017257        2.3365153234795942E-014  -1.7486012637846216E-012   (1.98733162890053845E-007,5.80273536474348802E-018)  (3.54090863991028572E-008,-1.71787325572744987E-008)             (-0.49999942442388623,0.0000000000000000)
         428        1500  -473.25980559356185        1.0000000000017433        286.52724503410531        1.0000000000017089        3.4390910817339743E-014  -1.7432721932664208E-012   (2.43251613239459535E-007,3.17157684841905607E-018)  (3.46830450741017953E-008,-2.09716347779792975E-008)             (-0.49999942442387546,0.0000000000000000)
         429        1500  -471.79005464451382        1.0000000000017608        297.97907122687201        1.0000000000017164        4.7003287366815036E-014  -1.7608137170554983E-012  (2.85996183729539595E-007,-7.80241490455224911E-018)  (3.25770149057618896E-008,-2.46046302784679300E-008)             (-0.49999942442387779,0.0000000000000000)
         430        1500  -470.32030369546578        1.0000000000017757        305.42324581723261        1.0000000000017146        6.0284706880787076E-014  -1.7756907055854754E-012   (3.25129799032985540E-007,9.44670075812114703E-020)  (2.89541118865042340E-008,-2.79201887698315139E-008)             (-0.49999942442387302,0.0000000000000000)
         431        1500  -468.85055274641775        1.0000000000017906        308.65127291517200        1.0000000000017151        7.2981582239691802E-014  -1.7905676941154525E-012  (3.58663225313281762E-007,-7.80271381136921372E-018)  (2.37125930464753723E-008,-3.07480425938194343E-008)             (-0.49999942442387063,0.0000000000000000)
         432        1500  -467.38080179736971        1.0000000000018052        307.57274217705975        1.0000000000017208        8.3598703256488763E-014  -1.8052226380405045E-012  (3.84505397643593764E-007,-1.32002729076634315E-018)  (1.67950709483708424E-008,-3.29095083809884881E-008)             (-0.49999942442387202,0.0000000000000000)
         433        1500  -465.91105084832168        1.0000000000018132        302.21786101184802        1.0000000000017217        9.0564517371124014E-014  -1.8132162438178057E-012  (4.00525265827209177E-007,-1.53632143874874110E-018)  (8.19740663245766341E-009,-3.42228269401068587E-008)             (-0.49999942442387035,0.0000000000000000)
         434        1500  -464.44129989927364        1.0000000000018383        292.73660853420211        1.0000000000017439        9.2465116324998922E-014  -1.8383072841743342E-012  (4.04624515604657010E-007,-2.13081120172370609E-018) (-2.02303719909121721E-009,-3.45093871607873567E-008)             (-0.49999942442388084,0.0000000000000000)
         435        1500  -462.97154895022561        1.0000000000018696        279.39453496056495        1.0000000000017781        8.8333206062319334E-014  -1.8696155734687636E-012  (3.94820108667826669E-007,-1.26098462599758709E-018) (-1.37402611600072582E-008,-3.36008408519077736E-008)             (-0.49999942442390027,0.0000000000000000)
         436        1500  -461.50179800117758        1.0000000000018956        262.56532409838894        1.0000000000018132        7.7965247176494689E-014  -1.8955947922449923E-012  (3.69334935527873944E-007,-3.18256286326274701E-019) (-2.67539401611510357E-008,-3.13468364369193242E-008)             (-0.49999942442391926,0.0000000000000000)
         437        1500  -460.03204705212954        1.0000000000019180        242.72032723776047        1.0000000000018550        6.2226836080505154E-014  -1.9180212973424204E-012   (3.26694535215194288E-007,1.08866437587044319E-018) (-4.07857214475533355E-008,-2.76233160543000927E-008)             (-0.49999942442394318,0.0000000000000000)
         438        1500  -458.56229610308151        1.0000000000019351        220.41536157943051        1.0000000000018892        4.3295193419881166E-014  -1.9351187319216478E-012  (2.65826932051556335E-007,-9.15468511302879800E-020) (-5.54779160261214789E-008,-2.23410091553374360E-008)             (-0.49999942442396478,0.0000000000000000)
         439        1500  -457.09254515403347        1.0000000000019658        196.27514294784788        1.0000000000019389        2.4781065966422776E-014  -1.9657608874013022E-012   (1.86162620762895413E-007,7.81320377171402220E-018) (-7.03949453373163675E-008,-1.54539762700414088E-008)             (-0.49999942442399314,0.0000000000000000)
         440        1500  -455.62279420498544        1.0000000000019864        170.97578879666310        1.0000000000019735        1.1672424954096890E-014  -1.9864110356593301E-012   (8.77305552593758949E-008,4.49579632658517536E-018) (-8.50278625673749359E-008,-6.96773311196295159E-009)             (-0.49999942442401429,0.0000000000000000)
         441        1500  -454.15304325593740        1.0000000000019875        145.22588156122146        1.0000000000019780        1.0051863448688594E-014  -1.9875212586839552E-012  (-2.87535042921796920E-008,7.80794974780409305E-018)  (-9.88023807262842471E-008,3.05321939817842312E-009)             (-0.49999942442401651,0.0000000000000000)
         442        1500  -452.68329230688937        1.0000000000019824        119.74662273425142        1.0000000000019558        2.6559340375199540E-014  -1.9824142327706795E-012  (-1.61811305546152114E-007,5.18596396418613768E-018)  (-1.11090487247297030E-007,1.44790661329851799E-008)             (-0.49999942442400108,0.0000000000000000)
         443        1500  -451.21354135784134        1.0000000000019844        95.251633507922776        1.0000000000019158        6.7602692246899016E-014  -1.9844126342150048E-012  (-3.09143177288880915E-007,9.40344175147096545E-020)  (-1.21225653801234526E-007,2.71096810507567587E-008)             (-0.49999942442397255,0.0000000000000000)
         444        1500  -449.74379040879330        1.0000000000019913        72.426967724402942        1.0000000000018519        1.3835838057304143E-013  -1.9912960169676808E-012 (-4.67591024393970511E-007,-1.75180873773432236E-019)  (-1.28521997411419685E-007,4.06716394215558464E-008)             (-0.49999942442392392,0.0000000000000000)
         445        1500  -448.27403945974527        1.0000000000020095        51.911896930708672        1.0000000000017653        2.4165111821290404E-013  -2.0095036745715333E-012 (-6.33127443610420905E-007,-7.16098978694628419E-018)  (-1.32296480513927635E-007,5.48173848247370453E-008)             (-0.49999942442386025,0.0000000000000000)
         446        1500  -446.80428851069723        1.0000000000020184        34.281005708621080        1.0000000000016418        3.7684793368974218E-013  -2.0183854587685346E-012  (-8.00875337027246331E-007,1.03444840828444197E-017)  (-1.31894772999312343E-007,6.91270702409952168E-008)             (-0.49999942442377032,0.0000000000000000)
         447        1500  -445.33453756164920        1.0000000000020337        20.028098752320705        1.0000000000014939        5.3894291107792384E-013  -2.0337065365083618E-012 (-9.65161669679947295E-007,-4.62219992399167247E-018)  (-1.26719201258272362E-007,8.31133030388099232E-008)             (-0.49999942442366024,0.0000000000000000)
         448        1500  -443.86478661260116        1.0000000000020419        9.5523704231199673        1.0000000000013234        7.1803476451366411E-013  -2.0419221868905879E-012 (-1.11960826517787487E-006,-8.81311775041300419E-020)  (-1.16259161235961023E-007,9.62290458175111082E-008)             (-0.49999942442353751,0.0000000000000000)
         449        1500  -442.39503566355313        1.0000000000020619        3.1472241433781392        1.0000000000011595        8.9940219400019774E-013  -2.0619062013338407E-012  (-1.25726164496037612E-006,3.17493059172661125E-019)  (-1.00122294824797243E-007,1.07878883705684240E-007)             (-0.49999942442341794,0.0000000000000000)
         450        1500  -440.92528471450510        1.0000000000020766       0.99205477521322960        1.0000000000010116        1.0643537857003294E-012  -2.0765611452588928E-012  (-1.37076263565184750E-006,1.43382706868809050E-017)  (-7.80659257770337590E-008,1.17433675327992760E-007)             (-0.49999942442331036,0.0000000000000000)
         451        1500  -439.45553376545706        1.0000000000020808        3.1472241424925538        1.0000000000008891        1.1919649665640164E-012  -2.0807799927524684E-012  (-1.45255512301026056E-006,1.44347615803043210E-019)  (-5.00272595758971533E-008,1.24248516575076510E-007)             (-0.49999942442322209,0.0000000000000000)
         452        1500  -437.98578281640903        1.0000000000020839        9.5523704213774874        1.0000000000008225        1.2617131949582268E-012  -2.0838886172214188E-012 (-1.49513187727080321E-006,-7.79689955463905001E-018)  (-1.61514137876058629E-008,1.27683886998037247E-007)             (-0.49999942442317558,0.0000000000000000)
         453        1500  -436.51603186736099        1.0000000000020961        20.028098749768134        1.0000000000008393        1.2568882121085177E-012  -2.0961010704922955E-012  (-1.49131350674427016E-006,2.27001481895159997E-018)   (2.31845274753296116E-008,1.27129538228336332E-007)             (-0.49999942442318579,0.0000000000000000)
         454        1500  -435.04628091831296        1.0000000000021085        34.281005705332547        1.0000000000009401        1.1684977437331264E-012  -2.1085355683680973E-012  (-1.43455500420070238E-006,1.75507807846666714E-019)   (6.73522190272938701E-008,1.22030775076959052E-007)             (-0.49999942442325579,0.0000000000000000)
         455        1500  -433.57652996926493        1.0000000000021261        51.911896926770034        1.0000000000011235        9.9922813933324581E-013  -2.1260770921571748E-012 (-1.31927240895934643E-006,-5.30264240619600035E-018)   (1.15459833468127031E-007,1.11916358714092750E-007)             (-0.49999942442338374,0.0000000000000000)
         456        1500  -432.10677902021689        1.0000000000021523        72.426967719931298        1.0000000000013847        7.6687706365055096E-013  -2.1522783555383285E-012 (-1.14118037693088004E-006,-9.25550826071929543E-018)   (1.66347213694682351E-007,9.64273275760745476E-008)             (-0.49999942442356410,0.0000000000000000)
         457        1500  -430.63702807116886        1.0000000000021612        95.251633503046577        1.0000000000016538        5.0657991001583566E-013  -2.1611601397353297E-012  (-8.97629843391686495E-007,1.26927849755818657E-018)   (2.18590947464113090E-007,7.53457979453844673E-008)             (-0.49999942442375583,0.0000000000000000)
         458        1500  -429.16727712212082        1.0000000000021763        119.74662272910766        1.0000000000019034        2.7113089417205435E-013  -2.1762591728702319E-012 (-5.87933149662066137E-007,-8.35271812366067641E-020)   (2.70519081304182202E-007,4.86225776862990608E-008)             (-0.49999942442393047,0.0000000000000000)
         459        1500  -427.69752617307279        1.0000000000021811        145.22588155595278        1.0000000000020530        1.2878075077579715E-013  -2.1811441541785825E-012 (-2.13663290771932113E-007,-1.39849162249017829E-025)   (3.20237776324302174E-007,1.64025552589376197E-008)             (-0.49999942442403655,0.0000000000000000)
         460        1500  -426.22777522402475        1.0000000000021816        170.97578879141702        1.0000000000020250        1.5809198975660912E-013  -2.1815882433884326E-012  (2.21087609458004305E-007,-9.79546409494784614E-018)  (3.65668946804603908E-007,-2.09534886468802885E-008)             (-0.49999942442401635,0.0000000000000000)
         461        1500  -424.75802427497672        1.0000000000021827        196.27514294277498        1.0000000000017426        4.3975579531141279E-013  -2.1826984664130578E-012  (7.09505369266881382E-007,-8.84712848042070888E-020)  (4.04600451655154843E-007,-6.28518576635502286E-008)             (-0.49999942442381556,0.0000000000000000)
         462        1500  -423.28827332592869        1.0000000000021925        220.41536157467738        1.0000000000011458        1.0457081140451063E-012  -2.1924684290297591E-012  (1.24192168453706104E-006,-4.70231234052213925E-020)  (4.34747667201864157E-007,-1.08455001111506241E-007)             (-0.49999942442338702,0.0000000000000000)
         463        1500  -421.81852237688065        1.0000000000022027        242.72032723344546        1.0000000000001763        2.0263929341763947E-012  -2.2026824808563106E-012  (1.80576714591545571E-006,-8.07219331016729013E-018)  (4.53826235321813951E-007,-1.56677894965977662E-007)             (-0.49999942442269429,0.0000000000000000)
         464        1500  -420.34877142783262        1.0000000000022249        262.56532409464688       0.99999999999882694        3.3975526711820890E-012  -2.2248869413488137E-012   (2.38562291304864434E-006,4.53664467642757283E-018)  (4.59634824372183600E-007,-2.06192921628079301E-007)             (-0.49999942442173034,0.0000000000000000)
         465        1500  -418.87902047878458        1.0000000000022413        279.39453495750723       0.99999999999711187        5.1284038681560721E-012  -2.2413182421132660E-012   (2.96338229723886152E-006,1.70526565931648294E-017)  (4.50145881359403099E-007,-2.55444129540147364E-007)             (-0.49999942442050621,0.0000000000000000)
         466        1500  -417.40926952973655        1.0000000000022555        292.73660853193934       0.99999999999512057        7.1333925781020970E-012  -2.2555290968284680E-012  (3.51853135086416278E-006,-5.19993478696432484E-021)  (4.23602334746116281E-007,-3.02671721154710613E-007)             (-0.49999942441908779,0.0000000000000000)
         467        1500  -415.93951858068851        1.0000000000022757        302.21786101041016       0.99999999999300360        9.2698252770683191E-012  -2.2757351558766459E-012   (4.02855415476656332E-006,5.85588076042189831E-021)  (3.78617436017814534E-007,-3.45947163065547780E-007)             (-0.49999942441758005,0.0000000000000000)
         468        1500  -414.46976763164048        1.0000000000022864        307.57274217648973       0.99999999999094236        1.1343454394640107E-011  -2.2863932969130474E-012   (4.46946482811214975E-006,2.21528865289548703E-020)  (3.14274248993835799E-007,-3.83219092038276467E-007)             (-0.49999942441611511,0.0000000000000000)
         469        1500  -413.00001668259245        1.0000000000023024        308.65127291544252       0.99999999998917710        1.3123503520521256E-011  -2.3023805084676496E-012   (4.81646368838197539E-006,1.96797751023714046E-017)  (2.30221743066757104E-007,-4.12369795557450518E-007)             (-0.49999942441486128,0.0000000000000000)
         470        1500  -411.53026573354441        1.0000000000023197        305.42324581841820       0.99999999998795031        1.4367629590079766E-011  -2.3196999876518021E-012   (5.04471052045069458E-006,4.58073042108785353E-018)  (1.26762712795121761E-007,-4.31281635234388717E-007)             (-0.49999942441399298,0.0000000000000000)
         471        1500  -410.06051478449638        1.0000000000023406        297.97907122892207       0.99999999998748201        1.4855971237552318E-011  -2.3405721805147550E-012   (5.13020206498587805E-006,9.15561538341247975E-018)  (4.92999838529954183E-009,-4.37912285383094327E-007)             (-0.49999942441366518,0.0000000000000000)
         472        1500  -408.59076383544834        1.0000000000023574        286.52724503699369       0.99999999998792322        1.4431830528253388E-011  -2.3574475704890574E-012   (5.05073600109783678E-006,3.99140369726529974E-018) (-1.33454030218955054E-007,-4.30377300414973530E-007)             (-0.49999942441398559,0.0000000000000000)
         473        1500  -407.12101288640031        1.0000000000023765        271.38850914146451       0.99999999998932920        1.3044845122700942E-011  -2.3765434065126101E-012   (4.78693754854506920E-006,2.50358047914642341E-017) (-2.85738623089548003E-007,-4.07037868263640612E-007)             (-0.49999942441499418,0.0000000000000000)
         474        1500  -405.65126193735227        1.0000000000023870        252.98686813496275       0.99999999999159583        1.0790964396126249E-011  -2.3869795029440866E-012  (4.32332017626855528E-006,-9.25551191805493963E-018) (-4.48430737649872184E-007,-3.66591408756417814E-007)             (-0.49999942441661588,0.0000000000000000)
         475        1500  -404.18151098830424        1.0000000000024016        231.83771381450077       0.99999999999445688        7.9424147608790053E-012  -2.4016344468691386E-012  (3.64934599481360365E-006,-6.06921212733906858E-018) (-6.17209850272562329E-007,-3.08161880893888552E-007)             (-0.49999942441865880,0.0000000000000000)
         476        1500  -402.71176003925621        1.0000000000024136        208.53339012628643       0.99999999999745270        4.9604207149073904E-012  -2.4136248555350903E-012  (2.76044799474957853E-006,-9.16147521139722592E-018) (-7.86974304816999496E-007,-2.31386747924281811E-007)             (-0.49999942442079481,0.0000000000000000)
         477        1500  -401.24200909020817        1.0000000000024276        183.72660284032270       0.99999999999994205        2.4839917961620714E-012  -2.4276136656453673E-012  (1.65897198451807916E-006,-3.26532098716838469E-018) (-9.51921887988727933E-007,-1.36496884837258648E-007)             (-0.49999942442257062,0.0000000000000000)
         478        1500  -399.77225814116014        1.0000000000024347        158.11213861571059        1.0000000000011453        1.2897845196507029E-012  -2.4347190930029683E-012  (3.54994172883627653E-007,-9.06340247026546762E-018) (-1.10566613505266166E-006,-2.43857382540548866E-008)             (-0.49999942442342521,0.0000000000000000)
         479        1500  -398.30250719211210        1.0000000000024407        132.40740546738965        1.0000000000002163        2.2209626246517761E-012  -2.4407142973359441E-012 (-1.13303132609120355E-006,-1.54135132892559127E-022)  (-1.24138832404547199E-006,1.03336263704238698E-007)             (-0.49999942442276335,0.0000000000000000)
         480        1500  -396.83275624306407        1.0000000000024523        107.33233965563659       0.99999999999636380        6.0870104132321002E-012  -2.4522606167920458E-012  (-2.77783968232532509E-006,1.04274034870384232E-017)  (-1.35202482554335987E-006,2.44305719525416261E-007)             (-0.49999942442001571,0.0000000000000000)
         481        1500  -395.36300529401603        1.0000000000024694        83.589241764544596       0.99999999998892575        1.3541302512136465E-011  -2.4693580513712732E-012  (-4.54318071029004577E-006,9.75261527314247638E-019)  (-1.43048678478758863E-006,3.95392531775227018E-007)             (-0.49999942441471501,0.0000000000000000)
         482        1500  -393.89325434496800        1.0000000000024787        61.843106719574827       0.99999999997753153        2.4948399430422839E-011  -2.4786839247781245E-012  (-6.38394083156494765E-006,7.98866614924136308E-018)  (-1.46990862750005814E-006,5.52711572562158895E-007)             (-0.49999942440660006,0.0000000000000000)
         483        1500  -392.42350339591997        1.0000000000024885        42.702998658570856       0.99999999996222977        4.0257836134855110E-011  -2.4884538873948259E-012  (-8.24659540400866410E-006,3.06231076808487326E-019)  (-1.46391998831307222E-006,7.11662714465716138E-007)             (-0.49999942439570894,0.0000000000000000)
         484        1500  -390.95375244687193        1.0000000000025016        26.704992309556864       0.99999999994359623        5.8904782107420756E-011  -2.5015545190854027E-012  (-1.00700162233445199E-005,1.09483190596614259E-018)  (-1.40693374651765746E-006,8.67001146215479831E-007)             (-0.49999942438245426,0.0000000000000000)
         485        1500  -389.48400149782390        1.0000000000025058        14.297158647716053       0.99999999992274913        7.9759521964037573E-011  -2.5057733665789783E-012 (-1.17866503617672992E-005,-1.95068132238505608E-018)  (-1.29444263137418274E-006,1.01293946172357236E-006)             (-0.49999942436763511,0.0000000000000000)
         486        1500  -388.01425054877586        1.0000000000025162        5.8270153587445970       0.99999999990136978        1.0114644651507839E-010  -2.5162094630104548E-012  (-1.33240742085349027E-005,2.71406276172835961E-018)  (-1.12331379006554738E-006,1.14328169158888430E-006)             (-0.49999942435245048,0.0000000000000000)
         487        1500  -386.54449959972783        1.0000000000025178        1.5317935874067521       0.99999999988156829        1.2094859124352430E-010  -2.5177637752449300E-012  (-1.46069141903061828E-005,8.52927261349083931E-018)  (-8.92071246450745288E-007,1.25158860575877833E-006)             (-0.49999942433840650,0.0000000000000000)
         488        1500  -385.07474865067979        1.0000000000025326        1.5317935868005417       0.99999999986572696        1.3680549062448710E-010  -2.5326407637749071E-012  (-1.55591108231679182E-005,1.05161705250305250E-017)  (-6.01153862349278787E-007,1.33137214666285394E-006)             (-0.49999942432719302,0.0000000000000000)
         489        1500  -383.60499770163176        1.0000000000025377        5.8270153572004526       0.99999999985613486        1.4640050732871384E-010  -2.5377477896881828E-012 (-1.61064879212302282E-005,-7.71332487567236487E-018)  (-2.53136989305136087E-007,1.37631573939040265E-006)             (-0.49999942432044653,0.0000000000000000)
         490        1500  -382.13524675258373        1.0000000000025469        14.297158645672990       0.99999999985472643        1.4781967287443902E-010  -2.5468516184901091E-012  (-1.61795728465749228E-005,8.89652839166425114E-020)   (1.47094854319420420E-007,1.38051572865411616E-006)             (-0.49999942431953526,0.0000000000000000)
         491        1500  -380.66549580353569        1.0000000000025508        26.704992306786707       0.99999999986260235        1.3994887634331138E-010  -2.5508484213787597E-012  (-1.57165982337511923E-005,1.83188789854793062E-017)   (5.92236344534368986E-007,1.33873800277064052E-006)             (-0.49999942432524042,0.0000000000000000)
         492        1500  -379.19574485448766        1.0000000000025573        42.702998655400663       0.99999999987969490        1.2286191843196391E-010  -2.5572877149215856E-012  (-1.46666004603010049E-005,1.17053503641506530E-017)   (1.07252207434331699E-006,1.24668251497150608E-006)             (-0.49999942433750727,0.0000000000000000)
         493        1500  -377.72599390543962        1.0000000000025564        61.843106715475400       0.99999999990441535        9.8140861457950616E-011  -2.5563995365018854E-012  (-1.29925167640798430E-005,1.07030541449235881E-017)   (1.57576994554820538E-006,1.10124728851752670E-006)             (-0.49999942435519706,0.0000000000000000)
         494        1500  -376.25624295639159        1.0000000000025744        83.589241759923397       0.99999999993350808        6.9064715663986802E-011  -2.5743851495008130E-012  (-1.06741705481547577E-005,4.08047964451708989E-018)   (2.08751554958998459E-006,9.00782413183662433E-007)             (-0.49999942437598238,0.0000000000000000)
         495        1500  -374.78649200734355        1.0000000000025817        107.33233965080962       0.99999999996197819        4.0605094784161095E-011  -2.5817126214633390E-012  (-7.71102598302637520E-006,7.80210667746805662E-018)   (2.59124351771889471E-006,6.45323954683115403E-007)             (-0.49999942439630413,0.0000000000000000)
         496        1500  -373.31674105829552        1.0000000000026090        132.40740546235929       0.99999999998342481        1.9179704645864476E-011  -2.6090241078691179E-012 (-4.12458615956488008E-006,-6.59361680030251971E-019)   (3.06871949221388633E-006,3.36796879758108311E-007)             (-0.49999942441159995,0.0000000000000000)
         497        1500  -371.84699010924749        1.0000000000026079        158.11213861064701       0.99999999999047051        1.2137096765674925E-011  -2.6079138848444927E-012   (3.96923064295540655E-008,1.56044936202129939E-017)  (3.50042209422322439E-006,-2.08236823237992250E-008)             (-0.49999942441662437,0.0000000000000000)
         498        1500  -370.37723916019945        1.0000000000026235        183.72660283535774       0.99999999997564171        2.6978335770937974E-011  -2.6234570071892449E-012   (4.71109373749863827E-006,1.07321146629919865E-020)  (3.86607219127082666E-006,-4.21403646442458293E-007)             (-0.49999942440605294,0.0000000000000000)
         499        1500  -368.90748821115142        1.0000000000026357        208.53339012157625       0.99999999993227462        7.0360839926001492E-011  -2.6356694604601216E-012  (9.79306508813560815E-006,-9.06922643037233815E-018)  (4.14525085660841653E-006,-8.56603619121197901E-007)             (-0.49999942437515710,0.0000000000000000)
         500        1500  -367.43773726210338        1.0000000000026450        231.83771381026241       0.99999999985567101        1.4697272412136544E-010  -2.6449953338669729E-012   (1.51634711165442072E-005,3.18105734185621704E-019)  (4.31809577201303808E-006,-1.31590401798849087E-006)             (-0.49999942432060779,0.0000000000000000)
         501        1500  -365.96798631305535        1.0000000000026470        252.98686813116822       0.99999999974423992        2.5840708326939013E-010  -2.6469937353112982E-012  (2.06757721173189247E-005,-2.61213129693067515E-017)  (4.36605907934085443E-006,-1.78670919216541481E-006)             (-0.49999942424129218,0.0000000000000000)
         502        1500  -364.49823536400731        1.0000000000026517        271.38850913811109       0.99999999960045360        4.0219829788755953E-010  -2.6516566720147239E-012   (2.61611904540422219E-005,6.77656549077251556E-019)  (4.27270777969151699E-006,-2.25453608367565224E-006)             (-0.49999942413899218,0.0000000000000000)
         503        1500  -363.02848441495928        1.0000000000026608        286.52724503406864       0.99999999943146145        5.7119975257393210E-010  -2.6607605008166502E-012   (3.14319051063711565E-005,7.80240160924864979E-018)  (4.02454269367116766E-006,-2.70329067154906175E-006)             (-0.49999942401882153,0.0000000000000000)
         504        1500  -361.55873346591125        1.0000000000026663        297.97907122726326       0.99999999924918681        7.5347797986699170E-010  -2.6663116159397759E-012  (3.62852809398382832E-005,-5.89706334855561288E-018)  (3.61180909842212104E-006,-3.11563265744445985E-006)             (-0.49999942388929253,0.0000000000000000)
         505        1500  -360.08898251686321        1.0000000000026754        305.42324581751660       0.99999999906980697        9.3286745658392022E-010  -2.6754154447417022E-012  (4.05091037882203289E-005,-1.81008665058305963E-019)  (3.02926933697147362E-006,-3.47342576892182717E-006)             (-0.49999942376193629,0.0000000000000000)
         506        1500  -358.61923156781518        1.0000000000026747        308.65127291538255       0.99999999891240376        1.0902710374276243E-009  -2.6747493109269271E-012  (4.38877532479033298E-005,-1.00232123874765577E-018)  (2.27690559817365059E-006,-3.75826770587655812E-006)             (-0.49999942365034639,0.0000000000000000)
         507        1500  -357.14948061876714        1.0000000000026794        307.57274217739507       0.99999999879697565        1.2057049276638723E-009  -2.6794122476303528E-012  (4.62092040250630703E-005,-9.24146775672915420E-018)  (1.36051991261965707E-006,-3.95209032939498311E-006)             (-0.49999942356875510,0.0000000000000000)
         508        1500  -355.67972966971911        1.0000000000026843        302.21786101147626       0.99999999874170298        1.2609801125160613E-009  -2.6842972289387035E-012  (4.72727050447735103E-005,-8.98602491970519487E-018)  (2.92198887032804761E-007,-4.03781698525400549E-006)             (-0.49999942353008847,0.0000000000000000)
         509        1500  -354.20997872067107        1.0000000000026896        292.73660853429948       0.99999999875989332        1.2427946760580968E-009  -2.6896262994569042E-012  (4.68969444595815325E-005,-6.36196422302235416E-019) (-9.09389281664975290E-007,-4.00006056315261863E-006)             (-0.49999942354378840,0.0000000000000000)
         510        1500  -352.74022777162304        1.0000000000026927        279.39453496055739       0.99999999885679358        1.1458979191439249E-009  -2.6927349239258547E-012  (4.49284697211562182E-005,-1.57858124967618019E-017) (-2.21889397611223802E-006,-3.82584235357395680E-006)             (-0.49999942361354721,0.0000000000000000)
         511        1500  -351.27047682257501        1.0000000000026947        262.56532409840543       0.99999999902679759        9.7589500803340809E-010  -2.6947333253701800E-012  (4.12500973783116721E-005,-3.18016774088165269E-019) (-3.60440392641496632E-006,-3.50530907447645584E-006)             (-0.49999942373532236,0.0000000000000000)
         512        1500  -349.80072587352697        1.0000000000027016        242.72032723761475       0.99999999925149141        7.5120845454940357E-010  -2.7016167081228559E-012   (3.57890174349965743E-005,1.92108528944500509E-019) (-5.02781119595108545E-006,-3.03242264784678991E-006)             (-0.49999942389594892,0.0000000000000000)
         513        1500  -348.33097492447894        1.0000000000027083        220.41536157941425       0.99999999949898899        5.0371714991020336E-010  -2.7082780462706069E-012   (2.85242758248927212E-005,8.76915184671478991E-021) (-6.44543212013706665E-006,-2.40559582144579712E-006)             (-0.49999942407267806,0.0000000000000000)
         514        1500  -346.86122397543090        1.0000000000027085        196.27514294755017       0.99999999972504083        2.7766777486472417E-010  -2.7085000908755319E-012   (1.94933046478694156E-005,6.70789432850104365E-018) (-7.80889116572485515E-006,-1.62824532984541695E-006)             (-0.49999942423397370,0.0000000000000000)
         515        1500  -345.39147302638287        1.0000000000027203        170.97578879654674       0.99999999987611465        1.2660308789493476E-010  -2.7202684549365586E-012  (8.79716775657120657E-006,-3.87900534908437332E-018) (-9.06626572808069270E-006,-7.09234299416722352E-007)             (-0.49999942434170835,0.0000000000000000)
         516        1500  -343.92172207733483        1.0000000000027292        145.22588156100852       0.99999999989445487        1.0827307745815849E-010  -2.7291502391335598E-012 (-3.39580253811103697E-006,-1.70579269680812301E-017)  (-1.01634801418362587E-005,3.36823730474699974E-007)             (-0.49999942435478301,0.0000000000000000)
         517        1500  -342.45197112828680        1.0000000000027307        119.74662273415575       0.99999999972495868        2.7777334850231743E-010  -2.7307045513680350E-012 (-1.68482803130348031E-005,-9.15945553547255794E-018)  (-1.10459269926963882E-005,1.48942486307534439E-006)             (-0.49999942423402199,0.0000000000000000)
         518        1500  -340.98222017923877        1.0000000000027360        95.251633507623538       0.99999999932327266        6.7946372149428459E-010  -2.7360336218862358E-012  (-3.12544010894341156E-005,1.17251389104554337E-018)  (-1.16602834720392144E-005,2.72222182215278539E-006)             (-0.49999942394793878,0.0000000000000000)
         519        1500  -339.51246923019073        1.0000000000027423        72.426967724152405       0.99999999866422051        1.3385216903184401E-009  -2.7422508708241367E-012  (-4.62426181085549558E-005,4.53634018710788433E-018)  (-1.19564800242865455E-005,4.00327644190679266E-006)             (-0.49999942347873283,0.0000000000000000)
         520        1500  -338.04271828114270        1.0000000000027418        51.911896930692727       0.99999999774950532        2.2532353326644170E-009  -2.7418067816142866E-012 (-6.13811205296035917E-005,-9.07451304251856466E-018)  (-1.18897685454494685E-005,5.29553119080273928E-006)             (-0.49999942282776805,0.0000000000000000)
         521        1500  -336.57296733209466        1.0000000000027403        34.281005708136966       0.99999999661344807        3.3892908753104693E-009  -2.7402524693798114E-012  (-7.61859015961206950E-005,1.55992882419429613E-017)  (-1.14228287345225689E-005,6.55750690513416945E-006)             (-0.49999942201963782,0.0000000000000000)
         522        1500  -335.10321638304663        1.0000000000027440        20.028098752779808       0.99999999532542838        4.6773171403634745E-009  -2.7440272276635369E-012 (-9.01314817786786596E-005,-6.31554592595173254E-019)  (-1.05278425145827740E-005,7.74422696384308237E-006)             (-0.49999942110388906,0.0000000000000000)
         523        1500  -333.63346543399859        1.0000000000027516        9.5523704231874387       0.99999999398797335        6.0147787720608616E-009  -2.7515767442309880E-012 (-1.02664198964464036E-004,-7.98930095521645637E-018)  (-9.18846098029482052E-006,8.80835994826839192E-006)             (-0.49999942015364179,0.0000000000000000)
         524        1500  -332.16371448495056        1.0000000000027609        3.1472241430146042       0.99999999272981288        7.2729465664666666E-009  -2.7609026176378393E-012 (-1.13217879590035096E-004,-5.88875615199618186E-019)  (-7.40158354100055047E-006,9.70156467264762378E-006)             (-0.49999941926062280,0.0000000000000000)
         525        1500  -330.69396353590253        1.0000000000027622       0.99205477454932567       0.99999999169363796        8.3091243744915648E-009  -2.7622348852673895E-012  (-1.21231600930999493E-004,1.05223696769030693E-017)  (-5.17886754261678809E-006,1.03760124278723098E-005)             (-0.49999941852642699,0.0000000000000000)
         526        1500  -329.22421258685449        1.0000000000027711        3.1472241429989789       0.99999999101915638        8.9836144487416531E-009  -2.7711166694643907E-012 (-1.26169152351573256E-004,-1.95068920005472182E-018)  (-2.54788753033757743E-006,1.07860527021094474E-005)             (-0.49999941805043935,0.0000000000000000)
         527        1500  -327.75446163780646        1.0000000000027707        9.5523704210362208       0.99999999082264979        9.1801223657837644E-009  -2.7706725802545407E-012  (-1.27539702246767464E-004,8.25808814880813365E-020)   (4.47133014293280852E-007,1.08899798448038801E-005)             (-0.49999941791528624,0.0000000000000000)
         528        1500  -326.28471068875842        1.0000000000027782        20.028098751244407       0.99999999117524618        8.8275311513402923E-009  -2.7782220968219917E-012  (-1.24919084934809865E-004,1.80399233800637022E-019)   (3.74508664019740587E-006,1.06518505738435972E-005)             (-0.49999941817135679,0.0000000000000000)
         529        1500  -324.81495973971039        1.0000000000027782        34.281005705283917       0.99999999208245560        7.9203232037258874E-009  -2.7782220968219917E-012  (-1.17971039033504753E-004,6.54316493551604222E-018)   (7.26830372048580504E-006,1.00432948975140673E-005)             (-0.49999941882226528,0.0000000000000000)
         530        1500  -323.34520879066235        1.0000000000027844        51.911896926397169       0.99999999346826507        6.5345167788936381E-009  -2.7844393457598926E-012 (-1.06467662091749585E-004,-2.15450557812285564E-018)   (1.09234763924929779E-005,9.04525769671557713E-006)             (-0.49999941981355306,0.0000000000000000)
         531        1500  -321.87545784161432        1.0000000000027864        72.426967719766239       0.99999999516686500        4.8359218646854868E-009  -2.7864377472042179E-012  (-9.03082980858066925E-005,1.58836258100034553E-017)   (1.46032146544581239E-005,7.64960392235906069E-006)             (-0.49999942102684203,0.0000000000000000)
         532        1500  -320.40570689256629        1.0000000000027933        95.251633503724548       0.99999999692489827        3.0778932568458251E-009  -2.7933211299568939E-012  (-6.95360490312998193E-005,6.30569741057330717E-019)   (1.81882442914610185E-005,5.86051843115193790E-006)             (-0.49999942228148830,0.0000000000000000)
         533        1500  -318.93595594351825        1.0000000000027993        119.74662272947693       0.99999999841618914        1.5866084440470943E-009  -2.7993163342898697E-012 (-4.43511024991800787E-005,-1.58786798277088608E-017)   (2.15502356332007959E-005,3.69563151345103498E-006)             (-0.49999942334511854,0.0000000000000000)
         534        1500  -317.46620499447022        1.0000000000028038        145.22588155653636       0.99999999926959693        7.3320770605743555E-010  -2.8037572263883703E-012 (-1.51200959406367515E-005,-8.60910962498318433E-018)   (2.45552281703491354E-005,1.18680385473557740E-006)             (-0.49999942395351166,0.0000000000000000)
         535        1500  -315.99645404542218        1.0000000000028226        170.97578879181427       0.99999999910900339        8.9381812931812448E-010  -2.8226310178069980E-012  (1.76192025116914865E-005,-5.84363111409547253E-021)  (2.70675923121132025E-005,-1.61949041914412519E-006)             (-0.49999942383909812,0.0000000000000000)
         536        1500  -314.52670309637415        1.0000000000028275        196.27514294388007       0.99999999760244029        2.4003853881759226E-009  -2.8275159991153487E-012  (5.31585262002894519E-005,-7.71362035735633487E-018)  (2.89544443147816299E-005,-4.66223580784870753E-006)             (-0.49999942276596626,0.0000000000000000)
         537        1500  -313.05695214732611        1.0000000000028204        220.41536157524436       0.99999999451568300        5.4871362977579247E-009  -2.8204105717577477E-012  (9.06255641063718646E-005,-2.09761837946843634E-018)  (3.00904073368115807E-005,-7.86644582507223018E-006)             (-0.49999942056799584,0.0000000000000000)
         538        1500  -311.58720119827808        1.0000000000028182        242.72032723322300       0.99999998976369553        1.0239124389550111E-008  -2.8181901257084974E-012  (1.28996594461116681E-004,-1.95802045502076857E-017)  (3.03625876485426590E-005,-1.11442615346445122E-005)             (-0.49999941718544616,0.0000000000000000)
         539        1500  -310.11745024923005        1.0000000000028153        262.56532409403201       0.99999998345243168        1.6550385027087061E-008  -2.8153035458444720E-012  (1.67115478153945435E-004,-8.57057918896273428E-018)  (2.96756164833347312E-005,-1.43965931641290299E-005)             (-0.49999941269465970,0.0000000000000000)
         540        1500  -308.64769930018201        1.0000000000028182        279.39453495741498       0.99999997590333967        2.4099479283298262E-008  -2.8181901257084974E-012  (2.03718990074319001E-004,-2.71379851418761380E-018)  (2.79565892942586894E-005,-1.75153021349390099E-005)             (-0.49999940732539983,0.0000000000000000)
         541        1500  -307.17794835113398        1.0000000000028171        292.73660853292068       0.99999996765338817        3.2349430425221642E-008  -2.8170799026838722E-012  (2.37468246691738662E-004,-2.26810031084501242E-018)  (2.51597234876046486E-005,-2.03859021924966597E-005)             (-0.49999940146076582,0.0000000000000000)
         542        1500  -305.70819740208594        1.0000000000028151        302.21786101387801       0.99999995942566722        4.0577148416016170E-008  -2.8150815012395469E-012   (2.66985754916893448E-004,8.99154823984436207E-018)  (2.12705461496772015E-005,-2.28907383348613279E-005)             (-0.49999939561612827,0.0000000000000000)
         543        1500  -304.23844645303791        1.0000000000028062        307.57274217486201       0.99999995206838055        4.7934428637965173E-008  -2.8061997170425457E-012   (2.90897367888389542E-004,6.52861645359979540E-022)  (1.63094232799703621E-005,-2.49125816286537968E-005)             (-0.49999939039559504,0.0000000000000000)
         544        1500  -302.76869550398987        1.0000000000027951        308.65127291228458       0.99999994646410295        5.3538694323624160E-008  -2.7950974867962941E-012  (3.07878196090906895E-004,-1.25543576828143871E-018)  (1.03342452894851563E-005,-2.63385580886142362E-005)             (-0.49999938642730313,0.0000000000000000)
         545        1500  -301.29894455494184        1.0000000000027907        305.42324581682954       0.99999994341560583        5.6587187714769387E-008  -2.7906565946977935E-012  (3.16701294665288117E-004,-2.27810932694802832E-018)  (3.44209613098170206E-006,-2.70643102089668313E-005)             (-0.49999938428209445,0.0000000000000000)
         546        1500  -299.82919360589381        1.0000000000027882        297.97907122775342       0.99999994351897825        5.6483812323856183E-008  -2.7882141040436181E-012  (3.16287739744358274E-004,-1.56103819539774951E-017) (-4.23024865967924776E-006,-2.69982722532506290E-005)             (-0.49999938438319536,0.0000000000000000)
         547        1500  -298.35944265684577        1.0000000000027836        286.52724503815188       0.99999994703887984        5.2963905938676853E-008  -2.7835511673401925E-012  (3.05756526878636279E-004,-4.89643797153391296E-018) (-1.25071228782220127E-005,-2.60659252183987471E-005)             (-0.49999938691747925,0.0000000000000000)
         548        1500  -296.88969170779774        1.0000000000027864        271.38850914167841       0.99999995380324502        4.6199542610923046E-008  -2.7864377472042179E-012  (2.84472582451824100E-004,-8.87925248983088246E-020) (-2.11761649143882962E-005,-2.42138853824245279E-005)             (-0.49999939176064362,0.0000000000000000)
         549        1500  -295.41994075874970        1.0000000000027784        252.98686813211000       0.99999996313563877        3.6867142318971486E-008  -2.7784441414269168E-012   (2.52091083303141535E-004,5.21663143952362621E-018) (-2.99919620381073003E-005,-2.14136724306507557E-005)             (-0.49999939842926860,0.0000000000000000)
         550        1500  -293.95018980970167        1.0000000000027922        231.83771381047782       0.99999997384209860        2.6160693395604256E-008  -2.7922109069322687E-012   (2.08596238044941119E-004,1.70526984722118386E-017) (-3.86811538190880120E-005,-1.76649997462370210E-005)             (-0.49999940607167859,0.0000000000000000)
         551        1500  -292.48043886065363        1.0000000000027904        208.53339012519646       0.99999998426477299        1.5738017968555603E-008  -2.7904345500928684E-012  (1.54332702857884089E-004,-1.26637763163224522E-018) (-4.69489536000026715E-005,-1.29984311462431120E-005)             (-0.49999941350642196,0.0000000000000000)
         552        1500  -291.01068791160560        1.0000000000027971        183.72660283894737       0.99999999240862403        7.5941748576591254E-009  -2.7970958882406194E-012  (9.00278892344782853E-005,-1.26653236882844873E-018) (-5.44869947611079317E-005,-7.47725579872529857E-006)             (-0.49999941931272063,0.0000000000000000)
         553        1500  -289.54093696255757        1.0000000000028053        158.11213861456508       0.99999999613793356        3.8648731737134462E-009  -2.8053115386228455E-012   (1.68035741489834105E-005,1.26621091012805463E-018) (-6.09823534913313397E-005,-1.19844598365346398E-006)             (-0.49999942197058839,0.0000000000000000)
         554        1500  -288.07118601350953        1.0000000000028124        132.40740546573099       0.99999999342995083        6.5728627139583788E-009  -2.8124169659804465E-012 (-6.38245550436830974E-005,-7.71625771112762447E-018)  (-6.61275465097933786E-005,5.70741843895579786E-006)             (-0.49999942004152981,0.0000000000000000)
         555        1500  -286.60143506446150        1.0000000000028140        107.33233965553288       0.99999998266227641        1.7340537496004135E-008  -2.8139712782149218E-012  (-1.49960500852649889E-004,8.32308090615266351E-020)  (-6.96312507726065764E-005,1.30773505747331993E-005)             (-0.49999941237315915,0.0000000000000000)
         556        1500  -285.13168411541346        1.0000000000028195        83.589241765541573       0.99999996290176163        3.7101057929158705E-008  -2.8195223933380476E-012 (-2.39355430421060055E-004,-3.90121574932957541E-018)  (-7.12294459378807029E-005,2.07183434138436069E-005)             (-0.49999939830473544,0.0000000000000000)
         557        1500  -283.66193316636543        1.0000000000028149        61.843106718093438       0.99999993415612520        6.5846690678839502E-008  -2.8148594566346219E-012 (-3.29449349631753504E-004,-8.84867856383186132E-020)  (-7.06966401884824824E-005,2.84109698994333985E-005)             (-0.49999937784603926,0.0000000000000000)
         558        1500  -282.19218221731740        1.0000000000028102        42.702998653683601       0.99999989754741003        1.0245539888504988E-007  -2.8101965199311962E-012  (-4.17426850386099413E-004,7.72163836691188458E-019)  (-6.78568079453805974E-005,3.59141838677706814E-005)             (-0.49999935180042099,0.0000000000000000)
         559        1500  -280.72243126826936        1.0000000000027818        26.704992310031422       0.99999985536888214        1.4463390259640899E-007  -2.7817748105007922E-012 (-5.00286319410003506E-004,-9.24968235681374255E-018)  (-6.25936454308486750E-005,4.29712679414332813E-005)             (-0.49999932180479567,0.0000000000000000)
         560        1500  -279.25268031922133        1.0000000000027707        14.297158646117573       0.99999981099588586        1.8900688683043047E-007  -2.7706725802545407E-012  (-5.74921489455635466E-004,7.90046896954270279E-020)  (-5.48597381990428796E-005,4.93168306704739885E-005)             (-0.49999929026557544,0.0000000000000000)
         561        1500  -277.78292937017329        1.0000000000027600        5.8270153622814123       0.99999976863490325        2.3136785622969494E-007  -2.7600144392181392E-012  (-6.38213698669882253E-004,1.08897064877914255E-018)  (-4.46842347374177778E-005,5.46847111603704066E-005)             (-0.49999926017945406,0.0000000000000000)
         562        1500  -276.31317842112526        1.0000000000027438        1.5317935891655419       0.99999973291454303        2.6708820474276858E-007  -2.7438051830586119E-012 (-6.87132717097931511E-004,-2.58256150839511086E-018)  (-3.21786344408018379E-005,5.88166062342460112E-005)             (-0.49999923484172570,0.0000000000000000)
         563        1500  -274.84342747207722        1.0000000000027349        1.5317935862653882       0.99999970834364826        2.9165908684510306E-007  -2.7349233988616106E-012  (-7.18843519064804202E-004,1.36055322545332587E-018)  (-1.75403255677933409E-005,6.14711946173213445E-005)             (-0.49999921746020254,0.0000000000000000)
         564        1500  -273.37367652302919        1.0000000000027243        5.8270153506395754       0.99999969868464778        3.0131807860774155E-007  -2.7242652578252091E-012  (-7.30815944414109852E-004,3.31510610954740324E-018)  (-1.05355347849757486E-006,6.24334960982694424E-005)             (-0.49999921070902748,0.0000000000000000)
         565        1500  -271.90392557398116        1.0000000000027149        14.297158649298003       0.99999970631034008        2.9369237489709007E-007  -2.7149393844183578E-012 (-7.20933822436074529E-004,-1.56100596307569741E-017)   (1.69124415030369225E-005,6.15241732470616509E-005)             (-0.49999921627101207,0.0000000000000000)
         566        1500  -270.43417462493312        1.0000000000027103        26.704992310158033       0.99999973162713451        2.6837557901195320E-007  -2.7102764477149321E-012  (-6.87599847880164625E-004,6.26855132072216460E-019)   (3.59083006206773476E-005,5.86084596486116991E-005)             (-0.49999923442758726,0.0000000000000000)
         567        1500  -268.96442367588509        1.0000000000026801        42.702998655855950       0.99999977265365980        2.2734902273489336E-007  -2.6800783814451279E-012  (-6.29832321675997888E-004,1.27208096819857790E-018)   (5.54125309671842258E-005,5.36043846609403381E-005)             (-0.49999926375964937,0.0000000000000000)
         568        1500  -267.49467272683705        1.0000000000026827        61.843106719324751       0.99999982483928906        1.7516339341529585E-007  -2.6827429167042283E-012 (-5.47349814353314309E-004,-2.19656632061316494E-024)   (7.48425874940995784E-005,4.64899600740491798E-005)             (-0.49999930101939138,0.0000000000000000)
         569        1500  -266.02492177778902        1.0000000000026725        83.589241761604413       0.99999988118912952        1.1881354628713747E-007  -2.6725288648776768E-012 (-4.40639894575165132E-004,-3.99260780548474084E-018)   (9.35689298952196866E-005,3.73090013529522602E-005)             (-0.49999934122047218,0.0000000000000000)
         570        1500  -264.55517082874098        1.0000000000026676        107.33233965280519       0.99999993273408094        6.7268590126675167E-008  -2.6676438835693261E-012  (-3.11008294059922938E-004,1.84049733561657248E-017)   (1.10931815594725110E-004,2.61752746459661454E-005)             (-0.49999937797375787,0.0000000000000000)
         571        1500  -263.08541987969295        1.0000000000026712        132.40740546657938       0.99999996934386659        3.0658806164396344E-008  -2.6711965972481266E-012 (-1.60605257463611003E-004,-4.44846089432999907E-018)   (1.26260474565817959E-004,1.32746921052732103E-005)             (-0.49999940406712884,0.0000000000000000)
         572        1500  -261.61566893064492        1.0000000000026770        158.11213861523504       0.99999998083555830        1.9167118296394977E-008  -2.6769697569761775E-012  (7.57365587166512216E-006,-5.87503889500002422E-021)  (1.38894204033150132E-004,-1.13467908916623336E-006)             (-0.49999941225535149,0.0000000000000000)
         573        1500  -260.14591798159688        1.0000000000026750        183.72660284082448       0.99999995828209509        4.1720579403431690E-008  -2.6749713555318522E-012   (1.89714403245448677E-004,2.69657160295173728E-018)  (1.48204824639653281E-004,-1.67249739378772574E-005)             (-0.49999939619192230,0.0000000000000000)
         574        1500  -258.67616703254885        1.0000000000026750        208.53339012957690       0.99999989538217104        1.0462050329572712E-007  -2.6749713555318522E-012   (3.81240248086281148E-004,1.83969334233179708E-017)  (1.53619858706143648E-004,-3.31033679896863690E-005)             (-0.49999935140408225,0.0000000000000000)
         575        1500  -257.20641608350081        1.0000000000026663        231.83771381196058       0.99999978972078862        2.1028187723246002E-007  -2.6663116159397759E-012   (5.76896981616428143E-004,4.06890797243552231E-019)  (1.54645727303476716E-004,-4.98194379483394979E-005)             (-0.49999927618938689,0.0000000000000000)
         576        1500  -255.73666513445283        1.0000000000026503        252.98686814076362       0.99999964373527894        3.5626737145624397E-007  -2.6503244043851737E-012  (7.70867130840667677E-004,-3.82183281828985022E-018)  (1.50890216222745912E-004,-6.63750046380570560E-005)             (-0.49999917230194729,0.0000000000000000)
         577        1500  -254.26691418540508        1.0000000000026461        271.38850914304368       0.99999946520889438        5.3479375142540063E-007  -2.6461055568915981E-012  (9.56911738315569991E-004,-3.63196168778242004E-019)  (1.42083430598055626E-004,-8.22363324180748137E-005)             (-0.49999904530175199,0.0000000000000000)
         578        1500  -252.79716323635733        1.0000000000026468        286.52724503778825       0.99999926714657661        7.3285607023599100E-007  -2.6467716907063732E-012   (1.12853730305894143E-003,6.53031851852728819E-018)  (1.28096443727245771E-004,-9.68484710992131522E-005)             (-0.49999890446373363,0.0000000000000000)
         579        1500  -251.32741228730958        1.0000000000026397        297.97907122034997       0.99999906694484553        9.3305779363053769E-007  -2.6396662633487722E-012  (1.27918446596004512E-003,-4.67215349345497827E-018)  (1.08956847075904122E-004,-1.09651437927494789E-004)             (-0.49999876218417411,0.0000000000000000)
         580        1500  -249.85766133826183        1.0000000000026426        305.42324581987026       0.99999888484622934        1.1151564141752740E-006  -2.6425528432127976E-012  (1.40243403068199854E-003,-7.80241613704804478E-018)  (8.48604302983138370E-005,-1.20097852520715398E-004)             (-0.49999863287803964,0.0000000000000000)
         581        1500  -248.38791038921408        1.0000000000026470        308.65127289120278       0.99999874176165349        1.2582409963776053E-006  -2.6469937353112982E-012   (1.49222495777333905E-003,4.44757396185660819E-018)  (5.61782646273813514E-005,-1.27671558102990408E-004)             (-0.49999853142712258,0.0000000000000000)
         582        1500  -246.91815944016633        1.0000000000026446        307.57274216151779       0.99999865664220144        1.3433604432995522E-006  -2.6445512446571229E-012   (1.54307809260596437E-003,1.56051257313232755E-017)  (2.34585421866762502E-005,-1.31906692514279937E-004)             (-0.49999847130847719,0.0000000000000000)
         583        1500  -245.44840849111858        1.0000000000026419        302.21786099843337       0.99999864367121138        1.3563314304884264E-006  -2.6418867093980225E-012   (1.55031863207756191E-003,6.53602179722521847E-018) (-1.25773607599558662E-005,-1.32406614641285899E-004)             (-0.49999846259630965,0.0000000000000000)
         584        1500  -243.97865754207083        1.0000000000026430        292.73660850988216       0.99999870961627846        1.2903863662334771E-006  -2.6429969324226477E-012   (1.51028975475189634E-003,3.27244287107218767E-018) (-5.10449663649935412E-005,-1.28862049405515310E-004)             (-0.49999851007905394,0.0000000000000000)
         585        1500  -242.50890659302308        1.0000000000026448        279.39453491871376       0.99999885171535075        1.1482872935388068E-006  -2.6447732892620479E-012  (1.42054949280506358E-003,-1.44932023765955515E-018) (-9.09130888401226111E-005,-1.21067790639885103E-004)             (-0.49999861175771687,0.0000000000000000)
         586        1500  -241.03915564397533        1.0000000000026474        262.56532406378432       0.99999905646091836        9.4354172655053574E-007  -2.6474378245211483E-012  (1.28004286422981305E-003,-9.16222997677419049E-018) (-1.31026462022522687E-004,-1.08937298214665273E-004)             (-0.49999875798417248,0.0000000000000000)
         587        1500  -239.56940469492758        1.0000000000026434        242.72032720059110       0.99999929958570755        7.0041693415596080E-007  -2.6434410216324977E-012   (1.08924155073021156E-003,9.85631672200830654E-019) (-1.70134258194532900E-004,-9.25145460543690010E-005)             (-0.49999893145492352,0.0000000000000000)
         588        1500  -238.09965374587983        1.0000000000026423        220.41536154482398       0.99999954744266473        4.5255997991175426E-007  -2.6423307986078726E-012   (8.50244017349494237E-004,2.31101839167065850E-018) (-2.06923887329785356E-004,-7.19825222402329274E-005)             (-0.49999910819715976,0.0000000000000000)
         589        1500  -236.62990279683208        1.0000000000026441        196.27514291996525       0.99999975981796285        2.4018468348462987E-007  -2.6441071554472728E-012   (5.66829912129630754E-004,1.96831944080000681E-017) (-2.40059217726136233E-004,-4.76678511864714005E-005)             (-0.49999925957448477,0.0000000000000000)
         590        1500  -235.16015184778433        1.0000000000026539        170.97578876775205       0.99999989403334999        1.0596930291162389E-007  -2.6538771180639742E-012  (2.44463816533622611E-004,-3.86043297149237240E-019) (-2.68222152952355243E-004,-2.00411005538590795E-005)             (-0.49999935520993444,0.0000000000000000)
         591        1500  -233.69040089873658        1.0000000000026490        145.22588153659069       0.99999991000277455        8.9999875021827333E-008  -2.6489921367556235E-012  (-1.09755129235767536E-004,7.98521342443833731E-018)  (-2.90156355215907651E-004,1.02875508652792290E-005)             (-0.49999936658769256,0.0000000000000000)
         592        1500  -232.22064994968883        1.0000000000026423        119.74662271574113       0.99999977573302068        2.2426962300825621E-007  -2.6423307986078726E-012 (-4.87199609592574670E-004,-9.64933614347292360E-019)  (-3.04711823294248629E-004,4.25774758264669417E-005)             (-0.49999927096989599,0.0000000000000000)
         593        1500  -230.75089900064108        1.0000000000026343        95.251633487887872       0.99999947262321132        5.2737942241068649E-007  -2.6343371928305714E-012 (-8.77876760758600520E-004,-6.72276460067277913E-018)  (-3.10889013458919808E-004,7.59716371344582378E-005)             (-0.49999905516866716,0.0000000000000000)
         594        1500  -229.28114805159333        1.0000000000026303        72.426967696116435       0.99999899984772389        1.0001549082805848E-006  -2.6303403899419209E-012  (-1.27064563424362305E-003,1.54440515349299246E-018)  (-3.07881205421178252E-004,1.09515391284204078E-004)             (-0.49999871866314527,0.0000000000000000)
         595        1500  -227.81139710254558        1.0000000000026354        51.911896920127262       0.99999837711815498        1.6228844805820878E-006  -2.6354474158551966E-012 (-1.65348647842872200E-003,-1.84111453024741573E-017)  (-2.95113840531000438E-004,1.42179785050860374E-004)             (-0.49999827555933918,0.0000000000000000)
         596        1500  -226.34164615349783        1.0000000000026354        34.281005687066965       0.99999764522357282        2.3547790642796163E-006  -2.6354474158551966E-012 (-2.01381722963047370E-003,-6.32204696899727504E-019)  (-2.72279559538429912E-004,1.72888910809633310E-004)             (-0.49999775496504179,0.0000000000000000)
         597        1500  -224.87189520445008        1.0000000000026381        20.028098768286707       0.99999686394405152        3.1360585868637634E-006  -2.6381119511142970E-012  (-2.33885098717887679E-003,7.71365306281333987E-018)  (-2.39367632810445335E-004,2.00550726602224103E-004)             (-0.49999719949250032,0.0000000000000000)
         598        1500  -223.40214425540233        1.0000000000026426        9.5523704216800134       0.99999610721023846        3.8927924047704851E-006  -2.6425528432127976E-012  (-2.61598655668519951E-003,1.26098413226697156E-018)  (-1.96686410823118316E-004,2.24090594168011075E-004)             (-0.49999666180053315,0.0000000000000000)
         599        1500  -221.93239330635458        1.0000000000026403        3.1472241402782331       0.99999545571892845        4.5442837143295143E-006  -2.6403323971635473E-012  (-2.83322236047924740E-003,9.25563491719673450E-018)  (-1.44877367416057745E-004,2.42486645385780200E-004)             (-0.49999619932865136,0.0000000000000000)
         600        1500  -220.46264235730683        1.0000000000026419       0.99205472923578197       0.99999498757750660        5.0124251354931729E-006  -2.6418867093980225E-012  (-2.97958218092343567E-003,1.27793847983650056E-018)  (-8.49193171885386633E-005,2.54805960356971068E-004)             (-0.49999586763393128,0.0000000000000000)
         601        1500  -218.99289140825908        1.0000000000026479        3.1472241567373720       0.99999476789496000        5.2321076864934064E-006  -2.6478819137309983E-012 (-3.04553944637584719E-003,-7.21003016347293787E-019)  (-1.81215266973448007E-005,2.60240434572782452E-004)             (-0.49999571298559214,0.0000000000000000)
         602        1500  -217.52314045921133        1.0000000000026432        9.5523704486772036       0.99999483851484516        5.1614877977438772E-006  -2.6432189770275727E-012 (-3.02342529199388669E-003,-7.70808656795798141E-018)   (5.38952515558049187E-005,2.58141135591165066E-004)             (-0.49999576506769916,0.0000000000000000)
         603        1500  -216.05338951016358        1.0000000000026401        20.028098782926850       0.99999520924628249        4.7907563596529325E-006  -2.6401103525586223E-012 (-2.90780466608970070E-003,-6.80429731312221205E-019)   (1.29230299070423545E-004,2.48049908605757821E-004)             (-0.49999603075251275,0.0000000000000000)
         604        1500  -214.58363856111583        1.0000000000026432        34.281005721782698       0.99999585195091012        4.1480517337032079E-006  -2.6432189770275727E-012 (-2.69580453517755851E-003,-1.02495494913044361E-017)   (2.05746835023043907E-004,2.29726992173802917E-004)             (-0.49999648990685275,0.0000000000000000)
         605        1500  -213.11388761206808        1.0000000000026510        51.911896948073924       0.99999669866210628        3.3013405404301417E-006  -2.6509905381999488E-012 (-2.38737892951132588E-003,-1.31460429306129347E-018)   (2.81127395567314954E-004,2.03173453815794691E-004)             (-0.49999709406479481,0.0000000000000000)
         606        1500  -211.64413666302033        1.0000000000026452        72.426967740578718       0.99999764454500417        2.3554576418389155E-006  -2.6452173784718980E-012 (-1.98549722925751501E-003,-5.22401603917849540E-021)   (3.52939041131666625E-004,1.68647353206501685E-004)             (-0.49999776854024341,0.0000000000000000)
         607        1500  -210.17438571397258        1.0000000000026512        95.251633548134819       0.99999855597862852        1.4440240222875302E-006  -2.6512125828048738E-012 (-1.49624465482671074E-003,-6.68598909677165136E-019)   (4.18706098620528979E-004,1.26672686431142487E-004)             (-0.49999841818093338,0.0000000000000000)
         608        1500  -208.70463476492483        1.0000000000026514        119.74662279706190       0.99999928340787103        7.1659478190111110E-007  -2.6514346274097988E-012 (-9.28827199552774928E-004,-1.71966284633121473E-019)   (4.75987696971720390E-004,7.80403563776547408E-005)             (-0.49999893651731120,0.0000000000000000)
         609        1500  -207.23488381587708        1.0000000000026616        145.22588162580647       0.99999967794869438        3.2205396975883993E-007  -2.6616486792363503E-012  (-2.95476902618372001E-004,3.58682506400691600E-018)   (5.22457191309133291E-004,2.38006445890918390E-005)             (-0.49999921758764854,0.0000000000000000)
         610        1500  -205.76513286682933        1.0000000000026656        170.97578887915904       0.99999961012067984        3.8988198537025091E-007  -2.6656454821250009E-012  (3.88743011673993411E-004,-1.69691187962050036E-017)  (5.55980746777272696E-004,-3.47530792466973229E-005)             (-0.49999916928468441,0.0000000000000000)
         611        1500  -204.29538191778158        1.0000000000026674        196.27514304621491       0.99999898861248104        1.0113901834320959E-006  -2.6674218389644011E-012  (1.10623044757580838E-003,-3.85682543565603028E-018)  (5.74692846434448810E-004,-9.61093966761909562E-005)             (-0.49999872673004031,0.0000000000000000)
         612        1500  -202.82563096873383        1.0000000000026581        220.41536168303747       0.99999777672652967        2.2232761304407108E-006  -2.6580959655575498E-012   (1.83722917279204338E-003,1.16110198041130463E-017)  (5.77067159805931518E-004,-1.58572334818174758E-004)             (-0.49999786399204887,0.0000000000000000)
         613        1500  -201.35588001968608        1.0000000000026623        242.72032732105785       0.99999600414797807        3.9958546810019299E-006  -2.6623148130511254E-012  (2.56029947186766325E-003,-8.62068806648263520E-018)  (5.61981818747498752E-004,-2.20302751985568262E-004)             (-0.49999660245826261,0.0000000000000000)
         614        1500  -199.88612907063833        1.0000000000026590        262.56532419076137       0.99999377195971118        6.2280429469771881E-006  -2.6589841439772499E-012   (3.25286733430081359E-003,1.04166029113528611E-017)  (5.28778401904569017E-004,-2.79366797933324471E-004)             (-0.49999501437367799,0.0000000000000000)
         615        1500  -198.41637812159058        1.0000000000026608        279.39453499437553       0.99999124938004347        8.7506226181165121E-006  -2.6607605008166502E-012   (3.89184387417447573E-003,1.69689811125233364E-017)  (4.77313620542510920E-004,-3.33790394143804658E-004)             (-0.49999322045997963,0.0000000000000000)
         616        1500  -196.94662717254283        1.0000000000026656        292.73660860054667       0.99998866150938071        1.1338493283530658E-005  -2.6656454821250009E-012  (4.45430494523100726E-003,-4.62499395605461537E-018)  (4.08001828075243804E-004,-3.81618448347188874E-004)             (-0.49999138112048375,0.0000000000000000)
         617        1500  -195.47687622349508        1.0000000000026614        302.21786101938568       0.99998626839062066        1.3731612040919882E-005  -2.6614266346314253E-012  (4.91821778396089610E-003,-1.45242722051493986E-017)  (3.21845322052233534E-004,-4.20977284516631071E-004)             (-0.49998968147128220,0.0000000000000000)
         618        1500  -194.00712527444733        1.0000000000026665        307.57274209789585       0.99998433683485455        1.5663167810096028E-005  -2.6665336605447010E-012   (5.26319691486190275E-003,7.23923860196913845E-019)  (2.20448457190966523E-004,-4.50138536378420404E-004)             (-0.49998831125775567,0.0000000000000000)
         619        1500  -192.53737432539958        1.0000000000026648        308.65127269423573       0.99998310761722342        1.6892385441853192E-005  -2.6647573037053007E-012  (5.47126609188001815E-003,-8.16101750140316002E-018)  (1.06011339113714687E-004,-4.67582536345278218E-004)             (-0.49998744152760727,0.0000000000000000)
         620        1500  -191.06762337635183        1.0000000000026574        305.42324558815955       0.99998276164597411        1.7238356684081247E-005  -2.6574298317427747E-012  (5.52759785968492869E-003,-1.46439606169176176E-021) (-1.87004078571732874E-005,-4.72059063092486030E-004)             (-0.49998720062403490,0.0000000000000000)
         621        1500  -189.59787242730408        1.0000000000026603        297.97907094031257       0.99998338936928910        1.6610633371991067E-005  -2.6603164116068001E-012  (5.42119865938843568E-003,-7.80213569333240505E-018) (-1.50411702239817600E-004,-4.62643224522990202E-004)             (-0.49998765251311417,0.0000000000000000)
         622        1500  -188.12812147825633        1.0000000000026619        286.52724469285960       0.99998496784560797        1.5032157053099766E-005  -2.6618707238412753E-012  (5.14550620412057829E-003,-3.48432694662617086E-019) (-2.85419712126576809E-004,-4.38784269267865660E-004)             (-0.49998878055963958,0.0000000000000000)
         623        1500  -186.65837052920858        1.0000000000026663        271.38850875059472       0.99998734945662227        1.2650546045472414E-005  -2.6663116159397759E-012   (4.69886746839881866E-003,3.08305878079777858E-022) (-4.19698891711696974E-004,-4.00345240366881323E-004)             (-0.49999047954616649,0.0000000000000000)
         624        1500  -185.18861958016083        1.0000000000026741        252.98686772651078       0.99999026516699974        9.7348356727370561E-006  -2.6740831771121520E-012   (4.08486995518394028E-003,4.62509427119985900E-018) (-5.49025099648857277E-004,-3.47631591891657424E-004)             (-0.49999255797935721,0.0000000000000000)
         625        1500  -183.71886863111308        1.0000000000026763        231.83771338904893       0.99999334361470482        6.6563879710648175E-006  -2.6763036231614024E-012  (3.31250565641402457E-003,-1.54154947439268769E-018) (-6.69112799899898299E-004,-2.81407168205521625E-004)             (-0.49999475160277257,0.0000000000000000)
         626        1500  -182.24911768206533        1.0000000000026732        208.53338972898641       0.99999614533310410        3.8546695713869632E-006  -2.6731949986924519E-012  (2.39615605694375134E-003,-3.22062700839840920E-018) (-7.75757776791656138E-004,-2.02896297343295267E-004)             (-0.49999674765748636,0.0000000000000000)
         627        1500  -180.77936673301758        1.0000000000026799        183.72660249246232       0.99999820933136907        1.7906713097172398E-006  -2.6798563368402029E-012  (1.35539717070530270E-003,-6.36593696744130669E-018) (-8.64976772788683462E-004,-1.13771191122020302E-004)             (-0.49999821797789556,0.0000000000000000)
         628        1500  -179.30961578396983        1.0000000000026878        158.11213830177385       0.99999910740710019        8.9259558543823336E-007  -2.6878499426175040E-012  (2.14634665590739078E-004,-3.08431719603183028E-022) (-9.33135814046549003E-004,-1.61243805590756024E-005)             (-0.49999885768626112,0.0000000000000000)
         629        1500  -177.83986483492208        1.0000000000026854        132.40740519846952       0.99999850022621983        1.4997764668903392E-006  -2.6854074519633286E-012 (-9.97411785903207443E-004,-1.56046793623818452E-017)  (-9.77061565958873505E-004,8.75734922827249568E-005)             (-0.49999842525472599,0.0000000000000000)
         630        1500  -176.37011388587433        1.0000000000026901        107.33233943660828       0.99999618856531081        3.8114373812941292E-006  -2.6900703886667543E-012  (-2.24835171920636200E-003,7.98342683906107180E-018)  (-9.94134877711711287E-004,1.94529645293653724E-004)             (-0.49999677918078733,0.0000000000000000)
         631        1500  -174.90036293682658        1.0000000000026901        83.589241567896551       0.99999215320122958        7.8468014625719518E-006  -2.6900703886667543E-012 (-3.50287445287414097E-003,-4.62221591312968478E-018)  (-9.82371287864160139E-004,3.01697588010788357E-004)             (-0.49999390652690456,0.0000000000000000)
         632        1500  -173.43061198777883        1.0000000000026921        61.843106540631695       0.99998657765605337        1.3422346637775751E-005  -2.6920687901110796E-012 (-4.72359621768897193E-003,-1.70465364643366593E-017)  (-9.40497006270098689E-004,4.05856483622270498E-004)             (-0.49998993908020117,0.0000000000000000)
         633        1500  -171.96086103873108        1.0000000000026863        42.702998545725265       0.99997984924481365        2.0150757873429919E-005  -2.6862956303830288E-012 (-5.87200447307581128E-003,-7.79685303469012318E-018)  (-8.68028100039208760E-004,5.03699828824698357E-004)             (-0.49998515383352043,0.0000000000000000)
         634        1500  -170.49111008968333        1.0000000000026923        26.704992180251658       0.99997253560734989        2.7464395340726837E-005  -2.6922908347160046E-012  (-6.90950674193415142E-003,6.71883794588910768E-018)  (-7.65354375929760185E-004,5.91931753863072195E-004)             (-0.49997995583917604,0.0000000000000000)
         635        1500  -169.02135914063558        1.0000000000026914        14.297158544165583       0.99996533622038897        3.4663782302969525E-005  -2.6914026562963045E-012 (-7.79858710933968580E-003,-4.58317623317160167E-018)  (-6.33819706526728274E-004,6.67368979866433108E-004)             (-0.49997484324344249,0.0000000000000000)
         636        1500  -167.55160819158783        1.0000000000026952        5.8270153004247742       0.99995901134499943        4.0988657696134060E-005  -2.6951774145800300E-012  (-8.50405663194096599E-003,2.50384905702787033E-017)  (-4.75781740866895275E-004,7.27045928371309789E-004)             (-0.49997035645200011,0.0000000000000000)
         637        1500  -166.08185724254008        1.0000000000027012        1.5317936038945059       0.99995429429113236        4.5705711566159453E-005  -2.7011726189130059E-012  (-8.99435879535606143E-003,2.04814368604520905E-019)  (-2.94630923402683246E-004,7.68319737368824041E-004)             (-0.49996701575139169,0.0000000000000000)
         638        1500  -164.61210629349233        1.0000000000027007        1.5317935719815936       0.99995179624159369        4.8203761108079630E-005  -2.7007285297031558E-012  (-9.24286728686399967E-003,1.55161162201276251E-017)  (-9.47538540912043150E-005,7.88971258069134495E-004)             (-0.49996525397252783,0.0000000000000000)
         639        1500  -163.14235534444458        1.0000000000027056        5.8270154418567239       0.99995191539498485        4.8084607721241205E-005  -2.7056135110115065E-012  (-9.22910033513997877E-003,6.16557006463491234E-022)   (1.18562983999124567E-004,7.87297812600114429E-004)             (-0.49996535244365070,0.0000000000000000)
         640        1500  -161.67260439539683        1.0000000000027072        14.297158786445509       0.99995476315884901        4.5236843856809379E-005  -2.7071678232459817E-012  (-8.93977770239283778E-003,2.66493959943081112E-019)   (3.39282326653254245E-004,7.62193767080088995E-004)             (-0.49996738909352223,0.0000000000000000)
         641        1500  -160.20285344634908        1.0000000000027052        26.704992465480807       0.99996011921271499        3.9880789991141064E-005  -2.7051694218016564E-012 (-8.36965873091589062E-003,-5.21351467615835310E-018)   (5.60806788566790924E-004,7.13215683828082709E-004)             (-0.49997120689831426,0.0000000000000000)
         642        1500  -158.73310249730133        1.0000000000027021        42.702998836813684       0.99996742453254284        3.2575470161529208E-005  -2.7020607973327060E-012  (-7.52211323578985940E-003,1.68808305448626107E-017)   (7.76202702654314432E-004,6.40629541977423642E-004)             (-0.49997640895509560,0.0000000000000000)
         643        1500  -157.26335154825358        1.0000000000027056        61.843107024536245       0.99997581719903939        2.4182803669636801E-005  -2.7056135110115065E-012 (-6.40938529073708900E-003,-7.25129611308412627E-019)   (9.78453033690879735E-004,5.45437852296119926E-004)             (-0.49998238352107444,0.0000000000000000)
         644        1500  -155.79360059920583        1.0000000000027092        83.589242157513340       0.99998421034251161        1.5789660196563411E-005  -2.7091662246903070E-012  (-5.05251710788888302E-003,8.89495737319900697E-020)   (1.16073194224486234E-003,4.29384446465079690E-004)             (-0.49998835865170033,0.0000000000000000)
         645        1500  -154.32384965015808        1.0000000000027125        107.33234011809087       0.99999140546518439        8.5945375266349050E-006  -2.7124968937641825E-012  (-3.48091903706700947E-003,1.16945847410432797E-017)   (1.31667922945508738E-003,2.94934842471538988E-004)             (-0.49999348197315602,0.0000000000000000)
         646        1500  -152.85409870111033        1.0000000000027065        132.40740602599161       0.99999622869219140        3.7713105175127244E-006  -2.7065016894312066E-012  (-1.73161199986676608E-003,7.15773759085523461E-018)   (1.44063575485057116E-003,1.45231086369305702E-004)             (-0.49999691725230044,0.0000000000000000)
         647        1500  -151.38434775206258        1.0000000000027105        158.11213930439763       0.99999767372280846        2.3262799011850630E-006  -2.7104984923198572E-012   (1.51776726811384113E-004,7.89119515568898985E-018)  (1.52779765131445182E-003,-1.59779667499389552E-005)             (-0.49999794664147190,0.0000000000000000)
         648        1500  -149.91459680301483        1.0000000000027063        183.72660363350818       0.99999503453898320        4.9654637219617290E-006  -2.7062796448262816E-012  (2.12014187881355261E-003,-1.36253328891675743E-019)  (1.57427024327308094E-003,-1.84427579198980066E-004)             (-0.49999606651503448,0.0000000000000000)
         649        1500  -148.44484585396708        1.0000000000027067        208.53339101697478       0.99998801313050745        1.1986872200152830E-005  -2.7067237340361316E-012  (4.12003475165778534E-003,-7.79654352208426699E-018)  (1.57704748287768601E-003,-3.55444483554680679E-004)             (-0.49999106575418895,0.0000000000000000)
         650        1500  -146.97509490491933        1.0000000000027027        231.83771473728109       0.99997679093909730        2.3209063608106223E-005  -2.7027269311474811E-012  (6.09475089839585111E-003,-2.33628273346044103E-018)  (1.53398625279460793E-003,-5.24066332478856302E-004)             (-0.49998307739749848,0.0000000000000000)
         651        1500  -145.50534395587158        1.0000000000027156        252.98686902066171       0.99996205531727200        3.7944685443709070E-005  -2.7156055182331329E-012  (7.98542179109060744E-003,-6.61834148684703730E-018)  (1.44385788975590892E-003,-6.85171014445234766E-004)             (-0.49997259665580585,0.0000000000000000)
         652        1500  -144.03559300682383        1.0000000000027216        271.38850998952023       0.99994497336326738        5.5026639453426534E-005  -2.7216007225661087E-012   (9.73225147051036410E-003,2.13291145140675083E-018)  (1.30652566327720313E-003,-8.33615996522884075E-004)             (-0.49996045992427857,0.0000000000000000)
         653        1500  -142.56584205777608        1.0000000000027260        286.52724571914820       0.99992710677554875        7.2893227177845907E-005  -2.7260416146646094E-012  (1.12760587342623873E-002,-6.43539471206035984E-018)  (1.12322631954207526E-003,-9.64388810975458496E-004)             (-0.49994778135242274,0.0000000000000000)
         654        1500  -141.09609110872833        1.0000000000027347        297.97907152446817       0.99991026598712529        8.9734015606316727E-005  -2.7347013542566856E-012  (1.25602067053135740E-002,-8.06241935491550633E-019)  (8.96860185999439675E-004,-1.07276817191622777E-003)             (-0.49993584723289980,0.0000000000000000)
         655        1500  -139.62634015968058        1.0000000000027505        305.42324555148275       0.99989631152651826        1.0368847623337309E-004  -2.7504665212063628E-012  (1.35328494316647330E-002,-8.98088377620689715E-018)  (6.32161025744106399E-004,-1.15449111844194256E-003)             (-0.49992597479349188,0.0000000000000000)
         656        1500  -138.15658921063283        1.0000000000027505        308.65127228571441       0.99988692326890183        1.1307673385024130E-004  -2.7504665212063628E-012   (1.41492733043464738E-002,8.58908362870280360E-019)  (3.35652608845965321E-004,-1.20591672097646171E-003)             (-0.49991934987941050,0.0000000000000000)
         657        1500  -136.68683826158508        1.0000000000027518        307.57274110120289       0.99988336860285487        1.1663139989657264E-004  -2.7517987888359130E-012   (1.43740475467537803E-002,2.72455420726857777E-018)  (1.53946614674579308E-005,-1.22417411171561307E-003)             (-0.49991686459743750,0.0000000000000000)
         658        1500  -135.21708731253733        1.0000000000027527        302.21785952080251       0.99988630351990904        1.1369648284441989E-004  -2.7526869672556131E-012  (1.41827686416462796E-002,-5.44177963782956454E-019) (-3.19378371740761536E-004,-1.20728447918035412E-003)             (-0.49991897825129428,0.0000000000000000)
         659        1500  -133.74733636348958        1.0000000000027569        292.73660655847766       0.99989563575918627        1.0436424357037789E-004  -2.7569058147491887E-012  (1.35633457010039780E-002,-1.45031925401928496E-018) (-6.58592146771692834E-004,-1.15425320167446082E-003)             (-0.49992562204119045,0.0000000000000000)
         660        1500  -132.27758541444183        1.0000000000027620        279.39453266036679       0.99991047080762274        8.9529195137629338E-005  -2.7620128406624644E-012  (1.25169043811002578E-002,-5.79718464844046817E-018) (-9.91587426356878776E-004,-1.06513550147638064E-003)             (-0.49993616216420284,0.0000000000000000)
         661        1500  -130.80783446539408        1.0000000000027689        262.56532154771975       0.99992915421077055        7.0845791998282390E-005  -2.7688962234151404E-012   (1.10583656279856658E-002,4.62498746788578569E-018) (-1.30738418084041684E-003,-9.41080740148507217E-004)             (-0.49994943003266928,0.0000000000000000)
         662        1500  -129.33808351634633        1.0000000000027749        242.72032467798300       0.99994941629643386        5.0583706340617919E-005  -2.7748914277481163E-012  (9.21657946269114660E-003,-1.18634854597869574E-017) (-1.59512228033731481E-003,-7.84353724850967229E-004)             (-0.49996382268145878,0.0000000000000000)
         663        1500  -127.86833256729857        1.0000000000027851        220.41535917302235       0.99996861242352220        3.1387579258697388E-005  -2.7851054795746677E-012   (7.03372247790693197E-003,4.80989985379848416E-018) (-1.84475376313289908E-003,-5.98320878729427280E-004)             (-0.49997746835782286,0.0000000000000000)
         664        1500  -126.39858161825067        1.0000000000027851        196.27514074586958       0.99998403109202283        1.5968910760813860E-005  -2.7851054795746677E-012  (4.56371940590625386E-003,-1.26071232257036491E-018) (-2.04782588531376031E-003,-3.87385401067239497E-004)             (-0.49998844001874870,0.0000000000000000)
         665        1500  -124.92883066920278        1.0000000000027800        170.97578677476608       0.99999322202602148        6.7779767585512693E-006  -2.7799984536613920E-012  (1.86980163908432705E-003,-3.85527657442997370E-018) (-2.19799624135570649E-003,-1.56865779802773173E-004)             (-0.49999498681819460,0.0000000000000000)
         666        1500  -123.45907972015489        1.0000000000027822        145.22587982952624       0.99999429138912022        5.7086136618251390E-006  -2.7822188997106423E-012 (-9.78218066309735580E-004,-1.36428422054392274E-018)  (-2.29096107932780626E-003,8.71685273028747207E-005)             (-0.49999574889705722,0.0000000000000000)
         667        1500  -121.98932877110700        1.0000000000027907        119.74662128646533       0.99998612857383895        1.3871428950023979E-005  -2.7906565946977935E-012 (-3.90614696831860248E-003,-3.30728457688198398E-018)  (-2.32378825976668583E-003,3.38076351569108115E-004)             (-0.49998992877164794,0.0000000000000000)
         668        1500  -120.51957782205911        1.0000000000027987        95.251632245986897       0.99996855745628288        3.1442546515042939E-005  -2.7986502004750946E-012 (-6.83653533503521694E-003,-7.89402765450686023E-018)  (-2.29403614242002733E-003,5.88814291809204300E-004)             (-0.49997740816911074,0.0000000000000000)
         669        1500  -119.04982687301121        1.0000000000027955        72.426966606893757       0.99994242179354464        5.7578209251863785E-005  -2.7955415760061442E-012 (-9.68882321039631414E-003,-2.79341152381770214E-021)  (-2.19923562563185048E-003,8.32090417327089400E-004)             (-0.49995880988219749,0.0000000000000000)
         670        1500  -117.58007592396332        1.0000000000027975        51.911896035797696       0.99990960455996181        9.0395442836254568E-005  -2.7975399774504695E-012  (-1.23793044306584315E-002,1.05096220565775910E-017)  (-2.03716808737331714E-003,1.06051724408623058E-003)             (-0.49993550156770106,0.0000000000000000)
         671        1500  -116.11032497491543        1.0000000000028035        34.281005020413247       0.99987295304254975        1.2704696025511481E-004  -2.8035351817834453E-012 (-1.48220099645707468E-002,-2.31260195245757818E-018)  (-1.80695756940800977E-003,1.26678925839751773E-003)             (-0.49990952648562753,0.0000000000000000)
         672        1500  -114.64057402586754        1.0000000000028100        20.028098298440710       0.99983606449864815        1.6393550416234721E-004  -2.8099744753262712E-012  (-1.69313208512973795E-002,6.45821123017290669E-018)  (-1.51052648384234563E-003,1.44390493248647798E-003)             (-0.49988343964411458,0.0000000000000000)
         673        1500  -113.17082307681964        1.0000000000028140        9.5523701300142694       0.99980290861773669        1.9709138507648739E-004  -2.8139712782149218E-012 (-1.86263184407982618E-002,-9.05066647793233411E-020)  (-1.15367856337444084E-003,1.58543463693736932E-003)             (-0.49986004047766908,0.0000000000000000)
         674        1500  -111.70107212777175        1.0000000000028280        3.1472238441902425       0.99977732284999377        2.2267715283357271E-004  -2.8279600883251987E-012  (-1.98359345915317294E-002,9.14663450022728095E-018)  (-7.46153635792848541E-004,1.68580952533489096E-003)             (-0.49984202567341157,0.0000000000000000)
         675        1500  -110.23132117872386        1.0000000000028282       0.99205462587208315       0.99976247873574087        2.3752126708787230E-004  -2.8281821329301238E-012 (-2.05034061840324508E-002,-4.77787916812962309E-020)  (-3.00504032987612636E-004,1.74058235499641840E-003)             (-0.49983162124774544,0.0000000000000000)
         676        1500  -108.76157022967597        1.0000000000028273        3.1472242844428067       0.99976043297557071        2.3956702725396939E-004  -2.8272939545104236E-012 (-2.05888229169590570E-002,-7.62159209278612821E-018)   (1.69610092137574369E-004,1.74660677174861656E-003)             (-0.49983026631959654,0.0000000000000000)
         677        1500  -107.29181928062808        1.0000000000028211        9.5523710531221031       0.99977182988032076        2.2817012250164637E-004  -2.8210767055725228E-012 (-2.00697091516474670E-002,-7.79134559535710065E-018)   (6.50597699413545897E-004,1.70211295750176883E-003)             (-0.49983839933827057,0.0000000000000000)
         678        1500  -105.82206833158018        1.0000000000028257        20.028099573742466       0.99979575439839263        2.0424560443134071E-004  -2.8257396422759484E-012  (-1.89409255420936902E-002,3.44718085265742686E-018)   (1.12874928431044874E-003,1.60671718418646634E-003)             (-0.49985535732519515,0.0000000000000000)
         679        1500  -104.35231738253229        1.0000000000028204        34.281006642481373       0.99982971558674960        1.7028441607179690E-004  -2.8204105717577477E-012 (-1.72155795396612375E-002,-1.06163729699256264E-017)   (1.58898911853903586E-003,1.46144645080530620E-003)             (-0.49987937736559734,0.0000000000000000)
         680        1500  -102.88256643348440        1.0000000000028240        51.911898047451594       0.99986978800108040        1.3021200174387405E-004  -2.8239632854365482E-012  (-1.49273931893566005E-002,4.62495861993104562E-018)   (2.01411165466690864E-003,1.26883298252356501E-003)             (-0.49990770724665484,0.0000000000000000)
         681        1500  -101.41281548443651        1.0000000000028233        72.426969267364100       0.99991098398700118        8.9016015821620614E-005  -2.8232971516217731E-012  (-1.21327672013488864E-002,1.82299118354270729E-017)   (2.38614608563002565E-003,1.03303436702935673E-003)             (-0.49993685962722118,0.0000000000000000)
         682        1500  -99.943064535388615        1.0000000000028255        95.251635480122886       0.99994788076108021        5.2119241743990372E-005  -2.8255175976710234E-012 (-8.90954313703003209E-003,-4.47661466453687679E-022)   (2.68992155558797760E-003,7.59844239279132828E-004)             (-0.49996302542439158,0.0000000000000000)
         683        1500  -98.473313586340723        1.0000000000028202        119.74662515539012       0.99997538373500683        2.4616267813627641E-005  -2.8201885271528226E-012 (-5.35082027264301846E-003,-7.89689841998517731E-018)   (2.91673458769659086E-003,4.56479534889054738E-004)             (-0.49998258401495299,0.0000000000000000)
         684        1500  -97.003562637292831        1.0000000000028204        145.22588448316631       0.99998939699415546        1.0603008666006330E-005  -2.8204105717577477E-012 (-1.55560757889363016E-003,-4.62457341339600459E-020)   (3.06526863798266356E-003,1.31173655886825184E-004)             (-0.49999257590239121,0.0000000000000000)
         685        1500  -95.533811688244938        1.0000000000028260        170.97579223413192       0.99998722177601584        1.2778226811025814E-005  -2.8259616868808735E-012  (2.37909263991821236E-003,-1.36431130344296594E-018)  (3.13859195010269317E-003,-2.07251379640657031E-004)             (-0.49999102078887764,0.0000000000000000)
         686        1500  -94.064060739197046        1.0000000000028284        196.27514688995879       0.99996769512599359        3.2304876833627733E-005  -2.8284041775350488E-012   (6.36052131173923171E-003,3.16552962160771352E-019)  (3.13893346047450878E-003,-5.49656258379057770E-004)             (-0.49997707011208936,0.0000000000000000)
         687        1500  -92.594309790149154        1.0000000000028313        220.41536591414757       0.99993124518794807        6.8754814882834373E-005  -2.8312907573990742E-012  (1.02959892877348778E-002,-6.53651355566223289E-018)  (3.06360852480426710E-003,-8.86662168720036290E-004)             (-0.49995108000540001,0.0000000000000000)
         688        1500  -91.124558841101262        1.0000000000028395        242.72033151164459       0.99988002055301195        1.1997944982348400E-004  -2.8395064077813004E-012  (1.40856839859541134E-002,-3.26932694089078942E-018)  (2.90469173296676198E-003,-1.20865017294838925E-003)             (-0.49991468388163146,0.0000000000000000)
         689        1500  -89.654807892053370        1.0000000000028335        262.56532816157983       0.99981805618469677        1.8194381813701067E-004  -2.8335112034483245E-012   (1.76177766427215096E-002,1.75462486385028294E-019)  (2.65270275756066118E-003,-1.50583833909244879E-003)             (-0.49987084135710391,0.0000000000000000)
         690        1500  -88.185056943005478        1.0000000000028375        279.39453851876402       0.99975123303330071        2.4876696953890878E-004  -2.8375080063369751E-012  (2.07700108893582522E-002,-3.89828387251496592E-018)  (2.30244504675033643E-003,-1.76852884909245380E-003)             (-0.49982373909060751,0.0000000000000000)
         691        1500  -86.715305993957585        1.0000000000028437        292.73661133590741       0.99968676168750159        3.1323831534181177E-004  -2.8437252552748760E-012   (2.34187486840408375E-002,9.42740107970740787E-018)  (1.85815358084865322E-003,-1.98753482243870612E-003)             (-0.49977841319111055,0.0000000000000000)
         692        1500  -85.245555044909693        1.0000000000028448        302.21786243342143       0.99963214213752893        3.6785786531624951E-004  -2.8448354782995011E-012  (2.54527162886206797E-002,-1.22144627739505582E-018)  (1.33521546456649254E-003,-2.15473772831127749E-003)             (-0.49974007471749826,0.0000000000000000)
         693        1500  -83.775804095861801        1.0000000000028446        307.57274183188161       0.99959389860194103        4.0610140090387121E-004  -2.8446134336945761E-012   (2.67858095757348216E-002,3.90267359445714233E-018)  (7.56904528736984834E-004,-2.26365982858165197E-003)             (-0.49971329155090316,0.0000000000000000)
         694        1500  -82.306053146813909        1.0000000000028491        308.65127065401020       0.99957658607160671        4.2341393124278572E-004  -2.8490543257930767E-012  (2.73628439793411823E-002,-7.98466470882030850E-018)  (1.47105602113617884E-004,-2.30985481563324678E-003)             (-0.49970129554422715,0.0000000000000000)
         695        1500  -80.836302197766017        1.0000000000028451        305.42324189334460       0.99958238706229130        4.1761294055521687E-004  -2.8450575229044262E-012   (2.71555484771735453E-002,3.90142859822418886E-018) (-4.76713886794599641E-004,-2.29091928554361543E-003)             (-0.49970562777610694,0.0000000000000000)
         696        1500  -79.366551248718125        1.0000000000028553        297.97906584140947       0.99961114972070508        3.8885028214859100E-004  -2.8552715747309776E-012   (2.61528821364745215E-002,9.15971873648211224E-018) (-1.10453676273779993E-003,-2.20612867728575517E-003)             (-0.49972610424447439,0.0000000000000000)
         697        1500  -77.896800299670232        1.0000000000028519        286.52723854483065       0.99966040352333596        3.3959647951426896E-004  -2.8519409056571021E-012  (2.43555501241847008E-002,-1.27222984339012601E-018) (-1.72637260580044789E-003,-2.05604477616101776E-003)             (-0.49976086808007586,0.0000000000000000)
         698        1500  -76.427049350622340        1.0000000000028528        271.38850169425456       0.99972512894019894        2.7487106265440623E-004  -2.8528290840768022E-012  (2.17831010284643654E-002,-1.59557852117225469E-017) (-2.32144697690865598E-003,-1.84259698659383739E-003)             (-0.49980634783801647,0.0000000000000000)
         699        1500  -74.957298401574448        1.0000000000028635        252.98686027822561       0.99979768315577133        2.0231684708802347E-004  -2.8634872251132037E-012  (1.84912674780056234E-002,-4.82904416416194029E-019) (-2.85465732050715600E-003,-1.56978668077832097E-003)             (-0.49985727412349013,0.0000000000000000)
         700        1500  -73.487547452526556        1.0000000000028664        231.83770587072672       0.99986856902977916        1.3143097308545334E-004  -2.8663738049772292E-012   (1.45847831687675473E-002,7.79133255705280711E-018) (-3.28727450183227080E-003,-1.24446577698277060E-003)             (-0.49990714588044177,0.0000000000000000)
         701        1500  -72.017796503478664        1.0000000000028653        208.53338278588168       0.99992817877989104        7.1821222975646670E-005  -2.8652635819526040E-012   (1.02095386157968517E-002,2.72875248111938755E-019) (-3.59633187277527211E-003,-8.76303883146410429E-004)             (-0.49994929529628618,0.0000000000000000)
         702        1500  -70.548045554430772        1.0000000000028597        183.72659622873769       0.99996870281249284        3.1297190367419110E-005  -2.8597124668294782E-012   (5.52263762987544038E-003,1.43327538031068129E-017) (-3.78692677064038693E-003,-4.76630725388249002E-004)             (-0.49997812846922740,0.0000000000000000)
         703        1500  -69.078294605382879        1.0000000000028697        158.11213279418533       0.99998511393038048        1.4886072488924291E-005  -2.8697044740511046E-012  (6.58423573458465062E-004,-1.74354698992395417E-018) (-3.88548475531353245E-003,-5.68849806293967358E-005)             (-0.49998986774644755,0.0000000000000000)
         704        1500  -67.608543656334987        1.0000000000028728        132.40740053769915       0.99997493276910343        2.5067233770892617E-005  -2.8728130985200551E-012 (-4.28569888592117941E-003,-7.80797571289620260E-018)  (-3.91796517136250560E-003,3.72190036016362309E-004)             (-0.49998255854334495,0.0000000000000000)
         705        1500  -66.138792707287095        1.0000000000028795        107.33233554646665       0.99993756266264855        6.2437340230055743E-005  -2.8794744366678060E-012 (-9.23431694803862960E-003,-7.84956696977678134E-018)  (-3.88971547698081180E-003,8.00185141491201592E-004)             (-0.49995577857192752,0.0000000000000000)
         706        1500  -64.669041758239203        1.0000000000028793        83.589238436467340       0.99987423708776424        1.2576291511630936E-004  -2.8792523920628810E-012 (-1.41022375719608694E-002,-7.89181775703711389E-018)  (-3.78110000582704145E-003,1.21614784312272235E-003)             (-0.49991064988882117,0.0000000000000000)
         707        1500  -63.199290809191353        1.0000000000028777        61.843103786511591       0.99978884414117819        2.1115586169985541E-004  -2.8776980798284058E-012 (-1.87682917011704198E-002,-5.88896300933171566E-018)  (-3.55952841134899237E-003,1.60813399311323497E-003)             (-0.49985026811731115,0.0000000000000000)
         708        1500  -61.729539860143532        1.0000000000028779        42.702996258589401       0.99968887407841323        3.1112592446225315E-004  -2.8779201244333308E-012  (-2.30703349607075218E-002,1.30495020030624354E-017)  (-3.19808209087462823E-003,1.96354206315667128E-003)             (-0.49978009486613378,0.0000000000000000)
         709        1500  -60.259788911095711        1.0000000000028764        26.704990329766119       0.99958534815831479        4.1465184456142214E-004  -2.8763658121988556E-012 (-2.68231400030253912E-002,-5.26657339778063341E-018)  (-2.69069489562330120E-003,2.26993741981841276E-003)             (-0.49970773711883443,0.0000000000000000)
         710        1500  -58.790037962047890        1.0000000000028693        14.297157452486301       0.99949109653738444        5.0890346548636441E-004  -2.8692603848412546E-012  (-2.98507522750706723E-002,4.62353408647345221E-018)  (-2.05872042906659995E-003,2.51601586100984103E-003)             (-0.49964186753474343,0.0000000000000000)
         711        1500  -57.320287013000069        1.0000000000028695        5.8270146986918983       0.99941785782934567        5.8214217352487222E-004  -2.8694824294461796E-012 (-3.20202966577385825E-002,-2.09307081580359064E-020)  (-1.34649173325356898E-003,2.69262031312864298E-003)             (-0.49959054136254194,0.0000000000000000)
         712        1500  -55.850536063952248        1.0000000000028733        1.5317933679175173       0.99937369188064018        6.2630812223285601E-004  -2.8732571877299051E-012  (-3.32620974191987426E-002,1.65750033041924276E-018)  (-6.04919028950792379E-004,2.79368888746644789E-003)             (-0.49955959613656464,0.0000000000000000)
         713        1500  -54.380785114904427        1.0000000000028710        1.5317936733055029       0.99936223724242734        6.3776276044361590E-004  -2.8710367416806548E-012 (-3.35631034573593556E-002,-8.06869443676412218E-018)   (1.31998508551955165E-004,2.81662460968239679E-003)             (-0.49955192203382004,0.0000000000000000)
         714        1500  -52.911034165856606        1.0000000000028706        5.8270161827492108       0.99938396013306285        6.1603986980486320E-004  -2.8705926524708048E-012  (-3.29333099191131476E-002,6.82566736884019460E-019)   (8.62877118652773762E-004,2.76146332017448591E-003)             (-0.49956788472508706,0.0000000000000000)
         715        1500  -51.441283216808785        1.0000000000028688        14.297160061998031       0.99943764935752299        5.6235064534728308E-004  -2.8688162956314045E-012  (-3.13674034774055546E-002,9.25294471530595940E-018)   (1.60874955218232181E-003,2.62905441544565707E-003)             (-0.49960620687863971,0.0000000000000000)
         716        1500  -49.971532267760963        1.0000000000028721        26.704994568406057       0.99952003743462980        4.7996256824107053E-004  -2.8721469647052800E-012  (-2.88384433178859485E-002,1.15042183111601795E-018)   (2.37554101509121355E-003,2.41986716982766324E-003)             (-0.49966408393705797,0.0000000000000000)
         717        1500  -48.501781318713142        1.0000000000028748        42.703001451441963       0.99962357612621267        3.7642387666203422E-004  -2.8748114999643803E-012 (-2.53431337564124781E-002,-1.74870723761060992E-019)   (3.11743056411863248E-003,2.13518333240281721E-003)             (-0.49973616799149367,0.0000000000000000)
         718        1500  -47.032030369665321        1.0000000000028730        61.843110155649967       0.99973512925708763        2.6487074578772916E-004  -2.8730351431249801E-012  (-2.09709421285298667E-002,4.96261901521054870E-018)   (3.74128761016559756E-003,1.78039716247332643E-003)             (-0.49981374212477819,0.0000000000000000)
         719        1500  -45.562279420617500        1.0000000000028768        83.589245898649807       0.99983828669447794        1.6171330839831837E-004  -2.8768099014087056E-012  (-1.59325206893278816E-002,8.99106952611411410E-018)   (4.16269284820192705E-003,1.36735997190567276E-003)             (-0.49988588007529994,0.0000000000000000)
         720        1500  -44.092528471569679        1.0000000000028815        107.33234491926726       0.99991849118585074        8.1508817030490741E-005  -2.8814728381121313E-012  (-1.05041800495097142E-002,7.80834819988084272E-018)   (4.37028581837591110E-003,9.12662530724274272E-004)             (-0.49994252347227991,0.0000000000000000)
         721        1500  -42.622777522521858        1.0000000000028837        132.40741182140144       0.99996694619512283        3.3053807760891117E-005  -2.8836932841613816E-012  (-4.91895914571786018E-003,1.27255309163975259E-018)   (4.43667653690405905E-003,4.32639413806865146E-004)             (-0.49997712152319668,0.0000000000000000)
         722        1500  -41.153026573474037        1.0000000000028924        158.11214616826868       0.99998033997659586        1.9660026294533304E-005  -2.8923530237534578E-012  (7.09577783266425433E-004,-7.16807113060633667E-018)  (4.45994785148485628E-003,-6.05038949532650061E-005)             (-0.49998676061183861,0.0000000000000000)
         723        1500  -39.683275624426216        1.0000000000028917        183.72661157004885       0.99995775966392997        4.2240338963188710E-005  -2.8916868899386827E-012  (6.36847130767149387E-003,-1.58746311076968952E-017)  (4.48647306881882427E-003,-5.57937646015324346E-004)             (-0.49997045808468038,0.0000000000000000)
         724        1500  -38.213524675378395        1.0000000000028975        208.53339985135580       0.99989878353694106        1.0121646595801065E-004  -2.8974600496667335E-012  (1.20519525357435774E-002,-6.45274246657205112E-018)  (4.48108545559968829E-003,-1.05022424932240256E-003)             (-0.49992813286120547,0.0000000000000000)
         725        1500  -36.743773726330573        1.0000000000029048        231.83772421484667       0.99980491372776958        1.9508627513145540E-004  -2.9047875216292596E-012  (1.76715296153970858E-002,-9.28488324661180840E-018)  (4.36042967915500380E-003,-1.52438938850188183E-003)             (-0.49986154116920301,0.0000000000000000)
         726        1500  -35.274022777282752        1.0000000000029048        252.98687850058883       0.99968278200302596        3.1721799987863736E-004  -2.9047875216292596E-012  (2.30305240756028644E-002,-1.77265784239262286E-019)  (4.05086861040504075E-003,-1.96447181610981013E-003)             (-0.49977600198088429,0.0000000000000000)
         727        1500  -33.804271828234931        1.0000000000029079        271.38851859593655       0.99954586495269182        4.5413505021437084E-004  -2.9078961460982100E-012  (2.78642875200817569E-002,-5.44703879426162774E-019)  (3.52609090813863239E-003,-2.35416556833004890E-003)             (-0.49968095072954910,0.0000000000000000)
         728        1500  -32.334520879187110        1.0000000000029090        286.52725300887266       0.99941266249314209        5.8733750976760687E-004  -2.9090063691228352E-012  (3.19087849189951603E-002,-7.71369813714613871E-018)  (2.81333865536403591E-003,-2.67898576706117244E-003)             (-0.49958854126889474,0.0000000000000000)
         729        1500  -30.864769930139261        1.0000000000029157        297.97907715200671       0.99930172314087218        6.9827686204112940E-004  -2.9156677072705861E-012   (3.49637523518492865E-002,2.48188278374208752E-018)  (1.98144131276390507E-003,-2.92723758921454701E-003)             (-0.49951088750309203,0.0000000000000000)
         730        1500  -29.395018981091404        1.0000000000029223        305.42324897618607       0.99922605129634723        7.7394870657503936E-004  -2.9223290454183370E-012  (3.69331767055785104E-002,-4.00556067876586641E-018)  (1.11885209191538854E-003,-3.09082281808570379E-003)             (-0.49945712878802978,0.0000000000000000)
         731        1500  -27.925268032043547        1.0000000000029166        308.65127286578576       0.99919041486552929        8.0958513738757650E-004  -2.9165558856902862E-012  (3.78287167232585694E-002,-3.50205961569128660E-020)  (2.98581955753153777E-004,-3.16625893048914355E-003)             (-0.49943167754006706,0.0000000000000000)
         732        1500  -26.455517082995691        1.0000000000029214        307.57273859738012       0.99919364030299995        8.0635969992141399E-004  -2.9214408669986369E-012   (3.77225590202263927E-002,1.16864318975998728E-017) (-4.62797230760795652E-004,-3.15478533934189119E-003)             (-0.49943473070532202,0.0000000000000000)
         733        1500  -24.985766133947834        1.0000000000029288        302.21785408340941       0.99923394247873942        7.6605752418748921E-004  -2.9287683389611630E-012   (3.66596956609838501E-002,3.04328025955102173E-019) (-1.22148796503253115E-003,-3.05977613176416051E-003)             (-0.49946476737187917,0.0000000000000000)
         734        1500  -23.516015184899977        1.0000000000029368        292.73659914967322       0.99931168990571317        6.8831009722354185E-004  -2.9367619447384641E-012  (3.45888329168503664E-002,-1.37637026771567924E-018) (-2.05813187062005645E-003,-2.88235264971322368E-003)             (-0.49952059338032551,0.0000000000000000)
         735        1500  -22.046264235852121        1.0000000000029405        279.39452373193734       0.99942559797478758        5.7440202815463271E-004  -2.9405367030221896E-012  (3.13922396432912143E-002,-4.66090105666151520E-018) (-2.98102040399261152E-003,-2.62011542459230978E-003)             (-0.49960013060789671,0.0000000000000000)
         736        1500  -20.576513286804264        1.0000000000029485        262.56531192623828       0.99956552812506638        4.3447187788079141E-004  -2.9485303087994907E-012  (2.70271734276815202E-002,-2.89533953736819229E-018) (-3.86420144990069639E-003,-2.27200597357045181E-003)             (-0.49969657394747480,0.0000000000000000)
         737        1500  -19.106762337756408        1.0000000000029416        242.72031460736389       0.99971036561928395        2.8963438365858199E-004  -2.9416469260468148E-012   (2.16752909257173845E-002,2.16787742335252228E-018) (-4.50460356337575515E-003,-1.84678119794917791E-003)             (-0.49979651037288630,0.0000000000000000)
         738        1500  -17.637011388708551        1.0000000000029439        220.41534935307021       0.99983546679629431        1.6453320664949997E-004  -2.9438673720960651E-012  (1.57434499949525020E-002,-1.68706933553191752E-017) (-4.78083406948916385E-003,-1.36574109607090878E-003)             (-0.49988375239165700,0.0000000000000000)
         739        1500  -16.167260439660694        1.0000000000029494        196.27513161794738       0.99992373623981656        7.6263763133459350E-005  -2.9494184872191909E-012  (9.67258211831377446E-003,-1.17754420780210075E-018) (-4.76629786310785609E-003,-8.54653673427401006E-004)             (-0.49994626612272774,0.0000000000000000)
         740        1500  -14.697509490612838        1.0000000000029532        170.97577882511425       0.99996987491960765        3.0125083344696850E-005  -2.9531932455029164E-012   (3.70170029580999200E-003,4.71363279841709523E-018) (-4.67697914541737383E-003,-3.31731041835819571E-004)             (-0.49997944288234708,0.0000000000000000)
         741        1500  -13.227758541564981        1.0000000000029561        145.22587303240005       0.99997492720248549        2.5072800471047245E-005  -2.9560798253669418E-012  (-2.20441573394739715E-003,1.16935382966889916E-018)  (-4.68894937703330170E-003,1.96613454065728643E-004)             (-0.49998310329549300,0.0000000000000000)
         742        1500  -11.758007592517124        1.0000000000029612        119.74661552186646       0.99993886375353247        6.1136249427950657E-005  -2.9611868512802175E-012  (-8.20147562856232866E-003,8.48057805992360858E-018)  (-4.80061995964163775E-003,7.27809224319363158E-004)             (-0.49995698113822035,0.0000000000000000)
         743        1500  -10.288256643469268        1.0000000000029603        95.251627596358716       0.99985987115240726        1.4012885055529809E-004  -2.9602986728605174E-012  (-1.43335823616536247E-002,7.71351897505792666E-018)  (-4.85609153458094450E-003,1.25277974909408199E-003)             (-0.49990048406460830,0.0000000000000000)
         744        1500  -8.8185056944214111        1.0000000000029681        72.426963068485179       0.99974033508838922        2.5966491457859650E-004  -2.9680702340328935E-012  (-2.04154260006242372E-002,2.18983301692598155E-018)  (-4.68236842442975622E-003,1.75299027681386963E-003)             (-0.49981647251122890,0.0000000000000000)
         745        1500  -7.3487547453735544        1.0000000000029705        51.911893079353732       0.99959245668066488        4.0754332230649596E-004  -2.9705127246870688E-012 (-2.60914115486653130E-002,-1.68714741835534145E-017)  (-4.20331596223497660E-003,2.20644837636208187E-003)             (-0.49971412424294115,0.0000000000000000)
         746        1500  -5.8790037963256978        1.0000000000029827        34.281002556317603       0.99943780018855655        5.6219981442610434E-004  -2.9827251779579456E-012  (-3.09820900293102802E-002,1.26699912527423270E-018)  (-3.45657460776244933E-003,2.59438316933168194E-003)             (-0.49960773917487389,0.0000000000000000)
         747        1500  -4.4092528472778412        1.0000000000029827        20.028096184088135       0.99930080997894155        6.9919002404162246E-004  -2.9827251779579456E-012 (-3.48062251809107270E-002,-9.33770695176962094E-018)  (-2.54687732182248610E-003,2.90373944691994183E-003)             (-0.49951263013425340,0.0000000000000000)
         748        1500  -2.9395018982299845        1.0000000000029814        9.5523686726455299       0.99920027369210607        7.9972631087916004E-004  -2.9813929103283954E-012  (-3.74346570764028594E-002,2.13251448974155598E-018)  (-1.59739342299240858E-003,3.12588116544647516E-003)             (-0.49944088413169724,0.0000000000000000)
         749        1500  -1.4697509491821279        1.0000000000029865        3.1472235134561415       0.99914359149656662        8.5640850641896711E-004  -2.9864999362416711E-012 (-3.88906028626300471E-002,-1.58052340951618795E-017)  (-7.14930043767755385E-004,3.25641704988408704E-003)             (-0.49939872330795143,0.0000000000000000)
         750        1500  -1.3427131628773736E-010   1.0000000000029963       0.99205501430866527       0.99912768149180253        8.7231851119040432E-004  -2.9962698988583725E-012 (-3.93017359454502363E-002,-1.94959801182219754E-018)   (4.93090252137969232E-005,3.29545781289047705E-003)             (-0.49938647164620670,0.0000000000000000)
         751        1500   1.4697509489135852        1.0000000000029938        3.1472250848834991       0.99914646706632781        8.5353293666809568E-004  -2.9938274082041971E-012  (-3.88044415631463094E-002,7.71106906610029638E-018)   (7.35580476368494132E-004,3.24796353092582455E-003)             (-0.49940130186694043,0.0000000000000000)
         752        1500   2.9395018979614416        1.0000000000029947        9.5523717289206527       0.99919925662302123        8.0074337997262620E-004  -2.9947155866238973E-012  (-3.74174172132643937E-002,4.07420195526162734E-018)   (1.47678066104659877E-003,3.11887400628637875E-003)             (-0.49944148130914301,0.0000000000000000)
         753        1500   4.4092528470092978        1.0000000000029914        20.028100915308446       0.99929122183411456        7.0877816887645066E-004  -2.9913849175500218E-012 (-3.49848442545889135E-002,-9.24715222886092225E-018)   (2.38852007072433209E-003,2.90697976419391699E-003)             (-0.49950787502336763,0.0000000000000000)
         754        1500   5.8790037960571544        1.0000000000029974        34.281008874724598       0.99942340335335045        5.7659664964749657E-004  -2.9973801218829976E-012 (-3.12915381086073460E-002,-1.81208181267695203E-018)   (3.43112254730398424E-003,2.60629870116018628E-003)             (-0.49959968134965771,0.0000000000000000)
         755        1500   7.3487547451050110        1.0000000000029985        51.911900938156222       0.99958160320347189        4.1839679952247408E-004  -2.9984903449076228E-012  (-2.63083386768213495E-002,2.53319519821211910E-018)   (4.36284884161499548E-003,2.21521793710589962E-003)             (-0.49970801498555295,0.0000000000000000)
         756        1500   8.8185056941528668        1.0000000000029994        72.426972681394602       0.99973714444984763        2.6285555315188675E-004  -2.9993785233273229E-012 (-2.03748370372640354E-002,-2.43605814007412840E-018)   (4.89166050830732325E-003,1.74952146652302938E-003)             (-0.49981499339081165,0.0000000000000000)
         757        1500   10.288256643200723        1.0000000000029996        95.251639370339461       0.99986143599881938        1.3856400418266559E-004  -2.9996005679322479E-012 (-1.40957258120799345E-002,-1.24262023929335967E-017)   (4.93017666509360485E-003,1.24039087014102484E-003)             (-0.49990179623352654,0.0000000000000000)
         758        1500   11.758007592248580        1.0000000000030131        119.74662979434903       0.99994049117118466        5.9508831828205695E-005  -3.0131452888326749E-012  (-7.99170953210934926E-003,9.44909127873208529E-020)   (4.68977040716009753E-003,7.18738907197272615E-004)             (-0.49995812927627298,0.0000000000000000)
         759        1500   13.227758541296437        1.0000000000030211        145.22589008038753       0.99997535127618098        2.4648726841568234E-005  -3.0211388946099760E-012  (-2.19371833914906245E-003,1.56653546654890057E-018)   (4.51708941499506193E-003,1.98423923371968439E-004)             (-0.49998341926378381,0.0000000000000000)
         760        1500   14.697509490344293        1.0000000000030245        170.97579875842573       0.99997042612972065        2.9573873303136850E-005  -3.0244695636838514E-012  (3.53599304552636509E-003,-7.71380593878092081E-018)  (4.59332744743923098E-003,-3.23074918376040922E-004)             (-0.49997982133672891,0.0000000000000000)
         761        1500   16.167260439392148        1.0000000000030258        196.27515408178246       0.99992467689371267        7.5323109314155936E-005  -3.0258018313134016E-012  (9.48201485906277099E-003,-9.81530192461876866E-019)  (4.80825239806385168E-003,-8.48063453489428221E-004)             (-0.49994671630991866,0.0000000000000000)
         762        1500   17.637011388440005        1.0000000000030385        220.41537376142907       0.99983510365928607        1.6489634375257582E-004  -3.0384583737941284E-012   (1.56528972321789139E-002,1.84077203592499531E-017)  (4.87925504595537306E-003,-1.36504784334231751E-003)             (-0.49988314455058819,0.0000000000000000)
         763        1500   19.106762337487861        1.0000000000030471        242.72033997299448       0.99970691581688398        2.9308418616059301E-004  -3.0471181133862046E-012   (2.17107553774951931E-002,1.60051577437285115E-018)  (4.59106804836810663E-003,-1.84923154615430929E-003)             (-0.49979405287295742,0.0000000000000000)
         764        1500   20.576513286535718        1.0000000000030513        262.56533664167222       0.99955855492173906        4.4144508131256963E-004  -3.0513369608797802E-012  (2.71543910281911785E-002,-1.69636835753277544E-017)  (3.91628430429708137E-003,-2.27502080233453214E-003)             (-0.49969241430811090,0.0000000000000000)
         765        1500   22.046264235583575        1.0000000000030498        279.39454612061900       0.99941666250739569        5.8333749565390655E-004  -3.0497826486453050E-012   (3.15569318578613131E-002,1.95114085991408736E-018)  (2.98589797657676601E-003,-2.62432153249774706E-003)             (-0.49959515733075804,0.0000000000000000)
         766        1500   23.516015184631431        1.0000000000030482        292.73661774204157       0.99930526241336082        6.9473758968885326E-004  -3.0482283364108298E-012   (3.47049653079249329E-002,5.44557606003967107E-018)  (1.97919041642755176E-003,-2.88844993699814180E-003)             (-0.49951685284231029,0.0000000000000000)
         767        1500   24.985766133679288        1.0000000000030504        302.21786743851862       0.99923664567659820        7.6335432645340722E-004  -3.0504487824600801E-012   (3.66062175289587691E-002,1.44162525131022202E-017)  (1.04917876300691069E-003,-3.06371937580722205E-003)             (-0.49946562533567945,0.0000000000000000)
         768        1500   26.455517082727145        1.0000000000030516        307.57274585030262       0.99920919839473865        7.9080160831299573E-004  -3.0515590054847053E-012   (3.74241192356306526E-002,4.34082751617625431E-021)  (2.76665075142417782E-004,-3.15100516472283099E-003)             (-0.49944252577388376,0.0000000000000000)
         769        1500   27.925268031775001        1.0000000000030600        308.65127339500947       0.99921353063987917        7.8646936318065334E-004  -3.0599967004718565E-012  (3.73661906278647885E-002,-4.25971124572953851E-018) (-3.46387350208741268E-004,-3.15283023485903990E-003)             (-0.49944419891582303,0.0000000000000000)
         770        1500   29.395018980822858        1.0000000000030711        305.42324295372822       0.99924276292570291        7.5723707736679105E-004  -3.0710989307181080E-012  (3.65678533874910158E-002,-7.62663134011079820E-018) (-9.24712563528538455E-004,-3.07621859041951485E-003)             (-0.49946690205611488,0.0000000000000000)
         771        1500   30.864769929870715        1.0000000000030760        297.97906510526980       0.99929947272171760        7.0052728135951863E-004  -3.0759839120264587E-012   (3.49730125448452708E-002,1.26524727954012309E-018) (-1.62967106333250359E-003,-2.92387498540361843E-003)             (-0.49951043951600277,0.0000000000000000)
         772        1500   32.334520878918561        1.0000000000030831        286.52723670962291       0.99939146902183973        6.0853098124225501E-004  -3.0830893393840597E-012   (3.23482847346331648E-002,5.34795165032770700E-018) (-2.54425607450518409E-003,-2.69261082476036527E-003)             (-0.49957711272020622,0.0000000000000000)
         773        1500   33.804271827966382        1.0000000000030906        271.38849948537876       0.99951888170944647        4.8111829364353087E-004  -3.0906388559515108E-012  (2.84674957051511204E-002,-1.45229370032211629E-017) (-3.56357803669495347E-003,-2.37645340875663460E-003)             (-0.49966567772576104,0.0000000000000000)
         774        1500   35.274022777014203        1.0000000000030935        252.98685790914607       0.99966485151237250        3.3514849071978296E-004  -3.0935254358155362E-012   (2.33758149559661864E-002,4.12904702418514008E-020) (-4.38860810940442519E-003,-1.97737020487509215E-003)             (-0.49976569665433812,0.0000000000000000)
         775        1500   36.743773726062024        1.0000000000030993        231.83770364062821       0.99980061658290043        1.9938342019696229E-004  -3.0992985955435870E-012  (1.75175657670156755E-002,-3.89470785184518006E-023) (-4.74466228068938685E-003,-1.51712479231718637E-003)             (-0.49985919405650908,0.0000000000000000)
         776        1500   38.213524675109845        1.0000000000031013        208.53338044992066       0.99990193136894578        9.8068634154128674E-005  -3.1012969969879123E-012  (1.15373338763533270E-002,-1.02336167068639412E-021) (-4.61755775005615737E-003,-1.02837925911083354E-003)             (-0.49993017563539649,0.0000000000000000)
         777        1500   39.683275624157666        1.0000000000031029        183.72659400468464       0.99996072434059924        3.9275662504408293E-005  -3.1028513092223875E-012   (5.90177170209052384E-003,1.26087591642552609E-018) (-4.28353531992697704E-003,-5.39708729541061747E-004)             (-0.49997230919086955,0.0000000000000000)
         778        1500   41.153026573205487        1.0000000000031175        158.11213106750148       0.99998160374362000        1.8396259491684343E-005  -3.1175062531474396E-012   (6.36375838263695550E-004,6.87380516819756179E-020) (-4.09627278976668844E-003,-5.93654264978890939E-005)             (-0.49998755957232954,0.0000000000000000)
         779        1500   42.622777522253308        1.0000000000031046        132.40739909620359       0.99996936347629539        3.0636526809097454E-005  -3.1046276660617877E-012  (-4.56886812826815675E-003,1.17740197684213184E-018)  (-4.18683816899690937E-003,4.17784245438256399E-004)             (-0.49997858997789535,0.0000000000000000)
         780        1500   44.092528471301129        1.0000000000031071        107.33233432253736       0.99992253767320016        7.7462329906349754E-005  -3.1070701567159631E-012 (-1.00025131109844571E-002,-2.97736746495395326E-019)  (-4.39573987187655193E-003,8.94386293829748237E-004)             (-0.49994480047853085,0.0000000000000000)
         781        1500   45.562279420348951        1.0000000000031009        83.589237404518315       0.99983908966881818        1.6091033428373503E-004  -3.1008529077780622E-012 (-1.56267380694330993E-002,-9.07170554143980364E-018)  (-4.41732808463963979E-003,1.35786024682016610E-003)             (-0.49988600893430524,0.0000000000000000)
         782        1500   47.032030369396772        1.0000000000031026        61.843103353900268       0.99972629582572259        2.7370417737839305E-004  -3.1026292646174625E-012 (-2.10542157395357706E-002,-2.40207227277030405E-021)  (-4.05235248166834188E-003,1.78381615345366549E-003)             (-0.49980826792626809,0.0000000000000000)
         783        1500   48.501781318444593        1.0000000000031011        42.702996084066150       0.99960363909767802        3.9636090542267022E-004  -3.1010749523829872E-012 (-2.57641344809069299E-002,-1.26385081785890017E-018)  (-3.30144113763316920E-003,2.14815743690315334E-003)             (-0.49972473216878710,0.0000000000000000)
         784        1500   49.971532267492414        1.0000000000030937        26.704990320819196       0.99949576145482155        5.0423854827516459E-004  -3.0937474804204612E-012  (-2.93545382196910183E-002,2.00300562637407687E-018)  (-2.33370055838929896E-003,2.43503721350109325E-003)             (-0.49965074589782321,0.0000000000000000)
         785        1500   51.441283216540235        1.0000000000030982        14.297157009140907       0.99942129687283598        5.7870313026297106E-004  -3.0981883725189618E-012  (-3.16819300324346145E-002,1.56044270086611295E-017)  (-1.35756900921917803E-003,2.63883278102410111E-003)             (-0.49959753595794809,0.0000000000000000)
         786        1500   52.911034165588056        1.0000000000031046        5.8270142656295603       0.99938570679796090        6.1429320514016193E-004  -3.1046276660617877E-012 (-3.28486857063753565E-002,-7.62197838060295192E-018)  (-5.30645532519474642E-004,2.76049314812708280E-003)             (-0.49956901296799577,0.0000000000000000)
         787        1500   54.380785114635877        1.0000000000031011        1.5317932372055023       0.99938243861682596        6.1756138627737974E-004  -3.1010749523829872E-012 (-3.30920806492917066E-002,-1.44683779979185816E-018)   (1.00866007113814345E-004,2.80445483497192369E-003)             (-0.49956285784725285,0.0000000000000000)
         788        1500   55.850536063683698        1.0000000000031111        1.5317940514811883       0.99940090837668616        5.9909162642596216E-004  -3.1110669596046137E-012  (-3.26429004958396496E-002,2.09572404378272738E-021)   (5.85730727007370772E-004,2.77536185975279202E-003)             (-0.49957432296534166,0.0000000000000000)
         789        1500   57.320287012731519        1.0000000000031093        5.8270163625880613       0.99943549225995132        5.6450774315448902E-004  -3.1092906027652134E-012 (-3.16077367132256842E-002,-4.08072333594795177E-018)   (1.06347631026823628E-003,2.67975230740743250E-003)             (-0.49960013549912397,0.0000000000000000)
         790        1500   58.790037961779340        1.0000000000031057        14.297160033098240       0.99948897103247691        5.1102897062770751E-004  -3.1057378890864129E-012 (-2.98946954444232540E-002,-5.08973039916131382E-018)   (1.67572436558163611E-003,2.51732949160041750E-003)             (-0.49964065822285608,0.0000000000000000)
         791        1500   60.259788910827162        1.0000000000030989        26.704993918756870       0.99956663172497717        4.3336827812284642E-004  -3.0988545063337369E-012  (-2.72939256255902846E-002,8.99447326349271714E-023)   (2.45508782894253647E-003,2.28643659249429211E-003)             (-0.49969718880584840,0.0000000000000000)
         792        1500   61.729539859874983        1.0000000000031053        42.703000906526746       0.99966653209610190        3.3346790700505271E-004  -3.1052937998765628E-012 (-2.36499293206539236E-002,-2.62204669972050334E-018)   (3.27808950554776910E-003,1.98444496616624350E-003)             (-0.49976735153553131,0.0000000000000000)
         793        1500   63.199290808922804        1.0000000000031051        61.843109546693157       0.99977472733154293        2.2527267156153237E-004  -3.1050717552716378E-012 (-1.90589442614755647E-002,-3.97316447107882838E-020)   (3.89964840695228212E-003,1.61820785089933383E-003)             (-0.49984215449193881,0.0000000000000000)
         794        1500   64.669041757970660        1.0000000000031077        83.589245316539490       0.99987090037270554        1.2909963040298224E-004  -3.1077362905307382E-012  (-1.39136625134007770E-002,1.05270274545800938E-017)   (4.13633472747515323E-003,1.20815173337565141E-003)             (-0.49990873784458495,0.0000000000000000)
         795        1500   66.138792707018553        1.0000000000031195        107.33234382393707       0.99993964550764336        6.0354495474320716E-005  -3.1195046545917648E-012 (-8.71946327532829163E-003,-2.65685347926444258E-018)   (4.00766331954664420E-003,7.80088246997064907E-004)             (-0.49995698987697229,0.0000000000000000)
         796        1500   67.608543656066445        1.0000000000031215        132.40741037301828       0.99997681864732912        2.3181355789038724E-005  -3.1215030560360901E-012 (-3.82452923471616850E-003,-2.50305724347832437E-017)   (3.72438194941117611E-003,3.55309533160172745E-004)             (-0.49998361115021667,0.0000000000000000)
         797        1500   69.078294605114337        1.0000000000031273        158.11214443303263       0.99998618549810792        1.3814505018175604E-005  -3.1272762157641409E-012   (7.43568286353932868E-004,4.26163510055309241E-018)  (3.53566259968433492E-003,-5.88436950453449196E-005)             (-0.49999043227253792,0.0000000000000000)
         798        1500   70.548045554162229        1.0000000000031379        183.72660950375652       0.99997148338865383        2.8516614484856288E-005  -3.1379343568005424E-012   (5.18840417878742299E-003,6.53592277221379393E-018)  (3.52760867375581438E-003,-4.63695154203729346E-004)             (-0.49997967061756404,0.0000000000000000)
         799        1500   72.017796503210121        1.0000000000031395        208.53339741000738       0.99993287990066537        6.7120102473473671E-005  -3.1394886690350177E-012  (9.69659633715659781E-003,-4.58321698912611381E-018)  (3.59336516604228263E-003,-8.58414496631160944E-004)             (-0.49995183826248923,0.0000000000000000)
         800        1500   73.487547452258013        1.0000000000031481        231.83772145869497       0.99987069745871182        1.2930254443716004E-004  -3.1481484086270939E-012  (1.42343053013543833E-002,-1.08875804609287598E-018)  (3.52294615650489357E-003,-1.23363490792944251E-003)             (-0.49990803417063995,0.0000000000000000)
         801        1500   74.957298401305906        1.0000000000031550        252.98687602463360       0.99979134185767315        2.0865814547668635E-004  -3.1550317913797699E-012   (1.85187410842127219E-002,8.89627865279895378E-020)  (3.16813260513421719E-003,-1.57163601941506022E-003)             (-0.49985330163204617,0.0000000000000000)
         802        1500   76.427049350353798        1.0000000000031526        271.38851673275639       0.99970870344982310        2.9129655332626699E-004  -3.1525893007255945E-012   (2.21631611776830321E-002,5.49177916457133522E-018)  (2.52342396449362853E-003,-1.85476900950453326E-003)             (-0.49979693812193116,0.0000000000000000)
         803        1500   77.896800299401690        1.0000000000031586        286.52725178723631       0.99963934242663532        3.6065757652356008E-004  -3.1585845050585704E-012  (2.48591088789216416E-002,-1.44441476682589439E-018)  (1.70729918119328175E-003,-2.07077869939354320E-003)             (-0.49974931684346646,0.0000000000000000)
         804        1500   79.366551248449582        1.0000000000031699        297.97907660776895       0.99959516828325690        4.0483171991255977E-004  -3.1699087799097470E-012   (2.64940205295979662E-002,1.31858157759319711E-017)  (8.89784276859384394E-004,-2.21482916162468128E-003)             (-0.49971773067443231,0.0000000000000000)
         805        1500   80.836302197497474        1.0000000000031757        305.42324955056978       0.99957902939715038        4.2097060602584962E-004  -3.1756819396377978E-012  (2.71565712579683004E-002,-1.18747143752144016E-017)  (1.94825207874590160E-004,-2.28981194915546787E-003)             (-0.49970422012618826,0.0000000000000000)
         806        1500   82.306053146545366        1.0000000000031843        308.65127488621619       0.99958604481929203        4.1395518389199173E-004  -3.1843416792298740E-012  (2.70395434181959528E-002,-2.96691842614908827E-018) (-3.38501190393716042E-004,-2.29938311698213785E-003)             (-0.49970667913082917,0.0000000000000000)
         807        1500   83.775804095593259        1.0000000000031886        307.57274256987768       0.99960874475351513        3.9125524967544885E-004  -3.1885605267234496E-012   (2.63369270094216124E-002,1.10204053696486035E-018) (-7.49952642394257382E-004,-2.25028217227162333E-003)             (-0.49972129935661302,0.0000000000000000)
         808        1500   85.245555044641151        1.0000000000032034        302.21785981734382       0.99964249571128128        3.5750429192140016E-004  -3.2034375152534267E-012  (2.51383502574985818E-002,-9.74763818056499184E-019) (-1.14655871931515626E-003,-2.14623079859144151E-003)             (-0.49974539419283548,0.0000000000000000)
         809        1500   86.715305993689043        1.0000000000032054        292.73660596045596       0.99968688961804075        3.1311038516483803E-004  -3.2054359166977520E-012   (2.34059624927166338E-002,9.33919942129315945E-018) (-1.60751429905107231E-003,-1.98888390628532575E-003)             (-0.49977804825899674,0.0000000000000000)
         810        1500   88.185056942736935        1.0000000000032103        279.39453130455655       0.99974257956754697        2.5742043566424959E-004  -3.2103208980061027E-012  (2.10356248901323525E-002,-1.57819603291650426E-019) (-2.14722981853703509E-003,-1.77860853604168336E-003)             (-0.49981858212507091,0.0000000000000000)
         811        1500   89.654807891784827        1.0000000000032239        262.56531982097039       0.99980681529067950        1.9318471254334597E-004  -3.2238656189065296E-012   (1.79686814891521635E-002,1.10765317343520999E-020) (-2.68380876389045326E-003,-1.51815368981565550E-003)             (-0.49986436050345584,0.0000000000000000)
         812        1500   91.124558840832719        1.0000000000032205        242.72032283214091       0.99987181513639867        1.2818486682144065E-004  -3.2205349498326541E-012   (1.42871575988667617E-002,3.38831196591741840E-019) (-3.08951025097988765E-003,-1.21461643188139150E-003)             (-0.49991001551436587,0.0000000000000000)
         813        1500   92.594309789880612        1.0000000000032223        220.41535735783521       0.99992752928864870        7.2470714573330780E-005  -3.2223113066720543E-012  (1.02308752930394681E-002,-1.71416882012689128E-017) (-3.26713708772833440E-003,-8.83263656776483042E-004)             (-0.49994896829616098,0.0000000000000000)
         814        1500   94.064060738928504        1.0000000000032259        196.27513907956651       0.99996645818064156        3.3541822583791531E-005  -3.2258640203508548E-012   (6.09326231366870072E-003,4.71505234388373634E-018) (-3.22955382312896128E-003,-5.39336334677334309E-004)             (-0.49997633143519671,0.0000000000000000)
         815        1500   95.533811687976396        1.0000000000032270        170.97578534268700       0.99998620167476648        1.3798328459443479E-005  -3.2269742433754800E-012   (2.10436579413036734E-003,7.71982621570868274E-018) (-3.06135468180750289E-003,-1.97897940872149552E-004)             (-0.49999036490931936,0.0000000000000000)
         816        1500   97.003562637024288        1.0000000000032276        145.22587865037423       0.99998832594912390        1.1674054104492315E-005  -3.2276403771902551E-012 (-1.65705789185489893E-003,-1.36498220972689247E-018)  (-2.89238612271876770E-003,1.33699670869272280E-004)             (-0.49999188461810384,0.0000000000000000)
         817        1500   98.473313586072180        1.0000000000032154        119.74662036205886       0.99997536651433516        2.4633488882501362E-005  -3.2154279239193784E-012 (-5.22585905641611767E-003,-2.27806533819483493E-021)  (-2.75975731419418006E-003,4.51608946730617990E-004)             (-0.49998248624022851,0.0000000000000000)
         818        1500   99.943064535120072        1.0000000000032205        95.251631523999734       0.99994921681615456        5.0783187068106941E-005  -3.2205349498326541E-012  (-8.64965682973326509E-003,1.17772908804704940E-018)  (-2.65031411346250845E-003,7.50877974749546108E-004)             (-0.49996363630304574,0.0000000000000000)
         819        1500   101.41281548416796        1.0000000000032159        72.426966081324665       0.99991198256652647        8.8017436685303540E-005  -3.2158720131292284E-012  (-1.19067655860716770E-002,1.79593395789715528E-019)  (-2.47160651408572700E-003,1.02676178893243452E-003)             (-0.49993716095532398,0.0000000000000000)
         820        1500   102.88256643321586        1.0000000000032174        51.911895637289724       0.99986786113002757        1.3213887318821719E-004  -3.2174263253637037E-012 (-1.48623608051012268E-002,-1.83242310095249456E-017)  (-2.16367326214109883E-003,1.26763182403083485E-003)             (-0.49990631040684530,0.0000000000000000)
         821        1500   104.35231738226375        1.0000000000032205        34.281004848906392       0.99982355578782967        1.7644421538792564E-004  -3.2205349498326541E-012 (-1.73366996537295572E-002,-1.24453472706315811E-018)  (-1.70959243799634797E-003,1.46634267097205942E-003)             (-0.49987567585575721,0.0000000000000000)
         822        1500   105.82206833131164        1.0000000000032221        20.028098102294209       0.99978674207940921        2.1325792381254565E-004  -3.2220892620671293E-012  (-1.91606960302573744E-002,7.69964163384988088E-018)  (-1.15535452996428614E-003,1.61311495228210399E-003)             (-0.49985029303459555,0.0000000000000000)
         823        1500   107.29181928035953        1.0000000000032305        9.5523699815327703       0.99976322772740089        2.3677227583169294E-004  -3.2305269570542805E-012  (-2.02614360573594096E-002,3.27528107820497167E-019)  (-5.83573914655211587E-004,1.70721032674170663E-003)             (-0.49983376619765052,0.0000000000000000)
         824        1500   108.76157022940743        1.0000000000032365        3.1472238255758680       0.99975529959732901        2.4470040590857816E-004  -3.2365221613872563E-012 (-2.06523950547000852E-002,-2.44448862937604249E-018)  (-5.13597717234016952E-005,1.74718834739363859E-003)             (-0.49982764764136578,0.0000000000000000)
         825        1500   110.23132117845532        1.0000000000032392       0.99205478312990003       0.99976167127884819        2.3832872439316047E-004  -3.2391866966463567E-012  (-2.04219211966766255E-002,1.45526475252759599E-019)   (3.94641653837596740E-004,1.73723109506786623E-003)             (-0.49983130667466141,0.0000000000000000)
         826        1500   111.70107212750321        1.0000000000032465        3.1472243347681368       0.99977919156037609        2.2080844287016712E-004  -3.2465141686088828E-012 (-1.96718802698540689E-002,-1.16744417707637520E-018)   (7.73374693716438527E-004,1.68067968982204738E-003)             (-0.49984300391137093,0.0000000000000000)
         827        1500   113.17082307655110        1.0000000000032465        9.5523708523425253       0.99980465895477888        1.9534104846694904E-004  -3.2465141686088828E-012  (-1.84785740066901842E-002,2.88882978244846224E-019)   (1.10378461018066816E-003,1.58161282946956664E-003)             (-0.49986078282460861,0.0000000000000000)
         828        1500   114.64057402559899        1.0000000000032456        20.028099300971963       0.99983565556489307        1.6434443835170240E-004  -3.2456259901891826E-012 (-1.68756227182210207E-002,-9.25005070660361409E-018)   (1.42695641619524564E-003,1.44343142103271153E-003)             (-0.49988291385906403,0.0000000000000000)
         829        1500   116.11032497464689        1.0000000000032405        34.281006446386172       0.99987013101610001        1.2986898714194498E-004  -3.2405189642759069E-012 (-1.48709917289271444E-002,-5.84211429525412564E-019)   (1.73731855133053728E-003,1.26931206150365816E-003)             (-0.49990770180080213,0.0000000000000000)
         830        1500   117.58007592369478        1.0000000000032494        51.911897793929562       0.99990550850670490        9.4491496543808756E-005  -3.2494007484729082E-012  (-1.24856285305340441E-002,6.35867125913693799E-018)   (2.02285337667156484E-003,1.06436928871257329E-003)             (-0.49993305520625120,0.0000000000000000)
         831        1500   119.04982687274267        1.0000000000032505        72.426968735901241       0.99993840906281817        6.1590940436066381E-005  -3.2505109714975333E-012  (-9.77972773155604859E-003,8.02078391631813266E-018)   (2.23442664097717745E-003,8.34518883780417035E-004)             (-0.49995648620791322,0.0000000000000000)
         832        1500   120.51957782179056        1.0000000000032505        95.251634743084466       0.99996526220334359        3.4737799907630215E-005  -3.2505109714975333E-012  (-6.86204145478248699E-003,7.89979661358650972E-018)   (2.35498740914556921E-003,5.89142534168709989E-004)             (-0.49997550506598176,0.0000000000000000)
         833        1500   121.98932877083845        1.0000000000032614        119.74662421211019       0.99998339925196300        1.6600751295881607E-005  -3.2613911571388599E-012 (-3.86050283081260624E-003,-7.71375946075307321E-018)   (2.36541277448522672E-003,3.35681344791742520E-004)             (-0.49998833446327123,0.0000000000000000)
         834        1500   123.45907971988635        1.0000000000032621        145.22588330931674       0.99999171752554805        8.2824777141416139E-006  -3.2620572909536349E-012 (-9.02391601553466220E-004,-1.81115357337612452E-019)   (2.29642150909966161E-003,8.50442229122584024E-005)             (-0.49999422339319366,0.0000000000000000)
         835        1500   124.92883066893424        1.0000000000032685        170.97579079358053       0.99999066764775857        9.3323555095233055E-006  -3.2684965844964609E-012   (1.93090011784669306E-003,9.06920667265745492E-018)  (2.17029552287737078E-003,-1.58684051487268198E-004)             (-0.49999347335723221,0.0000000000000000)
         836        1500   126.39858161798213        1.0000000000032709        196.27514521208937       0.99998167690541873        1.8323097852975872E-005  -3.2709390751506362E-012  (4.57689560757782842E-003,-3.90116667595936293E-018)  (2.00773988951365384E-003,-3.86976976737352758E-004)             (-0.49998704639372993,0.0000000000000000)
         837        1500   127.86833256703002        1.0000000000032685        220.41536402642009       0.99996664201579666        3.3357987473189202E-005  -3.2684965844964609E-012  (7.00207152578779298E-003,-9.15584934212212233E-018)  (1.81785524829066380E-003,-5.97200552165392932E-004)             (-0.49997627174390008,0.0000000000000000)
         838        1500   129.33808351607777        1.0000000000032749        242.72032974350475       0.99994774304603207        5.2256957242637643E-005  -3.2749358780392868E-012   (9.16342035815425650E-003,3.41106544875402239E-019)  (1.59134229301201150E-003,-7.82556069124924324E-004)             (-0.49996275665837631,0.0000000000000000)
         839        1500   130.80783446512552        1.0000000000032769        262.56532653853054       0.99992741083449987        7.2589168777966679E-005  -3.2769342794836120E-012  (1.10161201016181851E-002,-9.25028855090429695E-018)  (1.32509571847537586E-003,-9.40498382081255422E-004)             (-0.49994827511071893,0.0000000000000000)
         840        1500   132.27758541417327        1.0000000000032767        279.39453726779902       0.99990830014612697        9.1699857150309298E-005  -3.2767122348786870E-012  (1.25010540737867052E-002,-8.16923115274601263E-019)  (1.01353277394905408E-003,-1.06501180257339667E-003)             (-0.49993476605991904,0.0000000000000000)
         841        1500   133.74733636322102        1.0000000000032716        292.73661054605833       0.99989290173702239        1.0709826625093717E-004  -3.2716052089654113E-012   (1.35757431779379868E-002,2.50356080346194769E-017)  (6.77365371370023468E-004,-1.15508527118452528E-003)             (-0.49992394103903670,0.0000000000000000)
         842        1500   135.21708731226877        1.0000000000032834        302.21786260090664       0.99988318276714439        1.1681723613565979E-004  -3.2833735730264380E-012   (1.42094601354647299E-002,1.17923868567709877E-018)  (3.22653779019596283E-004,-1.20805462734677291E-003)             (-0.49991714446672630,0.0000000000000000)
         843        1500   136.68683826131652        1.0000000000032851        307.57274323818501       0.99988018859333616        1.1981140995021959E-004  -3.2851499298658382E-012  (1.43989740929150265E-002,-1.26244382095252828E-018) (-2.10429057400660879E-005,-1.22469322497922146E-003)             (-0.49991505053242624,0.0000000000000000)
         844        1500   138.15658921036427        1.0000000000032945        308.65127355196455       0.99988395402772079        1.1604597557123486E-004  -3.2944758032726895E-012  (1.41618621289790001E-002,-5.17438643505118774E-018) (-3.47529854364665345E-004,-1.20589551415399522E-003)             (-0.49991767237509999,0.0000000000000000)
         845        1500   139.62634015941202        1.0000000000032929        305.42324597502090       0.99989364597412578        1.0635402916615154E-004  -3.2929214910382143E-012   (1.35316742384600404E-002,6.53648316239522301E-018) (-6.40925320006817899E-004,-1.15429175550818054E-003)             (-0.49992444560545873,0.0000000000000000)
         846        1500   141.09609110845977        1.0000000000032956        297.97907096689005       0.99990784160549684        9.2158397797297063E-005  -3.2955860262973147E-012   (1.25492565250970457E-002,5.26400024965536191E-018) (-9.02323908584172756E-004,-1.07233759138189184E-003)             (-0.49993441768214020,0.0000000000000000)
         847        1500   142.56584205750752        1.0000000000032976        286.52724438576251       0.99992478708605559        7.5212917242938569E-005  -3.2975844277416400E-012   (1.12628340847885696E-002,9.11440410433914488E-020) (-1.12188295736646067E-003,-9.64257485202704885E-004)             (-0.49994637366557892,0.0000000000000000)
         848        1500   144.03559300655527        1.0000000000033014        271.38850829414616       0.99994265350990896        5.7346493392499474E-005  -3.3013591860253655E-012   (9.72064485175351545E-003,1.35917246519216545E-018) (-1.30543921877518008E-003,-8.33511750350127189E-004)             (-0.49995903890469445,0.0000000000000000)
         849        1500   145.50534395560302        1.0000000000033111        252.98686724169090       0.99995967957346465        4.0320429846117393E-005  -3.3111291486420669E-012  (7.97793033863122836E-003,-3.44499778550295978E-018) (-1.43896064146363024E-003,-6.85156329064013909E-004)             (-0.49997114757099498,0.0000000000000000)
         850        1500   146.97509490465077        1.0000000000033178        231.83771291570261       0.99997434831201382        2.5651691301196885E-005  -3.3177904867898178E-012  (6.09212218985855612E-003,-6.57836834669667168E-022) (-1.53177281549804153E-003,-5.24095523154957210E-004)             (-0.49998160091522459,0.0000000000000000)
         851        1500   148.44484585369852        1.0000000000033247        208.53338922685114       0.99998551982384576        1.4480179480165622E-005  -3.3246738695424938E-012   (4.12223334984900946E-003,3.85715602783368177E-018) (-1.57177633501594011E-003,-3.55385433836485345E-004)             (-0.49998957025108426,0.0000000000000000)
         852        1500   149.91459680274627        1.0000000000033291        183.72660202653321       0.99999251511385934        7.4848894690759381E-006  -3.3291147616409944E-012  (2.12718316289803094E-003,-1.35881979329815403E-018) (-1.57297951400094506E-003,-1.84602938585197755E-004)             (-0.49999455823656885,0.0000000000000000)
         853        1500   151.38434775179402        1.0000000000033284        158.11213793308258       0.99999515017574825        4.8498275828176469E-006  -3.3284486278262193E-012   (1.60966002219532328E-004,1.99574278140440398E-018) (-1.52537125471789345E-003,-1.60104763315224508E-005)             (-0.49999643650572800,0.0000000000000000)
         854        1500   152.85409870084177        1.0000000000033329        132.40740490217277       0.99999370080466476        6.2991986676940691E-006  -3.3328895199247199E-012 (-1.72316116466745303E-003,-1.04341730539051633E-017)  (-1.44557158817199189E-003,1.44748616700421758E-004)             (-0.49999540554668420,0.0000000000000000)
         855        1500   154.32384964988952        1.0000000000033322        107.33233916026431       0.99998884824225975        1.1151761072469875E-005  -3.3322233861099448E-012 (-3.47984841159719883E-003,-1.59931531642051474E-019)  (-1.32112371911787571E-003,2.95195966029877886E-004)             (-0.49999195576355060,0.0000000000000000)
         856        1500   155.79360059893727        1.0000000000033316        83.589241388497427       0.99998160209784459        1.8397905488159293E-005  -3.3315572522951697E-012  (-5.05729315003393843E-003,1.36079445270327329E-018)  (-1.16695093112830482E-003,4.29080760878844337E-004)             (-0.49998681310452936,0.0000000000000000)
         857        1500   157.26335154798502        1.0000000000033411        61.843106453412574       0.99997315516017771        2.6844843161660150E-005  -3.3411051703069461E-012 (-6.42172832839443385E-003,-1.15261654140669749E-020)  (-9.81494214086621767E-004,5.46055707375908651E-004)             (-0.49998080489306768,0.0000000000000000)
         858        1500   158.73310249703277        1.0000000000033440        42.702998486920016       0.99996477128995753        3.5228713387975472E-005  -3.3439917501709715E-012  (-7.53323960240286864E-003,7.79659761144432397E-018)  (-7.72996264094764365E-004,6.40739173694142815E-004)             (-0.49997483748586663,0.0000000000000000)
         859        1500   160.20285344608052        1.0000000000033511        26.704992139859137       0.99995755519096952        4.2444812381202574E-005  -3.3510971775285725E-012 (-8.37435432158116846E-003,-4.26026892646204908E-018)  (-5.53212063923025159E-004,7.13633841712211733E-004)             (-0.49996967528365438,0.0000000000000000)
         860        1500   161.67260439512827        1.0000000000033558        14.297158482350067       0.99995234853962855        4.7651463727219339E-005  -3.3557601142319982E-012 (-8.93266200135593366E-003,-2.65808236760208157E-019)  (-3.31023916783805506E-004,7.61851767871698214E-004)             (-0.49996593681299817,0.0000000000000000)
         861        1500   163.14235534417602        1.0000000000033566        5.8270152675691236       0.99994962490435491        5.0375099000308282E-005  -3.3566482926516983E-012 (-9.21391036307552674E-003,-4.62366520703922744E-018)  (-1.13405183633127451E-004,7.87289673894071124E-004)             (-0.49996395701038177,0.0000000000000000)
         862        1500   164.61210629322377        1.0000000000033538        1.5317935667906548       0.99994954531764269        5.0454685710944963E-005  -3.3537617127876729E-012  (-9.22338324453376469E-003,7.80298062376086402E-018)   (9.41117146298655992E-005,7.88205330724688676E-004)             (-0.49996388940885289,0.0000000000000000)
         863        1500   166.08185724227152        1.0000000000033560        1.5317936604593292       0.99995194857486780        4.8051428490436070E-005  -3.3559821588369232E-012  (-8.98236725191505804E-003,7.25952111332231527E-018)   (2.85795787340868050E-004,7.68285761887195213E-004)             (-0.49996559810653057,0.0000000000000000)
         864        1500   167.55160819131927        1.0000000000033702        5.8270154375404415       0.99995650358929744        4.3496414072279779E-005  -3.3701930135521252E-012  (-8.50312207595530119E-003,7.80244650955816749E-018)   (4.67186949703654445E-004,7.26883197838475202E-004)             (-0.49996886336380320,0.0000000000000000)
         865        1500   169.02135914036703        1.0000000000033726        14.297158743067026       0.99996267643737358        3.7323565999549815E-005  -3.3726355042063005E-012  (-7.80986928610501001E-003,8.92659656966769426E-020)   (6.25281335725719786E-004,6.67770324354441999E-004)             (-0.49997327232041067,0.0000000000000000)
         866        1500   170.49111008941478        1.0000000000033704        26.704992391920772       0.99996981143991015        3.0188563462140596E-005  -3.3704150581570502E-012  (-6.92634541824255386E-003,6.35786964790536166E-019)   (7.65187156995325774E-004,5.92320325855701167E-004)             (-0.49997835231100085,0.0000000000000000)
         867        1500   171.96086103846253        1.0000000000033746        42.702998778478225       0.99997716363656841        2.2836366805387065E-005  -3.3746339056506258E-012  (-5.88537796268379185E-003,1.34970022826541345E-018)   (8.73952847826897769E-004,5.04206068124088825E-004)             (-0.49998356715325798,0.0000000000000000)
         868        1500   173.43061198751028        1.0000000000033962        61.843106878547623       0.99998399035639807        1.6009646998900353E-005  -3.3961722323283539E-012 (-4.72479815859817593E-003,-4.66759474034320427E-018)   (9.51825564427234662E-004,4.05811796587511619E-004)             (-0.49998840265327854,0.0000000000000000)
         869        1500   174.90036293655803        1.0000000000034051        83.589241981732599       0.99998965214917712        1.0347854228205459E-005  -3.4050540165253551E-012 (-3.49142821858518075E-003,-1.56963400375317593E-017)   (9.90277245133194470E-004,3.01531623983517210E-004)             (-0.49999241157567281,0.0000000000000000)
         870        1500   176.37011388560578        1.0000000000034159        107.33233989672217       0.99999372600394310        6.2739994719415498E-006  -3.4159342021666816E-012  (-2.22867280439297379E-003,2.31270416271770067E-018)   (9.97979567766954295E-004,1.94011823315600249E-004)             (-0.49999530351243088,0.0000000000000000)
         871        1500   177.83986483465353        1.0000000000034113        132.40740573352386       0.99999603569002071        3.9643133914656499E-006  -3.4112712654632560E-012 (-9.79246426723213428E-004,-9.34371043749307708E-018)   (9.71241207997072657E-004,8.71215620433328221E-005)             (-0.49999694861494592,0.0000000000000000)
         872        1500   179.30961578370128        1.0000000000034126        158.11213892563728       0.99999663653976412        3.3634636507143754E-006  -3.4126035330928062E-012   (2.22016132987781117E-004,1.14851298684519196E-018)  (9.23072586782628713E-004,-1.63026061597021043E-005)             (-0.49999737767159380,0.0000000000000000)
         873        1500   180.77936673274903        1.0000000000034215        183.72660320181760       0.99999575393148388        4.2460719361964470E-006  -3.4214853172898074E-012  (1.34883734102191934E-003,-6.53650310192443499E-018)  (8.54964246022394238E-004,-1.13502363215790302E-004)             (-0.49999674585558196,0.0000000000000000)
         874        1500   182.24911768179678        1.0000000000034239        208.53339050655819       0.99999371710842155        6.2828950017588809E-006  -3.4239278079439828E-012   (2.37997687740408755E-003,1.97085046004969786E-018)  (7.71000993752457694E-004,-2.02635328601360207E-004)             (-0.49999528871733667,0.0000000000000000)
         875        1500   183.71886863084453        1.0000000000034281        231.83771419901899       0.99999092085674757        9.0791466803591961E-006  -3.4281466554375584E-012   (3.29379677522950807E-003,1.17830208771002135E-017)  (6.71244351901270154E-004,-2.80683088260761055E-004)             (-0.49999329766831113,0.0000000000000000)
         876        1500   185.18861957989228        1.0000000000034306        252.98686853012654       0.99998779187993114        1.2208123499643736E-005  -3.4305891460917337E-012  (4.07580999864769720E-003,-6.33010043589316237E-019)  (5.60089596599513441E-004,-3.47572413174629369E-004)             (-0.49999107596184877,0.0000000000000000)
         877        1500   186.65837052894003        1.0000000000034281        271.38850957979253       0.99998478715376460        1.5212849663842282E-005  -3.4281466554375584E-012   (4.70242524251571117E-003,1.53039091926017853E-018)  (4.27798970866242394E-004,-4.00393784798360494E-004)             (-0.49998895486162925,0.0000000000000000)
         878        1500   188.12812147798778        1.0000000000034317        286.52724543531485       0.99998231995682152        1.7680046610027768E-005  -3.4316993691163589E-012  (5.16007523133290777E-003,-1.84080896578786569E-017)  (2.93481186547823200E-004,-4.39115383431638287E-004)             (-0.49998721388874895,0.0000000000000000)
         879        1500   189.59787242703553        1.0000000000034381        297.97907153134184       0.99998071026429247        1.9289739145616838E-005  -3.4381386626591848E-012  (5.43984028077021484E-003,-1.18557783705931500E-018)  (1.48088361736273093E-004,-4.63209429404609760E-004)             (-0.49998606938444012,0.0000000000000000)
         880        1500   191.06762337608328        1.0000000000034461        305.42324599633787       0.99998013315974787        1.9866843696380940E-005  -3.4461322684364859E-012  (5.53973405376016921E-003,-5.83981130464470349E-021)  (1.18417277045282879E-005,-4.72313952455626226E-004)             (-0.49998564523614303,0.0000000000000000)
         881        1500   192.53737432513103        1.0000000000034484        308.65127305849313       0.99998058206187168        1.9417941577203038E-005  -3.4483527144857362E-012  (5.47122345534400718E-003,-5.25847049224611816E-018) (-1.17188068628817639E-004,-4.67565748684973257E-004)             (-0.49998593828413729,0.0000000000000000)
         882        1500   194.00712527417878        1.0000000000034528        307.57274228944954       0.99998190990178304        1.8090101669225452E-005  -3.4527936065842368E-012  (5.25154362895332346E-003,-8.29904965729066953E-020) (-2.26170577469270493E-004,-4.49808153537759655E-004)             (-0.49998685671990761,0.0000000000000000)
         883        1500   195.47687622322653        1.0000000000034499        302.21786108622302       0.99998388779539893        1.6112208052609033E-005  -3.4499070267202114E-012   (4.90104189238286733E-003,3.90061829982723641E-018) (-3.24623937742893765E-004,-4.20628271067141537E-004)             (-0.49998824898210703,0.0000000000000000)
         884        1500   196.94662717227428        1.0000000000034510        292.73660850593387       0.99998626045780359        1.3739545648973113E-005  -3.4510172497448366E-012   (4.43972451209327310E-003,9.24439654485058591E-018) (-4.00732890071930708E-004,-3.81095281041162045E-004)             (-0.49998993950208787,0.0000000000000000)
         885        1500   198.41637812132203        1.0000000000034586        279.39453487127861       0.99998878066512897        1.1219338329658564E-005  -3.4585667663122877E-012   (3.88856343880697409E-003,2.31174012364307224E-018) (-4.68956425629370210E-004,-3.33909222600720589E-004)             (-0.49999174188449519,0.0000000000000000)
         886        1500   199.88612907036978        1.0000000000034572        262.56532399229269       0.99999123850733829        8.7614961177617775E-006  -3.4572344986827375E-012  (3.26059494965495614E-003,-9.15159415908586069E-018) (-5.20037052871672421E-004,-2.79436055285715228E-004)             (-0.49999350489218614,0.0000000000000000)
         887        1500   201.35588001941753        1.0000000000034535        242.72032714453351       0.99999343622023351        6.5637832219621470E-006  -3.4534597403990119E-012  (2.57574043562483522E-003,-5.99201436051366780E-021) (-5.60347646802999283E-004,-2.20861934044416585E-004)             (-0.49999507485930184,0.0000000000000000)
         888        1500   202.82563096846528        1.0000000000034575        220.41536148832310       0.99999521079372211        4.7892097331458331E-006  -3.4574565432876625E-012  (1.85125069576309105E-003,-5.55775572278966207E-021) (-5.79755574134143705E-004,-1.58735977237554730E-004)             (-0.49999633861266141,0.0000000000000000)
         889        1500   204.29538191751303        1.0000000000034643        196.27514285814428       0.99999644030601842        3.5596974451863569E-006  -3.4643399260403385E-012  (1.11314963332926199E-003,-2.01266272857088409E-020) (-5.83693230532073069E-004,-9.64955701118697990E-005)             (-0.49999720933629610,0.0000000000000000)
         890        1500   205.76513286656078        1.0000000000034750        170.97578871716135       0.99999707572243457        2.9242810391753058E-006  -3.4749980670767400E-012   (3.83578388964499260E-004,1.45818043570819479E-018) (-5.63342096175369848E-004,-3.43304772043276265E-005)             (-0.49999765942283908,0.0000000000000000)
         891        1500   207.23488381560853        1.0000000000034701        145.22588149835562       0.99999714507117088        2.8549322999585918E-006  -3.4701130857683893E-012  (-3.07451949505343092E-004,4.53614298655554362E-018)  (-5.26688963722315691E-004,2.38578815394013945E-005)             (-0.49999770836865026,0.0000000000000000)
         892        1500   208.70463476465628        1.0000000000034710        119.74662268195786       0.99999674957309137        3.2504303781270517E-006  -3.4710012641880894E-012  (-9.43237540294929113E-004,7.62525121900936986E-018)  (-4.73852667786098854E-004,7.86888280765065106E-005)             (-0.49999742654756396,0.0000000000000000)
         893        1500   210.17438571370403        1.0000000000034719        95.251633463230320       0.99999603403255000        3.9659709227164526E-006  -3.4718894426077895E-012  (-1.50327764737444238E-003,9.25039063421872546E-018)  (-4.11531573496188338E-004,1.26615883937560199E-004)             (-0.49999691522832967,0.0000000000000000)
         894        1500   211.64413666275178        1.0000000000034774        72.426967693797252       0.99999514898168185        4.8510217967663443E-006  -3.4774405577309153E-012  (-1.98327923450414669E-003,7.79024402499682699E-018)  (-3.45222961040152307E-004,1.68808152710417500E-004)             (-0.49999627793272988,0.0000000000000000)
         895        1500   213.11388761179953        1.0000000000034881        51.911896905839050       0.99999423393428144        5.7660692036747540E-006  -3.4880986987673168E-012  (-2.37531659607334664E-003,4.03552149253682783E-022)  (-2.75631009034059122E-004,2.02678409751844650E-004)             (-0.49999561995950847,0.0000000000000000)
         896        1500   214.58363856084728        1.0000000000034783        34.281005693621125       0.99999339940066057        6.6006028230186234E-006  -3.4783287361506154E-012 (-2.68130541747076991E-003,-5.88931229031760130E-018)  (-2.06523452455446957E-004,2.29564680784363425E-004)             (-0.49999502041467225,0.0000000000000000)
         897        1500   216.05338950989503        1.0000000000034865        20.028098738278402       0.99999274054697107        7.2594565169037799E-006  -3.4865443865328416E-012 (-2.89647398322649468E-003,-1.26707724845755903E-018)  (-1.34197276928409121E-004,2.47615032910926446E-004)             (-0.49999455431124362,0.0000000000000000)
         898        1500   217.52314045894278        1.0000000000034910        9.5523704246937982       0.99999232748671418        7.6725167797031761E-006  -3.4909852786313422E-012 (-3.02181063801860560E-003,-4.58102919515520948E-018)  (-6.22103390036706102E-005,2.58295616285512009E-004)             (-0.49999426620662901,0.0000000000000000)
         899        1500   218.99289140799053        1.0000000000034983        3.1472241488062807       0.99999221291648965        7.7870870074375166E-006  -3.4983127505938683E-012 (-3.05261535342611547E-003,-6.44247039251643436E-018)   (1.27367164616326632E-005,2.60316244498490430E-004)             (-0.49999419361664343,0.0000000000000000)
         900        1500   220.46264235703828        1.0000000000035167       0.99205477752890325       0.99999240803669243        7.5919668216596431E-006  -3.5167424528026459E-012  (-2.99205405900985913E-003,4.58133334051415832E-018)   (8.31702106116795771E-005,2.55271977205572974E-004)             (-0.49999433556837475,0.0000000000000000)
         901        1500   221.93239330608603        1.0000000000035132        3.1472241475188723       0.99999288424406774        7.1157594455922716E-006  -3.5131897391238454E-012 (-2.84342340576720920E-003,-1.08231501685538258E-018)   (1.49122459582868357E-004,2.42630842946163689E-004)             (-0.49999467235187994,0.0000000000000000)
         902        1500   223.40214425513378        1.0000000000035179        9.5523704258473838       0.99999356761110381        6.4323924119623829E-006  -3.5178526758272710E-012 (-2.61916758959664531E-003,-1.47435392984128081E-019)   (2.03699392813770256E-004,2.24372991554912477E-004)             (-0.49999514973554271,0.0000000000000000)
         903        1500   224.87189520418153        1.0000000000035254        20.028098771083179       0.99999436272047482        5.6372830504337566E-006  -3.5254021923947221E-012 (-2.33148917459154517E-003,-5.26312994731340160E-018)   (2.46761565815348206E-004,2.00176579628501435E-004)             (-0.49999570790628817,0.0000000000000000)
         904        1500   226.34164615322928        1.0000000000035310        34.281005728947669       0.99999516587005455        4.8341334763325433E-006  -3.5309533075178479E-012 (-2.00103927878715268E-003,-1.13444488101751376E-018)   (2.73956717551187797E-004,1.72774220199452445E-004)             (-0.49999627279379083,0.0000000000000000)
         905        1500   227.81139710227703        1.0000000000035394        51.911896943066289       0.99999589951785239        4.1004856893077457E-006  -3.5393910025049991E-012 (-1.63975186632479364E-003,-7.80159447853123111E-018)   (2.93928206320024049E-004,1.41715258448563163E-004)             (-0.49999679486192716,0.0000000000000000)
         906        1500   229.28114805132478        1.0000000000035489        72.426967740743763       0.99999650827272979        3.4917308196415801E-006  -3.5489389205167754E-012 (-1.26355045125464043E-003,-2.27163097066382582E-018)   (3.00045537349047072E-004,1.09465078588785514E-004)             (-0.49999723048871125,0.0000000000000000)
         907        1500   230.75089900037253        1.0000000000035560        95.251633524882251       0.99999696532558813        3.0346779671124302E-006  -3.5560443478743764E-012  (-8.79707921999986747E-004,1.04387442098555497E-017)   (3.05146047422821213E-004,7.59892781927122546E-005)             (-0.49999755928056139,0.0000000000000000)
         908        1500   232.22064994942028        1.0000000000035594        119.74662275742227       0.99999725972776898        2.7402757911140710E-006  -3.5593750169482519E-012  (-4.96834573343067284E-004,9.88648474909061272E-018)   (2.99270508619287718E-004,4.28692638326603280E-005)             (-0.49999777076682167,0.0000000000000000)
         909        1500   233.69040089846803        1.0000000000035605        145.22588158630765       0.99999739245836217        2.6075451969011339E-006  -3.5604852399728770E-012  (-1.21737519213066669E-004,1.05271505275235709E-020)   (2.92035870115626094E-004,1.06096014080450800E-005)             (-0.49999786555983017,0.0000000000000000)
         910        1500   235.16015184751578        1.0000000000035629        170.97578882414328       0.99999737594858396        2.6240549763007053E-006  -3.5629277306270524E-012  (2.36784821683979919E-004,-5.80298837146526754E-018)  (2.72767917759640405E-004,-1.98110201230772909E-005)             (-0.49999785395680846,0.0000000000000000)
         911        1500   236.62990279656353        1.0000000000035703        196.27514298185235       0.99999723645406491        2.7635495064505230E-006  -3.5702552025895784E-012  (5.67875686108115871E-004,-1.83249585574448975E-017)  (2.48250130551440904E-004,-4.77047618223491919E-005)             (-0.49999775561396853,0.0000000000000000)
         912        1500   238.09965374561128        1.0000000000035816        220.41536161236706       0.99999701524390494        2.9847596770980165E-006  -3.5815794774407550E-012   (8.59447581076800337E-004,9.16201502324563532E-018)  (2.10745158516207731E-004,-7.22156975967296619E-005)             (-0.49999759996440102,0.0000000000000000)
         913        1500   239.56940469465903        1.0000000000035885        242.72032727806476       0.99999676169805451        3.2383055347557253E-006  -3.5884628601934310E-012   (1.10211372630581502E-003,3.95412273922241792E-018)  (1.71916522518520570E-004,-9.27681727420906547E-005)             (-0.49999742054153928,0.0000000000000000)
         914        1500   241.03915564370678        1.0000000000035896        262.56532413417580       0.99999652282312002        3.4771804688159140E-006  -3.5895730832180561E-012   (1.29089972824927585E-003,2.80372929459188254E-018)  (1.25949265252183373E-004,-1.09277494949307509E-004)             (-0.49999724901963777,0.0000000000000000)
         915        1500   242.50890659275453        1.0000000000035907        279.39453499881267       0.99999633398764132        3.6660159484464007E-006  -3.5906833062426813E-012  (1.42340254133060929E-003,-4.06493574094301188E-019)  (8.46437249996843065E-005,-1.21049475187470440E-004)             (-0.49999711116133255,0.0000000000000000)
         916        1500   243.97865754180228        1.0000000000035900        292.73660856327615       0.99999621136831918        3.7886352715400841E-006  -3.5900171724279062E-012   (1.50473456473054594E-003,1.83237476951037859E-017)  (4.46747998401157765E-005,-1.28731299470260071E-004)             (-0.49999701903316951,0.0000000000000000)
         917        1500   245.44840849085003        1.0000000000035885        302.21786103181302       0.99999615814767240        3.8418559174442515E-006  -3.5884628601934310E-012   (1.53945783188358691E-003,8.18205581170001076E-019)  (1.13641991576698800E-005,-1.32089562050182927E-004)             (-0.49999697784056324,0.0000000000000000)
         918        1500   246.91815943989778        1.0000000000035953        307.57274220004393       0.99999616994973706        3.8300538587852267E-006  -3.5953462429461069E-012  (1.53283114240870930E-003,-1.44354332605008582E-018) (-2.15912623802999722E-005,-1.31680648367508079E-004)             (-0.49999698581357299,0.0000000000000000)
         919        1500   248.38791038894553        1.0000000000035960        308.65127293812884       0.99999624097235651        3.7590312407273194E-006  -3.5960123767608820E-012  (1.48776227655429021E-003,-7.48225057106024978E-019) (-4.91848582283965346E-005,-1.27470766781074207E-004)             (-0.49999703910461751,0.0000000000000000)
         920        1500   249.85766133799328        1.0000000000036058        305.42324583863746       0.99999636464493913        3.6353586671051185E-006  -3.6057823393775834E-012  (1.40689649426708639E-003,-7.81202085401656274E-018) (-7.91991739192478576E-005,-1.20290745946652553E-004)             (-0.49999713044454630,0.0000000000000000)
         921        1500   251.32741228704103        1.0000000000036173        297.97907123475579       0.99999653332881877        3.4666747977632323E-006  -3.6173286588336850E-012   (1.28969546463366508E-003,1.31951871030842492E-018) (-1.05295073570545449E-004,-1.09849878950055179E-004)             (-0.49999725337757411,0.0000000000000000)
         922        1500   252.79716323608878        1.0000000000036242        286.52724503177876       0.99999673111083287        3.2688927898297075E-006  -3.6242120415863610E-012  (1.14028758500126816E-003,-1.03387973021175373E-017) (-1.30327069253286957E-004,-9.71911263364030751E-005)             (-0.49999739441059415,0.0000000000000000)
         923        1500   254.26691418513653        1.0000000000036231        271.38850913898284       0.99999693652073096        3.0634828949258853E-006  -3.6231018185617359E-012   (9.63884861541806893E-004,5.30315629497057880E-018) (-1.46412814367246496E-004,-8.23091167404395410E-005)             (-0.49999753914333300,0.0000000000000000)
         924        1500   255.73666513418428        1.0000000000036278        252.98686813924584       0.99999712549919084        2.8745044379364666E-006  -3.6277647552651615E-012   (7.70496365584048891E-004,7.80679186768288124E-018) (-1.57936137712006526E-004,-6.64532489776691927E-005)             (-0.49999767111619908,0.0000000000000000)
         925        1500   257.20641608323228        1.0000000000036322        231.83771381965610       0.99999727931250315        2.7206911281727397E-006  -3.6322056473636621E-012  (5.68957741574083208E-004,-7.26110784662576854E-019) (-1.58027255537898252E-004,-4.94645691327360557E-005)             (-0.49999777911815851,0.0000000000000000)
         926        1500   258.67616703228032        1.0000000000036366        208.53339012630965       0.99999738713034148        2.6128732969823407E-006  -3.6366465394621628E-012  (3.71238496441494764E-004,-7.71282170390314341E-018) (-1.54090993218692197E-004,-3.29758266641543070E-005)             (-0.49999785517222745,0.0000000000000000)
         927        1500   260.14591798132835        1.0000000000036384        183.72660283871335       0.99999744891128362        2.5510923562150937E-006  -3.6384228963015630E-012   (1.81983354246665079E-004,5.52934790161674714E-021) (-1.43530761084944040E-004,-1.63504428241537675E-005)             (-0.49999789951391982,0.0000000000000000)
         928        1500   261.61566893037639        1.0000000000036440        158.11213861716993       0.99999747026194641        2.5297416953443158E-006  -3.6439740114246888E-012   (7.71990050553915681E-006,3.90203907875970479E-018) (-1.32919087726819928E-004,-1.28438547262157243E-006)             (-0.49999791490873785,0.0000000000000000)
         929        1500   263.08541987942442        1.0000000000036424        132.40740546947771       0.99999745945097240        2.5405526710232979E-006  -3.6424196991902136E-012 (-1.53721052086287324E-004,-2.74656077212967568E-017)  (-1.21541039780015227E-004,1.32264379005715236E-005)             (-0.49999790703761060,0.0000000000000000)
         930        1500   264.55517082847246        1.0000000000036564        107.33233965612510       0.99999742417216009        2.5758314942256933E-006  -3.6564085093004906E-012 (-2.99876620013343319E-004,-6.75494153384773896E-019)  (-1.10093009109556321E-004,2.58154079499931928E-005)             (-0.49999788163684766,0.0000000000000000)
         931        1500   266.02492177752049        1.0000000000036546        83.589241764059892       0.99999737181152626        2.6281921280940633E-006  -3.6546321524610903E-012 (-4.31074474207391873E-004,-9.26026227368971358E-018)  (-9.60021603315523085E-005,3.72099978097099952E-005)             (-0.49999784440056122,0.0000000000000000)
         932        1500   267.49467272656852        1.0000000000036511        61.843106727214881       0.99999731109216572        2.6889114866413506E-006  -3.6510794387822898E-012  (-5.43007829448402947E-004,2.33446820486217776E-018)  (-8.09957848509270534E-005,4.62227154946314573E-005)             (-0.49999780219183221,0.0000000000000000)
         933        1500   268.96442367561656        1.0000000000036562        42.702998667586733       0.99999725193878441        2.7480648731838247E-006  -3.6561864646955655E-012 (-6.33929749448895502E-004,-1.84003427286370162E-019)  (-6.05479231709960363E-005,5.39552655879187645E-005)             (-0.49999776111333244,0.0000000000000000)
         934        1500   270.43417462466459        1.0000000000036591        26.704992317066715       0.99999720605847808        2.7939451802317588E-006  -3.6590730445595909E-012 (-6.95580818226002691E-004,-5.78792101763897451E-019)  (-3.76452074748559833E-005,5.86399087853173163E-005)             (-0.49999772982291868,0.0000000000000000)
         935        1500   271.90392557371263        1.0000000000036597        14.297158646341270       0.99999718025877371        2.8197448870707020E-006  -3.6597391783743660E-012  (-7.29872815419935032E-004,7.71887663786301402E-018)  (-1.55999375647460554E-005,6.19217898181930175E-005)             (-0.49999771115060571,0.0000000000000000)
         936        1500   273.37367652276066        1.0000000000036666        5.8270153587580644       0.99999717795889087        2.8220447746031233E-006  -3.6666225611270420E-012 (-7.34617911558384782E-004,-2.62947182204427261E-018)   (6.46803933378034859E-006,6.24344676381716136E-005)             (-0.49999770849275277,0.0000000000000000)
         937        1500   274.84342747180870        1.0000000000036653        1.5317935937597036       0.99999719557559552        2.8044280701869624E-006  -3.6652902934974918E-012  (-7.15910172447890001E-004,2.80235004408581058E-018)   (2.27353771117226764E-005,6.15309899724420916E-005)             (-0.49999771904696277,0.0000000000000000)
         938        1500   276.31317842085673        1.0000000000036704        1.5317935974187189       0.99999722681370828        2.7731899632534319E-006  -3.6703973194107675E-012 (-6.77748209865528211E-004,-8.43896389022242167E-018)   (3.57459263374264205E-005,5.84689935969780195E-005)             (-0.49999773997548569,0.0000000000000000)
         939        1500   277.78292936990476        1.0000000000036768        5.8270153666820468       0.99999726413128520        2.7358723916411411E-006  -3.6768366129535934E-012  (-6.27840801581312237E-004,1.02534233025079850E-017)   (4.32417571912434298E-005,5.45470303916941235E-005)             (-0.49999776584481670,0.0000000000000000)
         940        1500   279.25268031895280        1.0000000000036768        14.297158649228844       0.99999730343894222        2.6965647360120593E-006  -3.6768366129535934E-012 (-5.67598333330749283E-004,-2.51253930101246139E-021)   (5.13014666293862224E-005,4.90920641537432684E-005)             (-0.49999779449124460,0.0000000000000000)
         941        1500   280.72243126800083        1.0000000000036795        26.704992309924805       0.99999734232055471        2.6576831241798816E-006  -3.6795011482126938E-012 (-4.99569234797691652E-004,-1.69661036345981979E-017)   (5.68736726478430741E-005,4.30390746901150199E-005)             (-0.49999782324906156,0.0000000000000000)
         942        1500   282.19218221704887        1.0000000000036811        42.702998661166809       0.99999737986063064        2.6201430532312835E-006  -3.6810554604471690E-012  (-4.22856046910018071E-004,1.43387232430985861E-017)   (6.40871639177032344E-005,3.59944346827566146E-005)             (-0.49999785100501398,0.0000000000000000)
         943        1500   283.66193316609690        1.0000000000036915        61.843106722471845       0.99999741454887259        2.5854548195447542E-006  -3.6914915568786455E-012 (-3.38357039566105126E-004,-7.26959589563791544E-019)   (6.99078563966954683E-005,2.87723355037076422E-005)             (-0.49999787599821671,0.0000000000000000)
         944        1500   285.13168411514494        1.0000000000036942        83.589241767811870       0.99999744417525493        2.5558284424059162E-006  -3.6941560921377459E-012 (-2.45728466006257795E-004,-1.34462155382179619E-018)   (7.51654695831987309E-005,2.08060694067938604E-005)             (-0.49999789699694336,0.0000000000000000)
         945        1500   286.60143506419297        1.0000000000036888        107.33233965720854       0.99999746570078696        2.5343029027955361E-006  -3.6888270216195451E-012  (-1.50894818600907677E-004,3.90096549407322039E-018)   (7.41731743940165849E-005,1.31907660655814475E-005)             (-0.49999791191535631,0.0000000000000000)
         946        1500   288.07118601324100        1.0000000000036913        132.40740546919272       0.99999747765554692        2.5223481459403057E-006  -3.6912695122737205E-012 (-5.79482927431376345E-005,-1.05102265166027024E-017)   (7.11987135543506349E-005,5.51774871238279220E-006)             (-0.49999792018402317,0.0000000000000000)
         947        1500   289.54093696228904        1.0000000000037019        158.11213861769704       0.99999748059735472        2.5194063465516598E-006  -3.7019276533101220E-012   (2.64613616125831590E-005,2.01948831564925902E-018)  (6.18118959934384551E-005,-1.37299536028494943E-006)             (-0.49999792223087219,0.0000000000000000)
         948        1500   291.01068791133707        1.0000000000037070        183.72660284244930       0.99999747694394758        2.5230597599519421E-006  -3.7070346792233977E-012   (9.93129753446182084E-005,7.79643807193747348E-018)  (5.28281212200354367E-005,-7.73319950406265908E-006)             (-0.49999791960211382,0.0000000000000000)
         949        1500   292.48043886038511        1.0000000000037130        208.53339012844722       0.99999746970075243        2.5303029627511582E-006  -3.7130298835563735E-012   (1.58685531651630831E-004,4.76493445740437096E-020)  (4.16302056626937703E-005,-1.30436693101000600E-005)             (-0.49999791426418910,0.0000000000000000)
         950        1500   293.95018980943314        1.0000000000037121        231.83771381748849       0.99999746106939058        2.5389343220555808E-006  -3.7121417051366734E-012  (2.06558334660769796E-004,-9.24955579901112542E-018)  (3.43547301586598152E-005,-1.76310354846673229E-005)             (-0.49999790770424046,0.0000000000000000)
         951        1500   295.41994075848118        1.0000000000037097        252.98686813830406       0.99999745211403890        2.5478896710576839E-006  -3.7096992144824981E-012   (2.44900628457681664E-004,4.24069930550419327E-018)  (2.70338789035196622E-005,-2.11494947338130635E-005)             (-0.49999790096557245,0.0000000000000000)
         952        1500   296.88969170752921        1.0000000000037090        271.38850914611606       0.99999744307256178        2.5569311449226958E-006  -3.7090330806677230E-012  (2.76804222221793119E-004,-1.80785484389155024E-019)  (2.31434611800091037E-005,-2.40467595656928031E-005)             (-0.49999789438162467,0.0000000000000000)
         953        1500   298.35944265657724        1.0000000000037073        286.52724504143976       0.99999743467668967        2.5653270167749072E-006  -3.7072567238283227E-012   (3.01507613487057011E-004,4.62668639758630771E-018)  (1.57746942958688323E-005,-2.59076052263391698E-005)             (-0.49999788875594714,0.0000000000000000)
         954        1500   299.82919360562528        1.0000000000037021        297.97907123534611       0.99999742815916748        2.5718445344873121E-006  -3.7021496979150470E-012   (3.18311100481845821E-004,1.17883048858065520E-018)  (1.00885430509696631E-005,-2.70327752530564205E-005)             (-0.49999788470584516,0.0000000000000000)
         955        1500   301.29894455467331        1.0000000000037090        305.42324582363489       0.99999742530676616        2.5746969410739616E-006  -3.7090330806677230E-012   (3.24355602812355175E-004,9.25049913397376739E-018) (-1.07143635395844475E-006,-2.72650413883148070E-005)             (-0.49999788321881539,0.0000000000000000)
         956        1500   302.76869550372135        1.0000000000037106        308.65127292206620       0.99999742737483854        2.5726288716251594E-006  -3.7105873929021982E-012  (3.17350280730040928E-004,-7.61984305986618945E-018) (-9.90974688424355881E-006,-2.65340933559893653E-005)             (-0.49999788492013769,0.0000000000000000)
         957        1500   304.23844645276938        1.0000000000037144        307.57274218245908       0.99999743408600517        2.5659177079446669E-006  -3.7143621511859237E-012   (2.97997297163148946E-004,7.88861113174635687E-018) (-2.03451642922927076E-005,-2.50891599920951099E-005)             (-0.49999788943742640,0.0000000000000000)
         958        1500   305.70819740181742        1.0000000000037008        302.21786101890103       0.99999744386994804        2.5561337557022718E-006  -3.7008174302854968E-012   (2.68457428955157630E-004,8.92968879313376418E-020) (-2.53383624604483440E-005,-2.28688977400029540E-005)             (-0.49999789588842986,0.0000000000000000)
         959        1500   307.17794835086545        1.0000000000037097        292.73660854052548       0.99999745439898668        2.5456047237936662E-006  -3.7096992144824981E-012   (2.33329035926027048E-004,1.08257425939062215E-018) (-2.95666255332504805E-005,-2.03020084625210584E-005)             (-0.49999790284429563,0.0000000000000000)
         960        1500   308.64769929991348        1.0000000000037015        279.39453496721956       0.99999746379711940        2.5362065827867292E-006  -3.7014835641002719E-012  (1.96183045633759550E-004,-7.89524617823884911E-018) (-2.82733213054476295E-005,-1.72491185226132228E-005)             (-0.49999790931130100,0.0000000000000000)
         961        1500   310.11745024896152        1.0000000000037068        262.56532410369351       0.99999747102334502        2.5289803633629420E-006  -3.7068126346184727E-012   (1.60939657212122531E-004,1.34355345033818240E-018) (-2.76319303883089131E-005,-1.42549649587971826E-005)             (-0.49999791448803338,0.0000000000000000)
         962        1500   311.58720119800955        1.0000000000037101        242.72032724323844       0.99999747622203772        2.5237816703733845E-006  -3.7101433036923481E-012   (1.27565183949839196E-004,1.68137066365402437E-018) (-2.51781291200450852E-005,-1.10452535242093064E-005)             (-0.49999791843001623,0.0000000000000000)
         963        1500   313.05695214705759        1.0000000000037084        220.41536158505480       0.99999747991830812        2.5200854008103943E-006  -3.7083669468529479E-012  (9.53259622443834568E-005,-1.66126841261471052E-019) (-2.66027438875955115E-005,-8.03349489385719505E-006)             (-0.49999792126688219,0.0000000000000000)
         964        1500   314.52670309610562        1.0000000000037050        196.27514295363298       0.99999748253394183        2.5174697641980995E-006  -3.7050362777790724E-012  (6.14517851464802662E-005,-1.57615747404987094E-018) (-2.67464526098766283E-005,-4.77418647701188380E-006)             (-0.49999792325054115,0.0000000000000000)
         965        1500   315.99645404515365        1.0000000000037090        170.97578880226530       0.99999748400777633        2.5159959310281629E-006  -3.7090330806677230E-012   (2.63359977805065985E-005,1.70630903404071455E-017) (-2.91057791734211844E-005,-1.89611647751199488E-006)             (-0.49999792429816120,0.0000000000000000)
         966        1500   317.46620499420169        1.0000000000037115        145.22588156671128       0.99999748418139989        2.5158223137737160E-006  -3.7114755713218983E-012  (-1.05573006771658968E-005,1.31431335810533965E-018)  (-2.81487271561589680E-005,1.17720662382762692E-006)             (-0.49999792442192459,0.0000000000000000)
         967        1500   318.93595594324972        1.0000000000037161        119.74662273992926       0.99999748308755720        2.5169161558650445E-006  -3.7161385080253240E-012 (-4.51504302088075630E-005,-9.38988107262805498E-020)  (-2.63275565813902231E-005,3.65798398789320471E-006)             (-0.49999792369774748,0.0000000000000000)
         968        1500   320.40570689229776        1.0000000000037053        95.251633513527295       0.99999748119783405        2.5188058732794569E-006  -3.7052583223839974E-012 (-7.53952496224069655E-005,-4.58552274026359757E-018)  (-2.03278440943251748E-005,6.13006238618668660E-006)             (-0.49999792242471525,0.0000000000000000)
         969        1500   321.87545784134579        1.0000000000037030        72.426967730298827       0.99999747931073935        2.5206929635853178E-006  -3.7030378763347471E-012 (-9.69460331027693759E-005,-1.83183969737092469E-017)  (-1.41433193471959600E-005,7.75701585982110490E-006)             (-0.49999792112756636,0.0000000000000000)
         970        1500   323.34520879039383        1.0000000000037035        51.911896935794481       0.99999747802428729        2.5219794193546329E-006  -3.7034819655445972E-012  (-1.10638211949835456E-004,5.25287328208511730E-018)  (-7.25815816006838867E-006,9.25495509126335541E-006)             (-0.49999792010455568,0.0000000000000000)
         971        1500   324.81495973944186        1.0000000000037137        34.281005714527609       0.99999747756939195        2.5224343210767108E-006  -3.7136960173711486E-012  (-1.16517385809658224E-004,1.72326747475178018E-017)  (-3.17869262884918832E-006,9.94596176037269061E-006)             (-0.49999791959999157,0.0000000000000000)
         972        1500   326.28471068848989        1.0000000000037168        20.028098757437835       0.99999747760927404        2.5223944427224909E-006  -3.7168046418400991E-012 (-1.18696634370006872E-004,-4.44891711600503336E-018)  (-2.87807682010019702E-007,1.06098649334476616E-005)             (-0.49999791939652022,0.0000000000000000)
         973        1500   327.75446163753793        1.0000000000037170        9.5523704289966744       0.99999747772789083        2.5222758261618042E-006  -3.7170266864450241E-012  (-1.18591910400808021E-004,1.83198472691839284E-017)  (-5.14643313311980137E-007,1.05711510456729811E-005)             (-0.49999791940675015,0.0000000000000000)
         974        1500   329.22421258658596        1.0000000000037246        3.1472241487735961       0.99999747756600954        2.5224377136248207E-006  -3.7245762030124752E-012  (-1.19511223378903917E-004,1.05222470786498878E-017)  (-7.08431732850336542E-008,1.07637443792090919E-005)             (-0.49999791931578708,0.0000000000000000)
         975        1500   330.69396353563400        1.0000000000037235       0.99205478170732675       0.99999747735987055        2.5226438542690679E-006  -3.7234659799878500E-012 (-1.18749173446588646E-004,-6.29871787314412092E-019)   (9.94458883951314982E-007,1.02316205484271604E-005)             (-0.49999791938940835,0.0000000000000000)
         976        1500   332.16371448468203        1.0000000000037248        3.1472241477689287       0.99999747740504052        2.5225986847960328E-006  -3.7247982476174002E-012  (-1.16441610937289262E-004,1.18433789249873709E-018)   (3.84110899268357926E-006,9.91806031990247518E-006)             (-0.49999791959949330,0.0000000000000000)
         977        1500   333.63346543373007        1.0000000000037190        9.5523704275104588       0.99999747813455608        2.5218691648733133E-006  -3.7190250878893494E-012  (-1.08591064157438535E-004,5.58026635077345637E-018)   (8.14218793536908414E-006,8.87930122488175457E-006)             (-0.49999792026148732,0.0000000000000000)
         978        1500   335.10321638277810        1.0000000000037239        20.028098754852067       0.99999747952396778        2.5204797539526376E-006  -3.7239100691977001E-012 (-9.60165944387883914E-005,-7.79716275762982540E-018)   (1.22529513222743375E-005,8.02607243583888298E-006)             (-0.49999792121189057,0.0000000000000000)
         979        1500   336.57296733182613        1.0000000000037241        34.281005711345195       0.99999748134079647        2.5186629284467039E-006  -3.7241321138026251E-012  (-7.76486764246159445E-005,8.17177324777329399E-019)   (1.56215815570156976E-005,6.53321287627844016E-006)             (-0.49999792241546481,0.0000000000000000)
         980        1500   338.04271828087417        1.0000000000037270        51.911896932881760       0.99999748305111458        2.5169526129667783E-006  -3.7270186936666505E-012  (-5.77881737365674737E-005,6.35736181845133078E-018)   (1.56122330119545178E-005,5.29719751118921599E-006)             (-0.49999792350013589,0.0000000000000000)
         981        1500   339.51246922992220        1.0000000000037328        72.426967726207025       0.99999748430887248        2.5156948599698133E-006  -3.7327918533947013E-012 (-3.85575792733661965E-005,-4.99177433840509840E-019)   (1.37530605327103651E-005,3.74560603765792941E-006)             (-0.49999792432949219,0.0000000000000000)
         982        1500   340.98222017897024        1.0000000000037379        95.251633509051089       0.99999748500196894        2.5150017688844821E-006  -3.7378988793079770E-012 (-2.35251607693531145E-005,-2.35822177233599879E-017)   (1.05033101658844390E-005,2.66084677983773461E-006)             (-0.49999792480377675,0.0000000000000000)
         983        1500   342.45197112801827        1.0000000000037446        119.74662273506262       0.99999748529555732        2.5147081856105907E-006  -3.7445602174557280E-012 (-1.15823007090846914E-005,-4.05310083263643970E-019)   (7.97092125857229868E-006,1.27407378133574086E-006)             (-0.49999792504345625,0.0000000000000000)
         984        1500   343.92172207706631        1.0000000000037410        145.22588156206493       0.99999748537501965        2.5146287220849051E-006  -3.7410075037769275E-012 (-3.64424832249267580E-006,-1.27204177207477645E-018)   (5.70796449683193393E-006,4.60839754207074989E-007)             (-0.49999792511669922,0.0000000000000000)
         985        1500   345.39147302611434        1.0000000000037503        170.97578879758876       0.99999748536337518        2.5146403729431123E-006  -3.7503333771837788E-012   (4.40866458395649648E-006,5.86286214109860402E-019)  (6.95366589974610144E-006,-6.38041206412142987E-007)             (-0.49999792510601271,0.0000000000000000)
         986        1500   346.86122397516237        1.0000000000037503        196.27514294891563       0.99999748524010346        2.5147636470320068E-006  -3.7503333771837788E-012  (1.33435938969403822E-005,-2.53907441880867029E-018)  (7.78161352845199977E-006,-1.36657615866144325E-006)             (-0.49999792501431950,0.0000000000000000)
         987        1500   348.33097492421041        1.0000000000037526        220.41536158075735       0.99999748493128027        2.5150724736397524E-006  -3.7525538232330291E-012   (2.48943787261155617E-005,1.88948919954877337E-018)  (9.70442174773744044E-006,-2.37171155305538152E-006)             (-0.49999792480518168,0.0000000000000000)
         988        1500   349.80072587325844        1.0000000000037605        242.72032723990839       0.99999748446420045        2.5155395581237066E-006  -3.7605474290103302E-012  (3.63389006018789376E-005,-8.84258791347410253E-020)  (8.34332696524920864E-006,-2.95246626010637136E-006)             (-0.49999792452633229,0.0000000000000000)
         989        1500   351.27047682230648        1.0000000000037585        262.56532410125141       0.99999748395680810        2.5160469517737513E-006  -3.7585490275660050E-012  (4.67633003573414012E-005,-1.34950656677540905E-018)  (7.24503077525944664E-006,-3.66268246884713250E-006)             (-0.49999792421901990,0.0000000000000000)
         990        1500   352.74022777135451        1.0000000000037690        279.39453496382936       0.99999748362441909        2.5163793490289945E-006  -3.7689851239974814E-012  (5.28400112977536556E-005,-7.07217174453259875E-018)  (2.33788231909189970E-006,-3.97703466759935445E-006)             (-0.49999792401877019,0.0000000000000000)
         991        1500   354.20997872040255        1.0000000000037699        292.73660853781593       0.99999748360551644        2.5163982549727178E-006  -3.7698733024171815E-012   (5.37355044246929668E-005,7.97757037832639248E-018) (-1.00332154014383931E-006,-4.18576205977842532E-006)             (-0.49999792398748727,0.0000000000000000)
         992        1500   355.67972966945058        1.0000000000037843        302.21786101636167       0.99999748388487997        2.5161189024923236E-006  -3.7843062017373086E-012  (4.98383159715352924E-005,-7.68814439094601512E-019) (-4.36852430092811881E-006,-4.01191763839312356E-006)             (-0.49999792413019634,0.0000000000000000)
         993        1500   357.14948061849861        1.0000000000037894        307.57274218264246       0.99999748428311308        2.5157206766402840E-006  -3.7894132276505843E-012   (4.43518299263414456E-005,6.61940907569440228E-018) (-4.09652373905609678E-006,-3.93060073597454436E-006)             (-0.49999792433000750,0.0000000000000000)
         994        1500   358.61923156754665        1.0000000000037945        308.65127292217750       0.99999748462874882        2.5153750437606397E-006  -3.7945202535638600E-012   (3.86406437802164760E-005,1.95103689881524096E-018) (-4.28035986192925328E-006,-3.56442813976911039E-006)             (-0.49999792453109115,0.0000000000000000)
         995        1500   360.08898251659468        1.0000000000038005        305.42324582469155       0.99999748478576156        2.5152180386436689E-006  -3.8005154578968359E-012  (3.53545688489000055E-005,-7.79748624637290508E-018) (-1.03881165615026687E-006,-3.32604374029367846E-006)             (-0.49999792464070664,0.0000000000000000)
         996        1500   361.55873346564272        1.0000000000038101        297.97907123481997       0.99999748476905292        2.5152347569993413E-006  -3.8100633759086122E-012   (3.44166813204482375E-005,1.01246522015658147E-019) (-6.71063051017995564E-007,-3.02296043467677800E-006)             (-0.49999792466922238,0.0000000000000000)
         997        1500   363.02848441469075        1.0000000000038116        286.52724504273510       0.99999748469561289        2.5153081990895641E-006  -3.8116176881430874E-012   (3.44751912742014992E-005,1.30660244360664683E-017)  (1.28737408645430921E-007,-2.78256800811637750E-006)             (-0.49999792466804327,0.0000000000000000)
         998        1500   364.49823536373879        1.0000000000038236        271.38850914734280       0.99999748469389538        2.5153099277189662E-006  -3.8236080968090391E-012  (3.27778844295463110E-005,-2.33647405162320539E-018) (-3.09561192036778901E-006,-2.39010136111465730E-006)             (-0.49999792470541554,0.0000000000000000)
         999        1500   365.96798631278682        1.0000000000038274        252.98686814108851       0.99999748480317197        2.5152006561782864E-006  -3.8273828550927647E-012   (2.80886053748284720E-005,3.46417558768317888E-019) (-4.34392105493032462E-006,-1.92772221647065968E-006)             (-0.49999792479234328,0.0000000000000000)
        1000        1500   367.43773726183485        1.0000000000038294        231.83771382050929       0.99999748497897778        2.5150248517200031E-006  -3.8293812565370899E-012   (2.03749993335457736E-005,9.79465723942482695E-018) (-7.68249823507590451E-006,-1.44570048023602661E-006)             (-0.49999792490173672,0.0000000000000000)
        1001        1500   368.90748821088289        1.0000000000038289        208.53339013209228       0.99999748514568432        2.5148581436742977E-006  -3.8289371673272399E-012  (1.04535958706905731E-005,-1.27180119050528266E-018) (-7.35226706319857116E-006,-8.28121355327222299E-007)             (-0.49999792500251167,0.0000000000000000)
        1002        1500   370.37723915993092        1.0000000000038314        183.72660284605305       0.99999748524081222        2.5147630185810785E-006  -3.8313796579814152E-012   (1.17515929936692519E-006,7.20761645596179481E-019) (-6.92028066004346484E-006,-3.09775427240056648E-007)             (-0.49999792505888829,0.0000000000000000)
        1003        1500   371.84699010897896        1.0000000000038345        158.11213862145726       0.99999748526567633        2.5147381568304541E-006  -3.8344882824503657E-012 (-5.24363348878911157E-006,-1.54151366204902838E-018)  (-2.87854173937892522E-006,1.74756327988257693E-007)             (-0.49999792507482543,0.0000000000000000)
        1004        1500   373.31674105802699        1.0000000000038365        132.40740547309915       0.99999748526403032        2.5147398060573768E-006  -3.8364866838946909E-012  (-7.62710130139199981E-006,1.17139081942732806E-018)  (-1.31367888712745049E-006,4.01923127923670109E-007)             (-0.49999792507241819,0.0000000000000000)
        1005        1500   374.78649200707503        1.0000000000038380        107.33233966121854       0.99999748527679633        2.5147270419138986E-006  -3.8380409961291662E-012 (-7.54641609279514943E-006,-8.78097531234248034E-020)   (1.32911896629601460E-006,7.21926276768072057E-007)             (-0.49999792507356289,0.0000000000000000)
        1006        1500   376.25624295612306        1.0000000000038411        83.589241770175306       0.99999748530902810        2.5146948124753507E-006  -3.8411496205981166E-012  (-5.92134223557960131E-006,2.90124296656208648E-017)   (4.45790615134374714E-007,7.62160421133647488E-007)             (-0.49999792508453489,0.0000000000000000)
        1007        1500   377.72599390517109        1.0000000000038460        61.843106725209779       0.99999748532460953        2.5146792378479166E-006  -3.8460346019064673E-012 (-5.84673743850275633E-006,-6.80739177229935238E-019)  (-3.19972176392521716E-007,9.89010018700262359E-007)             (-0.49999792508503649,0.0000000000000000)
        1008        1500   379.19574485421913        1.0000000000038465        42.702998664457446       0.99999748528729326        2.5147165551030520E-006  -3.8464786911163173E-012  (-7.96507751790706202E-006,9.16074827687492030E-018)  (-3.28825214441271127E-006,1.04735147019804017E-006)             (-0.49999792506213547,0.0000000000000000)
        1009        1500   380.66549580326716        1.0000000000038514        26.704992315169946       0.99999748518892317        2.5148149291479511E-006  -3.8513636724246680E-012 (-1.27300270904406764E-005,-1.67957840505206243E-018)  (-3.45085288125191346E-006,1.36863423928721333E-006)             (-0.49999792500627610,0.0000000000000000)
        1010        1500   382.13524675231520        1.0000000000038547        14.297158653310374       0.99999748507534059        2.5149285147670274E-006  -3.8546943414985435E-012  (-1.71780921404227370E-005,5.27902775843129253E-021)  (-3.56086491043568543E-006,1.36649679849206028E-006)             (-0.49999792495134060,0.0000000000000000)
        1011        1500   383.60499770136323        1.0000000000038545        5.8270153642259563       0.99999748499580299        2.5150080513951347E-006  -3.8544722968936185E-012 (-2.05123378225305385E-005,-5.68808484061731104E-021)  (-9.46561503620170498E-007,1.58001978394604135E-006)             (-0.49999792490947959,0.0000000000000000)
        1012        1500   385.07474865041127        1.0000000000038636        1.5317935930800388       0.99999748499776009        2.5150061029604904E-006  -3.8635761256955448E-012  (-2.00895255624128378E-005,9.24414686953775378E-018)   (1.23811065629238366E-006,1.41929976702031991E-006)             (-0.49999792491463185,0.0000000000000000)
        1013        1500   386.54449959945930        1.0000000000038691        1.5317935926748460       0.99999748507505570        2.5149288121863267E-006  -3.8691272408186705E-012 (-1.66831154988838802E-005,-1.17859574261916352E-018)   (4.27944805872866147E-006,1.41226295738113137E-006)             (-0.49999792495459205,0.0000000000000000)
        1014        1500   388.01425054850733        1.0000000000038711        5.8270153631490915       0.99999748519034981        2.5148135231830299E-006  -3.8711256422629958E-012  (-1.07049088540985420E-005,1.17803691738264174E-018)   (4.11718579361675325E-006,1.00430600503327562E-006)             (-0.49999792502016455,0.0000000000000000)
        1015        1500   389.48400149755537        1.0000000000038778        14.297158651422535       0.99999748528061327        2.5147232624870559E-006  -3.8777869804107468E-012  (-6.09666303500778536E-006,4.29027281156175045E-020)   (3.36986896568321602E-006,9.93336461337625109E-007)             (-0.49999792506581764,0.0000000000000000)
        1016        1500   390.95375244660340        1.0000000000038773        26.704992312600890       0.99999748532374999        2.5146801265565904E-006  -3.8773428912008967E-012  (-2.85610302790359879E-006,6.44313165113731854E-018)   (1.04102577319156610E-006,6.29157134542536550E-007)             (-0.49999792509416940,0.0000000000000000)
        1017        1500   392.42350339565144        1.0000000000038796        42.702998661151739       0.99999748531519406        2.5146886839413221E-006  -3.8795633372501470E-012 (-3.20455910249476409E-006,-1.26086723133504193E-017)  (-8.59993817794858407E-007,6.95110322541430963E-007)             (-0.49999792509192054,0.0000000000000000)
        1018        1500   393.89325434469947        1.0000000000038802        61.843106721487842       0.99999748528616950        2.5147177114348780E-006  -3.8802294710649221E-012 (-4.89265143103997177E-006,-6.51946634845499878E-021)  (-1.92581952625616664E-006,4.60116045648797241E-007)             (-0.49999792508223340,0.0000000000000000)
        1019        1500   395.36300529374751        1.0000000000038856        83.589241766017352       0.99999748526176613        2.5147421184757940E-006  -3.8855585415831229E-012  (-7.38181384210582175E-006,1.44741670036788709E-018)  (-1.01505261924424258E-006,5.91215807060603625E-007)             (-0.49999792507112240,0.0000000000000000)
        1020        1500   396.83275624279554        1.0000000000038867        107.33233965685199       0.99999748525761789        2.5147462684585323E-006  -3.8866687646077480E-012  (-7.12147948892195772E-006,1.31502569749768246E-017)   (1.07555039949440454E-006,3.06172431650082142E-007)             (-0.49999792507159929,0.0000000000000000)
        1021        1500   398.30250719184357        1.0000000000038889        132.40740546847954       0.99999748526409538        2.5147397935285825E-006  -3.8888892106569983E-012  (-4.71042455391827462E-006,5.25556862393555198E-021)   (3.11537484298192873E-006,3.00120842521978390E-007)             (-0.49999792507533014,0.0000000000000000)
        1022        1500   399.77225814089161        1.0000000000038864        158.11213861678593       0.99999748526773713        2.5147361497199390E-006  -3.8864467200028230E-012   (5.10618243013065941E-007,5.92281048142599810E-019)  (4.24538166993855183E-006,-7.62775981461915612E-008)             (-0.49999792507745433,0.0000000000000000)
        1023        1500   401.24200908993964        1.0000000000038896        183.72660284151505       0.99999748526134957        2.5147425403930533E-006  -3.8895553444717734E-012   (5.51322092916534507E-006,7.80826149105743407E-018)  (3.73531091991312307E-006,-1.19898596111208965E-007)             (-0.49999792507418439,0.0000000000000000)
        1024        1500   402.71176003898768        1.0000000000038882        208.53339012774921       0.99999748525055510        2.5147533345764923E-006  -3.8882230768422232E-012  (9.58000576972425027E-006,-6.57227069779648027E-018)  (1.83153442422945858E-006,-4.70629455722799268E-007)             (-0.49999792506777896,0.0000000000000000)
        1025        1500   404.18151098803571        1.0000000000038898        231.83771381639124       0.99999748524945464        2.5147544352725795E-006  -3.8897773890766985E-012  (9.78649356756336869E-006,-7.89175656190069681E-018) (-8.78231402476144748E-007,-3.37489018531279471E-007)             (-0.49999792506749396,0.0000000000000000)
        1026        1500   405.65126193708375        1.0000000000038900        252.98686813733212       0.99999748526331667        2.5147405743182928E-006  -3.8899994336816235E-012  (8.04111780703137736E-006,-1.14524440530765386E-018) (-2.13988606184892118E-006,-5.15262483739246235E-007)             (-0.49999792507285901,0.0000000000000000)
        1027        1500   407.12101288613178        1.0000000000038920        271.38850914438075       0.99999748528953170        2.5147143600217207E-006  -3.8919978351259488E-012  (4.17539801139013275E-006,-2.71333805813981328E-018) (-2.99552594754488078E-006,-2.78868997079875865E-007)             (-0.49999792508641433,0.0000000000000000)
        1028        1500   408.59076383517981        1.0000000000038864        286.52724504055857       0.99999748531099919        2.5146928886286698E-006  -3.8864467200028230E-012  (1.68533111791233907E-006,-8.16004913836401171E-019) (-1.08540132952718258E-006,-3.83467259764150285E-007)             (-0.49999792509581270,0.0000000000000000)
        1029        1500   410.06051478422785        1.0000000000038860        297.97907123332357       0.99999748531604005        2.5146878454549051E-006  -3.8860026307929729E-012   (8.63046165021376783E-007,1.81366339079766127E-019)  (3.03753928219977485E-007,-2.28297947652856961E-007)             (-0.49999792509904933,0.0000000000000000)
        1030        1500   411.53026573327588        1.0000000000038836        305.42324582363221       0.99999748529896770        2.5147049156761754E-006  -3.8835601401387976E-012  (3.23486458632797985E-006,-4.17203176757878549E-018)  (2.79386581134744552E-006,-4.11969074733231085E-007)             (-0.49999792508966873,0.0000000000000000)
        1031        1500   413.00001668232392        1.0000000000038924        308.65127292149475       0.99999748527142818        2.5147324637987554E-006  -3.8924419243357988E-012  (6.59500745221376983E-006,-5.84872287494170447E-021)  (2.44729969613903666E-006,-3.78117053523308076E-007)             (-0.49999792507673341,0.0000000000000000)
        1032        1500   414.46976763137195        1.0000000000039011        307.57274218327984       0.99999748524772891        2.5147561694253704E-006  -3.9011016639278751E-012   (9.87917999592462515E-006,4.97973979127914109E-021)  (2.04480568138349550E-006,-5.38548710363950887E-007)             (-0.49999792506477642,0.0000000000000000)
        1033        1500   415.93951858041999        1.0000000000038922        302.21786101798443       0.99999748524088061        2.5147630126486673E-006  -3.8922198797308738E-012  (1.05716607859109089E-005,-9.24518280250061096E-018) (-7.87007367015099615E-007,-4.34285424048853502E-007)             (-0.49999792506236140,0.0000000000000000)
        1034        1500   417.40926952946802        1.0000000000038998        292.73660854027213       0.99999748525095167        2.5147529466316818E-006  -3.8997693962983249E-012   (8.83646017894276396E-006,4.63041596210197380E-018) (-2.08917633190118212E-006,-4.50572251011500540E-007)             (-0.49999792506747448,0.0000000000000000)
        1035        1500   418.87902047851605        1.0000000000038967        279.39453496656091       0.99999748527066079        2.5147332361601867E-006  -3.8966607718293744E-012  (4.66114665557862735E-006,-9.06864120292280256E-018) (-3.83222239384160150E-006,-2.17903280296571063E-007)             (-0.49999792507812035,0.0000000000000000)
        1036        1500   420.34877142756409        1.0000000000038989        262.56532410429338       0.99999748528786503        2.5147160337241080E-006  -3.8988812178786247E-012   (6.48405383563513922E-007,9.01214146776347418E-020) (-2.38648934007402032E-006,-1.71323923162514962E-007)             (-0.49999792508674196,0.0000000000000000)
        1037        1500   421.81852237661212        1.0000000000039153        242.72032724357305       0.99999748529643373        2.5147074812588911E-006  -3.9153125186430771E-012  (-2.14527103121217844E-006,4.53168991830583178E-018)  (-1.54936399549580744E-006,1.53386757932957294E-008)             (-0.49999792509148877,0.0000000000000000)
        1038        1500   423.28827332566016        1.0000000000039160        220.41536158514813       0.99999748529599652        2.5147079198702373E-006  -3.9159786524578521E-012 (-1.91591263759550963E-006,-1.71424611837136270E-017)  (1.64253418600693325E-006,-1.83871611991687856E-008)             (-0.49999792509135765,0.0000000000000000)
        1039        1500   424.75802427470819        1.0000000000039249        196.27514295351054       0.99999748529194776        2.5147119774141940E-006  -3.9248604366548534E-012   (4.67196547149735330E-007,5.82872793081011765E-019)  (1.92273822142828641E-006,-8.53089698577673261E-009)             (-0.49999792508945123,0.0000000000000000)
        1040        1500   426.22777522375623        1.0000000000039280        170.97578880226425       0.99999748528918975        2.5147147368576890E-006  -3.9279690611238038E-012  (3.76616938153872549E-006,-1.82356885329620747E-017)  (2.77834705865411226E-006,-9.41909372636093414E-008)             (-0.49999792508814267,0.0000000000000000)
        1041        1500   427.69752617280426        1.0000000000039244        145.22588156677142       0.99999748528886068        2.5147150647246907E-006  -3.9244163474450033E-012  (5.81650957644129160E-006,-1.62873668699364398E-021)  (2.44061312404765094E-007,-9.81761786675025296E-008)             (-0.49999792508795637,0.0000000000000000)
        1042        1500   429.16727712185229        1.0000000000039264        119.74662273976655       0.99999748528867727        2.5147152494316243E-006  -3.9264147488893286E-012  (5.56373063261513220E-006,-1.19642371068108563E-017) (-6.58762171888520242E-007,-6.97035140098793264E-008)             (-0.49999792508785856,0.0000000000000000)
        1043        1500   430.63702807090033        1.0000000000039360        95.251633513417175       0.99999748528578714        2.5147181458304141E-006  -3.9359626669011050E-012  (2.94848351372180636E-006,-4.87537724841995033E-019) (-3.27086178868491315E-006,-3.55944308539222036E-009)             (-0.49999792508636270,0.0000000000000000)
        1044        1500   432.10677901994836        1.0000000000039388        72.426967729893974       0.99999748527992072        2.5147240174644040E-006  -3.9388492467651304E-012 (-1.02008459564558321E-006,-2.61244714000229220E-017)  (-2.49242885891425509E-006,1.49005691053303249E-007)             (-0.49999792508333135,0.0000000000000000)
        1045        1500   433.57652996899640        1.0000000000039329        51.911896936199405       0.99999748527411936        2.5147298131671703E-006  -3.9328540424321545E-012 (-4.09328568746710194E-006,-1.63142324606419908E-018)  (-2.15233977254475567E-006,2.01096323193623258E-007)             (-0.49999792508045232,0.0000000000000000)
        1046        1500   435.04628091804443        1.0000000000039340        34.281005714126245       0.99999748527216892        2.5147317635914407E-006  -3.9339642654567797E-012 (-5.09051971415536696E-006,-7.98282780012551646E-018)   (7.86929867256826385E-007,2.70083226150331827E-007)             (-0.49999792507942808,0.0000000000000000)
        1047        1500   436.51603186709247        1.0000000000039337        20.028098757859972       0.99999748527599119        2.5147279399195890E-006  -3.9337422208518547E-012 (-3.33244230852398158E-006,-2.59011494104180570E-018)   (1.63795403138969999E-006,1.79193386579063201E-007)             (-0.49999792508141888,0.0000000000000000)
        1048        1500   437.98578281614050        1.0000000000039353        9.5523704287211864       0.99999748528371613        2.5147202197054446E-006  -3.9352965330863299E-012 (-1.15159100585452098E-007,-1.84132883011065899E-017)   (3.27988504261269015E-006,1.64305244795274760E-007)             (-0.49999792508514984,0.0000000000000000)
        1049        1500   439.45553376518853        1.0000000000039457        3.1472241490389190       0.99999748529150745        2.5147124363165655E-006  -3.9457326295178063E-012  (3.43422798866743821E-006,-5.79829974190347364E-018)  (1.70956968145810563E-006,-8.65868575135720807E-009)             (-0.49999792508923513,0.0000000000000000)
        1050        1500   440.92528471423657        1.0000000000039542       0.99205478093306831       0.99999748529492405        2.5147090281284025E-006  -3.9541703245049575E-012  (4.85142538735106267E-006,-1.25639081898526178E-018)   (6.08160299482276354E-007,2.66871016286717562E-008)             (-0.49999792509081026,0.0000000000000000)
        1051        1500   442.39503566328460        1.0000000000039551        3.1472241482892769       0.99999748529304422        2.5147109097627726E-006  -3.9550585029246577E-012   (4.01488831065966549E-006,7.88551548125127488E-018) (-2.05123288422554307E-006,-2.70460388921667488E-008)             (-0.49999792508997232,0.0000000000000000)
        1052        1500   443.86478661233264        1.0000000000039595        9.5523704272513239       0.99999748528758792        2.5147163722077318E-006  -3.9594993950231583E-012   (1.00434374329650053E-006,1.26174653130119570E-018)  (-2.08394261962099351E-006,1.30441913622536235E-007)             (-0.49999792508715812,0.0000000000000000)
        1053        1500   445.33453756138067        1.0000000000039622        20.028098755734014       0.99999748528224752        2.5147217152710428E-006  -3.9621639302822587E-012  (-1.95986913844846131E-006,1.56022203783662166E-017)  (-2.60125873954320553E-006,7.80348853680875673E-008)             (-0.49999792508472296,0.0000000000000000)
        1054        1500   446.80428851042871        1.0000000000039679        34.281005711383528       0.99999748527928722        2.5147246832562543E-006  -3.9679370900103095E-012  (-4.22921982112234533E-006,5.25879042141066611E-018)  (-3.25002493961517923E-007,2.63270346486525334E-007)             (-0.49999792508310387,0.0000000000000000)
        1055        1500   448.27403945947674        1.0000000000039664        51.911896932905314       0.99999748527979215        2.5147241749920916E-006  -3.9663827777758343E-012  (-3.44350612694991921E-006,9.25148549656152382E-018)   (1.09894285653816683E-006,9.81645798905151593E-008)             (-0.49999792508353302,0.0000000000000000)
        1056        1500   449.74379040852477        1.0000000000039722        72.426967726145151       0.99999748528206278        2.5147219108827870E-006  -3.9721559375038851E-012  (-9.66840623459671100E-007,3.94682221538764771E-018)   (2.95117177382105000E-006,1.54395305844021978E-007)             (-0.49999792508460944,0.0000000000000000)
        1057        1500   451.21354135757281        1.0000000000039766        95.251633509330148       0.99999748528435806        2.5147196195476296E-006  -3.9765968296023857E-012   (2.92310684058439667E-006,2.73884455312829447E-017)  (2.34331533995906949E-006,-1.01884813588498890E-007)             (-0.49999792508585283,0.0000000000000000)
        1058        1500   452.68329230662084        1.0000000000039753        119.74662273545565       0.99999748528539478        2.5147185832682591E-006  -3.9752645619728355E-012  (5.19313482754836628E-006,-9.49236421855232492E-021)  (1.48849567912036372E-006,-5.05649508713816757E-010)             (-0.49999792508631286,0.0000000000000000)
        1059        1500   454.15304325566888        1.0000000000039828        145.22588156235543       0.99999748528554866        2.5147184341371910E-006  -3.9828140785402866E-012  (6.12628594161363962E-006,-1.30767704809817509E-017) (-5.80378510959871137E-007,-1.97382596074882058E-007)             (-0.49999792508641994,0.0000000000000000)
        1060        1500   455.62279420471691        1.0000000000039821        170.97578879786204       0.99999748528562216        2.5147183596635152E-006  -3.9821479447255115E-012  (3.98817626912089319E-006,-1.99641064187058783E-018) (-2.11860431254448581E-006,-6.61942673161687120E-009)             (-0.49999792508645841,0.0000000000000000)
        1061        1500   457.09254515376495        1.0000000000039846        196.27514294925155       0.99999748528624632        2.5147177389776090E-006  -3.9845904353796868E-012  (9.89556751234287349E-007,-2.51298756167577274E-017) (-2.66561165383532120E-006,-5.79472296810667008E-008)             (-0.49999792508675439,0.0000000000000000)
        1062        1500   458.56229610281298        1.0000000000039841        220.41536158116784       0.99999748528720289        2.5147167837295091E-006  -3.9841463461698368E-012 (-2.06203695174693124E-006,-4.58220369406969968E-018)  (-1.39993640458895753E-006,1.48489029364546384E-007)             (-0.49999792508725566,0.0000000000000000)
        1063        1500   460.03204705186101        1.0000000000039917        242.72032723994920       0.99999748528759236        2.5147164003695207E-006  -3.9916958627372878E-012  (-2.62999348484798744E-006,1.69489080110760446E-017)   (1.08335114109883374E-007,4.19860837904615856E-010)             (-0.49999792508737750,0.0000000000000000)
        1064        1500   461.50179800090905        1.0000000000039966        262.56532410113698       0.99999748528691912        2.5147170757231972E-006  -3.9965808440456385E-012  (-1.64919129753667066E-006,7.16861082157377468E-018)   (1.81298543220859704E-006,1.37298986899724636E-007)             (-0.49999792508711238,0.0000000000000000)
        1065        1500   462.97154894995708        1.0000000000039990        279.39453496396857       0.99999748528510013        2.5147188965765048E-006  -3.9990233346998139E-012  (1.70582814850245600E-006,-8.82177446378527921E-020)  (2.65652753837224011E-006,-1.04165713031760426E-007)             (-0.49999792508612428,0.0000000000000000)
        1066        1500   464.44129989900512        1.0000000000040004        292.73660853833542       0.99999748528319876        2.5147208011599675E-006  -4.0003556023293640E-012   (4.58096569819692895E-006,1.56909446053584761E-017)  (2.01798738711154882E-006,-3.07604343403282411E-008)             (-0.49999792508523927,0.0000000000000000)
        1067        1500   465.91105084805315        1.0000000000040057        302.21786101675895       0.99999748528213317        2.5147218721349289E-006  -4.0056846728475648E-012   (6.54784438091203835E-006,5.85809793291698009E-021)  (3.84004568092846032E-007,-2.44454298126609584E-007)             (-0.49999792508462576,0.0000000000000000)
        1068        1500   467.38080179710119        1.0000000000040019        307.57274218277871       0.99999748528262966        2.5147213729888134E-006  -4.0019099145638393E-012   (5.36296416579142404E-006,1.36383804110422604E-018) (-1.60363036992046597E-006,-2.86617125169021072E-008)             (-0.49999792508498464,0.0000000000000000)
        1069        1500   468.85055274614922        1.0000000000040083        308.65127292170831       0.99999748528409360        2.5147199122799182E-006  -4.0083492081066652E-012   (3.15774519306981182E-006,4.62213637083922172E-018) (-2.13602279471872975E-006,-1.43067353974235462E-007)             (-0.49999792508562657,0.0000000000000000)
        1070        1500   470.32030369519725        1.0000000000040121        305.42324582457297       0.99999748528586263        2.5147181482561627E-006  -4.0121239663903907E-012  (-3.39089185148575888E-007,1.80406032988655850E-019)  (-2.58555788098948310E-006,8.84087707292986041E-008)             (-0.49999792508656793,0.0000000000000000)
        1071        1500   471.79005464424529        1.0000000000040161        297.97907123498464       0.99999748528690868        2.5147171084118139E-006  -4.0161207692790413E-012  (-2.31999488814210620E-006,4.43623961815806287E-020)  (-6.90720273206616077E-007,2.73033566487491160E-008)             (-0.49999792508705498,0.0000000000000000)
        1072        1500   473.25980559329332        1.0000000000040186        286.52724504292706       0.99999748528694599        2.5147170729393984E-006  -4.0185632599332166E-012 (-2.53635199966464264E-006,-1.71373167997947673E-017)   (7.16619688488953581E-007,1.50052684359409624E-007)             (-0.49999792508710561,0.0000000000000000)
        1073        1500   474.72955654234136        1.0000000000040230        271.38850914733843       0.99999748528618393        2.5147178390357103E-006  -4.0230041520317172E-012 (-8.74644095255260771E-008,-7.28464533336913465E-020)  (2.50675640872338067E-006,-3.75826226500574587E-008)             (-0.49999792508668334,0.0000000000000000)
        1074        1500   476.19930749138939        1.0000000000040268        252.98686814078428       0.99999748528533039        2.5147186962573361E-006  -4.0267789103154428E-012  (2.71451692948874258E-006,-1.43484669587455848E-017)   (1.94378816113252176E-006,1.08746291238725192E-008)             (-0.49999792508628660,0.0000000000000000)
        1075        1500   477.66905844043742        1.0000000000040326        231.83771382025773       0.99999748528478927        2.5147192432870475E-006  -4.0325520700434936E-012   (5.34374544288166099E-006,2.02188925414495923E-019)  (1.62491852863207078E-006,-1.46400060383317024E-007)             (-0.49999792508600577,0.0000000000000000)
        1076        1500   479.13880938948546        1.0000000000040403        208.53339013194699       0.99999748528469712        2.5147193420474503E-006  -4.0403236312158697E-012   (5.79818077446087291E-006,2.51255410925037196E-017) (-6.97993008518610928E-007,-7.18668910424645204E-008)             (-0.49999792508596735,0.0000000000000000)
        1077        1500   480.60856033853349        1.0000000000040417        183.72660284590958       0.99999748528482701        2.5147192138569800E-006  -4.0416558988454199E-012   (4.36698442242278919E-006,6.16877632859721827E-018) (-1.69450917584327527E-006,-1.28450823101911043E-007)             (-0.49999792508602758,0.0000000000000000)
        1078        1500   482.07831128758153        1.0000000000040477        158.11213862125260       0.99999748528492916        2.5147191198785771E-006  -4.0476511031783957E-012   (1.05418748247182098E-006,6.53536434807667743E-018)  (-2.86727345083504499E-006,6.93356493064016255E-008)             (-0.49999792508608126,0.0000000000000000)
        1079        1500   483.54806223662956        1.0000000000040510        132.40740547289917       0.99999748528489008        2.5147191623015214E-006  -4.0509817722522712E-012  (-1.50119202664814199E-006,4.44829333650572292E-018)  (-1.16241549659557552E-006,4.00329366950535359E-008)             (-0.49999792508606450,0.0000000000000000)
        1080        1500   485.01781318567760        1.0000000000040516        107.33233966109238       0.99999748528482213        2.5147192292645149E-006  -4.0516479060670463E-012  (-2.80928391555326936E-006,1.56041884382294416E-017)  (-5.65666702901506016E-007,1.38986005987448818E-007)             (-0.49999792508602697,0.0000000000000000)
        1081        1500   486.48756413472563        1.0000000000040592        83.589241769999163       0.99999748528492516        2.5147191316740674E-006  -4.0591974226344973E-012  (-1.76572807125313597E-006,4.62951461960637453E-018)   (1.95206639271073303E-006,6.84165759220861974E-008)             (-0.49999792508608226,0.0000000000000000)
        1082        1500   487.95731508377366        1.0000000000040650        61.843106725015765       0.99999748528524912        2.5147188160345305E-006  -4.0649705823625482E-012   (8.05212577554254659E-007,7.80204437017693858E-018)   (1.94964935957427261E-006,4.52455218893737253E-008)             (-0.49999792508624047,0.0000000000000000)
        1083        1500   489.42706603282170        1.0000000000040701        42.702998664202262       0.99999748528566479        2.5147184038260085E-006  -4.0700776082758239E-012   (3.88396687230629865E-006,9.24529294640115700E-018)  (2.45982222611899679E-006,-7.58700950811333595E-008)             (-0.49999792508645380,0.0000000000000000)
        1084        1500   490.89681698186973        1.0000000000040727        26.704992315059958       0.99999748528591725        2.5147181534374531E-006  -4.0727421435349243E-012  (5.48977985728193707E-006,-3.86081031472171612E-021) (-3.41692291308609225E-008,-9.21714425528172844E-008)             (-0.49999792508657431,0.0000000000000000)
        1085        1500   492.36656793091777        1.0000000000040756        14.297158653306584       0.99999748528585686        2.5147182177256745E-006  -4.0756287233989497E-012  (5.02653686110809396E-006,-9.25194196020806748E-018) (-6.33430013928365655E-007,-7.20831571991766325E-008)             (-0.49999792508654051,0.0000000000000000)
        1086        1500   493.83631887996580        1.0000000000040707        5.8270153642119631       0.99999748528551025        2.5147185629599581E-006  -4.0707437420905990E-012   (2.86796275767000032E-006,6.33372107787312129E-019) (-2.58778079353006318E-006,-4.09614835765309808E-008)             (-0.49999792508637242,0.0000000000000000)
        1087        1500   495.30606982901384        1.0000000000040767        1.5317935930300908       0.99999748528506660        2.5147190116858992E-006  -4.0767389464235748E-012  (-1.56515065335344599E-007,7.80631840797423783E-018)  (-1.79972409690611334E-006,5.58446804823521021E-008)             (-0.49999792508614799,0.0000000000000000)
        1088        1500   496.77582077806187        1.0000000000040825        1.5317935926792794       0.99999748528476751        2.5147193175186484E-006  -4.0825121061516256E-012  (-2.31560573726397471E-006,1.34793070713337827E-019)  (-1.41191608502375948E-006,9.99582439567466720E-008)             (-0.49999792508599833,0.0000000000000000)
        1089        1500   498.24557172710990        1.0000000000040954        5.8270153631678951       0.99999748528474752        2.5147193463354004E-006  -4.0953906932372774E-012  (-2.51334168355050053E-006,7.78730949060191884E-018)   (1.19556335555535417E-006,1.24465661212166122E-007)             (-0.49999792508598817,0.0000000000000000)
        1090        1500   499.71532267615794        1.0000000000041036        14.297158651600078       0.99999748528496779        2.5147191364663876E-006  -4.1036063436195036E-012  (-5.54485086760907113E-007,1.78712335367276482E-019)   (1.55588507447315564E-006,2.76807311237970732E-008)             (-0.49999792508610519,0.0000000000000000)
        1091        1500   501.18507362520597        1.0000000000040992        26.704992312738764       0.99999748528524179        2.5147188590687530E-006  -4.0991654515210030E-012  (2.16776587254768949E-006,-9.25146377677474572E-018)   (2.60604157652188046E-006,1.36003973923189269E-008)             (-0.49999792508623597,0.0000000000000000)
        1092        1500   502.65482457425401        1.0000000000041016        42.702998661331726       0.99999748528544941        2.5147186546327636E-006  -4.1016079421751783E-012   (4.73030122622171283E-006,4.66842261702291418E-018)  (1.00123102493989331E-006,-1.04979590924598798E-007)             (-0.49999792508634300,0.0000000000000000)
        1093        1500   504.12457552330204        1.0000000000041029        61.843106721675476       0.99999748528550225        2.5147186008856839E-006  -4.1029402098047285E-012  (5.45894712332981292E-006,-6.62396151548233731E-018)  (2.43647259319756153E-007,-7.17728009063715948E-008)             (-0.49999792508636709,0.0000000000000000)
        1094        1500   505.59432647235008        1.0000000000041112        83.589241766283365       0.99999748528545318        2.5147186569548477E-006  -4.1111558601869547E-012   (4.30745113018448231E-006,5.21076921153713755E-018) (-2.14652837426672297E-006,-1.12082093418450665E-007)             (-0.49999792508634483,0.0000000000000000)
        1095        1500   507.06407742139811        1.0000000000041109        107.33233965710613       0.99999748528536858        2.5147187431247253E-006  -4.1109338155820296E-012  (1.40596252133985869E-006,-2.72988409300968026E-017)  (-1.82825439114536649E-006,6.02850776280671631E-008)             (-0.49999792508629914,0.0000000000000000)
        1096        1500   508.53382837044614        1.0000000000041114        132.40740546875458       0.99999748528532484        2.5147187887965932E-006  -4.1113779047918797E-012 (-9.56090995663517002E-007,-9.43307704952096978E-018)  (-1.97440895637923569E-006,2.63237411499906850E-009)             (-0.49999792508627938,0.0000000000000000)
        1097        1500   510.00357931949418        1.0000000000041218        158.11213861706747       0.99999748528532484        2.5147187970040265E-006  -4.1218140012233562E-012  (-2.52751183352207594E-006,1.26743726856275241E-018)   (1.33964488223204502E-008,1.61909086351399895E-007)             (-0.49999792508627899,0.0000000000000000)
        1098        1500   511.47333026854221        1.0000000000041331        183.72660284180165       0.99999748528532861        2.5147188037369123E-006  -4.1331382760745328E-012 (-1.55798764146671569E-006,-1.44145683669077036E-018)   (1.06120155785712019E-006,2.01554351729648927E-008)             (-0.49999792508627999,0.0000000000000000)
        1099        1500   512.94308121758991        1.0000000000041469        208.53339012803309       0.99999748528530596        2.5147188417220925E-006  -4.1469050415798847E-012  (5.90512395905584805E-007,-4.71460780976859345E-018)   (2.45260734329778384E-006,8.40934137682613978E-008)             (-0.49999792508626989,0.0000000000000000)
        1100        1500   514.41283216663737        1.0000000000041518        231.83771381664997       0.99999748528524357        2.5147189085198803E-006  -4.1517900228882354E-012  (3.68392290018922171E-006,-6.81576963132179876E-018)  (1.70036853270755166E-006,-1.27457124559738113E-007)             (-0.49999792508623636,0.0000000000000000)
        1101        1500   515.88258311568484        1.0000000000041609        252.98686813758962       0.99999748528520493        2.5147189566233358E-006  -4.1608938516901617E-012   (5.10639494500525385E-006,3.94419137727753498E-018)  (7.86974626242313479E-007,-2.51375694835598117E-008)             (-0.49999792508622137,0.0000000000000000)
        1102        1500   517.35233406473230        1.0000000000041696        271.38850914464922       0.99999748528521493        2.5147189536819567E-006  -4.1695535912822379E-012   (5.23587593211587291E-006,9.15658848795600421E-018) (-9.77085644055662715E-007,-1.53603468993905052E-007)             (-0.49999792508622248,0.0000000000000000)
        1103        1500   518.82208501377977        1.0000000000041718        286.52724504082067       0.99999748528528776        2.5147188833959344E-006  -4.1717740373314882E-012  (3.08052281250861209E-006,-1.15755215064898204E-018)  (-1.83622425981539701E-006,1.78303823836387920E-008)             (-0.49999792508626190,0.0000000000000000)
        1104        1500   520.29183596282724        1.0000000000041755        297.97907123352638       0.99999748528538923        2.5147187859413277E-006  -4.1755487956152137E-012  (5.54535484681293710E-007,-1.70471085766007625E-017) (-2.24742870626348148E-006,-3.64437352906008281E-008)             (-0.49999792508630925,0.0000000000000000)
        1105        1500   521.76158691187470        1.0000000000041775        305.42324582381099       0.99999748528546961        2.5147187074020493E-006  -4.1775471970595390E-012 (-1.87122986257196629E-006,-6.18681896487639407E-019)  (-9.11588491491611945E-007,1.64498171676092626E-007)             (-0.49999792508635249,0.0000000000000000)
        1106        1500   523.23133786092217        1.0000000000041811        308.65127292166676       0.99999748528548404        2.5147186961359131E-006  -4.1810999107383395E-012 (-1.89439673706577205E-006,-1.56041219190413070E-017)   (4.24222581931824454E-007,1.11981214287971542E-008)             (-0.49999792508635510,0.0000000000000000)
        1107        1500   524.70108880996963        1.0000000000041878        307.57274218346714       0.99999748528545029        2.5147187401501942E-006  -4.1877612488860905E-012  (-7.21170473949444326E-007,2.94029618640672940E-019)   (1.74671983293736889E-006,1.35598063788208982E-007)             (-0.49999792508634189,0.0000000000000000)
        1108        1500   526.17083975901710        1.0000000000042026        302.21786101816178       0.99999748528538479        2.5147188167302410E-006  -4.2026382374160676E-012   (2.24071633602375330E-006,9.34939407594166600E-018)  (2.14972366694704003E-006,-9.09535017754070453E-008)             (-0.49999792508630564,0.0000000000000000)
        1109        1500   527.64059070806456        1.0000000000042033        292.73660854041702       0.99999748528533083        2.5147188749712926E-006  -4.2033043712308427E-012  (4.33825735430141977E-006,-6.77714642916632519E-019)   (1.37264001888352726E-006,5.14191765122886783E-009)             (-0.49999792508628127,0.0000000000000000)
        1110        1500   529.11034165711203        1.0000000000042102        279.39453496667596       0.99999748528531263        2.5147188970608992E-006  -4.2101877539835186E-012   (5.61382770114865338E-006,7.80879944177342379E-018)  (4.32694779645785929E-008,-1.80382191313306540E-007)             (-0.49999792508626983,0.0000000000000000)
        1111        1500   530.58009260615950        1.0000000000042135        262.56532410439775       0.99999748528533594        2.5147188788853776E-006  -4.2135184230573941E-012   (4.24205265068167219E-006,5.88566450420863206E-018)  (-1.61212720268488076E-006,1.18614371169183100E-008)             (-0.49999792508628293,0.0000000000000000)
        1112        1500   532.04984355520696        1.0000000000042122        242.72032724367787       0.99999748528536370        2.5147188482464311E-006  -4.2121861554278439E-012   (2.18298850103383410E-006,8.79501541466755761E-020) (-1.83214888009390701E-006,-7.55531718239778750E-008)             (-0.49999792508629681,0.0000000000000000)
        1113        1500   533.51959450425443        1.0000000000042126        220.41536158526446       0.99999748528539056        2.5147188229442132E-006  -4.2126302446376940E-012  (-5.92724123388395844E-007,5.01433658687244593E-021)  (-1.88643613589396340E-006,1.15964313658279585E-007)             (-0.49999792508630986,0.0000000000000000)
        1114        1500   534.98934545330189        1.0000000000042213        196.27514295360581       0.99999748528540477        2.5147188139142952E-006  -4.2212899842297702E-012 (-1.80067858279679033E-006,-9.88071518498484597E-018)  (-2.25608380053935689E-007,4.00615837514618172E-008)             (-0.49999792508631696,0.0000000000000000)
        1115        1500   536.45909640234936        1.0000000000042213        170.97578880235628       0.99999748528540633        2.5147188147050966E-006  -4.2212899842297702E-012  (-1.55865777321920835E-006,8.94571458578515556E-020)   (9.15415866890953948E-007,1.46151260494113850E-007)             (-0.49999792508631757,0.0000000000000000)
        1116        1500   537.92884735139683        1.0000000000042282        145.22588156686203       0.99999748528541121        2.5147188151455698E-006  -4.2281733669824462E-012   (8.23782774570302452E-007,5.86610954858490538E-019)  (2.23170822865428419E-006,-3.55073772917846054E-008)             (-0.49999792508631935,0.0000000000000000)
        1117        1500   539.39859830044429        1.0000000000042313        119.74662273985146       0.99999748528542032        2.5147188101120388E-006  -4.2312819914513966E-012  (3.16747526729913129E-006,-1.09355888815963005E-018)   (1.54843446575142606E-006,1.86914042477193794E-008)             (-0.49999792508632407,0.0000000000000000)
        1118        1500   540.86834924949176        1.0000000000042373        95.251633513493601       0.99999748528543386        2.5147188030621739E-006  -4.2372771957843725E-012  (5.15624532690868526E-006,-2.29005484295132792E-018)  (1.06838457086405698E-006,-1.34259150588647029E-007)             (-0.49999792508633090,0.0000000000000000)
        1119        1500   542.33810019853922        1.0000000000042402        72.426967729956544       0.99999748528543431        2.5147188030863096E-006  -4.2401637756483979E-012  (5.03492885486989492E-006,-1.70515358023673152E-017) (-9.52859665633275950E-007,-3.64993630347287492E-008)             (-0.49999792508633117,0.0000000000000000)
        1120        1500   543.80785114758669        1.0000000000042395        51.911896936261122       0.99999748528542320        2.5147188137427016E-006  -4.2394976418336228E-012  (3.55711495474383727E-006,-3.26614090353306367E-019) (-1.50147766582091757E-006,-9.73234718311123594E-008)             (-0.49999792508632629,0.0000000000000000)
        1121        1500   545.27760209663415        1.0000000000042375        34.281005714189213       0.99999748528540455        2.5147188326467460E-006  -4.2374992403892975E-012  (7.37679449845642051E-007,-5.58916353721180152E-021)  (-2.34878882951755269E-006,7.46933505569368732E-008)             (-0.49999792508631596,0.0000000000000000)
        1122        1500   546.74735304568162        1.0000000000042371        20.028098757916634       0.99999748528538834        2.5147188480979416E-006  -4.2370551511794474E-012  (-1.14272177163647747E-006,2.26809408206542235E-018)  (-6.57232622978916505E-007,3.37971862422655788E-008)             (-0.49999792508630797,0.0000000000000000)
        1123        1500   548.21710399472909        1.0000000000042375        9.5523704287489668       0.99999748528538501        2.5147188527959158E-006  -4.2374992403892975E-012  (-1.85171190294272752E-006,9.42804671776564824E-018)  (-1.91284960740323653E-007,1.12821343785667265E-007)             (-0.49999792508630664,0.0000000000000000)
        1124        1500   549.68685494377655        1.0000000000042408        3.1472241490484723       0.99999748528539811        2.5147188437561871E-006  -4.2408299094631730E-012  (-5.87417101008836427E-007,4.62834558706263803E-018)   (1.92160211167857597E-006,3.86119113547792040E-008)             (-0.49999792508631341,0.0000000000000000)
        1125        1500   551.15660589282402        1.0000000000042411       0.99205478093290411       0.99999748528541410        2.5147188270286162E-006  -4.2410519540680980E-012  (1.73833401748657425E-006,-1.17692123454878146E-018)   (1.61567648156450867E-006,1.46725683660073352E-008)             (-0.49999792508632096,0.0000000000000000)
        1126        1500   552.62635684187148        1.0000000000042397        3.1472241482780938       0.99999748528542920        2.5147188117763129E-006  -4.2397196864385478E-012   (4.15854661190883741E-006,8.61765149170157441E-018)  (1.84486873278342668E-006,-8.45519669653079006E-008)             (-0.49999792508632912,0.0000000000000000)
        1127        1500   554.09610779091895        1.0000000000042439        9.5523704272298655       0.99999748528543919        2.5147188057207680E-006  -4.2439385339321234E-012   (5.10400246317730592E-006,8.85977214435138963E-020) (-3.74634749286179169E-007,-8.32118290022576002E-008)             (-0.49999792508633373,0.0000000000000000)
        1128        1500   555.56585873996642        1.0000000000042450        20.028098755691605       0.99999748528543786        2.5147188093724643E-006  -4.2450487569567485E-012   (4.30643602133749698E-006,1.96794611510504572E-017) (-7.99615934245696442E-007,-6.41015287067727439E-008)             (-0.49999792508633240,0.0000000000000000)
        1129        1500   557.03560968901388        1.0000000000042490        34.281005711321129       0.99999748528543231        2.5147188180981526E-006  -4.2490455598453991E-012  (2.21471154226085004E-006,-1.75867570244873996E-019) (-2.28088421387363937E-006,-2.18921595844610314E-008)             (-0.49999792508633017,0.0000000000000000)
        1130        1500   558.50536063806135        1.0000000000042519        51.911896932829748       0.99999748528542631        2.5147188263072669E-006  -4.2519321397094245E-012 (-2.58402671660403040E-007,-1.70533384792348164E-017)  (-1.32153931368360912E-006,4.78406649337889570E-008)             (-0.49999792508632712,0.0000000000000000)
        1131        1500   559.97511158710881        1.0000000000042519        72.426967726058180       0.99999748528542232        2.5147188301965182E-006  -4.2519321397094245E-012  (-1.78731400496518706E-006,3.31198502730742844E-018)  (-9.24981086719655852E-007,8.62545431360839927E-008)             (-0.49999792508632479,0.0000000000000000)
        1132        1500   561.44486253615628        1.0000000000042519        95.251633509237720       0.99999748528542165        2.5147188298723934E-006  -4.2519321397094245E-012  (-1.53014427475520024E-006,9.07505619819820117E-018)   (1.34800052340001866E-006,8.51594788251757934E-008)             (-0.49999792508632490,0.0000000000000000)
        1133        1500   562.91461348520374        1.0000000000042530        119.74662273535800       0.99999748528542631        2.5147188279130804E-006  -4.2530423627340497E-012  (3.43505006823310545E-007,-3.57880566220633602E-018)   (1.32607223305382880E-006,5.58418005865180055E-009)             (-0.49999792508632757,0.0000000000000000)
        1134        1500   564.38436443425121        1.0000000000042562        145.22588156225612       0.99999748528543031        2.5147188267805054E-006  -4.2561509872030001E-012  (2.62269825169607517E-006,-6.44716855968893528E-018)  (2.16904856413670719E-006,-4.73944239265870657E-009)             (-0.49999792508632962,0.0000000000000000)
        1135        1500   565.85411538329868        1.0000000000042593        170.97578879776759       0.99999748528543231        2.5147188268307578E-006  -4.2592596116719506E-012  (4.54460078677742861E-006,-7.46147479522119364E-019)  (5.08827577252393143E-007,-1.07210551448583215E-007)             (-0.49999792508633045,0.0000000000000000)
        1136        1500   567.32386633234614        1.0000000000042619        196.27514294916531       0.99999748528543431        2.5147188269045064E-006  -4.2619241469310509E-012  (4.70101560873355366E-006,-9.07169796040181439E-018) (-1.02221282770901973E-007,-5.73641562133831373E-008)             (-0.49999792508633134,0.0000000000000000)
        1137        1500   568.79361728139361        1.0000000000042684        220.41536158109722       0.99999748528544208        2.5147188256421291E-006  -4.2683634404738768E-012   (3.36293345319189800E-006,1.58586699393921662E-019) (-2.06106759822895686E-006,-8.93815613950329079E-008)             (-0.49999792508633500,0.0000000000000000)
        1138        1500   570.26336823044107        1.0000000000042730        242.72032723989656       0.99999748528544874        2.5147188228868013E-006  -4.2730263771773025E-012  (7.55852903104675886E-007,-1.35539621405634540E-018)  (-1.48790735490103360E-006,7.34601615244781016E-008)             (-0.49999792508633872,0.0000000000000000)
        1139        1500   571.73311917948854        1.0000000000042697        262.56532410111072       0.99999748528545074        2.5147188202597116E-006  -4.2696957081034270E-012 (-1.00967649620596572E-006,-4.62301835281136810E-018)  (-1.41595266838497384E-006,6.70774328245375929E-009)             (-0.49999792508633928,0.0000000000000000)
        1140        1500   573.20287012853601        1.0000000000042684        279.39453496397874       0.99999748528544852        2.5147188191282696E-006  -4.2683634404738768E-012 (-1.98363284445864259E-006,-1.32431465762808570E-017)   (2.98971630129807078E-007,1.37980931331333704E-007)             (-0.49999792508633817,0.0000000000000000)
        1141        1500   574.67262107758347        1.0000000000042764        292.73660853838220       0.99999748528545496        2.5147188206362775E-006  -4.2763570462511780E-012 (-8.42402331224143193E-007,-7.23864850453966586E-019)   (1.09240544364302005E-006,1.47781409149181679E-008)             (-0.49999792508634111,0.0000000000000000)
        1142        1500   576.14237202663094        1.0000000000042748        302.21786101684870       0.99999748528545185        2.5147188238186785E-006  -4.2748027340167027E-012  (1.16419815548216290E-006,-7.80214711700081385E-018)   (2.15132322661252407E-006,5.78692095702455731E-008)             (-0.49999792508634067,0.0000000000000000)
        1143        1500   577.61212297567840        1.0000000000042788        307.57274218290991       0.99999748528545118        2.5147188271236724E-006  -4.2787995369053533E-012  (3.65375614257349510E-006,-3.35749540730473787E-018)  (1.18199202291160390E-006,-1.16818380922995930E-007)             (-0.49999792508633900,0.0000000000000000)
        1144        1500   579.08187392472587        1.0000000000042841        308.65127292188231       0.99999748528545673        2.5147188285725485E-006  -4.2841286074235541E-012   (4.49871079224480098E-006,1.26780448495114782E-018)  (4.10871021002156728E-007,-1.79200401261129890E-008)             (-0.49999792508634239,0.0000000000000000)
        1145        1500   580.55162487377333        1.0000000000042872        305.42324582479546       0.99999748528545873        2.5147188280437704E-006  -4.2872372318925045E-012   (4.23159053268133914E-006,2.50326793300699109E-017) (-1.14595807891284136E-006,-1.26060728473187385E-007)             (-0.49999792508634283,0.0000000000000000)
        1146        1500   582.02137582282080        1.0000000000042968        297.97907123525255       0.99999748528546650        2.5147188259725559E-006  -4.2967851499042808E-012  (2.13278944855940680E-006,-3.35441489448602945E-018)  (-1.60180226725627016E-006,3.70361584392420562E-008)             (-0.49999792508634711,0.0000000000000000)
        1147        1500   583.49112677186827        1.0000000000042950        286.52724504324266       0.99999748528546939        2.5147188238924416E-006  -4.2950087930648806E-012  (4.40992106595418842E-008,-1.17813522117951383E-018) (-1.82943967466907951E-006,-2.71404009628297150E-008)             (-0.49999792508634883,0.0000000000000000)
        1148        1500   584.96087772091573        1.0000000000042957        271.38850914769614       0.99999748528547117        2.5147188226607019E-006  -4.2956749268796557E-012 (-1.78503518345777525E-006,-6.84950027133925593E-018)  (-4.46667952955132984E-007,1.61164974709570153E-007)             (-0.49999792508634960,0.0000000000000000)
        1149        1500   586.43062866996320        1.0000000000042919        252.98686814117536       0.99999748528547094        2.5147188227323618E-006  -4.2919001685959302E-012  (-1.31030821834781495E-006,1.45355179322392806E-018)  (6.88178533519044622E-007,-8.76286776881190244E-009)             (-0.49999792508634899,0.0000000000000000)
        1150        1500   587.90037961901066        1.0000000000042950        231.83771382067630       0.99999748528547272        2.5147188233776480E-006  -4.2950087930648806E-012 (-6.51963552542178289E-008,-9.52992408237300043E-019)   (1.57061245347981516E-006,1.08853056301542333E-007)             (-0.49999792508635055,0.0000000000000000)
        1151        1500   589.37013056805813        1.0000000000042992        208.53339013238883       0.99999748528547516        2.5147188240824408E-006  -4.2992276405584562E-012  (2.48106432670018521E-006,-9.07282197509244263E-018)  (1.76034937401369087E-006,-8.88790166969601791E-008)             (-0.49999792508635155,0.0000000000000000)
        1152        1500   590.83988151710560        1.0000000000043068        183.72660284636240       0.99999748528548071        2.5147188244019611E-006  -4.3067771571259073E-012   (4.06534719690113163E-006,4.86652575857522601E-019)   (9.52340548829078277E-007,6.71330263311817261E-010)             (-0.49999792508635427,0.0000000000000000)
        1153        1500   592.30963246615306        1.0000000000043132        158.11213862170891       0.99999748528548960        2.5147188244484882E-006  -4.3132164506687332E-012  (4.82010632384080639E-006,-1.82260675785486014E-017) (-2.56374324197054566E-007,-1.56340497296782595E-007)             (-0.49999792508635921,0.0000000000000000)
        1154        1500   593.77938341520053        1.0000000000043130        132.40740547334670       0.99999748528548871        2.5147188245035589E-006  -4.3129944060638081E-012  (3.29767849529465419E-006,-4.62356515803886065E-018)  (-1.58377765160766050E-006,2.34393395285339291E-008)             (-0.49999792508635865,0.0000000000000000)
        1155        1500   595.24913436424799        1.0000000000043112        107.33233966152164       0.99999748528548604        2.5147188247420647E-006  -4.3112180492244079E-012   (1.41838335270395469E-006,7.80968282664462977E-018) (-1.55217179731535631E-006,-5.07351248964389469E-008)             (-0.49999792508635715,0.0000000000000000)
        1156        1500   596.71888531329546        1.0000000000043132        83.589241770399582       0.99999748528548560        2.5147188250972426E-006  -4.3132164506687332E-012 (-7.60938729776621618E-007,-2.59127751839507617E-018)  (-1.32963896980851175E-006,1.11335344163467963E-007)             (-0.49999792508635704,0.0000000000000000)
        1157        1500   598.18863626234292        1.0000000000043145        61.843106725377609       0.99999748528549048        2.5147188252691001E-006  -4.3145487182982833E-012 (-1.38823164455030600E-006,-7.98354922241070241E-018)   (7.25006656206885492E-008,2.21587251286459695E-008)             (-0.49999792508635904,0.0000000000000000)
        1158        1500   599.65838721139039        1.0000000000043203        42.702998664515277       0.99999748528549470        2.5147188250922574E-006  -4.3203218780263342E-012 (-8.62988143672653547E-007,-2.63350016537299635E-018)   (1.03921667034107862E-006,1.27123803278530818E-007)             (-0.49999792508636132,0.0000000000000000)
        1159        1500   601.12813816043786        1.0000000000043183        26.704992315314673       0.99999748528549781        2.5147188245439586E-006  -4.3183234765820089E-012   (1.45394922770794857E-006,9.24792640251137687E-018)  (1.98919026211499614E-006,-5.92952527292298385E-008)             (-0.49999792508636309,0.0000000000000000)
        1160        1500   602.59788910948532        1.0000000000043245        14.297158653495375       0.99999748528550136        2.5147188239800341E-006  -4.3245407255199098E-012   (3.34652914399307329E-006,1.35584241791656108E-018)   (1.12264169429995989E-006,9.66657814894252751E-009)             (-0.49999792508636487,0.0000000000000000)
        1161        1500   604.06764005853279        1.0000000000043252        5.8270153643281120       0.99999748528549937        2.5147188236423593E-006  -4.3252068593346849E-012   (4.77061246693479638E-006,1.24235541691032512E-017)  (6.61428353920711018E-007,-1.24415107501151553E-007)             (-0.49999792508636332,0.0000000000000000)
        1162        1500   605.53739100758025        1.0000000000043290        1.5317935930709323       0.99999748528550603        2.5147188237275497E-006  -4.3289816176184104E-012  (4.30576577163793181E-006,-1.08506531398476834E-018) (-1.07113376248152137E-006,-1.91519649734360745E-008)             (-0.49999792508636687,0.0000000000000000)
        1163        1500   607.00714195662772        1.0000000000043354        1.5317935926411281       0.99999748528550847        2.5147188241068006E-006  -4.3354209111612363E-012   (2.86970973735453357E-006,4.67219149055772475E-018) (-1.32924000051966187E-006,-7.94636993940662856E-008)             (-0.49999792508636809,0.0000000000000000)
        1164        1500   608.47689290567519        1.0000000000043285        5.8270153630507933       0.99999748528550558        2.5147188245821127E-006  -4.3285375284085603E-012  (4.37128393241570082E-007,-8.88754540090592942E-020)  (-1.97861551198774252E-006,8.01365789988643071E-008)             (-0.49999792508636687,0.0000000000000000)
        1165        1500   609.94664385472265        1.0000000000043336        14.297158651406408       0.99999748528550736        2.5147188248619292E-006  -4.3336445543218360E-012  (-9.20324142946757539E-007,3.60565132116398227E-018)  (-2.40687222391935063E-007,4.04468458244055126E-008)             (-0.49999792508636759,0.0000000000000000)
        1166        1500   611.41639480377012        1.0000000000043376        26.704992312472914       0.99999748528551358        2.5147188248847957E-006  -4.3376413572104866E-012  (-1.08035207033535374E-006,1.43436759325251102E-017)   (1.56246429098633972E-007,9.28052820139917866E-008)             (-0.49999792508637031,0.0000000000000000)
        1167        1500   612.88614575281758        1.0000000000043412        42.702998661000422       0.99999748528551380        2.5147188247175749E-006  -4.3411940708892871E-012  (3.31659029152135553E-007,-1.66877000040601025E-021)   (1.78651881544506131E-006,1.82905879877434821E-008)             (-0.49999792508637070,0.0000000000000000)
        1168        1500   614.35589670186505        1.0000000000043432        61.843106721288414       0.99999748528551891        2.5147188245128746E-006  -4.3431924723336124E-012  (2.36463928132360498E-006,-1.03354250010380483E-017)   (1.32227905880856101E-006,8.07711241476815962E-009)             (-0.49999792508637364,0.0000000000000000)
        1169        1500   615.82564765091252        1.0000000000043550        83.589241765852037       0.99999748528553090        2.5147188243809094E-006  -4.3549608363946390E-012  (4.29180735770310642E-006,-3.83650330508961234E-019)  (1.39231499191852513E-006,-8.30454054050202654E-008)             (-0.49999792508637986,0.0000000000000000)
        1170        1500   617.29539859995998        1.0000000000043610        107.33233965664259       0.99999748528553534        2.5147188243525333E-006  -4.3609560407276149E-012  (4.76624674295153197E-006,-7.79700601572086959E-018) (-6.12808087216645394E-007,-6.65943831634407051E-008)             (-0.49999792508638147,0.0000000000000000)
        1171        1500   618.76514954900745        1.0000000000043694        132.40740546827459       0.99999748528554422        2.5147188243750835E-006  -4.3693937357147661E-012  (3.77852312722584571E-006,-4.62180310445128174E-018) (-8.71797596400005618E-007,-5.03732521748805380E-008)             (-0.49999792508638624,0.0000000000000000)
        1172        1500   620.23490049805491        1.0000000000043614        158.11213861658513       0.99999748528553889        2.5147188243864176E-006  -4.3614001299374650E-012  (1.81606068704560497E-006,-9.62938511730540582E-020)  (-1.98968076236834802E-006,3.36527061922830312E-009)             (-0.49999792508638347,0.0000000000000000)
        1173        1500   621.70465144710238        1.0000000000043694        183.72660284133150       0.99999748528554688        2.5147188243688150E-006  -4.3693937357147661E-012  (-1.27768494063882009E-007,8.52706496969184077E-018)  (-8.82728207577578292E-007,4.36177675479052892E-008)             (-0.49999792508638757,0.0000000000000000)
        1174        1500   623.17440239614984        1.0000000000043705        208.53339012759017       0.99999748528554555        2.5147188243479776E-006  -4.3705039587393912E-012 (-1.15786637499536489E-006,-7.79826992088871006E-018)  (-6.07527431237816345E-007,8.01636768335261913E-008)             (-0.49999792508638657,0.0000000000000000)
        1175        1500   624.64415334519731        1.0000000000043765        231.83771381624874       0.99999748528555044        2.5147188243667686E-006  -4.3764991630723671E-012 (-5.91914566160660449E-007,-1.26063253671124497E-018)   (1.47427485898496811E-006,7.16305116527768208E-008)             (-0.49999792508638935,0.0000000000000000)
        1176        1500   626.11390429424478        1.0000000000043761        252.98686813724169       0.99999748528554999        2.5147188244365175E-006  -4.3760550738625170E-012   (1.27278040975613349E-006,1.19733158772509682E-017)  (1.18006958670863087E-006,-1.12543302595275801E-008)             (-0.49999792508638879,0.0000000000000000)
        1177        1500   627.58365524329224        1.0000000000043787        271.38850914436478       0.99999748528555377        2.5147188245236264E-006  -4.3787196091216174E-012  (3.15540235854224400E-006,-6.25024500825007638E-021)  (1.73066698813541950E-006,-1.09513764086474181E-008)             (-0.49999792508639107,0.0000000000000000)
        1178        1500   629.05340619233971        1.0000000000043909        286.52724504061018       0.99999748528556420        2.5147188245836848E-006  -4.3909320623924941E-012  (4.50797233670987915E-006,-8.61366162465307483E-018)  (1.22728967082494391E-007,-9.53263024336391391E-008)             (-0.49999792508639612,0.0000000000000000)
        1179        1500   630.52315714138717        1.0000000000043980        297.97907123339536       0.99999748528557508        2.5147188245778979E-006  -4.3980374897500951E-012   (4.26010694936401050E-006,7.98721691062249194E-018) (-3.09389089465191365E-007,-3.69572152394766922E-008)             (-0.49999792508640156,0.0000000000000000)
        1180        1500   631.99290809043464        1.0000000000044018        305.42324582376165       0.99999748528557730        2.5147188245140659E-006  -4.4018122480338207E-012  (2.88723580072313397E-006,-4.60492915437249845E-018) (-1.89570491399493236E-006,-7.01176190480338229E-008)             (-0.49999792508640256,0.0000000000000000)
        1181        1500   633.46265903948211        1.0000000000044063        308.65127292170075       0.99999748528558219        2.5147188244250461E-006  -4.4062531401323213E-012   (5.76916847332848430E-007,5.69550863529808433E-021)  (-1.23599312703641612E-006,7.53576198445972377E-008)             (-0.49999792508640489,0.0000000000000000)
        1182        1500   634.93240998852957        1.0000000000044023        307.57274218358452       0.99999748528557708        2.5147188243665001E-006  -4.4022563372436707E-012  (-7.81676841555779316E-007,8.44897835363029920E-020)  (-1.00686797122918680E-006,1.72740520454818607E-008)             (-0.49999792508640245,0.0000000000000000)
        1183        1500   636.40216093757704        1.0000000000044054        302.21786101836409       0.99999748528557908        2.5147188243548970E-006  -4.4053649617126212E-012  (-1.26040852055756793E-006,6.53501112621178169E-018)   (5.65878631962132277E-007,1.10917957009504680E-007)             (-0.49999792508640345,0.0000000000000000)
        1184        1500   637.87191188662450        1.0000000000044054        292.73660854069851       0.99999748528557930        2.5147188243894339E-006  -4.4053649617126212E-012  (-2.19942296953884685E-008,1.13178810963566395E-018)   (1.03327900379525222E-006,2.76668914292965575E-009)             (-0.49999792508640378,0.0000000000000000)
        1185        1500   639.34166283567197        1.0000000000044067        279.39453496702879       0.99999748528558263        2.5147188244377364E-006  -4.4066972293421713E-012  (1.77209362799021477E-006,-1.34882320269439380E-018)   (1.87402515226493618E-006,3.83093670380006082E-008)             (-0.49999792508640534,0.0000000000000000)
        1186        1500   640.81141378471943        1.0000000000044107        262.56532410481327       0.99999748528558419        2.5147188244740910E-006  -4.4106940322308219E-012   (3.75119487011681770E-006,4.69395013871112520E-020)  (7.49954963407926745E-007,-1.15464942319886529E-007)             (-0.49999792508640634,0.0000000000000000)
        1187        1500   642.28116473376690        1.0000000000044120        242.72032724414458       0.99999748528558752        2.5147188244822306E-006  -4.4120262998603721E-012  (4.09063987666638928E-006,-1.72393112614806578E-017)  (9.60268713255013005E-008,-1.05160043035585817E-008)             (-0.49999792508640772,0.0000000000000000)
        1188        1500   643.75091568281437        1.0000000000044178        220.41536158577074       0.99999748528559329        2.5147188244739013E-006  -4.4177994595884229E-012   (3.51474762871996696E-006,1.44195251247701307E-017) (-1.25820928163922165E-006,-1.07749562391644829E-007)             (-0.49999792508641067,0.0000000000000000)
        1189        1500   645.22066663186183        1.0000000000044122        196.27514295413869       0.99999748528558885        2.5147188244613080E-006  -4.4122483444652971E-012  (1.47619862038377392E-006,-1.24092323057649821E-021)  (-1.38260119210608409E-006,5.42736124992943660E-008)             (-0.49999792508640850,0.0000000000000000)
        1190        1500   646.69041758090930        1.0000000000044178        170.97578880289959       0.99999748528559329        2.5147188244554487E-006  -4.4177994595884229E-012 (-2.07927179628408841E-007,-9.06209971494667778E-018) (-1.44467952931360852E-006,-2.64268033110637070E-008)             (-0.49999792508641072,0.0000000000000000)
        1191        1500   648.16016852995676        1.0000000000044178        145.22588156740343       0.99999748528559307        2.5147188244552979E-006  -4.4177994595884229E-012  (-1.60436169112080881E-006,1.30612627213991908E-017)  (-1.87314310316049319E-007,1.48837284545699781E-007)             (-0.49999792508641061,0.0000000000000000)
        1192        1500   649.62991947900423        1.0000000000044227        119.74662274037676       0.99999748528559662        2.5147188244545915E-006  -4.4226844408967736E-012 (-8.90842563173825383E-007,-2.61210642417387618E-017)  (8.35249619253482510E-007,-1.42200371361457095E-008)             (-0.49999792508641244,0.0000000000000000)
        1193        1500   651.09967042805170        1.0000000000044200        95.251633513988295       0.99999748528559840        2.5147188244487076E-006  -4.4200199056376732E-012   (3.86172492330854838E-007,1.32422330901012131E-017)   (1.43687719418314591E-006,8.17047158620333328E-008)             (-0.49999792508641350,0.0000000000000000)
        1194        1500   652.56942137709916        1.0000000000044276        72.426967730407100       0.99999748528560262        2.5147188244378084E-006  -4.4275694222051243E-012  (2.53436975932783386E-006,-7.72108051300480725E-018)  (1.37533834964629871E-006,-9.05609247560247512E-008)             (-0.49999792508641550,0.0000000000000000)
        1195        1500   654.03917232614663        1.0000000000044249        51.911896936655623       0.99999748528560084        2.5147188244295236E-006  -4.4249048869460239E-012   (3.60978955649784400E-006,3.62234668885918770E-019)  (5.69608461558970600E-007,-2.12391818059529459E-009)             (-0.49999792508641439,0.0000000000000000)
        1196        1500   655.50892327519409        1.0000000000044322        34.281005714517114       0.99999748528560639        2.5147188244288819E-006  -4.4322323589085499E-012   (3.89106259498394179E-006,1.26643726768245834E-018) (-5.17074393439494332E-007,-1.35422274675799011E-007)             (-0.49999792508641711,0.0000000000000000)
        1197        1500   656.97867422424156        1.0000000000044367        20.028098758169310       0.99999748528561039        2.5147188244385110E-006  -4.4366732510070506E-012  (2.25858648989222965E-006,-1.14570701400851111E-018)  (-1.49634339108952538E-006,3.55048737535304180E-008)             (-0.49999792508641938,0.0000000000000000)
        1198        1500   658.44842517328902        1.0000000000044313        9.5523704289201135       0.99999748528560795        2.5147188244511551E-006  -4.4313441804888498E-012   (5.69795013668959989E-007,1.43851214231243420E-018) (-1.32588207840374829E-006,-3.85075558467681074E-008)             (-0.49999792508641816,0.0000000000000000)
        1199        1500   659.91817612233649        1.0000000000044338        3.1472241491340855       0.99999748528560839        2.5147188244614249E-006  -4.4337866711430252E-012 (-1.18564764592634092E-006,-1.70385513605836743E-019)  (-9.22837433720081902E-007,1.10048083646803044E-007)             (-0.49999792508641827,0.0000000000000000)
        1200        1500   661.38792707138396        1.0000000000044409       0.99205478093141464       0.99999748528561438        2.5147188244637543E-006  -4.4408920985006262E-012  (-1.40386039170909788E-006,1.27340772923019194E-018)   (2.77988506855457640E-007,7.16851893026980519E-009)             (-0.49999792508642121,0.0000000000000000)
        1201        1500   662.85767802043142        1.0000000000044482        3.1472241481902614       0.99999748528562282        2.5147188244593281E-006  -4.4482195704631522E-012 (-7.50239754498672153E-007,-1.67649618825952546E-018)   (1.04624075451072536E-006,1.13412847907629590E-007)             (-0.49999792508642538,0.0000000000000000)
        1202        1500   664.32742896947889        1.0000000000044420        9.5523704270589445       0.99999748528561794        2.5147188244503652E-006  -4.4420023215252513E-012  (1.40395452122382391E-006,-9.33875725022788645E-018)  (1.75336222985413438E-006,-7.19983879049474567E-008)             (-0.49999792508642305,0.0000000000000000)
        1203        1500   665.79717991852635        1.0000000000044507        20.028098755443043       0.99999748528562593        2.5147188244432929E-006  -4.4506620611173275E-012   (2.87381045028111152E-006,9.24697983138948403E-018)   (7.45107338997597194E-007,5.47755878724152020E-009)             (-0.49999792508642704,0.0000000000000000)
        1204        1500   667.26693086757382        1.0000000000044551        34.281005711002457       0.99999748528563059        2.5147188244401233E-006  -4.4551029532158282E-012  (3.80707845724402515E-006,-1.25603841178457231E-018)  (3.40667951947086197E-007,-1.13609124555656626E-007)             (-0.49999792508642943,0.0000000000000000)
        1205        1500   668.73668181662129        1.0000000000044549        51.911896932451207       0.99999748528563082        2.5147188244413723E-006  -4.4548809086109031E-012   (3.04125875180054141E-006,3.81030098592163772E-018) (-1.20052316644981066E-006,-7.59651583027147817E-009)             (-0.49999792508642937,0.0000000000000000)
        1206        1500   670.20643276566875        1.0000000000044587        72.426967725630874       0.99999748528563481        2.5147188244441353E-006  -4.4586556668946287E-012   (1.58885496397944764E-006,9.43400260704628389E-020) (-1.18372494232618291E-006,-5.52444434580161658E-008)             (-0.49999792508643159,0.0000000000000000)
        1207        1500   671.67618371471622        1.0000000000044658        95.251633508775384       0.99999748528563859        2.5147188244463461E-006  -4.4657610942522297E-012  (-4.48948204512154875E-007,1.26580106853018276E-018)  (-1.57161497669285117E-006,7.83562895526335635E-008)             (-0.49999792508643343,0.0000000000000000)
        1208        1500   673.14593466376368        1.0000000000044664        119.74662273487387       0.99999748528564103        2.5147188244472397E-006  -4.4664272280670048E-012 (-1.38219452432406773E-006,-6.30397802708694210E-019)  (-1.78632674992777304E-009,3.41540151407081644E-008)             (-0.49999792508643470,0.0000000000000000)
        1209        1500   674.61568561281115        1.0000000000044693        145.22588156176477       0.99999748528564680        2.5147188244478461E-006  -4.4693138079310302E-012 (-1.24416197880275750E-006,-1.55115197620655600E-017)   (3.69414871524882506E-007,8.32406292516078563E-008)             (-0.49999792508643759,0.0000000000000000)
        1210        1500   676.08543656185861        1.0000000000044746        170.97578879728411       0.99999748528564880        2.5147188244487199E-006  -4.4746428784492309E-012   (2.43770952309150910E-007,1.44513730200736240E-021)  (1.66801031484330695E-006,-3.21895872680624423E-009)             (-0.49999792508643859,0.0000000000000000)
        1211        1500   677.55518751090608        1.0000000000044806        196.27514294870431       0.99999748528565613        2.5147188244494441E-006  -4.4806380827822068E-012  (1.97772588596856684E-006,-7.79621697698052220E-018)   (1.02076584445061053E-006,1.78975886916293309E-009)             (-0.49999792508644225,0.0000000000000000)
        1212        1500   679.02493845995355        1.0000000000044882        220.41536158067126       0.99999748528566323        2.5147188244495648E-006  -4.4881875993496578E-012  (3.46711730729570684E-006,-1.15845211136857803E-018)  (1.04392004540133061E-006,-7.95482753258776858E-008)             (-0.49999792508644575,0.0000000000000000)
        1213        1500   680.49468940900101        1.0000000000044955        242.72032723952006       0.99999748528567145        2.5147188244487770E-006  -4.4955150713121839E-012   (3.58385050496626525E-006,2.02136477789648171E-021) (-7.91619808168090336E-007,-5.61150354797705897E-008)             (-0.49999792508644986,0.0000000000000000)
        1214        1500   681.96444035804848        1.0000000000044951        262.56532410079291       0.99999748528566990        2.5147188244472062E-006  -4.4950709821023338E-012   (2.44925737309674414E-006,1.69193015968206252E-019) (-9.27810584069477238E-007,-4.02363302641262437E-008)             (-0.49999792508644914,0.0000000000000000)
        1215        1500   683.43419130709594        1.0000000000045000        279.39453496372460       0.99999748528567545        2.5147188244454719E-006  -4.4999559634106845E-012  (6.18718386456885964E-007,-5.35832220483644745E-022)  (-1.70258358569425581E-006,2.75550252332074956E-008)             (-0.49999792508645186,0.0000000000000000)
        1216        1500   684.90394225614341        1.0000000000045046        292.73660853820621       0.99999748528568189        2.5147188244444601E-006  -4.5046189001141101E-012 (-8.03270177124641983E-007,-2.71624898943375880E-018)  (-4.58413103488207417E-007,3.39791909285512695E-008)             (-0.49999792508645508,0.0000000000000000)
        1217        1500   686.37369320519088        1.0000000000045153        302.21786101675912       0.99999748528569032        2.5147188244446710E-006  -4.5152770411505116E-012  (-1.41602806923787686E-006,1.07857764145593350E-017)  (-4.13711211412074503E-007,6.60648402453445671E-008)             (-0.49999792508645935,0.0000000000000000)
        1218        1500   687.84344415423834        1.0000000000045202        307.57274218290905       0.99999748528569388        2.5147188244458120E-006  -4.5201620224588623E-012  (-6.77939370666730323E-007,7.80587443372546298E-018)   (1.55575503111820051E-006,6.90415223732188270E-008)             (-0.49999792508646113,0.0000000000000000)
        1219        1500   689.31319510328581        1.0000000000045222        308.65127292197099       0.99999748528569832        2.5147188244467971E-006  -4.5221604239031876E-012   (1.21767568269942463E-006,7.98809469211477089E-018)  (1.08053819094046588E-006,-3.76861787037601511E-008)             (-0.49999792508646335,0.0000000000000000)
        1220        1500   690.78294605233327        1.0000000000045244        305.42324582497179       0.99999748528570032        2.5147188244466963E-006  -4.5243808699524379E-012  (2.71196255156377902E-006,-8.80939319510587426E-020)  (1.27396146742082342E-006,-1.35764406228002047E-008)             (-0.49999792508646429,0.0000000000000000)
        1221        1500   692.25269700138074        1.0000000000045304        297.97907123551454       0.99999748528570276        2.5147188244461944E-006  -4.5303760742854138E-012   (3.64051661719210639E-006,8.98636913476541011E-018) (-2.86984739814251553E-008,-7.46293950404537803E-008)             (-0.49999792508646557,0.0000000000000000)
        1222        1500   693.72244795042820        1.0000000000045299        286.52724504357934       0.99999748528570676        2.5147188244463139E-006  -4.5299319850755637E-012   (3.27199703601048629E-006,7.98289749432969841E-018) (-4.34181392015756462E-007,-4.66064140632349934E-008)             (-0.49999792508646757,0.0000000000000000)
        1223        1500   695.19219889947567        1.0000000000045330        271.38850914810104       0.99999748528570742        2.5147188244470715E-006  -4.5330406095445142E-012   (1.79243861054133967E-006,8.52997998994564017E-018) (-1.85885364580208852E-006,-4.03046832772410809E-008)             (-0.49999792508646784,0.0000000000000000)
        1224        1500   696.66194984852314        1.0000000000045288        252.98686814163923       0.99999748528570498        2.5147188244473998E-006  -4.5288217620509386E-012 (-1.50927846077398096E-007,-2.53196732940177241E-018)  (-7.89425696565784922E-007,8.35104120153566382E-008)             (-0.49999792508646662,0.0000000000000000)
        1225        1500   698.13170079757060        1.0000000000045355        231.83771382118547       0.99999748528571142        2.5147188244465781E-006  -4.5354831001986895E-012 (-9.49204854250689229E-007,-5.29883127167251935E-018) (-6.67965794159165651E-007,-1.67745901331398249E-010)             (-0.49999792508646990,0.0000000000000000)
        1226        1500   699.60145174661807        1.0000000000045439        208.53339013292771       0.99999748528571919        2.5147188244452767E-006  -4.5439207951858407E-012  (-1.13467477417444801E-006,1.27157644478404547E-018)   (6.67776069308332376E-007,1.04361139204196461E-007)             (-0.49999792508647378,0.0000000000000000)
        1227        1500   701.07120269566553        1.0000000000045557        183.72660284692049       0.99999748528573007        2.5147188244445563E-006  -4.5556891592468673E-012   (2.50891585353509807E-007,3.39158746478211576E-019)  (1.13988000791078730E-006,-3.85973317053056370E-009)             (-0.49999792508647922,0.0000000000000000)
        1228        1500   702.54095364471300        1.0000000000045601        158.11213862227015       0.99999748528573495        2.5147188244445660E-006  -4.5601300513453680E-012  (1.98100052592709055E-006,-9.24289673299720789E-018)   (1.57800737596602619E-006,4.20795811860544288E-009)             (-0.49999792508648166,0.0000000000000000)
        1229        1500   704.01070459376047        1.0000000000045635        132.40740547389672       0.99999748528573962        2.5147188244449883E-006  -4.5634607204192434E-012  (3.42241585815418559E-006,-1.42839978742226194E-019)  (3.33513088449550248E-007,-9.06517990561644209E-008)             (-0.49999792508648400,0.0000000000000000)
        1230        1500   705.48045554280793        1.0000000000045652        107.33233966204534       0.99999748528574295        2.5147188244456485E-006  -4.5652370772586437E-012  (3.55202438158420103E-006,-1.08545638461441026E-018)  (1.35691010074507933E-007,-1.09502103150632820E-009)             (-0.49999792508648566,0.0000000000000000)
        1231        1500   706.95020649185540        1.0000000000045655        83.589241770882339       0.99999748528574273        2.5147188244462381E-006  -4.5654591218635687E-012  (2.96054025296100396E-006,-6.81177470153041030E-020) (-1.39809218236901649E-006,-1.22263558701599534E-007)             (-0.49999792508648555,0.0000000000000000)
        1232        1500   708.41995744090286        1.0000000000045701        61.843106725806877       0.99999748528574628        2.5147188244463253E-006  -4.5701220585669944E-012  (8.33882106006943410E-007,-8.07125577631517566E-018)  (-1.27621622945050046E-006,9.89714927154820780E-008)             (-0.49999792508648733,0.0000000000000000)
        1233        1500   709.88970838995033        1.0000000000045752        42.702998664880809       0.99999748528574872        2.5147188244456621E-006  -4.5752290844802701E-012  (-2.56494024992445345E-007,2.59220183922783847E-018) (-7.60350542244580456E-007,-2.78953182406111517E-008)             (-0.49999792508648855,0.0000000000000000)
        1234        1500   711.35945933899779        1.0000000000045723        26.704992315607409       0.99999748528574739        2.5147188244448303E-006  -4.5723425046162447E-012  (-1.08947727085325232E-006,1.05138864432893846E-017)  (-1.48641684690528318E-007,1.01096955962618167E-007)             (-0.49999792508648788,0.0000000000000000)
        1235        1500   712.82921028804526        1.0000000000045766        14.297158653708330       0.99999748528575050        2.5147188244445194E-006  -4.5765613521098203E-012 (-4.36605271389930811E-007,-2.72395900960218740E-018)   (8.84305373935661452E-007,2.62419006249250057E-008)             (-0.49999792508648944,0.0000000000000000)
        1236        1500   714.29896123709273        1.0000000000045766        5.8270153644564511       0.99999748528575294        2.5147188244447134E-006  -4.5765613521098203E-012  (1.16621022098292558E-006,-1.17876008090153241E-018)   (1.67814817159528206E-006,4.00667264072812502E-008)             (-0.49999792508649066,0.0000000000000000)
        1237        1500   715.76871218614019        1.0000000000045781        1.5317935931121851       0.99999748528575449        2.5147188244449692E-006  -4.5781156643442955E-012  (3.03051459203802885E-006,-1.83134143466006196E-017)  (7.07580286028712689E-007,-1.20435172710943361E-007)             (-0.49999792508649143,0.0000000000000000)
        1238        1500   717.23846313518766        1.0000000000045823        1.5317935925952180       0.99999748528575849        2.5147188244451238E-006  -4.5823345118378711E-012   (3.40201051420334637E-006,7.99717741976559597E-021)   (3.36521737203665684E-007,5.87845891325289368E-008)             (-0.49999792508649343,0.0000000000000000)
        1239        1500   718.70821408423512        1.0000000000045848        5.8270153629200570       0.99999748528575938        2.5147188244452475E-006  -4.5847770024920464E-012  (3.81162254730443276E-006,-9.25000297564730087E-018) (-2.69272257079993854E-007,-1.51778831292832255E-007)             (-0.49999792508649388,0.0000000000000000)
        1240        1500   720.17796503328259        1.0000000000045892        14.297158651195689       0.99999748528576293        2.5147188244452788E-006  -4.5892178945905471E-012  (2.16704341683072726E-006,-9.15540046180653850E-018)  (-1.78704726374128091E-006,1.86683361478157693E-008)             (-0.49999792508649565,0.0000000000000000)
        1241        1500   721.64771598233006        1.0000000000045925        26.704992312189223       0.99999748528576893        2.5147188244448909E-006  -4.5925485636644225E-012   (3.55138081651721512E-007,1.35272584597064497E-018)  (-1.04460290937285521E-006,3.38169914329704844E-008)             (-0.49999792508649865,0.0000000000000000)
        1242        1500   723.11746693137752        1.0000000000046014        42.702998660653016       0.99999748528577359        2.5147188244442090E-006  -4.6014303478614238E-012  (-5.54424154499489180E-007,4.98794505034396960E-018)  (-1.66925161250347624E-007,7.33332982039707297E-008)             (-0.49999792508650098,0.0000000000000000)
        1243        1500   724.58721788042499        1.0000000000045997        61.843106720887860       0.99999748528577492        2.5147188244437656E-006  -4.5996539910220235E-012 (-4.24680527125832906E-007,-9.38260539120276180E-020)  (3.40869670857428148E-008,-3.21784784510889699E-008)             (-0.49999792508650165,0.0000000000000000)
        1244        1500   726.05696882947245        1.0000000000046021        83.589241765410208       0.99999748528577892        2.5147188244438795E-006  -4.6020964816761989E-012 (-1.92963219281362090E-008,-3.24540883458201210E-019)   (1.09766608531820401E-006,1.66038477452663517E-007)             (-0.49999792508650365,0.0000000000000000)
        1245        1500   727.52671977851992        1.0000000000046037        107.33233965617376       0.99999748528577825        2.5147188244443267E-006  -4.6036507939106741E-012  (2.45228919502841805E-006,-1.25369107731151075E-018)  (1.95372212513337903E-006,-1.23749054834279691E-007)             (-0.49999792508650331,0.0000000000000000)
        1246        1500   728.99647072756738        1.0000000000046072        132.40740546779102       0.99999748528577936        2.5147188244447998E-006  -4.6072035075894746E-012   (3.48826204938158707E-006,1.76924051647062497E-018) (-7.66770502598671291E-008,-2.13613594474838437E-008)             (-0.49999792508650387,0.0000000000000000)
        1247        1500   730.46622167661485        1.0000000000046021        158.11213861610128       0.99999748528577714        2.5147188244449938E-006  -4.6020964816761989E-012  (3.66590555070575329E-006,-1.83248731683963035E-017)  (2.52869905117872139E-007,-2.80871330929239096E-008)             (-0.49999792508650276,0.0000000000000000)
        1248        1500   731.93597262566232        1.0000000000046043        183.72660284086282       0.99999748528578336        2.5147188244448104E-006  -4.6043169277254492E-012   (3.28064732468353665E-006,4.62448380676736151E-018) (-8.36276169185811495E-007,-5.59081509274964334E-008)             (-0.49999792508650587,0.0000000000000000)
        1249        1500   733.40572357470978        1.0000000000046148        208.53339012715199       0.99999748528579202        2.5147188244443907E-006  -4.6147530241569257E-012  (1.71516416910931198E-006,-7.97566481580686581E-018) (-1.60082783356553875E-006,-4.81080550032120456E-008)             (-0.49999792508651020,0.0000000000000000)
        1250        1500   734.87547452375725        1.0000000000046170        231.83771381585291       0.99999748528579224        2.5147188244439341E-006  -4.6169734702061760E-012 (-2.77235466048848791E-007,-7.89205126435113717E-018)  (-9.65141748491128245E-007,1.44703080440477191E-007)             (-0.49999792508651031,0.0000000000000000)
        1251        1500   736.34522547280471        1.0000000000046187        252.98686813690105       0.99999748528579380        2.5147188244434323E-006  -4.6187498270455762E-012  (-3.14317873269096582E-007,1.57865005180013703E-017)  (4.52016196389536965E-007,-3.69327288768326548E-008)             (-0.49999792508651109,0.0000000000000000)
        1252        1500   737.81497642185218        1.0000000000046245        271.38850914409085       0.99999748528580001        2.5147188244429041E-006  -4.6245229867736271E-012  (-2.43294480586690650E-007,9.24907276989957733E-018)  (-2.31553014900580200E-008,8.84166086144235628E-008)             (-0.49999792508651419,0.0000000000000000)
        1253        1500   739.28472737089965        1.0000000000046334        286.52724504041072       0.99999748528580956        2.5147188244429329E-006  -4.6334047709706283E-012  (1.12413924353547275E-006,-8.96334662358887240E-020)   (1.95495540586956427E-006,3.73680463051309822E-008)             (-0.49999792508651897,0.0000000000000000)
        1254        1500   740.75447831994711        1.0000000000046423        297.97907123327576       0.99999748528581689        2.5147188244440392E-006  -4.6422865551676296E-012  (3.10252412263065964E-006,-6.53992655197980335E-018)  (8.37483588721318539E-007,-8.11024964473153531E-008)             (-0.49999792508652263,0.0000000000000000)
        1255        1500   742.22422926899458        1.0000000000046461        305.42324582372834       0.99999748528582111        2.5147188244455282E-006  -4.6460613134513551E-012  (3.68803092719312028E-006,-3.90145753797818867E-018)  (1.20692126738087424E-007,-3.61420865148161181E-008)             (-0.49999792508652474,0.0000000000000000)
        1256        1500   743.69398021804204        1.0000000000046485        308.65127292175737       0.99999748528582355        2.5147188244458518E-006  -4.6485038041055304E-012  (3.49263061649685843E-006,-1.17726099375991924E-018)  (-2.67064488396352800E-007,1.22672960533791660E-008)             (-0.49999792508652596,0.0000000000000000)
        1257        1500   745.16373116708951        1.0000000000046616        307.57274218372777       0.99999748528583554        2.5147188244445029E-006  -4.6616044357961073E-012   (2.92495343456565264E-006,2.31327427770793474E-018) (-9.51903422806692546E-007,-1.39353768876388989E-007)             (-0.49999792508653196,0.0000000000000000)
        1258        1500   746.63348211613697        1.0000000000046645        302.21786101859283       0.99999748528584020        2.5147188244427424E-006  -4.6644910156601327E-012  (5.01393826733507478E-007,-7.70758174428101089E-018)  (-2.18754063853163435E-006,1.04075439059036094E-007)             (-0.49999792508653429,0.0000000000000000)
        1259        1500   748.10323306518444        1.0000000000046629        292.73660854100308       0.99999748528584131        2.5147188244420347E-006  -4.6629367034256575E-012 (-4.43722321040409197E-007,-1.14508837658126597E-018)   (7.02423196245155699E-007,7.89041466499161281E-008)             (-0.49999792508653484,0.0000000000000000)
        1260        1500   749.57298401423191        1.0000000000046732        279.39453496740458       0.99999748528584753        2.5147188244425687E-006  -4.6731507552522089E-012  (1.77275263912947707E-009,-1.97571557345307854E-017) (-3.53999334120423666E-007,-7.62707594309185170E-008)             (-0.49999792508653795,0.0000000000000000)
        1261        1500   751.04273496327937        1.0000000000046712        262.56532410524721       0.99999748528584775        2.5147188244436800E-006  -4.6711523538078836E-012  (-8.65464098229891106E-008,1.57650302119205607E-019)   (6.79636749475090433E-007,1.32782163037591838E-007)             (-0.49999792508653806,0.0000000000000000)
        1262        1500   752.51248591232684        1.0000000000046749        242.72032724463170       0.99999748528585286        2.5147188244447286E-006  -4.6749271120916092E-012  (1.78484507849971586E-006,-4.84376131925141846E-021)   (1.91618330541532468E-006,1.75593814265972856E-008)             (-0.49999792508654062,0.0000000000000000)
        1263        1500   753.98223686137430        1.0000000000046798        220.41536158629410       0.99999748528585664        2.5147188244453838E-006  -4.6798120933999598E-012  (3.88134682624283740E-006,-6.33339063059904841E-019)  (9.09034658841577781E-007,-1.67005733720042344E-007)             (-0.49999792508654251,0.0000000000000000)
        1264        1500   755.45198781042177        1.0000000000046871        196.27514295468458       0.99999748528586263        2.5147188244453178E-006  -4.6871395653624859E-012  (3.36731418445452479E-006,-9.34220620648395793E-018)  (-1.34124445365013756E-006,1.41620404290714109E-008)             (-0.49999792508654550,0.0000000000000000)
        1265        1500   756.92173875946924        1.0000000000046900        170.97578880345557       0.99999748528586507        2.5147188244444555E-006  -4.6900261452265113E-012   (2.70409460832882497E-006,3.99764772103930725E-018)   (4.57712831823809884E-007,5.59453857067204268E-008)             (-0.49999792508654672,0.0000000000000000)
        1266        1500   758.39148970851670        1.0000000000046911        145.22588156795305       0.99999748528586618        2.5147188244430909E-006  -4.6911363682511364E-012   (2.32572107597823616E-006,1.57935308266532336E-017) (-1.52431852170695034E-006,-1.61556139058385738E-007)             (-0.49999792508654728,0.0000000000000000)
        1267        1500   759.86124065756417        1.0000000000046967        119.74662274090655       0.99999748528587307        2.5147188244421232E-006  -4.6966874833742622E-012  (-1.67645838288050030E-007,9.06932905478783475E-018)  (-1.60092060373525581E-006,1.25954393831306868E-007)             (-0.49999792508655072,0.0000000000000000)
        1268        1500   761.33099160661163        1.0000000000047020        95.251633514484510       0.99999748528587618        2.5147188244423282E-006  -4.7020165538924630E-012  (-1.05819541816892716E-006,9.24733954739392663E-018)   (1.35674264504974156E-007,1.02453643120230068E-007)             (-0.49999792508655228,0.0000000000000000)
        1269        1500   762.80074255565910        1.0000000000047018        72.426967730857271       0.99999748528587618        2.5147188244437609E-006  -4.7017945092875379E-012 (-2.04751129648227111E-008,-1.08976791524820305E-018)   (1.33687206291556696E-006,2.05537965324914630E-009)             (-0.49999792508655228,0.0000000000000000)
        1270        1500   764.27049350470656        1.0000000000047053        51.911896937048255       0.99999748528587995        2.5147188244455219E-006  -4.7053472229663384E-012  (1.06583018402575196E-006,-4.44751097434857186E-018)  (1.72254041833368286E-007,-4.44002233612421436E-008)             (-0.49999792508655416,0.0000000000000000)
        1271        1500   765.74024445375403        1.0000000000047069        34.281005714842422       0.99999748528588195        2.5147188244463668E-006  -4.7069015352008137E-012  (1.82670724292639425E-006,-2.80812500042076892E-018)   (1.37664708445474107E-006,9.85907849905320644E-008)             (-0.49999792508655516,0.0000000000000000)
        1272        1500   767.20999540280150        1.0000000000047093        20.028098758419027       0.99999748528588461        2.5147188244457455E-006  -4.7093440258549890E-012   (3.57236501832159876E-006,4.58488951370040993E-018)  (7.22591930062609102E-007,-1.40203647255268433E-007)             (-0.49999792508655649,0.0000000000000000)
        1273        1500   768.67974635184896        1.0000000000047102        9.5523704290885671       0.99999748528588484        2.5147188244441959E-006  -4.7102322042746891E-012  (3.49616481292110717E-006,-1.34967304056698169E-018) (-5.00778358246231195E-007,-3.99644180957036064E-008)             (-0.49999792508655660,0.0000000000000000)
        1274        1500   770.14949730089643        1.0000000000047171        3.1472241492174788       0.99999748528589327        2.5147188244429046E-006  -4.7171155870273651E-012   (2.23724344082661731E-006,2.42705590016827452E-018) (-1.60281761218298524E-006,-7.77252515389791876E-008)             (-0.49999792508656082,0.0000000000000000)
        1275        1500   771.61924824994389        1.0000000000047222       0.99205478092846711       0.99999748528589683        2.5147188244425285E-006  -4.7222226129406408E-012   (2.04188470856823258E-007,1.85012394334910876E-017)  (-9.87529472038188103E-007,1.25270732779378220E-007)             (-0.49999792508656260,0.0000000000000000)
        1276        1500   773.08899919899136        1.0000000000047218        3.1472241481021386       0.99999748528589749        2.5147188244431595E-006  -4.7217785237307908E-012 (-1.97850747448891620E-007,-5.00291058533631175E-021)  (5.34133835113698206E-009,-2.11830635187805739E-008)             (-0.49999792508656293,0.0000000000000000)
        1277        1500   774.55875014803883        1.0000000000047335        9.5523704268891905       0.99999748528590793        2.5147188244444487E-006  -4.7335468877918174E-012 (-4.97170135089634043E-007,-1.77961182930463443E-019)  (-3.38690057019776226E-007,1.07610692573661369E-008)             (-0.49999792508656815,0.0000000000000000)
        1278        1500   776.02850109708629        1.0000000000047378        20.028098755197572       0.99999748528591414        2.5147188244459005E-006  -4.7377657352853930E-012  (-6.55372747680596410E-007,3.82475712245062457E-019)   (1.95383235797513815E-007,1.06011182033628923E-007)             (-0.49999792508657126,0.0000000000000000)
        1279        1500   777.49825204613376        1.0000000000047464        34.281005710689627       0.99999748528592192        2.5147188244465527E-006  -4.7464254748774692E-012  (1.03437523852513646E-006,-6.44056496167893487E-018)   (2.50846673023155722E-006,1.15918340690171321E-007)             (-0.49999792508657515,0.0000000000000000)
        1280        1500   778.96800299518122        1.0000000000047520        51.911896932080680       0.99999748528592658        2.5147188244458836E-006  -4.7519765900005950E-012  (3.76504093339775110E-006,-1.17088002027734036E-017)  (8.13281360150968956E-007,-2.59233039397539864E-007)             (-0.49999792508657748,0.0000000000000000)
        1281        1500   780.43775394422869        1.0000000000047560        72.426967725214226       0.99999748528593235        2.5147188244442615E-006  -4.7559733928892456E-012  (2.75138065850843318E-006,-9.33583764690269797E-018)  (-1.65052191496115560E-006,4.54747043042832788E-008)             (-0.49999792508658036,0.0000000000000000)
        1282        1500   781.90750489327615        1.0000000000047657        95.251633508324815       0.99999748528593857        2.5147188244429469E-006  -4.7657433555059470E-012   (1.80526426989979736E-006,5.42366307633109046E-019)   (3.26566846869057696E-007,1.18846571896269805E-007)             (-0.49999792508658347,0.0000000000000000)
        1283        1500   783.37725584232362        1.0000000000047600        119.74662273440325       0.99999748528593679        2.5147188244430689E-006  -4.7599701957778962E-012   (2.43604030883410145E-006,7.71284411618578028E-018)  (1.57166955170180793E-007,-1.74289668489656586E-007)             (-0.49999792508658258,0.0000000000000000)
        1284        1500   784.84700679137109        1.0000000000047624        145.22588156128998       0.99999748528593768        2.5147188244444271E-006  -4.7624126864320715E-012  (3.73725528786300979E-007,-1.70525465724418954E-017) (-3.25012205105182875E-006,-1.14380332744047408E-007)             (-0.49999792508658303,0.0000000000000000)
        1285        1500   786.31675774041855        1.0000000000047706        170.97578879681936       0.99999748528594279        2.5147188244457082E-006  -4.7706283368142977E-012  (-2.57234843883319717E-006,6.07361408168724843E-018)  (-1.08042800389561265E-007,3.79038332823175228E-007)             (-0.49999792508658558,0.0000000000000000)
        1286        1500   787.78650868946602        1.0000000000047686        196.27514294826148       0.99999748528594434        2.5147188244460729E-006  -4.7686299353699724E-012 (-4.78223171377554578E-008,-1.73205976828840185E-017)  (2.83493659996001195E-006,-1.28184969719505678E-007)             (-0.49999792508658636,0.0000000000000000)
        1287        1500   789.25625963851348        1.0000000000047704        220.41536158026591       0.99999748528594568        2.5147188244459276E-006  -4.7704062922093726E-012  (1.57977893295925414E-006,-4.83231216344973044E-020) (-3.18794041664932357E-007,-1.73829242376508864E-007)             (-0.49999792508658703,0.0000000000000000)
        1288        1500   790.72601058756095        1.0000000000047762        242.72032723916615       0.99999748528595234        2.5147188244459153E-006  -4.7761794519374234E-012   (7.01637618020653591E-007,8.06625521358806251E-018)  (-6.11402827271225634E-007,1.12460727232532255E-007)             (-0.49999792508659036,0.0000000000000000)
        1289        1500   792.19576153660842        1.0000000000047771        262.56532410050085       0.99999748528595278        2.5147188244457311E-006  -4.7770676303571236E-012  (1.98603616649377937E-006,-1.65627448182526925E-018)   (2.82199694251051477E-006,1.77970263339073323E-007)             (-0.49999792508659058,0.0000000000000000)
        1290        1500   793.66551248565588        1.0000000000047800        279.39453496350438       0.99999748528595434        2.5147188244449429E-006  -4.7799542102211490E-012   (5.07057545329686048E-006,2.75726602568079938E-017)  (4.34482736741223638E-007,-4.58530410259619644E-007)             (-0.49999792508659135,0.0000000000000000)
        1291        1500   795.13526343470335        1.0000000000047795        292.73660853806535       0.99999748528595389        2.5147188244442136E-006  -4.7795101210112989E-012  (1.74278052737476216E-006,-5.31749464628764913E-019)  (-4.35234623243649114E-006,7.32025807541736076E-008)             (-0.49999792508659113,0.0000000000000000)
        1292        1500   796.60501438375081        1.0000000000047788        302.21786101670028       0.99999748528595500        2.5147188244445842E-006  -4.7788439871965238E-012 (-1.23164879220848547E-006,-8.88526050808471498E-018)   (1.79848332840383735E-007,3.22406702260610955E-007)             (-0.49999792508659169,0.0000000000000000)
        1293        1500   798.07476533279828        1.0000000000047817        307.57274218293372       0.99999748528595656        2.5147188244459950E-006  -4.7817305670605492E-012  (5.74213592491965853E-007,-6.57623611258860254E-018)  (1.92905079447842697E-006,-7.50134978982205654E-008)             (-0.49999792508659247,0.0000000000000000)
        1294        1500   799.54451628184574        1.0000000000047862        308.65127292208109       0.99999748528596055        2.5147188244471109E-006  -4.7861714591590498E-012   (8.14774688952122838E-007,7.80367983049781635E-018) (-2.15982253222045605E-006,-3.13872519724819351E-007)             (-0.49999792508659446,0.0000000000000000)
        1295        1500   801.01426723089321        1.0000000000047908        305.42324582516426       0.99999748528596699        2.5147188244470648E-006  -4.7908343958624755E-012 (-2.78692383081226287E-006,-3.94564352831502933E-018)  (-1.56282053123522775E-006,5.09797758758110574E-007)             (-0.49999792508659768,0.0000000000000000)
        1296        1500   802.48401817994068        1.0000000000047957        297.97907123578375       0.99999748528597121        2.5147188244463105E-006  -4.7957193771708262E-012   (7.17706722662799105E-007,1.53467123688050088E-018)   (5.99284044749617698E-006,6.73376214156367963E-008)             (-0.49999792508659979,0.0000000000000000)
        1297        1500   803.95376912898814        1.0000000000047935        286.52724504392137       0.99999748528597010        2.5147188244458560E-006  -4.7934989311215759E-012   (5.27633814064211838E-006,1.18350710125961671E-018) (-2.51698382851335098E-007,-5.54130013227217905E-007)             (-0.49999792508659924,0.0000000000000000)
        1298        1500   805.42352007803561        1.0000000000047933        271.38850914850718       0.99999748528596855        2.5147188244458387E-006  -4.7932768865166508E-012   (1.91826115335640979E-006,7.80662712244725514E-018)  (-3.49124681172763836E-006,1.34023774315954682E-007)             (-0.49999792508659846,0.0000000000000000)
        1299        1500   806.89327102708307        1.0000000000047966        252.98686814210055       0.99999748528597210        2.5147188244459365E-006  -4.7966075555905263E-012  (3.29142745664109723E-007,-7.60574987335654460E-022)   (1.49703599014647246E-006,3.60163118355650286E-007)             (-0.49999792508660024,0.0000000000000000)
        1300        1500   808.36302197613054        1.0000000000047997        231.83771382168905       0.99999748528597410        2.5147188244459789E-006  -4.7997161800594768E-012  (3.92447000236421453E-006,-5.80269554322952428E-018)  (2.53250718743606423E-006,-4.03557591964123915E-007)             (-0.49999792508660124,0.0000000000000000)
        1301        1500   809.83277292517801        1.0000000000048015        208.53339013345976       0.99999748528597765        2.5147188244461068E-006  -4.8014925368988770E-012   (1.62110619868057643E-006,1.01007317231001145E-021) (-5.96916764766079540E-006,-3.08349835901849176E-007)             (-0.49999792508660301,0.0000000000000000)
        1302        1500   811.30252387422547        1.0000000000048059        183.72660284746905       0.99999748528597920        2.5147188244465616E-006  -4.8059334289973776E-012 (-4.32581429545175234E-006,-3.90317570593659647E-018)  (-9.64116164474841365E-007,7.19710200865039188E-007)             (-0.49999792508660379,0.0000000000000000)
        1303        1500   812.77227482327294        1.0000000000048119        158.11213862281980       0.99999748528598653        2.5147188244472206E-006  -4.8119286333303535E-012 (-7.54811768292492416E-008,-1.44798729853698850E-018)  (5.73671442294532400E-006,-7.01578305872983845E-008)             (-0.49999792508660745,0.0000000000000000)
        1304        1500   814.24202577232040        1.0000000000048161        132.40740547443363       0.99999748528599208        2.5147188244476488E-006  -4.8161474808239291E-012   (3.70150019203002976E-006,5.30169691801671522E-018) (-7.97935069462676994E-007,-5.10956317890842336E-007)             (-0.49999792508661023,0.0000000000000000)
        1305        1500   815.71177672136787        1.0000000000048264        107.33233966255501       0.99999748528600119        2.5147188244474231E-006  -4.8263615326504805E-012  (-1.49530517681976837E-007,4.06281593919815278E-022)  (-3.61028510601761950E-006,2.94532642092189246E-007)             (-0.49999792508661478,0.0000000000000000)
        1306        1500   817.18152767041533        1.0000000000048277        83.589241771352476       0.99999748528600252        2.5147188244468234E-006  -4.8276938002800307E-012  (1.90357409158350867E-007,-5.67027466140899439E-019)   (4.58497833327949907E-006,4.91802602531258865E-007)             (-0.49999792508661545,0.0000000000000000)
        1307        1500   818.65127861946280        1.0000000000048270        61.843106726225997       0.99999748528600163        2.5147188244464591E-006  -4.8270276664652556E-012  (6.76656657982929665E-006,-1.73930833950653493E-019)  (3.14450042051428576E-006,-6.58366795548036093E-007)             (-0.49999792508661500,0.0000000000000000)
        1308        1500   820.12102956851027        1.0000000000048235        42.702998665237715       0.99999748528599874        2.5147188244466844E-006  -4.8234749527864551E-012   (3.46564544252141252E-006,1.00108758513404468E-018) (-7.38699916266451163E-006,-2.58075237285544573E-007)             (-0.49999792508661356,0.0000000000000000)
        1309        1500   821.59078051755773        1.0000000000048210        26.704992315893040       0.99999748528599608        2.5147188244472265E-006  -4.8210324621322798E-012 (-3.49706023400091554E-006,-1.84016009235298332E-017)  (-9.75207380707577953E-007,8.25166162356282516E-007)             (-0.49999792508661223,0.0000000000000000)
        1310        1500   823.06053146660520        1.0000000000048226        14.297158653915670       0.99999748528599941        2.5147188244477276E-006  -4.8225867743667550E-012  (1.14803413172711584E-006,-4.63140629250264601E-020)  (5.94139393733410274E-006,-2.23329638738739903E-007)             (-0.49999792508661389,0.0000000000000000)
        1311        1500   824.53028241565266        1.0000000000048301        5.8270153645807872       0.99999748528600607        2.5147188244479681E-006  -4.8301362909342060E-012  (3.29074626370110473E-006,-9.06935860021046132E-018) (-3.36555097604867565E-006,-6.21776615370621386E-007)             (-0.49999792508661722,0.0000000000000000)
        1312        1500   826.00003336470013        1.0000000000048301        1.5317935931510820       0.99999748528600718        2.5147188244480355E-006  -4.8301362909342060E-012  (-3.10198115306947051E-006,7.89881281014414309E-018)  (-4.29680646861850542E-006,4.83651283432943965E-007)             (-0.49999792508661778,0.0000000000000000)
        1313        1500   827.46978431374760        1.0000000000048288        1.5317935925486517       0.99999748528600407        2.5147188244480787E-006  -4.8288040233046559E-012 (-1.65299750129112081E-006,-1.69648121683922375E-017)   (6.70857308781251796E-006,5.39063510741962677E-007)             (-0.49999792508661622,0.0000000000000000)
        1314        1500   828.93953526279506        1.0000000000048279        5.8270153627903536       0.99999748528600474        2.5147188244482968E-006  -4.8279158448849557E-012  (7.42427372980364295E-006,-1.24278231115557208E-017)  (4.12869158991605157E-006,-9.22002119315981493E-007)             (-0.49999792508661656,0.0000000000000000)
        1315        1500   830.40928621184253        1.0000000000048386        14.297158650987475       0.99999748528601451        2.5147188244483175E-006  -4.8385739859213572E-012   (3.68972940705451468E-006,6.06494901282349556E-018) (-8.26628748039146163E-006,-1.38574325350428431E-007)             (-0.49999792508662144,0.0000000000000000)
        1316        1500   831.87903716088999        1.0000000000048390        26.704992311909322       0.99999748528601429        2.5147188244479791E-006  -4.8390180751312073E-012 (-2.11729957550175932E-006,-2.44259387770105600E-018)   (1.34652005607582581E-006,8.49530680412193009E-007)             (-0.49999792508662133,0.0000000000000000)
        1317        1500   833.34878810993746        1.0000000000048359        42.702998660310215       0.99999748528601318        2.5147188244475806E-006  -4.8359094506622569E-012  (3.97554055106564052E-006,-3.80824912728249775E-018)  (5.45245991493559782E-006,-3.69383971531403320E-007)             (-0.49999792508662078,0.0000000000000000)
        1318        1500   834.81853905898492        1.0000000000048364        61.843106720493232       0.99999748528601073        2.5147188244475848E-006  -4.8363535398721069E-012  (4.93967704015069144E-006,-9.15893989177677058E-018) (-4.49516047793924462E-006,-6.71631892388315605E-007)             (-0.49999792508661955,0.0000000000000000)
        1319        1500   836.28829000803239        1.0000000000048359        83.589241764974673       0.99999748528601295        2.5147188244481710E-006  -4.8359094506622569E-012 (-4.10821485700237075E-006,-2.94386871804144710E-018)  (-6.95842825861431992E-006,6.21715380230634479E-007)             (-0.49999792508662066,0.0000000000000000)
        1320        1500   837.75804095707986        1.0000000000048408        107.33233965571080       0.99999748528601651        2.5147188244487961E-006  -4.8407944319706075E-012 (-3.40538024497322429E-006,-1.95857284826081050E-017)   (8.48679689114571725E-006,7.26744728941442187E-007)             (-0.49999792508662244,0.0000000000000000)
        1321        1500   839.22779190612732        1.0000000000048450        132.40740546731678       0.99999748528602184        2.5147188244490714E-006  -4.8450132794641831E-012  (6.75118476628243282E-006,-1.61015255395804397E-019)  (3.03549688199138431E-006,-1.12838685096461914E-006)             (-0.49999792508662511,0.0000000000000000)
        1322        1500   840.69754285517479        1.0000000000048435        158.11213861562712       0.99999748528601873        2.5147188244490007E-006  -4.8434589672297079E-012   (1.72843028122443693E-006,1.05113544093964077E-017)  (-7.91180152806543397E-006,1.34804559750049829E-007)             (-0.49999792508662355,0.0000000000000000)
        1323        1500   842.16729380422225        1.0000000000048401        183.72660284040447       0.99999748528601495        2.5147188244489071E-006  -4.8401282981558325E-012  (-2.42759121292986911E-006,9.18859148021434735E-020)   (2.68984357932167671E-006,8.30888422092553693E-007)             (-0.49999792508662166,0.0000000000000000)
        1324        1500   843.63704475326972        1.0000000000048419        208.53339012672123       0.99999748528601806        2.5147188244487338E-006  -4.8419046549952327E-012  (5.84816095717530692E-006,-1.25580599948644717E-018)  (7.82382530352151347E-006,-3.72001857801789326E-007)             (-0.49999792508662322,0.0000000000000000)
        1325        1500   845.10679570231719        1.0000000000048415        231.83771381546401       0.99999748528602117        2.5147188244483887E-006  -4.8414605657853826E-012   (7.70137351897508436E-006,3.86118517025415643E-018) (-6.47523279800618422E-006,-9.84514880376997887E-007)             (-0.49999792508662477,0.0000000000000000)
        1326        1500   846.57654665136465        1.0000000000048543        252.98686813656630       0.99999748528603027        2.5147188244481113E-006  -4.8543391528710345E-012 (-3.72704781385328550E-006,-1.82343910838171695E-017)  (-6.74949656396181676E-006,1.00845707925956352E-006)             (-0.49999792508662932,0.0000000000000000)
        1327        1500   848.04629760041212        1.0000000000048590        271.38850914382067       0.99999748528603449        2.5147188244481384E-006  -4.8590020895744601E-012  (-1.57875200006665596E-006,3.94579548459507119E-018)   (8.32386026700339831E-006,2.73820050129980669E-007)             (-0.49999792508663143,0.0000000000000000)
        1328        1500   849.51604854945958        1.0000000000048628        286.52724504020944       0.99999748528603871        2.5147188244487910E-006  -4.8627768478581856E-012  (5.39065333598308987E-006,-7.80342957307466149E-018)  (2.35037810669806883E-007,-8.55238858206472553E-007)             (-0.49999792508663354,0.0000000000000000)
        1329        1500   850.98579949850705        1.0000000000048717        297.97907123315048       0.99999748528604737        2.5147188244499523E-006  -4.8716586320551869E-012  (-9.22446286969944183E-008,8.42732458229249856E-020)  (-6.83521280937640068E-006,9.48186983865417649E-008)             (-0.49999792508663787,0.0000000000000000)
        1330        1500   852.45555044755451        1.0000000000048794        305.42324582368673       0.99999748528605714        2.5147188244509857E-006  -4.8794301932275630E-012 (-3.97385107165483296E-006,-9.24976116045673061E-018)   (2.54733680977782544E-006,9.22170134828547209E-007)             (-0.49999792508664276,0.0000000000000000)
        1331        1500   853.92530139660198        1.0000000000048885        308.65127292180233       0.99999748528606203        2.5147188244510340E-006  -4.8885340220294893E-012   (5.28855479457829542E-006,2.30956052342159699E-022)  (8.92220514126450701E-006,-4.28665701342584496E-007)             (-0.49999792508664520,0.0000000000000000)
        1332        1500   855.39505234564945        1.0000000000048961        307.57274218385874       0.99999748528607046        2.5147188244498502E-006  -4.8960835385969403E-012  (7.91285226830068499E-006,-9.33641467930135582E-018) (-5.76855679642018139E-006,-8.21868707632584118E-007)             (-0.49999792508664942,0.0000000000000000)
        1333        1500   856.86480329469691        1.0000000000048941        302.21786101880491       0.99999748528607113        2.5147188244483404E-006  -4.8940851371526151E-012  (-1.41941324431614583E-006,8.94834981347356455E-020)  (-5.15250792043997193E-006,8.19627540320898020E-007)             (-0.49999792508664975,0.0000000000000000)
        1334        1500   858.33455424374438        1.0000000000049041        292.73660854129207       0.99999748528608001        2.5147188244478711E-006  -4.9040771443742415E-012   (2.84761089366068578E-007,3.26898430615082580E-018)   (6.70369940824843418E-006,3.24993854993669125E-007)             (-0.49999792508665419,0.0000000000000000)
        1335        1500   859.80430519279184        1.0000000000049079        279.39453496776559       0.99999748528608268        2.5147188244489448E-006  -4.9078519026579670E-012   (6.66042432576528055E-006,1.72275131295429507E-017)  (7.12698787267654381E-007,-8.94880024655637341E-007)             (-0.49999792508665553,0.0000000000000000)
        1336        1500   861.27405614183931        1.0000000000049050        262.56532410567087       0.99999748528608645        2.5147188244506532E-006  -4.9049653227939416E-012  (-7.02918434299451804E-008,1.99583015781400742E-018)  (-9.22094137038026615E-006,3.75838695957783935E-008)             (-0.49999792508665741,0.0000000000000000)
        1337        1500   862.74380709088678        1.0000000000049205        242.72032724510458       0.99999748528609445        2.5147188244517323E-006  -4.9205084451386938E-012 (-5.68858856683488340E-006,-1.95864437710677144E-017)   (2.84109014454784019E-006,1.08442727532073569E-006)             (-0.49999792508666141,0.0000000000000000)
        1338        1500   864.21355803993424        1.0000000000049247        220.41536158680614       0.99999748528610022        2.5147188244517001E-006  -4.9247272926322694E-012  (4.06985073549903063E-006,-1.65748475667852817E-019)  (8.67386262474538394E-006,-5.72435335009306008E-007)             (-0.49999792508666430,0.0000000000000000)
        1339        1500   865.68330898898171        1.0000000000049241        196.27514295522170       0.99999748528610022        2.5147188244509056E-006  -4.9240611588174943E-012  (6.14433829839972204E-006,-1.26173984209048967E-018) (-5.68062848377666607E-006,-6.84105719739177527E-007)             (-0.49999792508666430,0.0000000000000000)
        1340        1500   867.15305993802917        1.0000000000049285        170.97578880400204       0.99999748528610244        2.5147188244499269E-006  -4.9285020509159949E-012 (-1.62409907075653241E-006,-3.59419358724306080E-019)  (-3.21552434020127637E-006,8.09364645555976761E-007)             (-0.49999792508666541,0.0000000000000000)
        1341        1500   868.62281088707664        1.0000000000049274        145.22588156849611       0.99999748528610155        2.5147188244492713E-006  -4.9273918278913698E-012   (1.90244446182309412E-006,1.84020366219769021E-017)   (7.28694464364734737E-006,1.93503117976710313E-007)             (-0.49999792508666496,0.0000000000000000)
        1342        1500   870.09256183612410        1.0000000000049283        119.74662274143090       0.99999748528610266        2.5147188244490676E-006  -4.9282800063110699E-012   (8.39678117891999121E-006,3.88748773054612499E-020)  (6.31578506690376720E-007,-8.76228400506854640E-007)             (-0.49999792508666552,0.0000000000000000)
        1343        1500   871.56231278517157        1.0000000000049369        95.251633514976334       0.99999748528611065        2.5147188244492942E-006  -4.9369397459031461E-012  (1.72300270690113287E-006,-7.71197730585330517E-018) (-9.28805272067299952E-006,-2.52113549817746176E-008)             (-0.49999792508666951,0.0000000000000000)
        1344        1500   873.03206373421904        1.0000000000049358        72.426967731303819       0.99999748528611221        2.5147188244500700E-006  -4.9358295228785209E-012 (-4.74906327122997564E-006,-4.72053773736628716E-018)   (1.65710565648197971E-006,1.02065307781847498E-006)             (-0.49999792508667029,0.0000000000000000)
        1345        1500   874.50181468326650        1.0000000000049414        51.911896937438129       0.99999748528611643        2.5147188244514545E-006  -4.9413806380016467E-012  (2.97039047064293562E-006,-1.69627493554782166E-017)  (6.82929320280011886E-006,-5.34585605683286460E-007)             (-0.49999792508667240,0.0000000000000000)
        1346        1500   875.97156563231397        1.0000000000049456        34.281005715165527       0.99999748528611976        2.5147188244527873E-006  -4.9455994854952223E-012   (4.11986470858613031E-006,7.71331554489841878E-018) (-4.68003394286734201E-006,-4.53956761620175792E-007)             (-0.49999792508667407,0.0000000000000000)
        1347        1500   877.44131658136143        1.0000000000049463        20.028098758667195       0.99999748528612020        2.5147188244528623E-006  -4.9462656193099974E-012 (-1.88783433369642740E-006,-6.35542480351154707E-019)  (-2.78912088342906131E-006,5.13954537915695569E-007)             (-0.49999792508667429,0.0000000000000000)
        1348        1500   878.91106753040890        1.0000000000049483        9.5523704292552516       0.99999748528612331        2.5147188244512923E-006  -4.9482640207543227E-012  (1.03340449306363597E-007,-7.71241873793393216E-018)   (5.74076413454615062E-006,4.19568980228054565E-007)             (-0.49999792508667584,0.0000000000000000)
        1349        1500   880.38081847945637        1.0000000000049567        3.1472241492991211       0.99999748528612975        2.5147188244491281E-006  -4.9567017157414739E-012  (7.86157276547506312E-006,-6.36412915182478727E-019)  (3.74917339921550021E-006,-7.46991912866269378E-007)             (-0.49999792508667906,0.0000000000000000)
        1350        1500   881.85056942850383        1.0000000000049494       0.99205478092360277       0.99999748528612620        2.5147188244482023E-006  -4.9493742437789479E-012   (4.70378606712569898E-006,9.33389111827317812E-018) (-7.47276473262777870E-006,-2.00549249562233347E-007)             (-0.49999792508667729,0.0000000000000000)
        1351        1500   883.32032037755130        1.0000000000049476        3.1472241480116807       0.99999748528612464        2.5147188244493691E-006  -4.9475978869395476E-012  (-1.64170139575157378E-006,2.33524295371748784E-018)  (-4.21328753720453671E-007,7.00282880317067553E-007)             (-0.49999792508667651,0.0000000000000000)
        1352        1500   884.79007132659876        1.0000000000049589        9.5523704267164558       0.99999748528613397        2.5147188244519259E-006  -4.9589221617907242E-012   (1.92041952076592694E-006,1.44495508883689506E-018)  (4.12921882692155035E-006,-1.40592260301545168E-007)             (-0.49999792508668117,0.0000000000000000)
        1353        1500   886.25982227564623        1.0000000000049605        20.028098754948250       0.99999748528613885        2.5147188244539977E-006  -4.9604764740251994E-012  (3.99977683314539272E-006,-1.96672450609907740E-019) (-1.49131131752012936E-006,-4.74573445170993661E-007)             (-0.49999792508668361,0.0000000000000000)
        1354        1500   887.72957322469370        1.0000000000049627        34.281005710370877       0.99999748528613708        2.5147188244540672E-006  -4.9626969200744497E-012  (-9.78327778438494332E-007,6.54211583901191801E-018)  (-4.78910250172959023E-006,2.57927014899624325E-007)             (-0.49999792508668273,0.0000000000000000)
        1355        1500   889.19932417374116        1.0000000000049640        51.911896931702437       0.99999748528613952        2.5147188244524074E-006  -4.9640291877039999E-012  (-1.67040621413347039E-006,8.37005837565812508E-019)   (4.35335609047287506E-006,5.06329582742033447E-007)             (-0.49999792508668395,0.0000000000000000)
        1356        1500   890.66907512278863        1.0000000000049660        72.426967724788213       0.99999748528614174        2.5147188244506054E-006  -4.9660275891483252E-012   (4.56482448733590563E-006,1.82225095855739523E-017)  (2.86362350581445947E-006,-5.49031511674551220E-007)             (-0.49999792508668506,0.0000000000000000)
        1357        1500   892.13882607183609        1.0000000000049660        95.251633507863446       0.99999748528614241        2.5147188244500099E-006  -4.9660275891483252E-012  (3.77986643380451370E-006,-4.58155266163283360E-018)  (-2.73069694306773637E-006,1.96252675485135304E-008)             (-0.49999792508668539,0.0000000000000000)
        1358        1500   893.60857702088356        1.0000000000049649        119.74662273392013       0.99999748528613952        2.5147188244504864E-006  -4.9649173661237000E-012  (2.33445398822282706E-006,-7.89342242272463452E-018)   (7.97358664662085486E-007,2.25589135536550965E-007)             (-0.49999792508668395,0.0000000000000000)
        1359        1500   895.07832796993102        1.0000000000049707        145.22588156079885       0.99999748528614529        2.5147188244512173E-006  -4.9706905258517509E-012   (3.96185087670098522E-006,3.36088176948903440E-018)  (8.30015898582224044E-007,-2.18216859203916504E-007)             (-0.49999792508668683,0.0000000000000000)
        1360        1500   896.54807891897849        1.0000000000049727        170.97578879633306       0.99999748528614774        2.5147188244519432E-006  -4.9726889272960761E-012  (2.43778773542475426E-006,-7.80278265912089887E-018) (-2.87077410561614075E-006,-6.70483910410728607E-008)             (-0.49999792508668806,0.0000000000000000)
        1361        1500   898.01782986802596        1.0000000000049785        196.27514294779613       0.99999748528615306        2.5147188244530143E-006  -4.9784620870241270E-012  (8.56591524498466070E-008,-1.17713348178219445E-018)   (2.79203668464654207E-008,2.68959394135057252E-007)             (-0.49999792508669072,0.0000000000000000)
        1362        1500   899.48758081707342        1.0000000000049887        220.41536157983541       0.99999748528616372        2.5147188244542192E-006  -4.9886761388506784E-012   (1.32952400613892927E-006,5.25478652563694057E-018)  (9.92212544189484849E-007,-1.17050987924679650E-007)             (-0.49999792508669605,0.0000000000000000)
        1363        1500   900.95733176612089        1.0000000000049905        242.72032723878255       0.99999748528616750        2.5147188244544771E-006  -4.9904524956900786E-012  (1.47973380747798124E-006,-7.98888404442202178E-018) (-5.08413472892424946E-007,-6.11755356408810217E-008)             (-0.49999792508669794,0.0000000000000000)
        1364        1500   902.42708271516835        1.0000000000049944        262.56532410017758       0.99999748528616972        2.5147188244530444E-006  -4.9944492985787292E-012   (4.35172486475870273E-007,8.66254052523660118E-018)  (-1.02095830165017199E-006,7.34524376812316462E-008)             (-0.49999792508669905,0.0000000000000000)
        1365        1500   903.89683366421582        1.0000000000049982        279.39453496325325       0.99999748528617327        2.5147188244506193E-006  -4.9982240568624547E-012   (1.31662003534772520E-006,5.51962577905862802E-021)   (3.01921011470389823E-006,3.13802870763555732E-007)             (-0.49999792508670082,0.0000000000000000)
        1366        1500   905.36658461326329        1.0000000000049944        292.73660853789130       0.99999748528616883        2.5147188244492577E-006  -4.9944492985787292E-012  (6.03645720796614613E-006,-4.66965997139734664E-018)  (2.64344801289164200E-006,-3.92234462969425977E-007)             (-0.49999792508669860,0.0000000000000000)
        1367        1500   906.83633556231075        1.0000000000049956        302.21786101660473       0.99999748528617172        2.5147188244504554E-006  -4.9955595216033544E-012   (5.12336508970319133E-006,9.06815494377368903E-018) (-3.57313171811486509E-006,-2.30425791867182125E-007)             (-0.49999792508670005,0.0000000000000000)
        1368        1500   908.30608651135822        1.0000000000050049        307.57274218292559       0.99999748528617793        2.5147188244535098E-006  -5.0048853950102057E-012  (9.92483907892594256E-008,-1.29944428179867214E-020)  (-3.34292748616812648E-006,2.63468474512175292E-007)             (-0.49999792508670315,0.0000000000000000)
        1369        1500   909.77583746040568        1.0000000000050036        308.65127292215732       0.99999748528618015        2.5147188244560501E-006  -5.0035531273806555E-012 (-2.20196772809545906E-007,-7.98206029544293163E-018)   (3.43580603697823250E-006,4.40804244125955354E-007)             (-0.49999792508670426,0.0000000000000000)
        1370        1500   911.24558840945315        1.0000000000050060        305.42324582532689       0.99999748528618193        2.5147188244560603E-006  -5.0059956180348308E-012   (5.19444602174389541E-006,2.13083543253914669E-018)  (2.59927899563867849E-006,-6.22315530540753418E-007)             (-0.49999792508670515,0.0000000000000000)
        1371        1500   912.71533935850061        1.0000000000050102        297.97907123602943       0.99999748528618593        2.5147188244538830E-006  -5.0102144655284064E-012   (1.95520911963435746E-006,1.17372387182316918E-018) (-6.53038422584683901E-006,-1.57881078218107703E-007)             (-0.49999792508670715,0.0000000000000000)
        1372        1500   914.18509030754808        1.0000000000050129        286.52724504424214       0.99999748528618726        2.5147188244515722E-006  -5.0128790007875068E-012 (-3.67977077010599174E-006,-1.63368483283776920E-018)  (-5.75591007104421303E-007,6.62598511399189385E-007)             (-0.49999792508670782,0.0000000000000000)
        1373        1500   915.65484125659555        1.0000000000050175        271.38850914889355       0.99999748528619348        2.5147188244508722E-006  -5.0175419374909325E-012  (9.71681501964338826E-007,-9.15689993757066902E-018)   (6.75053914904441123E-006,1.78879925558959520E-007)             (-0.49999792508671093,0.0000000000000000)
        1374        1500   917.12459220564301        1.0000000000050209        252.98686814254233       0.99999748528619770        2.5147188244519255E-006  -5.0208726065648079E-012   (8.36501013048121685E-006,7.98313217374150073E-018)  (2.97498896560856436E-006,-6.50892880079429871E-007)             (-0.49999792508671304,0.0000000000000000)
        1375        1500   918.59434315469048        1.0000000000050278        231.83771382217643       0.99999748528620258        2.5147188244535920E-006  -5.0277559893174839E-012   (5.49773576886252099E-006,8.97909147931134522E-018) (-6.71580614821914690E-006,-2.92663688611933142E-007)             (-0.49999792508671548,0.0000000000000000)
        1376        1500   920.06409410373794        1.0000000000050295        208.53339013397979       0.99999748528620636        2.5147188244547338E-006  -5.0295323461568842E-012  (-1.86903004309619525E-006,9.25719784983281840E-018)  (-2.70733038963719146E-006,6.53624265768379280E-007)             (-0.49999792508671737,0.0000000000000000)
        1377        1500   921.53384505278541        1.0000000000050264        183.72660284800580       0.99999748528620303        2.5147188244551251E-006  -5.0264237216879337E-012  (5.55432080454365856E-007,-2.53424750453898844E-018)   (5.59265205058584119E-006,2.44983229379022178E-007)             (-0.49999792508671570,0.0000000000000000)
        1378        1500   923.00359600183288        1.0000000000050329        158.11213862335967       0.99999748528620747        2.5147188244551438E-006  -5.0328630152307596E-012   (6.89508268549074636E-006,6.54149745755284904E-018)  (2.58134350874129912E-006,-6.00021488564295990E-007)             (-0.49999792508671792,0.0000000000000000)
        1379        1500   924.47334695088034        1.0000000000050286        132.40740547496284       0.99999748528620502        2.5147188244548655E-006  -5.0286441677371840E-012  (3.66243075769071085E-006,-8.70810371119833256E-018) (-7.24578990378252932E-006,-4.09483780131995035E-007)             (-0.49999792508671670,0.0000000000000000)
        1380        1500   925.94309789992781        1.0000000000050360        107.33233966306000       0.99999748528621124        2.5147188244540600E-006  -5.0359716396997101E-012  (-5.28962569716170079E-006,6.72298596835333974E-018)  (-4.10042399820719588E-006,7.95381388988565031E-007)             (-0.49999792508671981,0.0000000000000000)
        1381        1500   927.41284884897527        1.0000000000050351        83.589241771820184       0.99999748528621191        2.5147188244529855E-006  -5.0350834612800099E-012  (-1.84509602468102413E-006,3.94620706665459447E-018)   (8.79378503382312439E-006,5.02337058899682403E-007)             (-0.49999792508672014,0.0000000000000000)
        1382        1500   928.88259979802274        1.0000000000050411        61.843106726643796       0.99999748528621679        2.5147188244524371E-006  -5.0410786656129858E-012  (9.27788109965711702E-006,-8.16075014098818411E-018)  (5.68762564734614843E-006,-8.03881479796246639E-007)             (-0.49999792508672258,0.0000000000000000)
        1383        1500   930.35235074707020        1.0000000000050431        42.702998665594116       0.99999748528621968        2.5147188244531181E-006  -5.0430770670573111E-012   (7.97357775350569166E-006,1.94996492486172925E-018) (-7.21192150290886953E-006,-5.70619658854139382E-007)             (-0.49999792508672403,0.0000000000000000)
        1384        1500   931.82210169611767        1.0000000000050484        26.704992316178579       0.99999748528622456        2.5147188244550184E-006  -5.0484061375755118E-012 (-2.43189126571721449E-006,-1.44378034385864719E-018)  (-6.36992122600931939E-006,6.87802381851919016E-007)             (-0.49999792508672647,0.0000000000000000)
        1385        1500   933.29185264516514        1.0000000000050475        14.297158654123168       0.99999748528622479        2.5147188244568052E-006  -5.0475179591558117E-012 (-2.07044527643475451E-006,-4.18211242150419691E-019)   (6.96279824863679689E-006,6.68910784315395481E-007)             (-0.49999792508672658,0.0000000000000000)
        1386        1500   934.76160359421260        1.0000000000050504        5.8270153647051757       0.99999748528622678        2.5147188244569090E-006  -5.0504045390198371E-012  (8.25785974866864299E-006,-7.62918659242834305E-018)  (6.08048248288217321E-006,-7.34541988099701783E-007)             (-0.49999792508672758,0.0000000000000000)
        1387        1500   936.23135454326007        1.0000000000050553        1.5317935931895619       0.99999748528623167        2.5147188244552399E-006  -5.0552895203281878E-012  (7.49299154245836183E-006,-6.52866292485775179E-018) (-6.99945276416300792E-006,-6.87290978216313007E-007)             (-0.49999792508673002,0.0000000000000000)
        1388        1500   937.70110549230753        1.0000000000050580        1.5317935925008717       0.99999748528623256        2.5147188244533265E-006  -5.0579540555872882E-012  (-4.46222130767178832E-006,7.70419136738195827E-018)  (-9.25561998041632348E-006,5.00694367638841491E-007)             (-0.49999792508673047,0.0000000000000000)
        1389        1500   939.17085644135500        1.0000000000050608        5.8270153626584191       0.99999748528623544        2.5147188244528089E-006  -5.0608406354513136E-012  (-7.31828637554909515E-006,5.34672760123755820E-018)   (6.46160713915517798E-006,1.20430943812585765E-006)             (-0.49999792508673191,0.0000000000000000)
        1390        1500   940.64060739040247        1.0000000000050600        14.297158650775712       0.99999748528623567        2.5147188244538990E-006  -5.0599524570316134E-012   (7.71730027795839644E-006,9.25187847227293023E-018)  (1.28004130118388635E-005,-6.44722746861284462E-007)             (-0.49999792508673202,0.0000000000000000)
        1391        1500   942.11035833944993        1.0000000000050600        26.704992311624562       0.99999748528623567        2.5147188244554940E-006  -5.0599524570316134E-012  (1.32004352201351104E-005,-4.62355297893747047E-018) (-5.26016503943306589E-006,-1.17516593266930116E-006)             (-0.49999792508673202,0.0000000000000000)
        1392        1500   943.58010928849740        1.0000000000050560        42.702998659961345       0.99999748528623256        2.5147188244564448E-006  -5.0559556541429629E-012 (-2.87335145765886762E-007,-5.75858227363302137E-021)  (-1.27579802297097457E-005,3.07100788251835961E-007)             (-0.49999792508673047,0.0000000000000000)
        1393        1500   945.04986023754486        1.0000000000050597        61.843106720089907       0.99999748528623433        2.5147188244564825E-006  -5.0597304124266884E-012  (-8.20475045227059742E-006,7.81009438399724751E-018)   (3.11413558985888230E-006,1.51340853762066015E-006)             (-0.49999792508673135,0.0000000000000000)
        1394        1500   946.51961118659233        1.0000000000050644        83.589241764530286       0.99999748528623900        2.5147188244560086E-006  -5.0643933491301141E-012   (6.62676169304654751E-006,4.61962407653480074E-018)  (1.58375224635866468E-005,-4.03967378124556461E-007)             (-0.49999792508673369,0.0000000000000000)
        1395        1500   947.98936213563979        1.0000000000050673        107.33233965523745       0.99999748528624099        2.5147188244555177E-006  -5.0672799289941395E-012   (1.51110404397076974E-005,8.82234910130797460E-020) (-5.12952733973627570E-006,-1.61427384690860329E-006)             (-0.49999792508673468,0.0000000000000000)
        1396        1500   949.45911308468726        1.0000000000050639        132.40740546682710       0.99999748528623922        2.5147188244551289E-006  -5.0639492599202640E-012  (-1.38735161234524879E-006,3.90393307071300828E-018)  (-1.65323404568849202E-005,2.51074518193031783E-007)             (-0.49999792508673380,0.0000000000000000)
        1397        1500   950.92886403373473        1.0000000000050666        158.11213861513855       0.99999748528624233        2.5147188244548681E-006  -5.0666137951793644E-012 (-1.37538019706606938E-005,-7.62219124904049189E-018)   (3.80620972341763403E-007,1.76679766963064915E-006)             (-0.49999792508673535,0.0000000000000000)
        1398        1500   952.39861498278219        1.0000000000050677        183.72660283993014       0.99999748528624299        2.5147188244548998E-006  -5.0677240182039895E-012   (2.14585236352990483E-006,1.97407956512840848E-018)   (2.11789272767203499E-005,2.04037787925555613E-007)             (-0.49999792508673568,0.0000000000000000)
        1399        1500   953.86836593182966        1.0000000000050677        208.53339012627555       0.99999748528624410        2.5147188244554868E-006  -5.0677240182039895E-012   (2.00088559896140653E-005,9.06841896034844297E-018)  (1.30755777441425831E-006,-2.18670885516017075E-006)             (-0.49999792508673624,0.0000000000000000)
        1400        1500   955.33811688087712        1.0000000000050679        231.83771381505971       0.99999748528624588        2.5147188244565062E-006  -5.0679460628089146E-012   (4.82188176795066826E-006,7.33493822436374624E-020) (-2.04366708564992400E-005,-1.56218749086129851E-007)             (-0.49999792508673713,0.0000000000000000)
        1401        1500   956.80786782992459        1.0000000000050786        252.98686813621265       0.99999748528625210        2.5147188244574765E-006  -5.0786042038453161E-012 (-1.35894306305448220E-005,-1.84897499715868493E-017)  (-3.94243567010021983E-006,1.97715086945415902E-006)             (-0.49999792508674024,0.0000000000000000)
        1402        1500   958.27761877897206        1.0000000000050797        271.38850914353048       0.99999748528625387        2.5147188244575400E-006  -5.0797144268699412E-012  (-3.63122032256271298E-007,2.35062336926745363E-020)   (2.19697284274220009E-005,6.61567566054561653E-007)             (-0.49999792508674112,0.0000000000000000)
        1403        1500   959.74736972801952        1.0000000000050788        286.52724503999394       0.99999748528625609        2.5147188244564224E-006  -5.0788262484502411E-012  (2.16917962426101180E-005,-8.06662034489639201E-018)  (5.68094316245662252E-006,-2.38973373959069649E-006)             (-0.49999792508674223,0.0000000000000000)
        1404        1500   961.21712067706699        1.0000000000050906        297.97907123301934       0.99999748528626475        2.5147188244549456E-006  -5.0905946125112678E-012  (7.49642886411517151E-006,-4.62829782009620808E-018) (-2.38789870109495888E-005,-6.81057368525824045E-007)             (-0.49999792508674656,0.0000000000000000)
        1405        1500   962.68687162611445        1.0000000000050941        305.42324582364034       0.99999748528627053        2.5147188244544890E-006  -5.0941473261900683E-012  (-1.78760925211527227E-005,1.58803776887853678E-017)  (-9.77540926728144225E-006,2.16795869787750901E-006)             (-0.49999792508674945,0.0000000000000000)
        1406        1500   964.15662257516192        1.0000000000050917        308.65127292184093       0.99999748528626808        2.5147188244555503E-006  -5.0917048355358929E-012  (-8.23566450396410504E-006,8.52889431134552586E-018)   (2.32245884864870798E-005,1.36659524732803700E-006)             (-0.49999792508674823,0.0000000000000000)
        1407        1500   965.62637352420938        1.0000000000050953        307.57274218398322       0.99999748528627230        2.5147188244572486E-006  -5.0952575492146934E-012   (2.18463856731215287E-005,6.62478372549831330E-018)  (1.56717442884535548E-005,-2.28305178716250022E-006)             (-0.49999792508675034,0.0000000000000000)
        1408        1500   967.09612447325685        1.0000000000050975        302.21786101901273       0.99999748528627252        2.5147188244582109E-006  -5.0974779952639437E-012  (1.66118004219975495E-005,-6.53520321403559718E-018) (-2.23752323155424392E-005,-1.64431594319026223E-006)             (-0.49999792508675045,0.0000000000000000)
        1409        1500   968.56587542230432        1.0000000000051026        292.73660854157993       0.99999748528627874        2.5147188244579580E-006  -5.1025850211772195E-012  (-1.44619221297984680E-005,2.63061713160923999E-018)  (-1.82492152268410602E-005,2.06153458502350143E-006)             (-0.49999792508675356,0.0000000000000000)
        1410        1500   970.03562637135178        1.0000000000051064        279.39453496812246       0.99999748528628074        2.5147188244566854E-006  -5.1063597794609450E-012 (-1.28739874823216616E-005,-7.88662188512484945E-018)   (2.09026574403249561E-005,2.11375179739851412E-006)             (-0.49999792508675456,0.0000000000000000)
        1411        1500   971.50537732039925        1.0000000000051121        262.56532410609117       0.99999748528628674        2.5147188244553610E-006  -5.1121329391889958E-012   (2.08905036244844806E-005,5.87804317487065280E-019)  (2.27531636744801722E-005,-2.04939176041056533E-006)             (-0.49999792508675756,0.0000000000000000)
        1412        1500   972.97512826944671        1.0000000000051112        242.72032724557423       0.99999748528628563        2.5147188244549600E-006  -5.1112447607692957E-012  (2.26060169882724832E-005,-9.16787751128904614E-018) (-2.08705928259330663E-005,-2.46904326574255792E-006)             (-0.49999792508675700,0.0000000000000000)
        1413        1500   974.44487921849418        1.0000000000051126        220.41536158731498       0.99999748528628762        2.5147188244558798E-006  -5.1125770283988459E-012  (-1.41207601732016555E-005,2.03903271616159759E-018)  (-2.73225258751313609E-005,1.76152968093331202E-006)             (-0.49999792508675800,0.0000000000000000)
        1414        1500   975.91463016754165        1.0000000000051088        196.27514295575327       0.99999748528628540        2.5147188244573401E-006  -5.1088022701151203E-012  (-2.27444419660249530E-005,2.68691932948333437E-019)   (1.64201563455908574E-005,2.95342504091711958E-006)             (-0.49999792508675689,0.0000000000000000)
        1415        1500   977.38438111658911        1.0000000000051150        170.97578880454211       0.99999748528629162        2.5147188244582020E-006  -5.1150195190530212E-012  (1.47596397056760945E-005,-5.04667871847707861E-019)  (3.27976166348883174E-005,-1.34759492922629666E-006)             (-0.49999792508676000,0.0000000000000000)
        1416        1500   978.85413206563658        1.0000000000051172        145.22588156903188       0.99999748528629273        2.5147188244579902E-006  -5.1172399651022715E-012  (3.07810539665760155E-005,-5.27806382634353793E-018) (-1.21693968567447642E-005,-3.34917101118529654E-006)             (-0.49999792508676055,0.0000000000000000)
        1417        1500   980.32388301468404        1.0000000000051190        119.74662274194903       0.99999748528629095        2.5147188244569636E-006  -5.1190163219416718E-012  (-5.22114311518953854E-006,3.18466088152919422E-019)  (-3.46811559208234823E-005,9.67474104694765783E-007)             (-0.49999792508675966,0.0000000000000000)
        1418        1500   981.79363396373151        1.0000000000051184        95.251633515463283       0.99999748528629406        2.5147188244558193E-006  -5.1183501881268967E-012 (-2.60823561771657797E-005,-8.23874011834126177E-020)   (7.61842358676106121E-006,3.55283276816974748E-006)             (-0.49999792508676122,0.0000000000000000)
        1419        1500   983.26338491277897        1.0000000000051177        72.426967731746743       0.99999748528629473        2.5147188244553763E-006  -5.1176840543121216E-012   (8.61437234488611219E-006,4.85716706882292531E-018)  (3.80010111182268675E-005,-4.24647076505491914E-007)             (-0.49999792508676155,0.0000000000000000)
        1420        1500   984.73313586182644        1.0000000000051266        51.911896937825048       0.99999748528630406        2.5147188244560022E-006  -5.1265658385091228E-012  (3.58329678475972647E-005,-9.04332145180228697E-020) (-3.13447840043906949E-006,-3.93705996892096411E-006)             (-0.49999792508676622,0.0000000000000000)
        1421        1500   986.20288681087391        1.0000000000051350        34.281005715486202       0.99999748528631160        2.5147188244573261E-006  -5.1350035334962740E-012   (1.90824191126260678E-006,7.16878425406881390E-018) (-4.12678556820625763E-005,-3.77269744985415394E-008)             (-0.49999792508676999,0.0000000000000000)
        1422        1500   987.67263775992137        1.0000000000051397        20.028098758913359       0.99999748528631383        2.5147188244582591E-006  -5.1396664701996997E-012  (-3.25225343269248263E-005,1.43368871711769506E-017)  (-3.83473946400682953E-006,3.98465699875164541E-006)             (-0.49999792508677110,0.0000000000000000)
        1423        1500   989.14238870896884        1.0000000000051401        9.5523704294211544       0.99999748528631738        2.5147188244581262E-006  -5.1401105594095498E-012 (-4.14875692560364429E-006,-1.04286880906907780E-017)   (4.13018436648704168E-005,8.36159964185470006E-007)             (-0.49999792508677288,0.0000000000000000)
        1424        1500   990.61213965801630        1.0000000000051472        3.1472241493807473       0.99999748528632204        2.5147188244571241E-006  -5.1472159867671508E-012  (3.70793133016262080E-005,-1.36047873843353507E-017)  (1.26426569333549522E-005,-3.96970711249893782E-006)             (-0.49999792508677521,0.0000000000000000)
        1425        1500   992.08189060706377        1.0000000000051468       0.99205478091946386       0.99999748528632182        2.5147188244563033E-006  -5.1467718975573007E-012  (1.59165434423115623E-005,-8.48875449290865098E-021) (-4.05756023064071590E-005,-1.58308457631019542E-006)             (-0.49999792508677510,0.0000000000000000)
        1426        1500   993.55164155611124        1.0000000000051490        3.1472241479227128       0.99999748528632537        2.5147188244562271E-006  -5.1489923436065510E-012 (-2.95350088150171478E-005,-4.71015536927802651E-018)  (-1.84596741610737412E-005,3.91255418082523778E-006)             (-0.49999792508677687,0.0000000000000000)
        1427        1500   995.02139250515870        1.0000000000051545        9.5523704265459486       0.99999748528632915        2.5147188244568073E-006  -5.1545434587296768E-012 (-1.40048108965368434E-005,-1.52970665884452414E-018)   (3.88348873092122650E-005,2.16980738668493272E-006)             (-0.49999792508677876,0.0000000000000000)
        1428        1500   996.49114345420617        1.0000000000051477        20.028098754701539       0.99999748528632559        2.5147188244572796E-006  -5.1476600759770008E-012   (3.54032252889566656E-005,9.20709945087626890E-020)  (2.58473198540397742E-005,-3.63371916175748969E-006)             (-0.49999792508677698,0.0000000000000000)
        1429        1500   997.96089440325363        1.0000000000051565        34.281005710056149       0.99999748528633470        2.5147188244576035E-006  -5.1565418601740021E-012  (2.72067744080004299E-005,-8.75419412316320683E-020) (-3.73378910626543181E-005,-3.00245832268614270E-006)             (-0.49999792508678154,0.0000000000000000)
        1430        1500   999.43064535230110        1.0000000000051605        51.911896931329125       0.99999748528633692        2.5147188244578030E-006  -5.1605386630626526E-012 (-2.71457360212316314E-005,-1.57976234725320971E-019)  (-3.34163598243399201E-005,3.42972648911264333E-006)             (-0.49999792508678265,0.0000000000000000)
        1431        1500   1000.9003963013486        1.0000000000051688        72.426967724367785       0.99999748528634291        2.5147188244581207E-006  -5.1687543134448788E-012  (-2.81788887569518566E-005,1.05028562884687481E-017)   (3.17154946920594622E-005,3.46913234448146535E-006)             (-0.49999792508678564,0.0000000000000000)
        1432        1500   1002.3701472503960        1.0000000000051672        95.251633507407760       0.99999748528634380        2.5147188244580681E-006  -5.1672000012104036E-012  (2.59541185012404628E-005,-1.72145865060451140E-018)  (3.97720461770084363E-005,-2.60079804675227077E-006)             (-0.49999792508678609,0.0000000000000000)
        1433        1500   1003.8398981994435        1.0000000000051681        119.74662273344299       0.99999748528634225        2.5147188244575341E-006  -5.1680881796301037E-012   (3.85010206573334381E-005,1.17313695105140673E-018) (-2.38119592271671684E-005,-4.19459972229690885E-006)             (-0.49999792508678531,0.0000000000000000)
        1434        1500   1005.3096491484910        1.0000000000051661        145.22588156031412       0.99999748528634491        2.5147188244568874E-006  -5.1660897781857784E-012 (-1.40104544636054249E-005,-1.31447980087412847E-018)  (-4.44313372104675522E-005,2.09158535280235855E-006)             (-0.49999792508678664,0.0000000000000000)
        1435        1500   1006.7794000975384        1.0000000000051752        170.97578879585581       0.99999748528634846        2.5147188244567599E-006  -5.1751936069877047E-012 (-3.43246648536670533E-005,-1.70140648770652340E-019)   (1.75571714596893909E-005,4.40197418607423028E-006)             (-0.49999792508678842,0.0000000000000000)
        1436        1500   1008.2491510465859        1.0000000000051785        196.27514294734115       0.99999748528635357        2.5147188244575434E-006  -5.1785242760615802E-012   (1.48929458322457890E-005,3.94287693948156931E-018)  (4.73633387320316008E-005,-1.15554319052246471E-006)             (-0.49999792508679097,0.0000000000000000)
        1437        1500   1009.7189019956334        1.0000000000051767        220.41536157941394       0.99999748528635335        2.5147188244584586E-006  -5.1767479192221799E-012  (4.51327208562875450E-005,-9.33665954651931816E-018) (-8.32551398540071135E-006,-4.89716660113784843E-006)             (-0.49999792508679086,0.0000000000000000)
        1438        1500   1011.1886529446808        1.0000000000051752        242.72032723840937       0.99999748528635113        2.5147188244584747E-006  -5.1751936069877047E-012  (-1.08134165249824832E-006,2.09215385748675588E-018)  (-5.22349808320935925E-005,3.94256383671617393E-007)             (-0.49999792508678975,0.0000000000000000)
        1439        1500   1012.6584038937283        1.0000000000051774        262.56532409986181       0.99999748528635357        2.5147188244578598E-006  -5.1774140530369550E-012 (-4.11792701555005906E-005,-1.54272315524912791E-018)  (-5.02610739543269839E-007,4.96059994150279207E-006)             (-0.49999792508679097,0.0000000000000000)
        1440        1500   1014.1281548427758        1.0000000000051872        279.39453496300359       0.99999748528636156        2.5147188244572588E-006  -5.1871840156536564E-012  (-3.03963653273317694E-006,1.50896834941926963E-020)   (5.06658368114444214E-005,6.35196274878569791E-007)             (-0.49999792508679497,0.0000000000000000)
        1441        1500   1015.5979057918232        1.0000000000051912        292.73660853771327       0.99999748528636467        2.5147188244571758E-006  -5.1911808185423070E-012   (4.51119356123161873E-005,9.08376024058667377E-020)  (1.26070943190591443E-005,-4.84778713449614077E-006)             (-0.49999792508679652,0.0000000000000000)
        1442        1500   1017.0676567408707        1.0000000000051956        302.21786101650952       0.99999748528636911        2.5147188244573460E-006  -5.1956217106408076E-012  (1.69863535637239488E-005,-1.06010171452970949E-017) (-4.95071760686323627E-005,-1.57524059860357838E-006)             (-0.49999792508679874,0.0000000000000000)
        1443        1500   1018.5374076899182        1.0000000000051945        307.57274218291258       0.99999748528637111        2.5147188244576535E-006  -5.1945114876161824E-012  (-3.56327190469906915E-005,4.60498815572383284E-020)  (-1.91302256411478779E-005,4.62056470026217673E-006)             (-0.49999792508679974,0.0000000000000000)
        1444        1500   1020.0071586389656        1.0000000000052005        308.65127292223360       0.99999748528637644        2.5147188244578272E-006  -5.2005066919491583E-012  (-1.63291655760651427E-005,7.89715966667984160E-018)   (4.39751638962116437E-005,2.25147383576938630E-006)             (-0.49999792508680241,0.0000000000000000)
        1445        1500   1021.4769095880131        1.0000000000052032        305.42324582548667       0.99999748528637711        2.5147188244577314E-006  -5.2031712272082586E-012  (3.90932962921629033E-005,-3.40119316611171694E-018)  (2.93144551728988238E-005,-3.94618263841536074E-006)             (-0.49999792508680274,0.0000000000000000)
        1446        1500   1022.9466605370606        1.0000000000052067        297.97907123626936       0.99999748528638333        2.5147188244577581E-006  -5.2067239408870591E-012  (3.13856974465133014E-005,-1.81396469579483507E-017) (-4.02503602286567413E-005,-3.36038006935150984E-006)             (-0.49999792508680585,0.0000000000000000)
        1447        1500   1024.4164114861080        1.0000000000052138        286.52724504455688       0.99999748528638932        2.5147188244580076E-006  -5.2138293682446601E-012 (-2.81512010375355351E-005,-6.09580399620167395E-019)  (-3.73465516802482282E-005,3.59970106157316047E-006)             (-0.49999792508680885,0.0000000000000000)
        1448        1500   1025.8861624351555        1.0000000000052174        271.38850914927957       0.99999748528639265        2.5147188244582558E-006  -5.2173820819234606E-012  (-3.20307835810859320E-005,1.05078486978850361E-017)   (3.14363571960181134E-005,3.76330275013628597E-006)             (-0.49999792508681051,0.0000000000000000)
        1449        1500   1027.3559133842029        1.0000000000052212        252.98686814298583       0.99999748528639465        2.5147188244579686E-006  -5.2211568402071862E-012   (2.45596930362304440E-005,2.92285082784933213E-019)  (4.36129990479466130E-005,-2.45161767145888031E-006)             (-0.49999792508681151,0.0000000000000000)
        1450        1500   1028.8256643332504        1.0000000000052256        231.83771382266633       0.99999748528640131        2.5147188244576281E-006  -5.2255977323056868E-012  (4.18461679746768507E-005,-8.97499633852658815E-018) (-2.11945001947627190E-005,-4.44883625111112731E-006)             (-0.49999792508681484,0.0000000000000000)
        1451        1500   1030.2954152822979        1.0000000000052296        208.53339013450366       0.99999748528640442        2.5147188244575315E-006  -5.2295945351943374E-012 (-1.01989314556039906E-005,-4.57953058590632310E-018)  (-4.64818216387377642E-005,1.73455334543474785E-006)             (-0.49999792508681640,0.0000000000000000)
        1452        1500   1031.7651662313453        1.0000000000052398        183.72660284855107       0.99999748528641463        2.5147188244576556E-006  -5.2398085870208888E-012  (-3.60488621011245149E-005,1.01616081529805650E-017)   (1.18343745652982137E-005,4.45369111023659024E-006)             (-0.49999792508682150,0.0000000000000000)
        1453        1500   1033.2349171803928        1.0000000000052487        158.11213862390935       0.99999748528642263        2.5147188244576827E-006  -5.2486903712178901E-012   (9.06972603036396788E-006,3.99453166255456307E-018)  (4.79499160748626525E-005,-5.44495130267831131E-007)             (-0.49999792508682550,0.0000000000000000)
        1454        1500   1034.7046681294403        1.0000000000052514        132.40740547550308       0.99999748528642640        2.5147188244574989E-006  -5.2513549064769904E-012  (4.48472948839646039E-005,-1.17837338316860106E-018) (-1.39818041980803960E-006,-4.76363641259573178E-006)             (-0.49999792508682739,0.0000000000000000)
        1455        1500   1036.1744190784877        1.0000000000052571        107.33233966357585       0.99999748528643151        2.5147188244573338E-006  -5.2571280662050413E-012  (6.18292163312926288E-006,-1.35717626044005488E-018) (-4.90308308814300340E-005,-2.72132630850498053E-007)             (-0.49999792508682994,0.0000000000000000)
        1456        1500   1037.6441700275352        1.0000000000052642        83.589241772297044       0.99999748528643972        2.5147188244573037E-006  -5.2642334935626423E-012  (-3.75968035201452202E-005,5.97814884756407755E-018)  (-9.20334678318379474E-006,4.43391672394495399E-006)             (-0.49999792508683405,0.0000000000000000)
        1457        1500   1039.1139209765827        1.0000000000052738        61.843106727069063       0.99999748528645060        2.5147188244576095E-006  -5.2737814115744186E-012  (-1.07438509038919164E-005,1.04268269436533987E-017)   (4.47526005756540356E-005,1.43839765523664971E-006)             (-0.49999792508683949,0.0000000000000000)
        1458        1500   1040.5836719256301        1.0000000000052791        42.702998665957530       0.99999748528645394        2.5147188244581058E-006  -5.2791104820926193E-012   (3.86610638893452045E-005,4.71546211823244652E-018)  (2.01740828293248981E-005,-4.11745278612002924E-006)             (-0.49999792508684116,0.0000000000000000)
        1459        1500   1042.0534228746776        1.0000000000052829        26.704992316470541       0.99999748528645860        2.5147188244583417E-006  -5.2828852403763449E-012  (2.36841408797669711E-005,-7.70748674195949047E-018) (-3.92328916510358697E-005,-2.14458370006114131E-006)             (-0.49999792508684349,0.0000000000000000)
        1460        1500   1043.5231738237251        1.0000000000052787        14.297158654336233       0.99999748528645283        2.5147188244576226E-006  -5.2786663928827693E-012 (-2.58364964086012989E-005,-2.26853545851400097E-018)  (-2.61243025696170553E-005,3.39476772387131865E-006)             (-0.49999792508684060,0.0000000000000000)
        1461        1500   1044.9929247727725        1.0000000000052758        5.8270153648339917       0.99999748528645127        2.5147188244563105E-006  -5.2757798130187439E-012 (-2.18521604727304646E-005,-6.71796372407237417E-018)   (3.12002076084020674E-005,2.83927629458673999E-006)             (-0.49999792508683982,0.0000000000000000)
        1462        1500   1046.4626757218200        1.0000000000052787        1.5317935932312428       0.99999748528645349        2.5147188244554601E-006  -5.2786663928827693E-012  (2.70027986948583889E-005,-4.90679438997303104E-019)  (3.30384779371327864E-005,-2.69881254604060494E-006)             (-0.49999792508684093,0.0000000000000000)
        1463        1500   1047.9324266708675        1.0000000000052791        1.5317935924549080       0.99999748528645438        2.5147188244562843E-006  -5.2791104820926193E-012  (3.34836583501987970E-005,-1.70593701378891356E-017) (-2.42900591493441102E-005,-3.33909976930490078E-006)             (-0.49999792508684138,0.0000000000000000)
        1464        1500   1049.4021776199149        1.0000000000052767        5.8270153625267387       0.99999748528645527        2.5147188244583752E-006  -5.2766679914384440E-012  (-1.30234028490589028E-005,2.07139680622340050E-020)  (-3.70545886991667273E-005,1.82209900504608217E-006)             (-0.49999792508684182,0.0000000000000000)
        1465        1500   1050.8719285689624        1.0000000000052842        14.297158650562684       0.99999748528645882        2.5147188244598130E-006  -5.2842175080058951E-012 (-3.10676937586121688E-005,-9.16365939893493158E-018)   (1.27542831881556546E-005,3.60514220196915148E-006)             (-0.49999792508684360,0.0000000000000000)
        1466        1500   1052.3416795180099        1.0000000000052980        26.704992311336628       0.99999748528647037        2.5147188244591553E-006  -5.2979842735112470E-012  (8.53610982860463834E-006,-5.25759739312744735E-018)  (3.96814295274979217E-005,-7.43154095763322864E-007)             (-0.49999792508684937,0.0000000000000000)
        1467        1500   1053.8114304670573        1.0000000000052931        42.702998659607282       0.99999748528646815        2.5147188244568340E-006  -5.2930992922028963E-012   (3.64578201908642886E-005,9.05619850996330973E-018) (-2.69763520348020937E-006,-3.72929618241406649E-006)             (-0.49999792508684826,0.0000000000000000)
        1468        1500   1055.2811814161048        1.0000000000052924        61.843106719680357       0.99999748528646726        2.5147188244549460E-006  -5.2924331583881212E-012  (5.64450236781939228E-006,-9.16070095903114714E-018) (-3.74221903296977440E-005,-6.36016431160721455E-008)             (-0.49999792508684782,0.0000000000000000)
        1469        1500   1056.7509323651523        1.0000000000052960        83.589241764077158       0.99999748528647125        2.5147188244548638E-006  -5.2959858720669217E-012  (-2.69217528550417749E-005,8.98567601085708661E-020)  (-5.87485056196698635E-006,3.42728016345847260E-006)             (-0.49999792508684981,0.0000000000000000)
        1470        1500   1058.2206833141997        1.0000000000052947        107.33233965475426       0.99999748528647103        2.5147188244563618E-006  -5.2946536044373715E-012 (-5.16098615125986596E-006,-6.53443439801339647E-018)   (3.44445281203061853E-005,9.05458971711428249E-007)             (-0.49999792508684970,0.0000000000000000)
        1471        1500   1059.6904342632472        1.0000000000052987        132.40740546633020       0.99999748528647459        2.5147188244578204E-006  -5.2986504073260221E-012   (3.10453676818807356E-005,7.80958388749512187E-018)  (1.32929183382842715E-005,-3.12951896545093613E-006)             (-0.49999792508685148,0.0000000000000000)
        1472        1500   1061.1601852122947        1.0000000000053055        158.11213861464032       0.99999748528648014        2.5147188244582901E-006  -5.3055337900786981E-012  (1.79638356489942807E-005,-7.98821809353937372E-018) (-3.03244281684981742E-005,-1.58725147006639040E-006)             (-0.49999792508685426,0.0000000000000000)
        1473        1500   1062.6299361613421        1.0000000000053044        183.72660283944563       0.99999748528648236        2.5147188244578865E-006  -5.3044235670540729E-012 (-2.05859223360552963E-005,-5.30496163430064113E-018)  (-2.07904708192077776E-005,2.57702392173616556E-006)             (-0.49999792508685537,0.0000000000000000)
        1474        1500   1064.0996871103896        1.0000000000053133        208.53339012581989       0.99999748528648813        2.5147188244573499E-006  -5.3133053512510742E-012  (-1.82951362115477480E-005,6.53540040434105382E-018)   (2.35228799969994942E-005,2.16143185563726927E-006)             (-0.49999792508685825,0.0000000000000000)
        1475        1500   1065.5694380594371        1.0000000000053160        231.83771381464609       0.99999748528649302        2.5147188244568391E-006  -5.3159698865101745E-012  (1.86241459751445323E-005,-1.21975068266847767E-021)  (2.52288185314615603E-005,-1.89481495206151754E-006)             (-0.49999792508686070,0.0000000000000000)
        1476        1500   1067.0391890084845        1.0000000000053131        252.98686813585584       0.99999748528648813        2.5147188244560035E-006  -5.3130833066461491E-012   (2.61868761141072635E-005,1.27293570520174770E-018) (-1.45225632289911638E-005,-2.39213196073150087E-006)             (-0.49999792508685825,0.0000000000000000)
        1477        1500   1068.5089399575320        1.0000000000053204        271.38850914323768       0.99999748528649257        2.5147188244549816E-006  -5.3204107786086752E-012 (-4.76288002953585511E-006,-4.98557167555322653E-019)  (-2.64013210496462696E-005,1.04055885042879164E-006)             (-0.49999792508686047,0.0000000000000000)
        1478        1500   1069.9786909065795        1.0000000000053173        286.52724503977277       0.99999748528649279        2.5147188244547304E-006  -5.3173021541397247E-012 (-1.94747130623906044E-005,-2.70670453545050667E-022)   (6.71885308343440541E-006,2.52807125982785995E-006)             (-0.49999792508686058,0.0000000000000000)
        1479        1500   1071.4484418556269        1.0000000000053151        297.97907123287501       0.99999748528649213        2.5147188244559129E-006  -5.3150817080904744E-012  (5.91227518979857654E-006,-1.16679436804023988E-018)  (2.66462971383128649E-005,-3.63260289968665159E-007)             (-0.49999792508686025,0.0000000000000000)
        1480        1500   1072.9181928046744        1.0000000000053229        305.42324582357935       0.99999748528649923        2.5147188244578314E-006  -5.3228532692628505E-012  (2.57992537180416678E-005,-4.50140137166269178E-021) (-2.21320645647189721E-007,-2.48723141302731132E-006)             (-0.49999792508686380,0.0000000000000000)
        1481        1500   1074.3879437537219        1.0000000000053277        308.65127292186577       0.99999748528650256        2.5147188244590956E-006  -5.3277382505712012E-012   (6.19123947823548656E-006,3.15222910742897826E-019) (-2.55816047895001995E-005,-2.92714953680474982E-007)             (-0.49999792508686547,0.0000000000000000)
        1482        1500   1075.8576947027693        1.0000000000053273        307.57274218409566       0.99999748528650168        2.5147188244584845E-006  -5.3272941613613511E-012 (-1.85023631487146822E-005,-4.53094230114662720E-021)  (-7.48211803729079150E-006,2.22971025641021843E-006)             (-0.49999792508686502,0.0000000000000000)
        1483        1500   1077.3274456518168        1.0000000000053293        302.21786101920833       0.99999748528650700        2.5147188244561771E-006  -5.3292925628056764E-012 (-7.46734461457615680E-006,-1.26119691025949407E-018)   (2.20796541686555682E-005,9.95814820435693667E-007)             (-0.49999792508686769,0.0000000000000000)
        1484        1500   1078.7971966008643        1.0000000000053411        292.73660854185675       0.99999748528651589        2.5147188244538093E-006  -5.3410609268667031E-012   (1.95434850726025202E-005,7.98756095197426012E-018)  (1.37531895260897196E-005,-1.87679699956658096E-006)             (-0.49999792508687213,0.0000000000000000)
        1485        1500   1080.2669475499117        1.0000000000053431        279.39453496847381       0.99999748528651788        2.5147188244530800E-006  -5.3430593283110284E-012   (1.70792302335893619E-005,1.24272407608785561E-017) (-1.65077514298119281E-005,-1.36299769931450665E-006)             (-0.49999792508687313,0.0000000000000000)
        1486        1500   1081.7366984989592        1.0000000000053457        262.56532410650425       0.99999748528652277        2.5147188244544454E-006  -5.3457238635701287E-012  (-7.55109068751473366E-006,1.26891894348003842E-018)  (-1.61363406624611911E-005,1.32313033135050065E-006)             (-0.49999792508687557,0.0000000000000000)
        1487        1500   1083.2064494480067        1.0000000000053482        242.72032724604105       0.99999748528652388        2.5147188244566498E-006  -5.3481663542243041E-012  (-1.14291482390378748E-005,7.89997616564529379E-018)   (1.07533190612557366E-005,1.60557651591701287E-006)             (-0.49999792508687613,0.0000000000000000)
        1488        1500   1084.6762003970541        1.0000000000053477        220.41536158782034       0.99999748528652366        2.5147188244582287E-006  -5.3477222650144540E-012  (1.01995158484773694E-005,-4.62229436789273755E-018)  (1.76574340121551441E-005,-8.55510675171940782E-007)             (-0.49999792508687602,0.0000000000000000)
        1489        1500   1086.1459513461016        1.0000000000053517        196.27514295628865       0.99999748528652832        2.5147188244582926E-006  -5.3517190679031046E-012  (1.85923600591027088E-005,-7.62154967796656912E-018) (-6.30105361249587382E-006,-1.66438526176380551E-006)             (-0.49999792508687835,0.0000000000000000)
        1490        1500   1087.6157022951490        1.0000000000053577        170.97578880509235       0.99999748528653454        2.5147188244569894E-006  -5.3577142722360804E-012  (2.87860932164875947E-007,-2.35307077083950017E-018)  (-1.79611768485462778E-005,3.14727827535981768E-007)             (-0.49999792508688146,0.0000000000000000)
        1491        1500   1089.0854532441965        1.0000000000053657        145.22588156958091       0.99999748528654142        2.5147188244551260E-006  -5.3657078780133816E-012 (-1.32851600052921094E-005,-1.04252745552637636E-017)  (-3.28532137895721844E-007,1.63790398894392259E-006)             (-0.49999792508688490,0.0000000000000000)
        1492        1500   1090.5552041932440        1.0000000000053655        119.74662274248091       0.99999748528654342        2.5147188244537631E-006  -5.3654858334084565E-012 (-5.74903025306701479E-007,-9.53564809213747038E-019)   (1.71408505450454308E-005,2.44881730099035339E-007)             (-0.49999792508688590,0.0000000000000000)
        1493        1500   1092.0249551422914        1.0000000000053710        95.251633515963690       0.99999748528655008        2.5147188244533845E-006  -5.3710369485315823E-012   (1.63219836272402039E-005,2.53231315484364799E-018)  (5.56308215168252421E-006,-1.40713948598853173E-006)             (-0.49999792508688923,0.0000000000000000)
        1494        1500   1093.4947060913389        1.0000000000053832        72.426967732202201       0.99999748528656163        2.5147188244540253E-006  -5.3832494018024590E-012   (1.08100074714575294E-005,1.06538939632336336E-018) (-1.24941171578557919E-005,-6.27997612588726205E-007)             (-0.49999792508689500,0.0000000000000000)
        1495        1500   1094.9644570403864        1.0000000000053888        51.911896938223499       0.99999748528656340        2.5147188244556782E-006  -5.3888005169255848E-012 (-5.32729423318059373E-006,-8.97248520710232584E-020)  (-9.14855586625700817E-006,1.01442510813631068E-006)             (-0.49999792508689589,0.0000000000000000)
        1496        1500   1096.4342079894338        1.0000000000053826        34.281005715817386       0.99999748528656096        2.5147188244574621E-006  -5.3825832679876839E-012 (-5.34894309243234571E-006,-1.95212445897033068E-018)   (8.96728754150983433E-006,9.11024078412234561E-007)             (-0.49999792508689467,0.0000000000000000)
        1497        1500   1097.9039589384813        1.0000000000053830        20.028098759168589       0.99999748528655696        2.5147188244581859E-006  -5.3830273571975340E-012  (9.13019506921719032E-006,-7.80186335859287572E-018)  (1.00876787223618606E-005,-7.09699102704590468E-007)             (-0.49999792508689267,0.0000000000000000)
        1498        1500   1099.3737098875288        1.0000000000053859        9.5523704295942284       0.99999748528656118        2.5147188244570843E-006  -5.3859139370615594E-012  (1.25991991088538017E-005,-9.03937150366707724E-020) (-5.30124842114478456E-006,-1.02005102311648830E-006)             (-0.49999792508689478,0.0000000000000000)
        1499        1500   1100.8434608365762        1.0000000000053941        3.1472241494675490       0.99999748528656895        2.5147188244547435E-006  -5.3941295874437856E-012  (-4.46367560819279684E-007,7.64841162765833228E-022)  (-1.21890929880043710E-005,3.25989781172518293E-007)             (-0.49999792508689866,0.0000000000000000)
        1500        1500   1102.3132117856237        1.0000000000054003       0.99205478091827060       0.99999748528657317        2.5147188244527589E-006  -5.4003468363816864E-012 (-8.03822422742214033E-006,-9.16292895145730754E-018)   (2.22038265356952592E-006,1.14358002188656884E-006)             (-0.49999792508690077,0.0000000000000000)
 data/dyn__20260408_001453_4104121/                                                                                                                                                                                                                             
