 Check the initial condition
     # t        Re[psi(1)]        Im[psi(1)]      ||psi||Re[phi(2)]        Im[phi(2)]        ||phi||
-1102.3132     0.1000000000E+01    0.0000000000E+00    0.1000000000E+01    0.0000000000E+00   -0.6064410698E-03    0.9960194653E+00
 Saving the dynamic parameters
 Saving the initial conditions
 Starting propagation
 nt =       20000
           1        2000  -1101.2108985741061        1.0000000000000064        2.2055670024662946        1.0000000000000062        1.4413543953865012E-028  -6.4392935428259079E-015 (-5.48734191007343505E-016,-1.25574374536805818E-018)   (1.42547325476134436E-016,1.65573007419354476E-016)             (-0.49999942442303064,0.0000000000000000)
           2        2000  -1100.1085853623199        1.0000000000000122        5.8269658714950197        1.0000000000000120        3.1777582602218649E-028  -1.2212453270876722E-014 (-5.85477119107578743E-016,-6.54637478969488957E-018)   (1.55154599307430658E-015,4.59050712255168838E-016)             (-0.49999942442303352,0.0000000000000000)
           3        2000  -1099.0062721505337        1.0000000000000167        11.799139758812688        1.0000000000000164        4.3071511047735969E-028  -1.6653345369377348E-014 (-9.95641681720636818E-016,-3.40215452120975134E-019)   (7.56149469946103610E-016,4.42560994653389179E-017)             (-0.49999942442303574,0.0000000000000000)
           4        2000  -1097.9039589387476        1.0000000000000209        20.027903914612278        1.0000000000000204        5.0213635851360104E-028  -2.0872192862952943E-014  (-3.66706748397180768E-016,5.57861950810044743E-021)   (1.49177520045174103E-015,1.10460647127596177E-016)             (-0.49999942442303774,0.0000000000000000)
           5        2000  -1096.8016457269614        1.0000000000000246        30.383485812531578        1.0000000000000244        5.1174260796792525E-028  -2.4646951146678475E-014   (1.07040368146239146E-015,3.19355371957678625E-023)  (6.16471402049307771E-016,-1.28954713355752015E-016)             (-0.49999942442303974,0.0000000000000000)
           6        2000  -1095.6993325151752        1.0000000000000309        42.702571739915300        1.0000000000000306        4.2445683912473324E-028  -3.0864200084579352E-014   (4.88196288610512434E-016,1.26383577299087927E-018)   (6.01978564025637106E-016,7.73578339190732883E-017)             (-0.49999942442304285,0.0000000000000000)
           7        2000  -1094.5970193033891        1.0000000000000377        56.790882352623740        1.0000000000000377        3.4516540032861212E-028  -3.7747582837255322E-014   (9.12844520851803164E-016,1.70489258719632111E-017)   (5.63321969912624278E-016,1.01569795683682553E-016)             (-0.49999942442304640,0.0000000000000000)
           8        2000  -1093.4947060916029        1.0000000000000415        72.426236576345644        1.0000000000000413        2.6323646541104127E-028  -4.1522341120980855E-014   (5.98828218067795096E-016,8.53173874825517043E-018)   (9.33534240899807714E-016,1.27355428612790043E-016)             (-0.49999942442304818,0.0000000000000000)
           9        2000  -1092.3923928798167        1.0000000000000469        89.362055534863899        1.0000000000000466        2.0839412036106585E-028  -4.6851411639181606E-014  (1.55529711188194462E-016,-1.64636547665084458E-017) (-4.49417683320079348E-017,-1.87460097544017927E-017)             (-0.49999942442305084,0.0000000000000000)
          10        2000  -1091.2900796680306        1.0000000000000537        107.33125124623577        1.0000000000000533        1.8607484402543327E-028  -5.3734794391857577E-014  (-1.32732939609360208E-017,7.63071519869846137E-018)   (5.52957891446005608E-016,1.52583029137940201E-016)             (-0.49999942442305417,0.0000000000000000)
          11        2000  -1090.1877664562444        1.0000000000000593        126.05043875981467        1.0000000000000591        2.0627485445848592E-028  -5.9285909514983359E-014  (-3.99672932787331105E-016,5.30263739384272143E-018)  (-4.56146335376567680E-016,1.13527853140169346E-017)             (-0.49999942442305706,0.0000000000000000)
          12        2000  -1089.0854532444582        1.0000000000000624        145.22440530621191        1.0000000000000622        2.7004164432572298E-028  -6.2394533983933798E-014 (-5.74692808989976382E-016,-9.24996225846167146E-018)  (-1.12426678227359575E-016,1.07909226367831134E-016)             (-0.49999942442305861,0.0000000000000000)
          13        2000  -1087.9831400326721        1.0000000000000673        164.55076597901689        1.0000000000000666        3.3964192614273872E-028  -6.7279515292284486E-014   (6.59294866297860706E-016,1.71411872901614046E-017)  (8.16057872273345944E-016,-5.28269299615055982E-018)             (-0.49999942442306083,0.0000000000000000)
          14        2000  -1086.8808268208859        1.0000000000000722        183.72473252541235        1.0000000000000724        3.8413244576388987E-028  -7.2164496600635175E-014  (1.11995240140539411E-015,-1.72500082229106899E-018)   (4.83049011156752609E-016,7.28643769871136667E-017)             (-0.49999942442306372,0.0000000000000000)
          15        2000  -1085.7785136090997        1.0000000000000779        202.44392003898940        1.0000000000000777        4.1039611367012249E-028  -7.7937656328685989E-014  (2.66412797744143267E-019,-1.26620887859856308E-018)   (8.14525340352870297E-016,1.43886181764772248E-016)             (-0.49999942442306639,0.0000000000000000)
          16        2000  -1084.6762003973136        1.0000000000000786        220.41311575035715        1.0000000000000786        4.2258500591673549E-028  -7.8603790143461083E-014  (1.07845494356576932E-015,-1.71411553216483349E-017)  (6.88302609537162868E-016,-7.51165300154918077E-017)             (-0.49999942442306683,0.0000000000000000)
          17        2000  -1083.5738871855274        1.0000000000000842        237.34893470887090        1.0000000000000839        4.0050980839420455E-028  -8.4154905266586866E-014  (5.33234269574965796E-017,-2.13085394123004252E-018)  (-2.38549674804713352E-016,1.53597130934188702E-016)             (-0.49999942442306949,0.0000000000000000)
          18        2000  -1082.4715739737412        1.0000000000000884        252.98428893258594        1.0000000000000884        3.6798437923474462E-028  -8.8373752760162461E-014 (-6.87594853404362084E-016,-7.80241421881785737E-018)   (6.04907697002662566E-016,1.71821071592820415E-016)             (-0.49999942442307171,0.0000000000000000)
          19        2000  -1081.3692607619550        1.0000000000000935        267.07259954528445        1.0000000000000928        3.1008686545990725E-028  -9.3480778673438181E-014 (-1.11723827067653757E-016,-1.26620972448247181E-018)   (5.77803314859045284E-016,3.19251594002005481E-017)             (-0.49999942442307393,0.0000000000000000)
          20        2000  -1080.2669475501689        1.0000000000000995        279.39168547265882        1.0000000000000995        2.6635797460334587E-028  -9.9475983006414026E-014  (2.86336080478554629E-016,-9.63856095322761760E-020)   (3.71808518195951325E-016,8.73360247616776076E-017)             (-0.49999942442307727,0.0000000000000000)
          21        2000  -1079.1646343383827        1.0000000000001068        289.74726737056540        1.0000000000001066        2.1960978555552859E-028  -1.0680345496894006E-013  (4.17351496422932849E-016,-1.35531440337315983E-018)   (4.82127961479477250E-016,8.39316814761239666E-017)             (-0.49999942442308082,0.0000000000000000)
          22        2000  -1078.0623211265965        1.0000000000001126        297.97603152635253        1.0000000000001124        2.1823645328160243E-028  -1.1257661469699087E-013  (5.30122947352885316E-016,-5.56646998103856318E-021)   (6.09355246315540707E-016,3.93322986412661000E-018)             (-0.49999942442308370,0.0000000000000000)
          23        2000  -1076.9600079148104        1.0000000000001161        303.94820541366050        1.0000000000001159        2.6344713205216959E-028  -1.1612932837579137E-013   (2.18420200140653692E-017,3.18175144443141812E-019)  (-3.98237422969476476E-016,1.20431142542382694E-016)             (-0.49999942442308548,0.0000000000000000)
          24        2000  -1075.8576947030242        1.0000000000001212        307.56960428267837        1.0000000000001208        3.2372140808083255E-028  -1.2123635428906709E-013   (1.15551078436685725E-016,9.41580596775850038E-018)   (3.82973753910651872E-016,1.18174797743568771E-016)             (-0.49999942442308792,0.0000000000000000)
          25        2000  -1074.7553814912380        1.0000000000001248        308.78311650992305        1.0000000000001243        3.6199548062894749E-028  -1.2478906796786760E-013 (-4.33493145395540523E-016,-9.43448549019690199E-020)   (1.23538017486424605E-015,2.49525796594396655E-016)             (-0.49999942442308970,0.0000000000000000)
          26        2000  -1073.6530682794519        1.0000000000001286        307.56960428265313        1.0000000000001283        4.0679330559571358E-028  -1.2856382625159313E-013   (5.16914341485700949E-017,3.22633328681812010E-018)   (4.37469271737132229E-016,9.09148493005653374E-017)             (-0.49999942442309170,0.0000000000000000)
          27        2000  -1072.5507550676657        1.0000000000001310        303.94820541361241        1.0000000000001310        4.1495917009912563E-028  -1.3100631690576847E-013  (-2.40858851586946299E-016,9.06342824026103713E-018)   (8.53154316308314946E-016,2.11731919041408266E-016)             (-0.49999942442309303,0.0000000000000000)
          28        2000  -1071.4484418558795        1.0000000000001343        297.97603152627829        1.0000000000001341        3.8905385083239827E-028  -1.3433698597964394E-013  (4.59180511340270641E-016,-6.38815688290258523E-019)   (4.98646103685978355E-016,3.92309092220925404E-017)             (-0.49999942442309459,0.0000000000000000)
          29        2000  -1070.3461286440934        1.0000000000001397        289.74726737046353        1.0000000000001399        3.5262635855187467E-028  -1.3966605649784469E-013   (7.17568415569668835E-016,3.99157578289278602E-018) (-1.50293793399001103E-016,-6.23171197209212961E-017)             (-0.49999942442309747,0.0000000000000000)
          30        2000  -1069.2438154323072        1.0000000000001439        279.39168547253263        1.0000000000001439        3.1930174165329904E-028  -1.4388490399142029E-013   (1.12740324374490036E-015,1.71641948468977280E-019)   (1.00078642610117477E-015,1.60328226954702668E-016)             (-0.49999942442309947,0.0000000000000000)
          31        2000  -1068.1415022205210        1.0000000000001472        267.07259954513614        1.0000000000001470        2.8117262685727110E-028  -1.4721557306529576E-013  (9.65594019074458731E-016,-4.57781842921570341E-018)  (-6.95006693643082827E-017,1.58208558870490121E-016)             (-0.49999942442310102,0.0000000000000000)
          32        2000  -1067.0391890087349        1.0000000000001541        252.98428893241680        1.0000000000001537        2.5850180332097255E-028  -1.5409895581797173E-013   (2.29666951334246203E-016,7.89118123051814197E-018)   (8.85309450318716750E-016,1.60726055877947185E-016)             (-0.49999942442310435,0.0000000000000000)
          33        2000  -1065.9368757969487        1.0000000000001574        237.34893470868744        1.0000000000001572        2.6395528828583445E-028  -1.5742962489184720E-013 (-6.87433411085750962E-016,-9.24993217707613294E-018)   (3.97030914653859468E-016,1.74988082988380517E-016)             (-0.49999942442310613,0.0000000000000000)
          34        2000  -1064.8345625851625        1.0000000000001619        220.41311575016172        1.0000000000001621        2.9053310076805329E-028  -1.6187051699034782E-013 (-9.75218016045204768E-017,-3.56237631385146868E-018)   (1.10494239115096177E-016,8.27917887479457038E-017)             (-0.49999942442310857,0.0000000000000000)
          35        2000  -1063.7322493733764        1.0000000000001694        202.44392003878460        1.0000000000001692        3.1231549324247017E-028  -1.6942003355779889E-013 (-9.48214999360900557E-016,-1.04332614332557924E-017)   (4.56172933608506989E-016,1.83256370150278256E-016)             (-0.49999942442311213,0.0000000000000000)
          36        2000  -1062.6299361615902        1.0000000000001741        183.72473252520084        1.0000000000001736        3.3901577726253304E-028  -1.7408297026122455E-013 (-5.70402573698844702E-017,-1.70526711081610227E-017)   (1.06103170201443333E-015,2.07146968344613381E-016)             (-0.49999942442311435,0.0000000000000000)
          37        2000  -1061.5276229498040        1.0000000000001783        164.55076597880091        1.0000000000001781        3.6982842583543268E-028  -1.7830181775480014E-013  (8.72134093706058856E-016,-8.43602699398787648E-020)   (8.43204857294648451E-016,1.22217600958483360E-016)             (-0.49999942442311657,0.0000000000000000)
          38        2000  -1060.4253097380179        1.0000000000001819        145.22440530599476        1.0000000000001821        3.7349952466406497E-028  -1.8185453143360064E-013  (2.10927125117752486E-016,-9.46254916695458416E-020)   (1.02238042824447681E-015,5.56467712000978957E-017)             (-0.49999942442311857,0.0000000000000000)
          39        2000  -1059.3229965262317        1.0000000000001839        126.05043875960023        1.0000000000001834        3.7660932999543706E-028  -1.8385293287792592E-013   (4.68822524424121908E-016,7.97845129393407418E-018)  (5.71579083341671079E-016,-2.16769148191711625E-016)             (-0.49999942442311923,0.0000000000000000)
          40        2000  -1058.2206833144455        1.0000000000001901        107.33125124602698        1.0000000000001901        3.7743548433062578E-028  -1.9007018181582680E-013   (7.05546034943439581E-016,2.14628452716513694E-020)  (-6.98605733934224467E-016,2.90339169780590914E-017)             (-0.49999942442312256,0.0000000000000000)
          41        2000  -1057.1183701026594        1.0000000000001983        89.362055534664066        1.0000000000001981        3.5124678104346661E-028  -1.9828583219805296E-013 (-4.70699239041195098E-017,-7.89121157130577183E-018)   (4.09216055824216164E-016,3.38759178988058358E-017)             (-0.49999942442312656,0.0000000000000000)
          42        2000  -1056.0160568908732        1.0000000000002025        72.426236576157990        1.0000000000002021        3.1921698326880888E-028  -2.0250467969162855E-013  (4.53200900775212807E-016,-1.26129595155280335E-018)  (2.30672927715151039E-016,-1.40111754633992627E-016)             (-0.49999942442312856,0.0000000000000000)
          43        2000  -1054.9137436790870        1.0000000000002061        56.790882352452222        1.0000000000002061        3.0328000143006928E-028  -2.0605739337042905E-013 (-3.27038856149561768E-017,-4.44041997428079498E-020)  (-5.88957430297128482E-016,8.78139780800954140E-017)             (-0.49999942442313056,0.0000000000000000)
          44        2000  -1053.8114304673009        1.0000000000002089        42.702571739761844        1.0000000000002087        2.8195185533655470E-028  -2.0894397323445446E-013  (-3.24692050213013480E-017,8.32284988659812677E-020)   (8.87839830306266350E-016,4.29960436163801758E-017)             (-0.49999942442313189,0.0000000000000000)
          45        2000  -1052.7091172555147        1.0000000000002174        30.383485812398540        1.0000000000002172        2.7665665573262058E-028  -2.1738166822160565E-013  (3.36401820041798112E-016,-1.77390056000870708E-019)   (8.82865231299168080E-016,6.73433010835478325E-017)             (-0.49999942442313611,0.0000000000000000)
          46        2000  -1051.6068040437285        1.0000000000002236        20.027903914502375        1.0000000000002234        2.8918011832519985E-028  -2.2359891715950653E-013  (3.25342749522959023E-016,-3.85959312581819700E-018)   (6.85394280503172462E-016,6.27558778945123200E-017)             (-0.49999942442313922,0.0000000000000000)
          47        2000  -1050.5044908319423        1.0000000000002269        11.799139758727884        1.0000000000002269        3.1454309619918169E-028  -2.2692958623338200E-013 (-5.47492880063272780E-016,-1.44964183143873368E-018)  (5.07389137402166757E-016,-6.44726437554361960E-017)             (-0.49999942442314099,0.0000000000000000)
          48        2000  -1049.4021776201562        1.0000000000002300        5.8269658714373485        1.0000000000002300        3.4513659890728883E-028  -2.3003821070233244E-013  (4.41757058637895165E-016,-7.76064648074226419E-018)   (1.78600761199174169E-015,3.05876084554315349E-016)             (-0.49999942442314255,0.0000000000000000)
          49        2000  -1048.2998644083700        1.0000000000002354        2.2055670024369891        1.0000000000002354        3.7899705334187790E-028  -2.3536728122053319E-013  (4.52935285457692740E-016,-7.23618026736323227E-019)   (9.61246438430492835E-016,3.13786524200811859E-017)             (-0.49999942442314521,0.0000000000000000)
          50        2000  -1047.1975511965838        1.0000000000002394       0.99205477520980456        1.0000000000002389        3.8316059627621634E-028  -2.3936408410918375E-013  (1.23634163167559528E-016,-1.83226752223077148E-017)  (5.17452354036037836E-016,-4.49563692948878178E-017)             (-0.49999942442314699,0.0000000000000000)
          51        2000  -1046.0952379847977        1.0000000000002431        2.2055670024962941        1.0000000000002434        3.8443249507375019E-028  -2.4313884239290928E-013  (6.42206952507809371E-017,-1.94782970241071275E-018)  (-3.89898634890904219E-016,4.51349159776550865E-017)             (-0.49999942442314921,0.0000000000000000)
          52        2000  -1044.9929247730115        1.0000000000002498        5.8269658715551147        1.0000000000002496        3.8639336522925814E-028  -2.4980018054066022E-013  (6.15430685682704188E-016,-8.32454638646214685E-020)  (-1.28288483959972879E-015,1.06646591794615865E-016)             (-0.49999942442315232,0.0000000000000000)
          53        2000  -1043.8906115612253        1.0000000000002522        11.799139758902456        1.0000000000002518        3.5666650988342549E-028  -2.5224267119483557E-013  (-1.27383130482190799E-016,7.89433585752880447E-018)   (2.52520292459168565E-016,2.48493377401356892E-016)             (-0.49999942442315343,0.0000000000000000)
          54        2000  -1042.7882983494392        1.0000000000002593        20.027903914731002        1.0000000000002593        3.0462486185976587E-028  -2.5934809855243657E-013  (-4.96267975478093733E-016,1.39104282704341038E-021)   (1.04659313451438506E-015,1.85988838788639371E-016)             (-0.49999942442315720,0.0000000000000000)
          55        2000  -1041.6859851376530        1.0000000000002631        30.383485812677787        1.0000000000002633        2.8344279378208336E-028  -2.6312285683616210E-013  (-9.62704126716959400E-016,9.24410435568410206E-018)  (-2.25469895561524270E-016,4.98273977740783501E-018)             (-0.49999942442315920,0.0000000000000000)
          56        2000  -1040.5836719258668        1.0000000000002651        42.702571740087564        1.0000000000002647        2.8085898467911914E-028  -2.6512125828048738E-013  (3.22876755571418324E-016,-9.15772895133591638E-018)   (1.01469484859368035E-015,6.97758999116328570E-017)             (-0.49999942442315987,0.0000000000000000)
          57        2000  -1039.4813587140807        1.0000000000002709        56.790882352820255        1.0000000000002709        2.6230041675717008E-028  -2.7089441800853820E-013  (-1.84109926467706713E-016,5.53754168724780592E-022)   (8.45196926871387085E-016,3.19412947973697671E-016)             (-0.49999942442316297,0.0000000000000000)
          58        2000  -1038.3790455022945        1.0000000000002780        72.426236576562758        1.0000000000002776        2.8845164760133653E-028  -2.7799984536613920E-013 (-9.18561510255626831E-016,-1.45310612805894056E-018)   (7.27312239600569718E-016,2.87445804465823129E-017)             (-0.49999942442316631,0.0000000000000000)
          59        2000  -1037.2767322905083        1.0000000000002811        89.362055535099543        1.0000000000002811        3.4501274952187633E-028  -2.8110846983508964E-013 (-1.89695415368112296E-016,-9.06894959479251777E-018)   (1.19454936644445576E-015,4.90562158258612733E-017)             (-0.49999942442316808,0.0000000000000000)
          60        2000  -1036.1744190787222        1.0000000000002882        107.33125124648613        1.0000000000002882        3.7225129506591459E-028  -2.8821389719269064E-013 (-3.92859752777916863E-016,-7.72125082646820648E-019)   (7.38188026847449655E-016,8.33360229225957359E-017)             (-0.49999942442317163,0.0000000000000000)
          61        2000  -1035.0721058669360        1.0000000000002935        126.05043876007811        1.0000000000002935        3.9132862116173146E-028  -2.9354296771089139E-013  (4.39550016556809217E-016,-7.79689721479084429E-018)   (9.27279228059596916E-016,1.63019821315637139E-016)             (-0.49999942442317430,0.0000000000000000)
          62        2000  -1033.9697926551498        1.0000000000002993        145.22440530648578        1.0000000000002989        4.1515196363882973E-028  -2.9931612743894220E-013  (1.25424795977457727E-015,-7.79717708013042236E-018)   (1.17962506536163169E-015,4.70307876309881082E-016)             (-0.49999942442317696,0.0000000000000000)
          63        2000  -1032.8674794433637        1.0000000000003042        164.55076597929764        1.0000000000003042        3.9809133002893792E-028  -3.0420110874729289E-013  (3.23097748450987476E-016,-9.47981197968257897E-019)   (6.50528613886889154E-016,1.52244355425124946E-016)             (-0.49999942442317963,0.0000000000000000)
          64        2000  -1031.7651662315775        1.0000000000003058        183.72473252569449        1.0000000000003060        3.4993812417424692E-028  -3.0575542098176811E-013 (-3.87261293930211423E-017,-7.62247782658990340E-018)  (4.33604969141157299E-016,-6.37321052205400613E-017)             (-0.49999942442318052,0.0000000000000000)
          65        2000  -1030.6628530197913        1.0000000000003069        202.44392003926728        1.0000000000003069        3.0716308928356001E-028  -3.0686564400639327E-013  (1.00637173896750634E-016,-4.59513932272981811E-019)   (8.79661700226795015E-016,9.71368683272801902E-017)             (-0.49999942442318096,0.0000000000000000)
          66        2000  -1029.5605398080052        1.0000000000003120        220.41311575062770        1.0000000000003122        2.7599423673417306E-028  -3.1197266991966899E-013 (-1.48019589782209025E-016,-7.23911055530735386E-019)  (-1.97062194086688734E-016,3.47343540585755075E-017)             (-0.49999942442318362,0.0000000000000000)
          67        2000  -1028.4582265962190        1.0000000000003169        237.34893470912954        1.0000000000003166        2.5684270306810508E-028  -3.1685765122801968E-013  (1.49897244537797726E-016,-1.83189114291641166E-017)   (8.09478904537028669E-016,7.96021714848434160E-017)             (-0.49999942442318585,0.0000000000000000)
          68        2000  -1027.3559133844328        1.0000000000003231        252.98428893282917        1.0000000000003229        2.7229655174080238E-028  -3.2307490016592055E-013 (-6.35001488790870851E-017,-4.53170037440185617E-018)  (-7.08900979551604029E-017,1.09272955286804849E-016)             (-0.49999942442318895,0.0000000000000000)
          69        2000  -1026.2536001726467        1.0000000000003300        267.07259954551085        1.0000000000003300        3.0984577837060558E-028  -3.2995828291859652E-013   (5.28692504067509956E-017,1.26668845773992590E-018)  (-3.44179687663058644E-016,9.87976738337782709E-017)             (-0.49999942442319251,0.0000000000000000)
          70        2000  -1025.1512869608605        1.0000000000003342        279.39168547286596        1.0000000000003335        3.5126625401661562E-028  -3.3417713041217212E-013  (3.69560737041969510E-016,-2.73854231382734209E-017)   (1.64844451934348293E-016,1.07949946031839574E-016)             (-0.49999942442319428,0.0000000000000000)
          71        2000  -1024.0489737490743        1.0000000000003384        289.74726737075400        1.0000000000003384        3.8105579217451261E-028  -3.3839597790574771E-013  (3.95670605781006678E-016,-4.44601402871057363E-020)   (7.87345210740492036E-016,2.79959352773774311E-016)             (-0.49999942442319673,0.0000000000000000)
          72        2000  -1022.9466605372882        1.0000000000003455        297.97603152651777        1.0000000000003455        3.9884598571661085E-028  -3.4550140526334872E-013  (1.23198380873997073E-016,-1.17773596396843057E-018)   (2.43948344093382773E-016,7.32505332098798406E-017)             (-0.49999942442320028,0.0000000000000000)
          73        2000  -1021.8443473255020        1.0000000000003506        303.94820541379698        1.0000000000003504        3.9592150105836243E-028  -3.5060843117662444E-013   (5.77197965242343556E-016,8.07220583341590006E-018)   (1.28280877133583246E-015,2.00182103374492407E-017)             (-0.49999942442320272,0.0000000000000000)
          74        2000  -1020.7420341137158        1.0000000000003562        307.56960428278597        1.0000000000003562        3.8056937996501506E-028  -3.5615954629975022E-013  (2.21130322231490431E-016,-1.80249689061905301E-019)   (7.55446289688300799E-016,8.76200663365235901E-017)             (-0.49999942442320561,0.0000000000000000)
          75        2000  -1019.6397209019296        1.0000000000003610        308.78311650999831        1.0000000000003610        3.6269604411617353E-028  -3.6104452760810091E-013  (-9.25746463871368568E-016,1.05220279617269157E-017)  (-7.54616709767088052E-016,4.23441484436266895E-016)             (-0.49999942442320805,0.0000000000000000)
          76        2000  -1018.5374076901435        1.0000000000003633        307.56960428269775        1.0000000000003628        3.2641931291259352E-028  -3.6326497365735122E-013 (-1.01294704612623350E-016,-9.15774496527674015E-018)  (2.84327288439478341E-018,-1.43117329690556876E-017)             (-0.49999942442320894,0.0000000000000000)
          77        2000  -1017.4350944783573        1.0000000000003697        303.94820541362560        1.0000000000003690        3.0715288394340097E-028  -3.6970426720017713E-013  (2.12262481164950361E-016,-9.75284511227999379E-019)  (6.99603179986441934E-016,-1.85227606281239315E-017)             (-0.49999942442321205,0.0000000000000000)
          78        2000  -1016.3327812665711        1.0000000000003741        297.97603152626368        1.0000000000003739        2.9985851252078752E-028  -3.7414515929867775E-013  (4.76069207897814674E-016,-7.89674382294826087E-018)   (1.43478256899228990E-015,4.65993533958095464E-017)             (-0.49999942442321449,0.0000000000000000)
          79        2000  -1015.2304680547850        1.0000000000003775        289.74726737042312        1.0000000000003775        3.0231872467022959E-028  -3.7747582837255322E-013  (9.65712735965677735E-016,-1.57913930857735667E-017)   (1.45820915673430324E-015,1.81791795112563790E-017)             (-0.49999942442321627,0.0000000000000000)
          80        2000  -1014.1281548429988        1.0000000000003835        279.39168547246487        1.0000000000003832        3.2721977449570471E-028  -3.8347103270552907E-013  (4.91069000435988032E-017,-3.97012362717434524E-018)   (1.34695523838897738E-015,2.25895057029535310E-017)             (-0.49999942442321915,0.0000000000000000)
          81        2000  -1013.0258416312126        1.0000000000003872        267.07259954504474        1.0000000000003872        3.5619036562266372E-028  -3.8724579098925460E-013 (-1.38425742386815658E-016,-7.98345625039398913E-018)   (2.42651174385678755E-016,1.06670705020283968E-016)             (-0.49999942442322115,0.0000000000000000)
          82        2000  -1011.9235284194265        1.0000000000003915        252.98428893230130        1.0000000000003912        3.6858452181681245E-028  -3.9146463848283020E-013   (2.52495229970027705E-016,6.62464585979634841E-018)   (9.02196552196937219E-017,4.99335903170392528E-017)             (-0.49999942442322315,0.0000000000000000)
          83        2000  -1010.8212152076403        1.0000000000003972        237.34893470854851        1.0000000000003970        3.7810677518845766E-028  -3.9723779821088101E-013  (-7.64465270158427171E-016,6.36032910415207818E-019)   (2.63299486836268559E-016,1.06955363980575230E-016)             (-0.49999942442322604,0.0000000000000000)
          84        2000  -1009.7189019958541        1.0000000000004008        220.41311575000023        1.0000000000004010        3.9951941378508780E-028  -4.0079051188968151E-013  (-1.09400319248440486E-015,7.98373629866155030E-018)  (-1.55129764243328008E-016,1.44834290002990518E-016)             (-0.49999942442322803,0.0000000000000000)
          85        2000  -1008.6165887840680        1.0000000000004057        202.44392003860602        1.0000000000004050        4.0261069405145972E-028  -4.0567549319803220E-013   (3.41473708712655648E-016,4.53462989277016462E-018) (-7.65366040017619182E-016,-1.05674084790999775E-016)             (-0.49999942442323003,0.0000000000000000)
          86        2000  -1007.5142755722818        1.0000000000004139        183.72473252501018        1.0000000000004134        3.8296377500454142E-028  -4.1389114358025836E-013 (-7.64489505239836113E-016,-7.89030224241243342E-018)   (2.21561761678122676E-016,9.07975493942451258E-017)             (-0.49999942442323425,0.0000000000000000)
          87        2000  -1006.4119623604956        1.0000000000004188        164.55076597860142        1.0000000000004188        3.6480114233540018E-028  -4.1877612488860905E-013   (1.54171277865857581E-016,1.62510701555782134E-018)   (4.82783641446979024E-016,4.08375623852918864E-017)             (-0.49999942442323692,0.0000000000000000)
          88        2000  -1005.3096491487095        1.0000000000004228        145.22440530579070        1.0000000000004228        3.4908928944039788E-028  -4.2277292777725961E-013   (4.15115432026780105E-016,8.57336186776231992E-018)  (-1.08091990658835427E-017,9.59743462869700560E-017)             (-0.49999942442323891,0.0000000000000000)
          89        2000  -1004.2073359369233        1.0000000000004268        126.05043875939604        1.0000000000004268        3.2677926833728628E-028  -4.2676973066591017E-013  (-2.33249196425189234E-016,9.07466770606235492E-018)  (-1.08109745614792359E-015,3.05186956473616075E-016)             (-0.49999942442324091,0.0000000000000000)
          90        2000  -1003.1050227251371        1.0000000000004303        107.33125124582449        1.0000000000004303        3.1502993297901456E-028  -4.3032244434471068E-013  (1.24004204297630845E-015,-9.25550945934695204E-018)   (6.81650061923238678E-016,1.84571013066666398E-016)             (-0.49999942442324269,0.0000000000000000)
          91        2000  -1002.0027095133510        1.0000000000004381        89.362055534468283        1.0000000000004379        3.2025956716287754E-028  -4.3809400551708677E-013   (7.28416315826092758E-016,1.92979296336608869E-018)   (1.14480295088482154E-015,2.91090185547394950E-016)             (-0.49999942442324646,0.0000000000000000)
          92        2000  -1000.9003963015648        1.0000000000004416        72.426236575972197        1.0000000000004414        3.2834150668447427E-028  -4.4164671919588727E-013  (-1.12158578321736109E-016,1.26651770020500229E-018)  (2.34629253698978453E-015,-2.84129317915712065E-016)             (-0.49999942442324824,0.0000000000000000)
          93        2000  -999.79808308977863        1.0000000000004432        56.790882352280043        1.0000000000004432        3.4755690150323188E-028  -4.4320103143036249E-013 (-5.80785515511482162E-016,-1.53664647153170629E-018) (-1.09574590316403725E-016,-9.19114254358337688E-017)             (-0.49999942442324913,0.0000000000000000)
          94        2000  -998.69576987799246        1.0000000000004483        42.702571739607222        1.0000000000004485        3.8820936415819422E-028  -4.4830805734363821E-013  (-4.59772571050568671E-016,5.72359291222764278E-019) (-1.04783286513909352E-015,-8.06521283386332464E-017)             (-0.49999942442325179,0.0000000000000000)
          95        2000  -997.59345666620629        1.0000000000004519        30.383485812264450        1.0000000000004521        4.0882812762803956E-028  -4.5186077102243871E-013   (4.31424316792333273E-016,5.09208461482201803E-018)  (6.91635299298068008E-016,-2.32763473249256859E-016)             (-0.49999942442325357,0.0000000000000000)
          96        2000  -996.49114345442013        1.0000000000004539        20.027903914391423        1.0000000000004534        4.1464343395972900E-028  -4.5385917246676399E-013   (1.91700082009064667E-016,6.44678155354679975E-018)   (3.84668997445880276E-016,9.29714681769808228E-017)             (-0.49999942442325424,0.0000000000000000)
          97        2000  -995.38883024263396        1.0000000000004612        11.799139758642266        1.0000000000004610        4.1064530198157417E-028  -4.6118664442929003E-013  (-7.47408336660887476E-017,1.17153321054841204E-020) (-9.08063294328239980E-016,-4.12911197062769327E-017)             (-0.49999942442325801,0.0000000000000000)
          98        2000  -994.28651703084779        1.0000000000004672        5.8269658713788344        1.0000000000004667        3.8594071745066292E-028  -4.6718184876226587E-013   (5.32287702004157570E-016,9.15187150188422880E-018)  (2.17037713993868943E-016,-3.47709766091738973E-018)             (-0.49999942442326090,0.0000000000000000)
          99        2000  -993.18420381906162        1.0000000000004732        2.2055670024071330        1.0000000000004725        3.4203146505664578E-028  -4.7317705309524172E-013  (-5.35310100971639925E-017,1.55992845001682020E-017)  (4.08450326038357544E-016,-3.88967946250201258E-017)             (-0.49999942442326378,0.0000000000000000)
         100        2000  -992.08189060727545        1.0000000000004785       0.99205477520970853        1.0000000000004783        3.2457430302004670E-028  -4.7850612361344247E-013  (-6.07037349130180256E-017,6.78442492319952252E-019)  (3.86869552772797217E-016,-1.23328388522572168E-017)             (-0.49999942442326667,0.0000000000000000)
         101        2000  -990.97957739548929        1.0000000000004841        2.2055670025265854        1.0000000000004841        3.3240829999952854E-028  -4.8405723873656825E-013  (7.34950893317615061E-016,-2.48547694159264155E-017)  (3.59951573838106518E-016,-6.70248032369475350E-017)             (-0.49999942442326956,0.0000000000000000)
         102        2000  -989.87726418370312        1.0000000000004889        5.8269658716159123        1.0000000000004885        3.4008884368737555E-028  -4.8894222004491894E-013   (5.29402105904637780E-016,8.43742371599920890E-018)   (1.85290493879369426E-016,2.01549859218342472E-016)             (-0.49999942442327178,0.0000000000000000)
         103        2000  -988.77495097191695        1.0000000000004960        11.799139758993404        1.0000000000004956        3.5063664981136444E-028  -4.9604764740251994E-013  (5.70741478088275380E-016,-6.30498641164296833E-019)   (2.46847657782882795E-016,1.26231499817004567E-016)             (-0.49999942442327533,0.0000000000000000)
         104        2000  -987.67263776013078        1.0000000000005005        20.027903914851386        1.0000000000005005        3.5668426514325820E-028  -5.0048853950102057E-013 (-8.35226307959174870E-016,-5.54781970588728704E-021) (-9.06152722608655379E-017,-1.33584939125360817E-016)             (-0.49999942442327777,0.0000000000000000)
         105        2000  -986.57032454834462        1.0000000000005063        30.383485812826166        1.0000000000005058        3.6956070199954645E-028  -5.0626169922907138E-013  (-3.98936843544032812E-016,3.90399879270517810E-018) (-6.59911554767909652E-016,-1.22653670122124430E-016)             (-0.49999942442328044,0.0000000000000000)
         106        2000  -985.46801133655845        1.0000000000005094        42.702571740262201        1.0000000000005094        3.8533189616442359E-028  -5.0937032369802182E-013  (2.65816862647166362E-016,-8.61594227250566127E-020)  (3.89197109694385692E-016,-1.12956494215357974E-017)             (-0.49999942442328221,0.0000000000000000)
         107        2000  -984.36569812477228        1.0000000000005131        56.790882353018652        1.0000000000005129        4.2098255321768144E-028  -5.1314508198174735E-013  (-2.87927852479538101E-017,2.71583426710793291E-018)  (-3.95065593903793396E-016,3.73295007576084927E-016)             (-0.49999942442328399,0.0000000000000000)
         108        2000  -983.26338491298611        1.0000000000005163        72.426236576783040        1.0000000000005160        4.3026727494567243E-028  -5.1625370645069779E-013  (-4.47260111287563460E-016,1.90621423704556223E-018)  (7.57621639025630637E-016,-1.48490379931766413E-017)             (-0.49999942442328554,0.0000000000000000)
         109        2000  -982.16107170119994        1.0000000000005198        89.362055535338882        1.0000000000005200        4.2441658277727015E-028  -5.1980642012949829E-013  (1.12021590743391814E-015,-7.89642356304721407E-018)  (1.30005754207152893E-015,-1.52849138883455609E-016)             (-0.49999942442328754,0.0000000000000000)
         110        2000  -981.05875848941378        1.0000000000005234        107.33125124674130        1.0000000000005227        4.0787806972431023E-028  -5.2335913380829879E-013 (-2.17207916088748512E-016,-2.18648876875535630E-024)   (7.26712155156731906E-016,4.97589338079074378E-016)             (-0.49999942442328887,0.0000000000000000)
         111        2000  -979.95644527762761        1.0000000000005311        126.05043876034341        1.0000000000005307        3.6011685391209991E-028  -5.3113069498067489E-013  (2.74915250277502882E-016,-2.29168633488198622E-018)   (6.47987339794052271E-016,2.89386929020966427E-017)             (-0.49999942442329287,0.0000000000000000)
         112        2000  -978.85413206584144        1.0000000000005360        145.22440530675919        1.0000000000005360        3.1362801550255674E-028  -5.3601567628902558E-013  (1.10501248019725283E-015,-1.35531320432170657E-018)  (3.44186276342937584E-016,-2.55550195193090909E-016)             (-0.49999942442329554,0.0000000000000000)
         113        2000  -977.75181885405527        1.0000000000005376        164.55076597957515        1.0000000000005378        3.0108098931741857E-028  -5.3756998852350080E-013  (5.70305631770520712E-017,-9.15249271272038700E-018)  (-5.70188346367397002E-016,3.30834858235949546E-016)             (-0.49999942442329642,0.0000000000000000)
         114        2000  -976.64950564226911        1.0000000000005413        183.72473252597436        1.0000000000005413        3.0720008106833774E-028  -5.4134474680722633E-013 (-4.97429715464085718E-016,-2.08226631606849178E-021) (-9.24580904448096505E-016,-1.67665975428065441E-016)             (-0.49999942442329820,0.0000000000000000)
         115        2000  -975.54719243048294        1.0000000000005473        202.44392003954698        1.0000000000005471        3.3491970787337471E-028  -5.4733995114020217E-013  (-6.00817940781632814E-016,9.25549788686841526E-018)  (9.21808417497682670E-017,-5.09206945281833171E-017)             (-0.49999942442330109,0.0000000000000000)
         116        2000  -974.44487921869677        1.0000000000005509        220.41311575090290        1.0000000000005507        3.9454919149667274E-028  -5.5089266481900268E-013  (-3.98770483721430496E-016,8.98047991531689871E-018)   (5.80965229645267516E-016,1.02487964783925155E-016)             (-0.49999942442330286,0.0000000000000000)
         117        2000  -973.34256600691060        1.0000000000005556        237.34893470939531        1.0000000000005551        4.3555783970651844E-028  -5.5555560152242833E-013  (-2.59080219541062243E-016,1.15623811477507493E-018)  (9.86216814891069611E-016,-5.44193670416969358E-017)             (-0.49999942442330508,0.0000000000000000)
         118        2000  -972.24025279512443        1.0000000000005600        252.98428893308224        1.0000000000005600        4.5271167983100323E-028  -5.5999649362092896E-013   (1.57257176466641174E-015,7.98342692227226788E-018)  (-3.92169451735071626E-016,3.47752233874754529E-016)             (-0.49999942442330753,0.0000000000000000)
         119        2000  -971.13793958333827        1.0000000000005631        267.07259954574721        1.0000000000005631        4.5397746564202213E-028  -5.6310511808987940E-013   (1.21517358215456642E-016,9.43438284559768090E-020)   (1.11890771487478144E-015,2.25571827449329888E-016)             (-0.49999942442330908,0.0000000000000000)
         120        2000  -970.03562637155210        1.0000000000005662        279.39168547308242        1.0000000000005662        4.2286536335978650E-028  -5.6621374255882984E-013   (2.10377397613188550E-019,2.71456767044412972E-019)   (2.13368805055528114E-016,9.84718612695390846E-017)             (-0.49999942442331063,0.0000000000000000)
         121        2000  -968.93331315976593        1.0000000000005704        289.74726737094409        1.0000000000005702        3.8184027892525454E-028  -5.7043259005240543E-013  (-8.82196686913667420E-016,1.45337092896733295E-018)  (-3.07744378482550858E-016,1.42750740004090187E-016)             (-0.49999942442331263,0.0000000000000000)
         122        2000  -967.83099994797976        1.0000000000005731        297.97603152668495        1.0000000000005729        3.4285998960851732E-028  -5.7309712531150581E-013  (6.24178890163107070E-016,-3.89843372578113367E-018)  (8.28712426416066331E-016,-1.87068708805031934E-016)             (-0.49999942442331397,0.0000000000000000)
         123        2000  -966.72868673619359        1.0000000000005782        303.94820541393761        1.0000000000005778        3.3190798984419327E-028  -5.7820415122478153E-013   (7.63369804668946882E-016,3.35830732016680978E-018)   (8.41193799357100523E-016,2.39706797242230271E-016)             (-0.49999942442331641,0.0000000000000000)
         124        2000  -965.62637352440743        1.0000000000005791        307.56960428289983        1.0000000000005791        3.4110010304821135E-028  -5.7909232964448165E-013  (1.21185824600536048E-015,-7.81141747094386299E-018)   (1.57331600379110397E-016,2.56041254358962346E-016)             (-0.49999942442331707,0.0000000000000000)
         125        2000  -964.52406031262126        1.0000000000005811        308.78311651008255        1.0000000000005813        3.4955490691387066E-028  -5.8109073108880693E-013   (2.51786533909474571E-016,3.13334790986164238E-018)   (7.85817108840305686E-016,1.70446419877669409E-016)             (-0.49999942442331818,0.0000000000000000)
         126        2000  -963.42174710083509        1.0000000000005869        307.56960428275323        1.0000000000005871        3.6998354072767910E-028  -5.8686389081685775E-013  (-5.04062330414474348E-016,3.90153207882170300E-018)   (2.10422861129131416E-015,5.32423402735946323E-017)             (-0.49999942442332107,0.0000000000000000)
         127        2000  -962.31943388904892        1.0000000000005920        303.94820541364908        1.0000000000005915        3.9842857343392582E-028  -5.9197091673013347E-013  (-6.50991638317200195E-016,1.04221660880369736E-017) (-2.43371509716710852E-016,-4.46314448857259198E-017)             (-0.49999942442332329,0.0000000000000000)
         128        2000  -961.21712067726276        1.0000000000005993        297.97603152625976        1.0000000000005991        4.1534906591099657E-028  -5.9929838869265950E-013   (1.16241225120558011E-015,4.26448910051219367E-018)   (3.49621006996545436E-016,1.35009609431761964E-016)             (-0.49999942442332707,0.0000000000000000)
         129        2000  -960.11480746547659        1.0000000000006062        289.74726737038878        1.0000000000006062        4.3392208488407056E-028  -6.0618177144533547E-013  (-4.18608430386213430E-016,2.71406818719963052E-018)  (-4.44735453958438089E-016,2.15078459468486148E-016)             (-0.49999942442333062,0.0000000000000000)
         130        2000  -959.01249425369042        1.0000000000006100        279.39168547240081        1.0000000000006097        4.5874106653210152E-028  -6.0995652972906100E-013  (5.07912655619982974E-017,-8.97493049783522974E-018) (-6.46806886761858385E-017,-2.97986656490066197E-017)             (-0.49999942442333239,0.0000000000000000)
         131        2000  -957.91018104190425        1.0000000000006160        267.07259954495169        1.0000000000006160        4.4659134259586200E-028  -6.1595173406203685E-013   (2.07374434886793599E-016,1.70539092760665709E-019)  (-1.72610694228281492E-016,9.55838294569899800E-017)             (-0.49999942442333550,0.0000000000000000)
         132        2000  -956.80786783011808        1.0000000000006202        252.98428893218278        1.0000000000006199        4.2126588934950409E-028  -6.2017058155561244E-013  (4.52186761673263663E-016,-7.62482699933935708E-018)   (1.75097147429055714E-016,2.58758599335766798E-017)             (-0.49999942442333750,0.0000000000000000)
         133        2000  -955.70555461833192        1.0000000000006188        237.34893470840819        1.0000000000006191        3.8746034884067907E-028  -6.1883831392606226E-013  (4.83707536968197469E-017,-1.70579289603641542E-017)   (5.24567717927927635E-016,2.32939030243546183E-016)             (-0.49999942442333706,0.0000000000000000)
         134        2000  -954.60324140654575        1.0000000000006226        220.41311574984513        1.0000000000006226        3.5624979285751461E-028  -6.2261307220978779E-013   (1.31163909938825840E-015,5.72575879963223705E-019)   (5.24766075304447616E-016,1.20351465544328920E-017)             (-0.49999942442333883,0.0000000000000000)
         135        2000  -953.50092819475958        1.0000000000006288        202.44392003843544        1.0000000000006279        3.5033473681592940E-028  -6.2883032114768866E-013   (5.14158658760319584E-016,9.06865332056445099E-018)  (-2.80015038723384159E-017,4.64282577732809939E-017)             (-0.49999942442334150,0.0000000000000000)
         136        2000  -952.39861498297341        1.0000000000006355        183.72473252482774        1.0000000000006350        3.6199142617777669E-028  -6.3549165929543960E-013 (-1.24938463267808866E-015,-6.70579729710561675E-018)   (1.18628858667843810E-015,5.56513628554162896E-016)             (-0.49999942442334505,0.0000000000000000)
         137        2000  -951.29630177118725        1.0000000000006408        164.55076597841105        1.0000000000006404        3.7926594426166918E-028  -6.4082072981364036E-013   (8.02395124057443523E-016,4.87555754738247077E-018)   (1.44451762364018157E-015,1.87069611385316266E-016)             (-0.49999942442334772,0.0000000000000000)
         138        2000  -950.19398855940108        1.0000000000006466        145.22440530559453        1.0000000000006466        4.0791663783073909E-028  -6.4659388954169117E-013   (8.49829004385004066E-016,7.98895181658874402E-018) (-6.10527669244957175E-016,-5.43311653513359177E-017)             (-0.49999942442335082,0.0000000000000000)
         139        2000  -949.09167534761491        1.0000000000006501        126.05043875919900        1.0000000000006497        4.4359681341241498E-028  -6.5014660322049167E-013  (2.32231477391160229E-016,-3.28047175084172144E-018)   (7.73859538793741647E-016,2.29619041579402574E-016)             (-0.49999942442335238,0.0000000000000000)
         140        2000  -947.98936213582874        1.0000000000006548        107.33125124563036        1.0000000000006546        4.6358733149721349E-028  -6.5480953992391733E-013  (9.98770282799611497E-017,-5.89031399667794135E-019)   (4.53484885080363758E-016,1.58182059099327762E-016)             (-0.49999942442335482,0.0000000000000000)
         141        2000  -946.88704892404257        1.0000000000006606        89.362055534279506        1.0000000000006599        4.5866696433852689E-028  -6.6058269965196814E-013 (-4.00960472611059265E-016,-1.70582349983953804E-017)  (-1.31036608643026413E-015,8.64513705835630268E-017)             (-0.49999942442335749,0.0000000000000000)
         142        2000  -945.78473571225641        1.0000000000006641        72.426236575792615        1.0000000000006635        4.5744972057410010E-028  -6.6413541333076864E-013  (4.12921596139160417E-017,-4.62218999661435789E-018)   (6.71878909047595788E-016,4.55946518664221907E-017)             (-0.49999942442335926,0.0000000000000000)
         143        2000  -944.68242250047024        1.0000000000006699        56.790882352113357        1.0000000000006692        4.4511867345300878E-028  -6.6990857305881946E-013  (6.60960749223057855E-016,-6.27592559129607293E-019)   (1.53036682221129055E-015,2.50403293347385193E-017)             (-0.49999942442336215,0.0000000000000000)
         144        2000  -943.58010928868407        1.0000000000006775        42.702571739456786        1.0000000000006768        4.3401632974725031E-028  -6.7745808962627052E-013 (-5.40834676749565003E-016,-9.42721210736465687E-018)  (-2.41036655136905852E-017,2.05268046427647470E-016)             (-0.49999942442336592,0.0000000000000000)
         145        2000  -942.47779607689790        1.0000000000006828        30.383485812133490        1.0000000000006826        4.2069980409231341E-028  -6.8278716014447127E-013   (5.78477895131323222E-016,7.18990799755663559E-024)   (1.75013409760983464E-015,2.79152828638838645E-016)             (-0.49999942442336881,0.0000000000000000)
         146        2000  -941.37548286511174        1.0000000000006863        20.027903914282636        1.0000000000006861        3.9920623369306203E-028  -6.8633987382327177E-013  (1.37081721389627430E-016,-7.80224473073884790E-018)   (7.87209419719236547E-016,1.25013811640981344E-016)             (-0.49999942442337059,0.0000000000000000)
         147        2000  -940.27316965332557        1.0000000000006894        11.799139758558072        1.0000000000006892        3.8528006250596983E-028  -6.8944849829222221E-013   (3.58905939166631503E-016,9.33905006371886028E-018)  (-3.04527353552777105E-016,2.62104180749166308E-016)             (-0.49999942442337214,0.0000000000000000)
         148        2000  -939.17085644153940        1.0000000000006934        5.8269658713212289        1.0000000000006932        3.7329457071858049E-028  -6.9344530118087278E-013   (5.47596938902082150E-016,3.92193499453624822E-018)   (9.17138121974889702E-016,1.64632991789880186E-016)             (-0.49999942442337414,0.0000000000000000)
         149        2000  -938.06854322975323        1.0000000000006999        2.2055670023777352        1.0000000000006994        4.0847656325284170E-028  -6.9988459472369868E-013   (1.54738842335679324E-015,1.80670778237241684E-019)  (2.19541114155351887E-015,-5.17544297920377310E-016)             (-0.49999942442337725,0.0000000000000000)
         150        2000  -936.96623001796706        1.0000000000007077       0.99205477520964014        1.0000000000007070        4.4618267754310212E-028  -7.0765615589607478E-013  (-3.37182454685353401E-016,1.16942484044054526E-017)  (-2.05431371471343096E-016,2.98553440744593593E-016)             (-0.49999942442338102,0.0000000000000000)
         151        2000  -935.86391680618090        1.0000000000007148        2.2055670025565051        1.0000000000007141        4.7316470397894467E-028  -7.1476158325367578E-013  (8.24058427731777304E-016,-5.83998838366665723E-019)   (7.93952682109884738E-016,1.35619977747935015E-016)             (-0.49999942442338458,0.0000000000000000)
         152        2000  -934.76160359439473        1.0000000000007190        5.8269658716760375        1.0000000000007190        4.9543348391598952E-028  -7.1898043074725138E-013  (-2.29372605723062502E-016,1.26100382051474518E-018) (-9.27198831485685579E-016,-9.79553084754668522E-017)             (-0.49999942442338702,0.0000000000000000)
         153        2000  -933.65929038260856        1.0000000000007252        11.799139759083381        1.0000000000007243        4.8467574317930422E-028  -7.2519767968515225E-013 (-8.71118908186339401E-016,-7.98341097602839780E-018)   (5.73723503761042911E-016,1.05907568123144992E-016)             (-0.49999942442338968,0.0000000000000000)
         154        2000  -932.55697717082239        1.0000000000007296        20.027903914970260        1.0000000000007296        4.7201442550864117E-028  -7.2963857178365288E-013  (9.89236166605848230E-017,-1.14471432140754541E-018)   (1.28568068820045217E-015,9.51227819816972191E-017)             (-0.49999942442339235,0.0000000000000000)
         155        2000  -931.45466395903622        1.0000000000007352        30.383485812972708        1.0000000000007354        4.6090066599865276E-028  -7.3518968690677866E-013  (-4.01967585126383547E-016,8.98569065502654209E-018)  (-6.63249696609056288E-016,2.26338796537910136E-016)             (-0.49999942442339523,0.0000000000000000)
         156        2000  -930.35235074725006        1.0000000000007390        42.702571740434934        1.0000000000007390        4.3473774570226889E-028  -7.3896444519050419E-013   (1.17488927885849636E-015,9.40346581239517395E-020)   (9.18675938451938681E-016,2.90470867518476410E-016)             (-0.49999942442339701,0.0000000000000000)
         157        2000  -929.25003753546389        1.0000000000007445        56.790882353214847        1.0000000000007438        4.0271427228500979E-028  -7.4451556031362998E-013  (4.33111129528058929E-016,-1.90622247097984311E-018)  (-3.41359431656191869E-016,8.46739707460519787E-017)             (-0.49999942442339945,0.0000000000000000)
         158        2000  -928.14772432367772        1.0000000000007481        72.426236577000921        1.0000000000007478        3.9351603282643852E-028  -7.4806827399243048E-013  (-1.46083400504514738E-016,2.79980870266971823E-022) (-1.10746746581376218E-015,-7.27810988181009772E-017)             (-0.49999942442340145,0.0000000000000000)
         159        2000  -927.04541111189155        1.0000000000007496        89.362055535574342        1.0000000000007496        3.8979607791564258E-028  -7.4962258622690570E-013  (1.18918293475919108E-016,-4.62498075195762093E-018)   (1.22365360602310764E-015,2.83449105024633872E-016)             (-0.49999942442340234,0.0000000000000000)
         160        2000  -925.94309790010539        1.0000000000007550        107.33125124699258        1.0000000000007545        4.1359859567332486E-028  -7.5495165674510645E-013  (2.67401023906492826E-016,-4.70036160313466914E-020)   (3.10632062895998712E-016,2.35663541338381038E-016)             (-0.49999942442340478,0.0000000000000000)
         161        2000  -924.84078468831922        1.0000000000007614        126.05043876060860        1.0000000000007612        4.5058547847964318E-028  -7.6139095028793236E-013  (-8.01916825519299149E-016,2.53306198871689021E-018)  (-1.04969076276897530E-015,1.03299269146082580E-016)             (-0.49999942442340811,0.0000000000000000)
         162        2000  -923.73847147653305        1.0000000000007669        145.22440530703128        1.0000000000007669        4.8814864447825216E-028  -7.6694206541105814E-013  (-9.89651312751070542E-016,5.84404125794510058E-018)   (8.02394055244429407E-016,2.55470060796137576E-017)             (-0.49999942442341100,0.0000000000000000)
         163        2000  -922.63615826474688        1.0000000000007703        164.55076597985160        1.0000000000007705        5.1092344799244543E-028  -7.7027273448493361E-013 (-5.39254091867065626E-016,-9.79548046599562324E-018) (-2.28865646964418670E-016,-6.19639142226967799E-017)             (-0.49999942442341277,0.0000000000000000)
         164        2000  -921.53384505296071        1.0000000000007727        183.72473252625380        1.0000000000007727        5.0946778411507846E-028  -7.7271522513910895E-013  (-1.07573890475503246E-015,1.27236157130009474E-018) (-8.80967786280167717E-016,-8.67432616829223263E-017)             (-0.49999942442341389,0.0000000000000000)
         165        2000  -920.43153184117455        1.0000000000007780        202.44392003982270        1.0000000000007776        4.9573631112732517E-028  -7.7804429565730970E-013   (1.39412341919758690E-015,4.89627662112370463E-018)   (1.68752514157528060E-015,1.37246425556678226E-016)             (-0.49999942442341633,0.0000000000000000)
         166        2000  -919.32921862938838        1.0000000000007812        220.41311575117109        1.0000000000007812        4.8574896792846502E-028  -7.8115292012626014E-013  (1.20621892965296303E-015,-2.52750272424740082E-018)  (-3.61339837055249885E-017,1.91243183533558603E-016)             (-0.49999942442341810,0.0000000000000000)
         167        2000  -918.22690541760221        1.0000000000007858        237.34893470965156        1.0000000000007856        4.6035883628086458E-028  -7.8581585682968580E-013   (2.62234751797022338E-016,5.85797117860655684E-021)  (-8.95289239530463223E-016,5.04941974437936831E-017)             (-0.49999942442342032,0.0000000000000000)
         168        2000  -917.12459220581604        1.0000000000007909        252.98428893332502        1.0000000000007909        4.5718697253781564E-028  -7.9092288274296152E-013  (-9.95168382770569876E-016,1.92705714959951748E-018) (-1.45243338972341018E-015,-1.41256181474354062E-016)             (-0.49999942442342299,0.0000000000000000)
         169        2000  -916.02227899402988        1.0000000000007936        267.07259954597521        1.0000000000007936        4.4528918359352905E-028  -7.9358741800206190E-013 (-1.33338891299894639E-015,-1.05220426808581091E-017)  (-6.81096912973676192E-016,4.92491228357232483E-016)             (-0.49999942442342432,0.0000000000000000)
         170        2000  -914.91996578224371        1.0000000000007945        279.39168547329018        1.0000000000007945        4.2284883216828890E-028  -7.9447559642176202E-013  (-1.00138384192197559E-015,6.53620708612407150E-018)   (5.09678267318305954E-016,2.98851555194317771E-016)             (-0.49999942442342477,0.0000000000000000)
         171        2000  -913.81765257045754        1.0000000000008016        289.74726737113173        1.0000000000008011        4.3477979962496865E-028  -8.0158102377936302E-013  (1.65811589106274593E-016,-3.77864479203471540E-022)   (4.50068300085476279E-016,1.63188587383574438E-016)             (-0.49999942442342810,0.0000000000000000)
         172        2000  -912.71533935867137        1.0000000000008082        297.97603152684599        1.0000000000008082        4.4748765022995806E-028  -8.0824236192711396E-013   (1.05200889007705683E-015,2.71406304956431944E-018)  (-5.61351352880057992E-016,5.21455069683501101E-017)             (-0.49999942442343165,0.0000000000000000)
         173        2000  -911.61302614688520        1.0000000000008085        303.94820541407211        1.0000000000008087        4.6995770364409800E-028  -8.0846440653203899E-013   (7.09506963660493002E-016,1.26685800007220857E-018)  (-1.01847086500677632E-015,3.75197489685901838E-016)             (-0.49999942442343187,0.0000000000000000)
         174        2000  -910.51071293509904        1.0000000000008116        307.56960428300050        1.0000000000008114        5.2265420721835107E-028  -8.1157303100098943E-013  (-1.36986168026338195E-015,1.08736792827788172E-018)  (-9.83100858517422687E-016,1.75691606208252897E-016)             (-0.49999942442343320,0.0000000000000000)
         175        2000  -909.40839972331287        1.0000000000008145        308.78311651015423        1.0000000000008145        5.4194181075974478E-028  -8.1445961086501484E-013  (-1.57145411181310664E-015,7.88530678676673152E-018)  (1.00398969831167425E-016,-2.73034676892607984E-016)             (-0.49999942442343476,0.0000000000000000)
         176        2000  -908.30608651152670        1.0000000000008153        307.56960428279501        1.0000000000008149        5.3170622838459662E-028  -8.1534778928471496E-013  (-8.07604721457228816E-016,8.87794869395098495E-020)  (1.01314286888327157E-016,-5.45414683285208052E-016)             (-0.49999942442343498,0.0000000000000000)
         177        2000  -907.20377329974053        1.0000000000008202        303.94820541366136        1.0000000000008198        5.1478620492545841E-028  -8.2023277059306565E-013  (1.51084948724274830E-015,-4.26293972635932636E-018)  (9.13762905314553702E-016,-3.64282047750332671E-017)             (-0.49999942442343742,0.0000000000000000)
         178        2000  -906.10146008795437        1.0000000000008258        297.97603152624282        1.0000000000008251        4.5897424133484266E-028  -8.2578388571619143E-013   (2.69247894368563715E-015,7.80765778833071661E-018)  (-3.34404907901333651E-016,2.38015824159443395E-016)             (-0.49999942442344009,0.0000000000000000)
         179        2000  -904.99914687616820        1.0000000000008296        289.74726737034433        1.0000000000008291        4.0991912267626374E-028  -8.2955864399991697E-013  (3.01060736363941117E-016,-9.10908322610071178E-020)   (5.16374835376080034E-016,3.33799758661331753E-016)             (-0.49999942442344208,0.0000000000000000)
         180        2000  -903.89683366438203        1.0000000000008327        279.39168547233112        1.0000000000008322        4.0247964399611002E-028  -8.3266726846886741E-013  (-1.01429746907284448E-015,4.66935578610236917E-018) (-1.21474832755123531E-015,-3.05233107217981353E-016)             (-0.49999942442344364,0.0000000000000000)
         181        2000  -902.79452045259586        1.0000000000008382        267.07259954485858        1.0000000000008376        3.9763947731052325E-028  -8.3821838359199319E-013 (-1.46655932380137263E-015,-1.08897305562271188E-018) (-9.84317028366824749E-016,-7.34914896040848150E-017)             (-0.49999942442344630,0.0000000000000000)
         182        2000  -901.69220724080969        1.0000000000008435        252.98428893206562        1.0000000000008433        4.1077320727167856E-028  -8.4354745411019394E-013 (-8.27971228740809275E-016,-4.70075311036486037E-020) (-1.16652025333376156E-016,-1.28465484930658653E-016)             (-0.49999942442344919,0.0000000000000000)
         183        2000  -900.58989402902353        1.0000000000008500        237.34893470827114        1.0000000000008500        4.4190351975646270E-028  -8.4998674765301985E-013  (-7.25041515196887028E-016,5.55085900426626860E-021)  (-3.89283377948286450E-016,1.05660189753539013E-016)             (-0.49999942442345252,0.0000000000000000)
         184        2000  -899.48758081723736        1.0000000000008527        220.41311574968975        1.0000000000008527        4.6531003604510103E-028  -8.5265128291212022E-013  (-3.01248508316772862E-016,7.80306472807827302E-018)   (2.17979528280715872E-016,2.51315531433647386E-016)             (-0.49999942442345385,0.0000000000000000)
         185        2000  -898.38526760545119        1.0000000000008564        202.44392003826519        1.0000000000008562        4.9166414543650030E-028  -8.5642604119584576E-013 (-6.06704324149923970E-016,-4.51057350577288561E-020)   (3.82511828928427314E-016,1.76176848595279125E-017)             (-0.49999942442345563,0.0000000000000000)
         186        2000  -897.28295439366502        1.0000000000008622        183.72473252464411        1.0000000000008620        5.0665466343725593E-028  -8.6219920092389657E-013  (6.70655879476164398E-016,-1.34977920491510422E-018)   (1.50449298708341535E-015,6.49410291563543448E-017)             (-0.49999942442345852,0.0000000000000000)
         187        2000  -896.18064118187885        1.0000000000008655        164.55076597821721        1.0000000000008655        5.0350125103374254E-028  -8.6552986999777204E-013  (1.77802554407182353E-016,-7.70807267137000158E-018)  (-1.93963605349043160E-016,3.74617567007028906E-017)             (-0.49999942442346029,0.0000000000000000)
         188        2000  -895.07832797009269        1.0000000000008715        145.22440530539441        1.0000000000008713        4.9075809014888635E-028  -8.7152507433074788E-013  (1.25928750535513971E-015,-1.30350352234594371E-018) (-9.95040998584924654E-016,-9.81504696732505137E-017)             (-0.49999942442346318,0.0000000000000000)
         189        2000  -893.97601475830652        1.0000000000008771        126.05043875899584        1.0000000000008771        4.6866066542071021E-028  -8.7707618945387367E-013 (-4.42035055839229953E-016,-1.06111334237821471E-017) (-1.30487319771268228E-015,-1.41489319271199347E-016)             (-0.49999942442346607,0.0000000000000000)
         190        2000  -892.87370154652035        1.0000000000008797        107.33125124543015        1.0000000000008793        4.4421493633541821E-028  -8.7974072471297404E-013  (-6.74680762903724724E-016,9.16642327374806496E-018)  (1.73653720852894709E-016,-2.19409226571334247E-016)             (-0.49999942442346718,0.0000000000000000)
         191        2000  -891.77138833473418        1.0000000000008844        89.362055534087219        1.0000000000008837        4.2776317840236582E-028  -8.8440366141639970E-013 (-9.24635210389286140E-016,-1.64426974573468457E-019)   (6.04696713309707289E-016,1.31990711658501509E-016)             (-0.49999942442346940,0.0000000000000000)
         192        2000  -890.66907512294802        1.0000000000008897        72.426236575611057        1.0000000000008895        4.0677749684970552E-028  -8.8973273193460045E-013 (-7.14083923450783227E-016,-1.54272726832348976E-017)   (3.98618548915546723E-016,3.42364833633172385E-016)             (-0.49999942442347228,0.0000000000000000)
         193        2000  -889.56676191116185        1.0000000000008953        56.790882351945498        1.0000000000008948        4.1453918175218738E-028  -8.9528384705772623E-013   (7.17297176161547448E-016,1.36087609906483006E-018)  (7.46755722625611417E-016,-3.81742876366590751E-019)             (-0.49999942442347495,0.0000000000000000)
         194        2000  -888.46444869937568        1.0000000000008995        42.702571739305299        1.0000000000008993        4.3815922423410447E-028  -8.9950269455130183E-013   (4.36473319510697008E-016,6.11148217519790747E-019)   (4.16913773878659136E-016,2.71835236553392813E-016)             (-0.49999942442347717,0.0000000000000000)
         195        2000  -887.36213548758951        1.0000000000009051        30.383485812001656        1.0000000000009051        4.6063401007384529E-028  -9.0505380967442761E-013  (6.96335299838006771E-016,-9.43827941619518154E-018)  (-1.28304438277934633E-015,1.26445188819461990E-018)             (-0.49999942442348005,0.0000000000000000)
         196        2000  -886.25982227580334        1.0000000000009102        20.027903914173443        1.0000000000009095        5.0530763348650535E-028  -9.1016083558770333E-013 (-2.68303293638111904E-016,-4.62483992575663551E-018)  (-4.63442400071268411E-016,1.71165760781641894E-016)             (-0.49999942442348227,0.0000000000000000)
         197        2000  -885.15750906401718        1.0000000000009126        11.799139758473764        1.0000000000009122        5.6132326814142432E-028  -9.1260332624187868E-013 (-1.05439351898333807E-015,-3.90398134835629210E-018) (-1.59343489167889051E-015,-2.86515693399326336E-016)             (-0.49999942442348361,0.0000000000000000)
         198        2000  -884.05519585223101        1.0000000000009170        5.8269658712636909        1.0000000000009166        5.5231375901775700E-028  -9.1704421834037930E-013  (-2.22158900216152469E-016,9.24410295350953032E-018)   (4.72833530207654902E-016,1.07148628404122199E-016)             (-0.49999942442348583,0.0000000000000000)
         199        2000  -882.95288264044484        1.0000000000009235        2.2055670023483462        1.0000000000009228        5.3816756194521576E-028  -9.2348351188320521E-013   (1.34016814367932337E-015,6.34144616093604511E-019) (-2.90935317602153154E-016,-1.34820285155010539E-016)             (-0.49999942442348894,0.0000000000000000)
         200        2000  -881.85056942865867        1.0000000000009288       0.99205477520945640        1.0000000000009286        5.1828763190305972E-028  -9.2881258240140596E-013 (-2.21922556040145778E-017,-8.61672423797573590E-018) (-5.55319056332421954E-016,-3.60325602034838289E-016)             (-0.49999942442349182,0.0000000000000000)
         201        2000  -880.74825621687251        1.0000000000009319        2.2055670025861103        1.0000000000009321        4.9096989154832404E-028  -9.3192120687035640E-013   (1.33031787474239104E-015,2.32290707913033069E-024)  (-8.15439749765273885E-016,2.41966880356322737E-017)             (-0.49999942442349360,0.0000000000000000)
         202        2000  -879.64594300508634        1.0000000000009373        5.8269658717355064        1.0000000000009370        4.8538564214730001E-028  -9.3725027738855715E-013  (1.50290415708757353E-015,-3.90399751405036524E-018)   (2.79820770057209020E-016,3.36856378146371451E-016)             (-0.49999942442349604,0.0000000000000000)
         203        2000  -878.54362979330017        1.0000000000009437        11.799139759172370        1.0000000000009432        4.9101760063790316E-028  -9.4368957093138306E-013 (-2.06096695319335815E-016,-1.22496838960562256E-017)   (5.88565570094920799E-016,6.28511235679406762E-018)             (-0.49999942442349915,0.0000000000000000)
         204        2000  -877.44131658151400        1.0000000000009472        20.027903915087993        1.0000000000009468        4.9370661638683559E-028  -9.4724228461018356E-013 (-1.09467021920216507E-015,-5.82807144229356922E-021) (-4.71135466987942648E-017,-3.60468965315491811E-016)             (-0.49999942442350093,0.0000000000000000)
         205        2000  -876.33900336972783        1.0000000000009523        30.383485813118423        1.0000000000009521        4.8170709337836259E-028  -9.5234931052345928E-013  (2.27510004200780264E-017,-1.99863837431271788E-018)   (1.05528836395684476E-016,3.29206308032581793E-016)             (-0.49999942442350359,0.0000000000000000)
         206        2000  -875.23669015794167        1.0000000000009557        42.702571740606672        1.0000000000009552        5.1446894455544305E-028  -9.5567997959733475E-013  (2.06488182696519240E-016,-6.53586877769569561E-018)   (1.71415741884418097E-016,8.59414757048963926E-019)             (-0.49999942442350515,0.0000000000000000)
         207        2000  -874.13437694615550        1.0000000000009592        56.790882353410332        1.0000000000009588        5.6786283727061329E-028  -9.5923269327613525E-013   (3.41072440448682777E-016,1.06108056364468905E-017)  (-1.59108320771358836E-016,4.29896975007267575E-016)             (-0.49999942442350692,0.0000000000000000)
         208        2000  -873.03206373436933        1.0000000000009677        72.426236577217580        1.0000000000009672        5.9260879602154190E-028  -9.6767038826328644E-013   (4.92913704117593089E-016,7.95060198553782153E-020)   (8.26922437853093736E-016,4.75906041056231799E-016)             (-0.49999942442351114,0.0000000000000000)
         209        2000  -871.92975052258316        1.0000000000009730        89.362055535810768        1.0000000000009730        6.0947952388521587E-028  -9.7299945878148719E-013  (3.99158321981890177E-017,-1.56048280698747142E-017) (-1.23204295317873657E-015,-3.84961677581882299E-017)             (-0.49999942442351403,0.0000000000000000)
         210        2000  -870.82743731079700        1.0000000000009794        107.33125124724424        1.0000000000009792        6.1719622692278686E-028  -9.7943875232431310E-013  (-9.41019421647986007E-016,5.51828834851618731E-021)  (-1.15141388460570582E-015,4.21021837757898389E-017)             (-0.49999942442351714,0.0000000000000000)
         211        2000  -869.72512409901083        1.0000000000009848        126.05043876087096        1.0000000000009845        5.8280351150850609E-028  -9.8476782284251385E-013  (-8.42053011005638301E-016,9.63470484413784718E-019)   (1.34322229821517434E-016,1.97226299077149051E-016)             (-0.49999942442351980,0.0000000000000000)
         212        2000  -868.62281088722466        1.0000000000009859        145.22440530730213        1.0000000000009863        5.5441984391681923E-028  -9.8587804586713901E-013  (-8.34190768183951193E-016,9.25519928165289499E-018) (-5.81927923289565310E-016,-1.09305515688558931E-016)             (-0.49999942442352069,0.0000000000000000)
         213        2000  -867.52049767543849        1.0000000000009868        164.55076598012667        1.0000000000009863        5.2716710769569849E-028  -9.8676622428683913E-013 (-1.71446071571790378E-015,-1.27177537283903431E-018)   (3.23564683443722654E-016,8.88398871273942477E-017)             (-0.49999942442352069,0.0000000000000000)
         214        2000  -866.41818446365232        1.0000000000009912        183.72473252652566        1.0000000000009912        5.0097732125560900E-028  -9.9120711638533976E-013  (-1.28659379146852233E-015,1.67844483869260183E-018)   (4.08445351766860491E-016,1.78911928773108083E-016)             (-0.49999942442352313,0.0000000000000000)
         215        2000  -865.31587125186616        1.0000000000009965        202.44392004009231        1.0000000000009961        4.8919656704796188E-028  -9.9653618690354051E-013 (-7.97862200474175524E-016,-9.33907947881361799E-018)  (-8.33254634588527425E-016,3.26706278176858698E-016)             (-0.49999942442352557,0.0000000000000000)
         216        2000  -864.21355804007999        1.0000000000009999        220.41311575143541        1.0000000000009996        4.9395387286953623E-028  -9.9986685597741598E-013   (7.76966638688000311E-017,4.71932537436959896E-018)  (-1.81680945378951698E-016,1.87293534311136754E-017)             (-0.49999942442352735,0.0000000000000000)
         217        2000  -863.11124482829382        1.0000000000010052        237.34893470990909        1.0000000000010045        5.2686484412039330E-028  -1.0051959264956167E-012  (1.30205352179041181E-015,-4.42441188725725994E-020)   (1.24153865315096141E-015,8.01305005858106879E-017)             (-0.49999942442352979,0.0000000000000000)
         218        2000  -862.00893161650765        1.0000000000010083        252.98428893356916        1.0000000000010085        5.5735144434319313E-028  -1.0083045509645672E-012   (1.42220938938090196E-015,1.46857441683939887E-017) (-5.40171689081315911E-016,-3.60077147141458623E-016)             (-0.49999942442353179,0.0000000000000000)
         219        2000  -860.90661840472148        1.0000000000010132        267.07259954620088        1.0000000000010125        5.8982228392846985E-028  -1.0131895322729179E-012  (8.95025879192775422E-016,-7.65710685799469898E-019)   (3.70361277612249862E-016,2.02334578043327495E-016)             (-0.49999942442353379,0.0000000000000000)
         220        2000  -859.80430519293532        1.0000000000010179        279.39168547349539        1.0000000000010179        6.1358930542812766E-028  -1.0178524689763435E-012  (-2.48073978491829392E-015,3.90120738536859491E-018)  (-9.70930293457880397E-016,1.87275082178236930E-016)             (-0.49999942442353645,0.0000000000000000)
         221        2000  -858.70199198114915        1.0000000000010230        289.74726737131454        1.0000000000010227        6.0083746463007490E-028  -1.0229594948896192E-012  (-9.79445156648326690E-016,1.27208189106822915E-018)   (7.41263135601644261E-016,4.99940940616211804E-017)             (-0.49999942442353890,0.0000000000000000)
         222        2000  -857.59967876936298        1.0000000000010261        297.97603152700202        1.0000000000010258        5.6085767205588965E-028  -1.0260681193585697E-012 (-3.33993429299329557E-016,-3.67421811151104617E-018)   (2.00503748168936180E-015,2.53249737567175767E-016)             (-0.49999942442354045,0.0000000000000000)
         223        2000  -856.49736555757681        1.0000000000010312        303.94820541420074        1.0000000000010307        5.2123843456115205E-028  -1.0311751452718454E-012  (5.94553816657435289E-016,-9.43265486439396236E-020)  (3.19371342026975627E-015,-1.17663437148615686E-016)             (-0.49999942442354289,0.0000000000000000)
         224        2000  -855.39505234579065        1.0000000000010349        307.56960428310254        1.0000000000010352        4.9926858149252581E-028  -1.0349499035555709E-012  (1.02133878428307766E-015,-1.35290302371156281E-018) (-1.62644767606467060E-015,-1.26693767415996846E-016)             (-0.49999942442354511,0.0000000000000000)
         225        2000  -854.29273913400448        1.0000000000010398        308.78311651022767        1.0000000000010396        5.0399915195052525E-028  -1.0398348848639216E-012  (-4.89541835544275497E-016,2.60699839211673002E-018)   (1.50480510640243690E-016,1.40585096123362954E-016)             (-0.49999942442354733,0.0000000000000000)
         226        2000  -853.19042592221831        1.0000000000010447        307.56960428283935        1.0000000000010445        4.9143579578906836E-028  -1.0447198661722723E-012  (-1.72360184370180366E-015,7.89088692453522419E-018)  (5.34230676137292664E-016,-4.52921035290152148E-018)             (-0.49999942442354978,0.0000000000000000)
         227        2000  -852.08811271043214        1.0000000000010516        303.94820541367653        1.0000000000010512        4.8208631997337490E-028  -1.0516032489249483E-012  (-5.59991729514698232E-016,1.34974698232161152E-018) (-1.11899395103736347E-015,-4.43470636998928884E-016)             (-0.49999942442355311,0.0000000000000000)
         228        2000  -850.98579949864597        1.0000000000010580        297.97603152623060        1.0000000000010578        5.3453094116491459E-028  -1.0580425424677742E-012 (-8.09503052440866870E-016,-4.82638168109691627E-021)  (-1.34100552145879402E-016,3.66096806220481521E-016)             (-0.49999942442355644,0.0000000000000000)
         229        2000  -849.88348628685981        1.0000000000010649        289.74726737030323        1.0000000000010649        5.6160877251237070E-028  -1.0649259252204502E-012   (9.55400753536711305E-016,9.25551003162633301E-018)   (3.99195178026551331E-016,2.39564761594421722E-016)             (-0.49999942442355999,0.0000000000000000)
         230        2000  -848.78117307507364        1.0000000000010649        279.39168547226132        1.0000000000010645        5.8306520228796357E-028  -1.0649259252204502E-012   (9.22877088064501692E-017,8.87821423116468257E-020)  (-6.50518157536815650E-016,4.89404576777717662E-016)             (-0.49999942442355977,0.0000000000000000)
         231        2000  -847.67885986328747        1.0000000000010689        267.07259954476518        1.0000000000010689        6.3455787787979671E-028  -1.0689227281091007E-012 (-6.01627127474907814E-016,-3.47957299932727278E-023)  (-5.81073483726318994E-017,1.17234055736379585E-016)             (-0.49999942442356199,0.0000000000000000)
         232        2000  -846.57654665150130        1.0000000000010745        252.98428893194927        1.0000000000010743        6.6153003121737999E-028  -1.0744738432322265E-012  (-1.45289752778399747E-015,1.84111713582183041E-017)  (-3.27264197671821232E-015,6.79695789829024703E-016)             (-0.49999942442356465,0.0000000000000000)
         233        2000  -845.47423343971514        1.0000000000010769        237.34893470813080        1.0000000000010765        6.1748142498861181E-028  -1.0769163338864018E-012 (-3.52609974716315737E-016,-9.16327792651719949E-018)   (3.81935299842101905E-016,1.78676306640889725E-017)             (-0.49999942442356576,0.0000000000000000)
         234        2000  -844.37192022792897        1.0000000000010816        220.41311574952888        1.0000000000010809        5.7750914344677121E-028  -1.0815792705898275E-012  (8.54790325119198532E-016,-2.93696809587807780E-021)   (1.69946367432622043E-015,6.38365258140726803E-017)             (-0.49999942442356798,0.0000000000000000)
         235        2000  -843.26960701614280        1.0000000000010865        202.44392003809040        1.0000000000010867        5.7052732008192855E-028  -1.0864642518981782E-012  (1.86526940617192283E-015,-7.79717487399220799E-018) (-4.17296262154907760E-017,-3.58633462606465249E-016)             (-0.49999942442357087,0.0000000000000000)
         236        2000  -842.16729380435663        1.0000000000010885        183.72473252445798        1.0000000000010880        5.4680421367112160E-028  -1.0884626533425035E-012   (5.46548434434047977E-016,5.34842914509897622E-018)  (-2.82139012946575160E-016,3.46446165526810916E-016)             (-0.49999942442357154,0.0000000000000000)
         237        2000  -841.06498059257046        1.0000000000010911        164.55076597802454        1.0000000000010907        5.6157768089656113E-028  -1.0911271886016038E-012  (-1.99635739918997923E-017,2.43719447508034545E-024)  (-4.82238901245180773E-016,1.02289901162826913E-016)             (-0.49999942442357287,0.0000000000000000)
         238        2000  -839.96266738078430        1.0000000000010953        145.22440530519890        1.0000000000010951        5.7438415894607140E-028  -1.0953460360951794E-012 (-1.03359488462531691E-015,-1.72040685458358935E-019) (-3.26285095675198945E-015,-9.06587214311275830E-016)             (-0.49999942442357509,0.0000000000000000)
         239        2000  -838.86035416899813        1.0000000000010989        126.05043875879954        1.0000000000010987        5.8997245877894421E-028  -1.0988987497739799E-012  (-3.99591538120485369E-016,5.88875606135277148E-019)   (2.45204781150648420E-015,4.87192429691505777E-016)             (-0.49999942442357687,0.0000000000000000)
         240        2000  -837.75804095721196        1.0000000000011044        107.33125124523623        1.0000000000011040        6.1058887834639603E-028  -1.1044498648971057E-012  (-3.89237559424501353E-016,3.89567527316603846E-018)   (1.93095168272084086E-015,1.71448545285292578E-016)             (-0.49999942442357953,0.0000000000000000)
         241        2000  -836.65572774542579        1.0000000000011080        89.362055533896154        1.0000000000011080        6.3225915013850107E-028  -1.1080025785759062E-012   (1.21733875928854548E-015,1.01634718655546005E-017) (-1.49543077409580939E-015,-3.76258852986475960E-016)             (-0.49999942442358153,0.0000000000000000)
         242        2000  -835.55341453363963        1.0000000000011113        72.426236575429940        1.0000000000011107        6.7771762295515715E-028  -1.1113332476497817E-012  (2.10608568150903057E-016,-4.94161363427240402E-018)  (-5.19795353585261446E-017,2.94428909085125796E-016)             (-0.49999942442358286,0.0000000000000000)
         243        2000  -834.45110132185346        1.0000000000011142        56.790882351777732        1.0000000000011142        6.7828995546928376E-028  -1.1142198275138071E-012  (-6.90819823247419339E-017,1.44274043255813217E-017)   (3.26283458738596885E-016,1.05479808269856679E-016)             (-0.49999942442358464,0.0000000000000000)
         244        2000  -833.34878811006729        1.0000000000011151        42.702571739154713        1.0000000000011151        6.5535016182774558E-028  -1.1151080059335072E-012  (8.73673834569016745E-016,-2.50413436217268265E-017)  (-1.12992794803899984E-015,8.17884426853929408E-017)             (-0.49999942442358508,0.0000000000000000)
         245        2000  -832.24647489828112        1.0000000000011209        30.383485811871061        1.0000000000011209        6.5069350908578580E-028  -1.1208811656615580E-012 (-6.45231259118799775E-016,-3.38562334593870260E-019) (-9.73598734624598563E-016,-4.83863467092443066E-017)             (-0.49999942442358797,0.0000000000000000)
         246        2000  -831.14416168649495        1.0000000000011264        20.027903914065128        1.0000000000011267        6.5704610449782702E-028  -1.1264322807846838E-012 (-6.48850569415379106E-017,-1.83189235048610276E-017)  (8.40916303387955581E-016,-1.51159470279792714E-016)             (-0.49999942442359085,0.0000000000000000)
         247        2000  -830.04184847470879        1.0000000000011302        11.799139758389980        1.0000000000011302        6.0528987219808766E-028  -1.1302070390684094E-012  (8.56120213991723579E-017,-6.43811632734419083E-018)  (-4.68131602962985940E-015,3.31710206622414203E-017)             (-0.49999942442359263,0.0000000000000000)
         248        2000  -828.93953526292262        1.0000000000011351        5.8269658712063901        1.0000000000011351        6.0069158777537166E-028  -1.1350920203767600E-012  (-1.43881654433835042E-015,1.46906436549433915E-018)   (3.01791641945544448E-016,2.41995944445434115E-016)             (-0.49999942442359507,0.0000000000000000)
         249        2000  -827.83722205113645        1.0000000000011413        2.2055670023190452        1.0000000000011409        6.3021352622375602E-028  -1.1413092693146609E-012 (-1.74313916065588274E-015,-9.25581902239566832E-018)   (6.99682833134994295E-017,3.79498933341346877E-016)             (-0.49999942442359796,0.0000000000000000)
         250        2000  -826.73490883935028        1.0000000000011497       0.99205477520923568        1.0000000000011493        6.4936722499258156E-028  -1.1497469643018121E-012   (9.61077860600231858E-016,1.17744396541034065E-018)  (-1.19446325138652766E-015,2.86365891484712935E-017)             (-0.49999942442360218,0.0000000000000000)
         251        2000  -825.63259562756411        1.0000000000011531        2.2055670026155734        1.0000000000011533        6.5184686620747439E-028  -1.1530776333756876E-012  (-8.09017157431945659E-017,6.21361706381738198E-018)   (3.85845044084634060E-016,4.95814229017169432E-016)             (-0.49999942442360418,0.0000000000000000)
         252        2000  -824.53028241577795        1.0000000000011580        5.8269658717948163        1.0000000000011586        6.5239646588290934E-028  -1.1579626146840383E-012  (6.99548458629839207E-016,-1.85054734409342035E-017)  (-3.98170562075466780E-016,9.42238166072677048E-017)             (-0.49999942442360684,0.0000000000000000)
         253        2000  -823.42796920399178        1.0000000000011595        11.799139759261053        1.0000000000011595        6.8635983199354510E-028  -1.1595169269185135E-012  (-4.47945620024526190E-016,1.36072328016287654E-018)  (-3.17045705335811223E-015,1.94419906408919435E-016)             (-0.49999942442360729,0.0000000000000000)
         254        2000  -822.32565599220561        1.0000000000011637        20.027903915205400        1.0000000000011640        6.7989337918940402E-028  -1.1637357744120891E-012  (-2.01242769564118680E-015,9.83884551464031288E-018)  (-2.01328616986829171E-015,1.38164414702074161E-016)             (-0.49999942442360951,0.0000000000000000)
         255        2000  -821.22334278041944        1.0000000000011688        30.383485813262929        1.0000000000011680        6.6606418953160791E-028  -1.1688428003253648E-012  (-2.01627209482464484E-015,9.06894783420837379E-018)  (-2.38539497331338204E-016,1.20945454507578210E-016)             (-0.49999942442361150,0.0000000000000000)
         256        2000  -820.12102956863328        1.0000000000011731        42.702571740776250        1.0000000000011728        6.6198307707247777E-028  -1.1730616478189404E-012  (-4.63798659127930374E-017,2.41639763640269225E-025)   (8.22587962562108393E-016,5.02960733677573357E-016)             (-0.49999942442361395,0.0000000000000000)
         257        2000  -819.01871635684711        1.0000000000011802        56.790882353603543        1.0000000000011795        6.5612724670932970E-028  -1.1801670751765414E-012  (7.88197098779325705E-016,-4.53416726244358313E-018)  (2.00061054678491956E-015,-6.14683712947473468E-017)             (-0.49999942442361728,0.0000000000000000)
         258        2000  -817.91640314506094        1.0000000000011851        72.426236577431638        1.0000000000011844        6.2917888819880723E-028  -1.1850520564848921E-012   (1.79627199445470102E-015,1.94131243118483648E-017)  (3.15153909637198570E-016,-4.32373317926632354E-017)             (-0.49999942442361972,0.0000000000000000)
         259        2000  -816.81408993327477        1.0000000000011917        89.362055536043783        1.0000000000011915        6.2362421986000795E-028  -1.1917133946326430E-012   (7.54974785475771030E-016,4.66660460442106312E-018)  (-2.64545825369045078E-015,4.98486936593784005E-016)             (-0.49999942442362327,0.0000000000000000)
         260        2000  -815.71177672148860        1.0000000000011973        107.33125124749365        1.0000000000011973        6.1302287229081303E-028  -1.1972645097557688E-012 (-1.04433912354447776E-015,-3.00528655420401422E-018) (-6.50832323561082252E-016,-1.02698449684560734E-016)             (-0.49999942442362616,0.0000000000000000)
         261        2000  -814.60946350970244        1.0000000000011990        126.05043876113484        1.0000000000011986        6.2701985337877258E-028  -1.1990408665951691E-012 (-3.11604548518756464E-016,-3.88662250584680397E-018) (-4.36388504012833219E-016,-2.36277803459147247E-016)             (-0.49999942442362683,0.0000000000000000)
         262        2000  -813.50715029791627        1.0000000000012037        145.22440530757660        1.0000000000012035        6.2324062934378163E-028  -1.2037038032985947E-012  (-6.41513166366324904E-016,1.63404798803055513E-018)   (2.06429128117850142E-015,3.89950854381343428E-016)             (-0.49999942442362927,0.0000000000000000)
         263        2000  -812.40483708613010        1.0000000000012099        164.55076598040577        1.0000000000012097        6.1904872163316945E-028  -1.2099210522364956E-012  (-1.01604946197209518E-015,9.15803911566662040E-018)  (1.65251842849566411E-015,-4.08890039801709918E-016)             (-0.49999942442363238,0.0000000000000000)
         264        2000  -811.30252387434393        1.0000000000012126        183.72473252680746        1.0000000000012124        6.0585914854842920E-028  -1.2125855874955960E-012  (6.89214725202082940E-016,-1.71452400468142686E-017)  (-9.40658755805650836E-016,1.33548712869164624E-016)             (-0.49999942442363371,0.0000000000000000)
         265        2000  -810.20021066255777        1.0000000000012172        202.44392004036945        1.0000000000012168        6.1916166760592403E-028  -1.2172485241990216E-012  (-1.30007885496971773E-016,8.99291201457011671E-020)  (-4.47376850162117483E-016,1.94409218493625856E-016)             (-0.49999942442363593,0.0000000000000000)
         266        2000  -809.09789745077160        1.0000000000012217        220.41311575170292        1.0000000000012212        6.3021026385274203E-028  -1.2216894162975223E-012  (4.18010485742051697E-016,-9.15533835395543328E-018)  (1.02187702437027492E-015,-3.65587237052383948E-016)             (-0.49999942442363815,0.0000000000000000)
         267        2000  -807.99558423898543        1.0000000000012279        237.34893471016409        1.0000000000012275        6.4448568554094364E-028  -1.2279066652354231E-012 (-3.94423151398751835E-016,-1.70637685862689789E-017)  (-1.03807621661526803E-015,6.84078552045090273E-016)             (-0.49999942442364126,0.0000000000000000)
         268        2000  -806.89327102719926        1.0000000000012317        252.98428893381183        1.0000000000012315        6.4289916541768950E-028  -1.2316814235191487E-012 (-1.29650988948875212E-015,-2.30165476768151561E-018)   (8.17331890600111602E-016,3.18170523840950195E-016)             (-0.49999942442364326,0.0000000000000000)
         269        2000  -805.79095781541309        1.0000000000012361        267.07259954642905        1.0000000000012359        6.1661789566596752E-028  -1.2361223156176493E-012  (6.65206655400627869E-016,-8.87814848886648820E-020)  (2.18582486999465921E-016,-7.86339373425152984E-016)             (-0.49999942442364548,0.0000000000000000)
         270        2000  -804.68864460362693        1.0000000000012401        279.39168547370440        1.0000000000012399        5.9357704757950297E-028  -1.2401191185062999E-012   (1.08995162803858218E-016,7.88384294232954255E-018)  (-1.59385126961465488E-015,2.29307930333527630E-016)             (-0.49999942442364748,0.0000000000000000)
         271        2000  -803.58633139184076        1.0000000000012448        289.74726737150525        1.0000000000012443        5.7235966453620438E-028  -1.2447820552097255E-012 (-1.32733640461118461E-016,-6.88936625149988229E-018)   (1.65653037177879580E-015,1.36756374505848028E-016)             (-0.49999942442364970,0.0000000000000000)
         272        2000  -802.48401818005459        1.0000000000012488        297.97603152717073        1.0000000000012488        5.5184377223273106E-028  -1.2487788580983761E-012  (1.69211009027652985E-015,-9.25024108870497009E-018)  (5.16782904345845730E-016,-4.54756454943232450E-016)             (-0.49999942442365192,0.0000000000000000)
         273        2000  -801.38170496826842        1.0000000000012530        303.94820541434359        1.0000000000012528        5.4227154581295513E-028  -1.2529977055919517E-012   (2.05991038240967027E-017,9.06879497393187412E-018)   (9.48210879694539369E-016,3.43684552423115214E-016)             (-0.49999942442365392,0.0000000000000000)
         274        2000  -800.27939175648226        1.0000000000012563        307.56960428321850        1.0000000000012559        5.8153321974635016E-028  -1.2563283746658271E-012  (-1.64199859692655720E-015,3.22632604247213550E-018)  (2.90101153096058439E-015,-1.66420629919639711E-016)             (-0.49999942442365547,0.0000000000000000)
         275        2000  -799.17707854469609        1.0000000000012581        308.78311651031368        1.0000000000012581        6.1930696874026727E-028  -1.2581047315052274E-012  (8.33438387928762921E-017,-2.88611915007912780E-018) (-7.09313001911682066E-016,-4.37182926190485081E-016)             (-0.49999942442365658,0.0000000000000000)
         276        2000  -798.07476533290992        1.0000000000012617        307.56960428289199        1.0000000000012617        6.1942398094268102E-028  -1.2616574451840279E-012 (-5.36920454622222078E-016,-9.74586540396234215E-018)  (-1.65001603438616511E-015,4.00811222824421242E-016)             (-0.49999942442365836,0.0000000000000000)
         277        2000  -796.97245212112375        1.0000000000012668        303.94820541369830        1.0000000000012661        6.4131716383600771E-028  -1.2667644710973036E-012 (-4.37485783782382745E-016,-8.61467399528473307E-018)  (1.73464594119764018E-015,-3.49494818983109044E-016)             (-0.49999942442366058,0.0000000000000000)
         278        2000  -795.87013890933758        1.0000000000012719        297.97603152622048        1.0000000000012714        6.3917519239724856E-028  -1.2718714970105793E-012   (1.50934804489123094E-016,1.43382973924737726E-017) (-1.93676127594234297E-015,-8.34413066411460130E-016)             (-0.49999942442366324,0.0000000000000000)
         279        2000  -794.76782569755142        1.0000000000012763        289.74726737026157        1.0000000000012759        5.8852194541665023E-028  -1.2763123891090800E-012 (-3.88503243870819924E-016,-3.94731670707557183E-018)  (-5.37894100452360159E-016,3.03049298648689840E-016)             (-0.49999942442366546,0.0000000000000000)
         280        2000  -793.66551248576525        1.0000000000012814        279.39168547218861        1.0000000000012812        5.6415741052016351E-028  -1.2814194150223557E-012  (1.06308307633382017E-015,-1.26623856480433782E-018)  (8.46738966268465674E-016,-2.58545013084323759E-016)             (-0.49999942442366813,0.0000000000000000)
         281        2000  -792.56319927397908        1.0000000000012823        267.07259954466497        1.0000000000012821        5.5770196600378728E-028  -1.2823075934420558E-012   (1.89162378130408279E-015,1.84080293345533360E-017)  (3.02499067433158588E-016,-3.68983452467306401E-016)             (-0.49999942442366857,0.0000000000000000)
         282        2000  -791.46088606219291        1.0000000000012859        252.98428893182654        1.0000000000012861        5.4625039098197318E-028  -1.2858603071208563E-012  (-7.85866585294583255E-016,2.29025356309601879E-018)   (5.54525984713997683E-016,1.66615049175855356E-016)             (-0.49999942442367057,0.0000000000000000)
         283        2000  -790.35857285040674        1.0000000000012903        237.34893470798750        1.0000000000012901        5.4476593933059844E-028  -1.2903011992193569E-012  (-7.97955250039151384E-016,9.16118327017422355E-018)  (-1.09652933528145099E-015,1.98049335980006000E-016)             (-0.49999942442367257,0.0000000000000000)
         284        2000  -789.25625963862058        1.0000000000012961        220.41311574936739        1.0000000000012954        5.4432840331007825E-028  -1.2960743589474077E-012  (3.45284676895895208E-016,-1.68716429039546943E-017) (-1.49686472096275382E-015,-1.91456388878954568E-016)             (-0.49999942442367523,0.0000000000000000)
         285        2000  -788.15394642683441        1.0000000000012990        202.44392003790998        1.0000000000012985        5.6873703856650329E-028  -1.2989609388114332E-012  (1.31557297289385582E-015,-4.47609351620817326E-021)   (2.53704441168306343E-015,2.84405962859678327E-016)             (-0.49999942442367679,0.0000000000000000)
         286        2000  -787.05163321504824        1.0000000000013054        183.72473252426451        1.0000000000013047        5.9889740363835743E-028  -1.3054002323542591E-012   (1.23394668601489132E-015,8.87968985809608568E-020) (-1.88397805974391904E-015,-9.16439654204356686E-016)             (-0.49999942442367989,0.0000000000000000)
         287        2000  -785.94932000326207        1.0000000000013078        164.55076597782002        1.0000000000013074        5.8203281606107358E-028  -1.3078427230084344E-012 (-7.23191413015173074E-016,-7.98028762708735435E-018)  (3.67854628210617595E-016,-3.33670194411194746E-017)             (-0.49999942442368123,0.0000000000000000)
         288        2000  -784.84700679147591        1.0000000000013101        145.22440530498869        1.0000000000013101        5.9539989854225395E-028  -1.3100631690576847E-012 (-8.95752201011692032E-016,-1.49507373599426492E-018)   (2.13564298221292325E-015,1.95302208611362932E-016)             (-0.49999942442368256,0.0000000000000000)
         289        2000  -783.74469357968974        1.0000000000013143        126.05043875858918        1.0000000000013145        6.0575856420596472E-028  -1.3142820165512603E-012  (-9.52814903673216717E-016,6.44707301082640434E-018) (-1.99070723477992207E-015,-4.86591029369919757E-017)             (-0.49999942442368478,0.0000000000000000)
         290        2000  -782.64238036790357        1.0000000000013141        107.33125124502939        1.0000000000013136        5.7497282690430927E-028  -1.3140599719463353E-012  (-1.21304353701697203E-015,1.36055069100832272E-018)   (3.88787582802631058E-015,4.86248770839960738E-016)             (-0.49999942442368434,0.0000000000000000)
         291        2000  -781.54006715611740        1.0000000000013172        89.362055533699987        1.0000000000013172        5.6228841006159523E-028  -1.3171685964152857E-012  (2.20258166288155948E-015,-3.64661479608141747E-019)   (6.53765926760566195E-015,1.81547406112096672E-016)             (-0.49999942442368611,0.0000000000000000)
         292        2000  -780.43775394433123        1.0000000000013229        72.426236575244147        1.0000000000013225        5.4366175070264387E-028  -1.3229417561433365E-012   (2.66025196601426157E-015,5.26873111433499649E-018) (-1.64775356854170241E-015,-2.94421733968406390E-016)             (-0.49999942442368878,0.0000000000000000)
         293        2000  -779.33544073254507        1.0000000000013272        56.790882351606115        1.0000000000013265        5.2706091819229911E-028  -1.3271606036369121E-012  (9.88740133474862715E-017,-9.25273535111325746E-018)  (-1.92605336922885967E-016,3.95569538663494076E-016)             (-0.49999942442369077,0.0000000000000000)
         294        2000  -778.23312752075890        1.0000000000013323        42.702571739000490        1.0000000000013318        5.1967958640858177E-028  -1.3322676295501878E-012   (6.34737490567019802E-016,5.54911649875150379E-021) (-4.93594084104220195E-016,-3.49942071325435854E-016)             (-0.49999942442369344,0.0000000000000000)
         295        2000  -777.13081430897273        1.0000000000013356        30.383485811736950        1.0000000000013358        5.2381735470957370E-028  -1.3355982986240633E-012  (-2.07298395885322983E-015,1.05162129843669656E-017) (-5.44690631369433094E-015,-1.34435558663974523E-015)             (-0.49999942442369544,0.0000000000000000)
         296        2000  -776.02850109718656        1.0000000000013409        20.027903913953867        1.0000000000013407        5.3391538727651392E-028  -1.3409273691422641E-012 (-3.00439017853003251E-015,-6.82155834987679014E-019)   (1.36446952815110188E-015,5.11761401793814874E-016)             (-0.49999942442369788,0.0000000000000000)
         297        2000  -774.92618788540040        1.0000000000013469        11.799139758304076        1.0000000000013469        5.7057023771945920E-028  -1.3469225734752399E-012 (-2.97908123244349513E-016,-2.09205404754050518E-018)  (3.10647412088970870E-015,-2.12221147863048842E-016)             (-0.49999942442370099,0.0000000000000000)
         298        2000  -773.82387467361423        1.0000000000013509        5.8269658711479151        1.0000000000013505        5.8065672544581692E-028  -1.3509193763638905E-012  (5.58946930642701152E-016,-1.27208579898050455E-018)  (-3.23870988987613715E-015,3.91693860074699870E-017)             (-0.49999942442370277,0.0000000000000000)
         299        2000  -772.72156146182806        1.0000000000013571        2.2055670022895324        1.0000000000013567        5.8146018305637500E-028  -1.3571366253017914E-012  (2.44571946147723191E-016,-2.71767211986465314E-018)   (1.95846339834788748E-015,5.94938042514699651E-016)             (-0.49999942442370587,0.0000000000000000)
         300        2000  -771.61924825004189        1.0000000000013634       0.99205477520973739        1.0000000000013629        5.9409349224544179E-028  -1.3633538742396922E-012   (1.53603232777651883E-015,1.05106339809762531E-017)  (4.72950884896271459E-016,-2.92616494690958317E-016)             (-0.49999942442370898,0.0000000000000000)
         301        2000  -770.51693503825572        1.0000000000013682        2.2055670026466734        1.0000000000013678        5.6908339697554510E-028  -1.3682388555480429E-012  (2.03970067664192628E-015,-1.17711779025845731E-018) (-2.51665870120940580E-015,-3.54167474691465658E-016)             (-0.49999942442371142,0.0000000000000000)
         302        2000  -769.41462182646956        1.0000000000013736        5.8269658718566140        1.0000000000013731        5.4775702395163429E-028  -1.3735679260662437E-012 (-1.63932239185950346E-015,-1.15628389414911520E-018) (-1.83869434841876136E-015,-9.32160488262961967E-017)             (-0.49999942442371409,0.0000000000000000)
         303        2000  -768.31230861468339        1.0000000000013776        11.799139759353272        1.0000000000013776        5.4718548103246853E-028  -1.3775647289548942E-012 (-1.87903025663603504E-016,-1.06049398048518298E-017)  (-3.04924414846087150E-016,6.33238907446413577E-017)             (-0.49999942442371631,0.0000000000000000)
         304        2000  -767.20999540289722        1.0000000000013813        20.027903915327194        1.0000000000013811        5.4420297783521204E-028  -1.3813394872386198E-012  (-9.76022404895280877E-016,7.97172412996237776E-018)  (-1.31012351268691215E-015,4.01982983485879490E-016)             (-0.49999942442371809,0.0000000000000000)
         305        2000  -766.10768219111105        1.0000000000013884        30.383485813412793        1.0000000000013882        5.4666583275685066E-028  -1.3884449145962208E-012 (-1.29709337823756949E-015,-5.88891699427469339E-019)  (-1.75727249524263207E-016,5.76730959119369432E-017)             (-0.49999942442372164,0.0000000000000000)
         306        2000  -765.00536897932489        1.0000000000013958        42.702571740953111        1.0000000000013953        5.5850220704891728E-028  -1.3957723865587468E-012  (3.13750128893672670E-016,-1.05165095206381838E-017) (-1.37202844988291471E-015,-5.13919711059617028E-016)             (-0.49999942442372519,0.0000000000000000)
         307        2000  -763.90305576753872        1.0000000000014022        56.790882353805408        1.0000000000014020        5.6235327660217000E-028  -1.4022116801015727E-012  (-1.02301581205950103E-015,7.89120912829734577E-018)  (-4.03342037975653830E-016,6.05678181835060510E-016)             (-0.49999942442372852,0.0000000000000000)
         308        2000  -762.80074255575255        1.0000000000014093        72.426236577655303        1.0000000000014087        5.6253390465009458E-028  -1.4093171074591737E-012  (-1.66082690155188945E-016,3.96857435675958664E-018)  (4.33672430923787438E-016,-1.83593349489783038E-016)             (-0.49999942442373185,0.0000000000000000)
         309        2000  -761.69842934396638        1.0000000000014162        89.362055536285510        1.0000000000014158        5.8239133399969882E-028  -1.4162004902118497E-012 (-5.10174775307525615E-018,-1.75461826807729787E-019) (-5.24335110182728535E-016,-3.37201489936044941E-016)             (-0.49999942442373541,0.0000000000000000)
         310        2000  -760.59611613218021        1.0000000000014200        107.33125124775087        1.0000000000014198        5.7878533982977196E-028  -1.4199752484955752E-012  (-1.11845893417584075E-015,1.99985040231985572E-018)   (1.48051847037068941E-015,3.87098829434690622E-016)             (-0.49999942442373740,0.0000000000000000)
         311        2000  -759.49380292039405        1.0000000000014255        126.05043876140343        1.0000000000014255        5.7475384131343727E-028  -1.4255263636187010E-012  (-5.39774662893810350E-016,4.43752335185551782E-020) (-4.68926410572168077E-016,-1.39175316247456570E-016)             (-0.49999942442374029,0.0000000000000000)
         312        2000  -758.39148970860788        1.0000000000014282        145.22440530785315        1.0000000000014282        5.6954924785523914E-028  -1.4281908988778014E-012 (-1.60898517807170803E-015,-9.07449889522112283E-018)  (-2.34257958391302380E-015,2.62012741731660365E-016)             (-0.49999942442374162,0.0000000000000000)
         313        2000  -757.28917649682171        1.0000000000014306        164.55076598068976        1.0000000000014300        5.6123356621686255E-028  -1.4306333895319767E-012  (-1.72020592013926565E-015,7.80273964191714234E-018)   (1.77929090858012295E-015,4.10235263749250287E-016)             (-0.49999942442374251,0.0000000000000000)
         314        2000  -756.18686328503554        1.0000000000014340        183.72473252709335        1.0000000000014340        5.7051695637144755E-028  -1.4339640586058522E-012   (6.17017723956191705E-016,2.61980286360504065E-021)   (5.15000960060888437E-016,1.26130439824219342E-016)             (-0.49999942442374451,0.0000000000000000)
         315        2000  -755.08455007324937        1.0000000000014391        202.44392004065242        1.0000000000014388        5.8580274944920455E-028  -1.4390710845191279E-012  (-3.14884593771094596E-016,2.61213548109709581E-017)  (-7.23266054264886098E-016,4.69703091257204623E-016)             (-0.49999942442374695,0.0000000000000000)
         316        2000  -753.98223686146321        1.0000000000014435        220.41311575198017        1.0000000000014433        5.7338850245893127E-028  -1.4435119766176285E-012 (-1.24202553828578913E-016,-4.44862541805938558E-018)   (1.91400155187081130E-015,2.63268374674008638E-016)             (-0.49999942442374917,0.0000000000000000)
         317        2000  -752.87992364967704        1.0000000000014473        237.34893471043233        1.0000000000014473        5.7333727623138560E-028  -1.4472867349013541E-012   (1.30659874949631349E-015,7.80781118576437273E-018)  (1.56042590761831843E-015,-3.75804375598151823E-016)             (-0.49999942442375117,0.0000000000000000)
         318        2000  -751.77761043789087        1.0000000000014488        252.98428893406597        1.0000000000014486        5.5600205962193490E-028  -1.4488410471358293E-012 (-1.04766001392712072E-015,-1.35531142389535406E-018)  (-1.08660200954161361E-015,4.06370035995009072E-016)             (-0.49999942442375184,0.0000000000000000)
         319        2000  -750.67529722610470        1.0000000000014526        267.07259954666358        1.0000000000014522        5.5912515318994719E-028  -1.4526158054195548E-012  (-5.73761928244592129E-016,2.26731397876901434E-018)   (5.14817448501385415E-015,1.32248700466732677E-016)             (-0.49999942442375361,0.0000000000000000)
         320        2000  -749.57298401431854        1.0000000000014568        279.39168547391739        1.0000000000014566        5.8988296140381024E-028  -1.4568346529131304E-012  (2.95091068806095104E-015,-6.54141704802355147E-018)  (3.69118400659433150E-015,-4.60101395982210286E-016)             (-0.49999942442375583,0.0000000000000000)
         321        2000  -748.47067080253237        1.0000000000014615        289.74726737169345        1.0000000000014611        6.1238515407326732E-028  -1.4614975896165561E-012  (8.78987076566812401E-016,-1.05220401174797441E-017)   (1.26834905061424513E-015,3.72688036568431747E-016)             (-0.49999942442375805,0.0000000000000000)
         322        2000  -747.36835759074620        1.0000000000014695        297.97603152733103        1.0000000000014690        6.1862052092966905E-028  -1.4694911953938572E-012   (1.99892046036908165E-015,4.14041547738369631E-019)   (7.49265622679084564E-015,6.18426890198197349E-017)             (-0.49999942442376205,0.0000000000000000)
         323        2000  -746.26604437896003        1.0000000000014762        303.94820541447496        1.0000000000014757        6.3820744568236371E-028  -1.4761525335416081E-012   (4.30869673806154608E-015,8.87660502943722293E-020)   (1.03696243173325693E-015,5.50229414392312811E-016)             (-0.49999942442376538,0.0000000000000000)
         324        2000  -745.16373116717386        1.0000000000014815        307.56960428332212        1.0000000000014815        6.4267509586232051E-028  -1.4814816040598089E-012  (7.50057905148621184E-016,-1.26654533589543361E-018)   (1.37675650941762832E-015,2.07961740516755813E-015)             (-0.49999942442376827,0.0000000000000000)
         325        2000  -744.06141795538770        1.0000000000014873        308.78311651038894        1.0000000000014864        6.9411563311504207E-028  -1.4872547637878597E-012  (1.75212963657481328E-015,-1.00833047101948731E-018)   (1.20243623519642707E-014,1.21001041923040721E-016)             (-0.49999942442377071,0.0000000000000000)
         326        2000  -742.95910474360153        1.0000000000014926        307.56960428293735        1.0000000000014921        7.0894167818768381E-028  -1.4925838343060605E-012  (5.47067298330921910E-015,-1.84909218648818696E-017)   (3.48600669470877407E-015,2.06941430221599691E-015)             (-0.49999942442377360,0.0000000000000000)
         327        2000  -741.85679153181536        1.0000000000014979        303.94820541371286        1.0000000000014975        6.6388690128981663E-028  -1.4979129048242612E-012   (1.85960966655130948E-015,5.55948628043669737E-021)   (4.13195426023603235E-015,1.51144834281305259E-015)             (-0.49999942442377626,0.0000000000000000)
         328        2000  -740.75447832002919        1.0000000000015010        297.97603152620343        1.0000000000015006        6.9415651642655509E-028  -1.5010215292932116E-012  (4.71090776647870978E-015,-4.89636025975590228E-018)  (1.44713727566477760E-014,-4.82305297628338006E-017)             (-0.49999942442377782,0.0000000000000000)
         329        2000  -739.65216510824303        1.0000000000015035        289.74726737021547        1.0000000000015037        7.4719737511024809E-028  -1.5034640199473870E-012   (6.15270786724490184E-015,1.17830255641361576E-017)   (2.81560589304298870E-015,3.12265874293420203E-015)             (-0.49999942442377937,0.0000000000000000)
         330        2000  -738.54985189645686        1.0000000000015026        279.39168547211960        1.0000000000015024        7.4078581447309633E-028  -1.5025758415276869E-012   (3.63114598785005720E-015,1.06052597795599856E-017)   (7.34069327760877482E-015,1.64914236341979286E-015)             (-0.49999942442377870,0.0000000000000000)
         331        2000  -737.44753868467069        1.0000000000015072        267.07259954456833        1.0000000000015068        8.1516504214296555E-028  -1.5072387782311125E-012  (8.12228683094884769E-015,-3.22339715854320557E-018)  (1.61701262909454812E-014,-4.73188435715179671E-017)             (-0.49999942442378092,0.0000000000000000)
         332        2000  -736.34522547288452        1.0000000000015139        252.98428893170419        1.0000000000015130        8.4948140582412467E-028  -1.5139001163788635E-012   (7.36974172067176575E-015,9.07237340515569036E-018)   (1.89164002494195690E-015,3.15554356609877768E-015)             (-0.49999942442378403,0.0000000000000000)
         333        2000  -735.24291226109835        1.0000000000015214        237.34893470784442        1.0000000000015210        8.4290778632854409E-028  -1.5214496329463145E-012  (1.97163551302438094E-015,-1.31251183281136858E-018)   (1.10994214122275805E-014,2.36417912272042968E-015)             (-0.49999942442378803,0.0000000000000000)
         334        2000  -734.14059904931219        1.0000000000015274        220.41311574920599        1.0000000000015272        9.0690710771806497E-028  -1.5274448372792904E-012  (6.27066707210640882E-015,-1.30596300603525942E-017)  (1.43825521544021789E-014,-2.63294259190264708E-016)             (-0.49999942442379114,0.0000000000000000)
         335        2000  -733.03828583752602        1.0000000000015317        202.44392003773626        1.0000000000015317        8.7823822574966916E-028  -1.5316636847728660E-012  (4.14542103508957913E-015,-6.53588588316693807E-018)   (3.17502117086523906E-015,2.08835099702709990E-015)             (-0.49999942442379336,0.0000000000000000)
         336        2000  -731.93597262573985        1.0000000000015365        183.72473252407832        1.0000000000015361        8.8076848598607103E-028  -1.5365486660812167E-012 (-5.35744568848790205E-016,-2.26826309813708579E-018)   (1.05022649160858145E-014,2.18220018021496875E-015)             (-0.49999942442379558,0.0000000000000000)
         337        2000  -730.83365941395368        1.0000000000015419        164.55076597762704        1.0000000000015419        8.8525587047299740E-028  -1.5418777365994174E-012   (5.06269121347496228E-015,1.25543341365166231E-018)  (5.41250968409359657E-015,-1.41669739578145331E-015)             (-0.49999942442379847,0.0000000000000000)
         338        2000  -729.73134620216752        1.0000000000015465        145.22440530478968        1.0000000000015463        8.6075061204023868E-028  -1.5465406733028431E-012   (7.75106104949317854E-016,1.56933026325029778E-017)  (-3.48298079158177646E-015,1.25500585550261958E-015)             (-0.49999942442380069,0.0000000000000000)
         339        2000  -728.62903299038135        1.0000000000015496        126.05043875838696        1.0000000000015494        8.6331171416178354E-028  -1.5496492977717935E-012 (-1.46473633105462231E-015,-8.39607948816230505E-019)   (5.56714062875922737E-015,7.49288753361649319E-016)             (-0.49999942442380224,0.0000000000000000)
         340        2000  -727.52671977859518        1.0000000000015528        107.33125124482923        1.0000000000015525        8.9671591502697971E-028  -1.5527579222407439E-012 (-1.34879186171776319E-015,-2.62215346766727525E-018) (-1.08144872646606960E-014,-6.44298469312070511E-016)             (-0.49999942442380380,0.0000000000000000)
         341        2000  -726.42440656680901        1.0000000000015588        89.362055533505369        1.0000000000015588        9.2702124608057418E-028  -1.5587531265737198E-012 (-9.06283697493759569E-015,-1.81410574864547202E-017)  (-1.26938631436679438E-014,1.18430280817699651E-015)             (-0.49999942442380690,0.0000000000000000)
         342        2000  -725.32209335502284        1.0000000000015612        72.426236575059789        1.0000000000015610        9.8194754088516984E-028  -1.5611956172278951E-012  (-6.10397237234077122E-015,3.89273306556483941E-021) (-8.90075951740447642E-015,-1.55894611711540874E-015)             (-0.49999942442380801,0.0000000000000000)
         343        2000  -724.21978014323668        1.0000000000015681        56.790882351435947        1.0000000000015676        1.2951284658395896E-027  -1.5680789999805711E-012  (-1.42943694618747789E-014,1.83192205056250778E-017) (-1.89738646868113802E-014,-3.12262415107647080E-015)             (-0.49999942442381134,0.0000000000000000)
         344        2000  -723.11746693145051        1.0000000000015732        42.702571738847311        1.0000000000015730        1.3655522791467761E-027  -1.5731860258938468E-012  (-2.13849029224586841E-014,1.05223652460257287E-017) (-1.66458754510468088E-014,-3.51702285784847633E-016)             (-0.49999942442381401,0.0000000000000000)
         345        2000  -722.01515371966434        1.0000000000015783        30.383485811603787        1.0000000000015778        1.9932186451803226E-027  -1.5782930518071225E-012  (-2.06102066823827929E-014,1.97141212753214357E-018)  (-5.43022493365919964E-014,1.07494373492881377E-015)             (-0.49999942442381645,0.0000000000000000)
         346        2000  -720.91284050787817        1.0000000000015812        20.027903913843563        1.0000000000015810        2.8816482519301930E-027  -1.5811796316711479E-012  (-4.66470780089455038E-014,1.27763504056187411E-018)  (-5.99180215358629845E-014,2.86266162702094722E-015)             (-0.49999942442381801,0.0000000000000000)
         347        2000  -719.81052729609200        1.0000000000015852        11.799139758219011        1.0000000000015845        3.7230698693220458E-027  -1.5851764345597985E-012  (-5.92998421931959615E-014,6.53031928817570639E-018)  (1.01003307329819037E-015,-8.88881219949378615E-015)             (-0.49999942442381978,0.0000000000000000)
         348        2000  -718.70821408430584        1.0000000000015903        5.8269658710899863        1.0000000000015903        4.0297463780016435E-027  -1.5902834604730742E-012  (-4.15791916113848011E-014,2.99377918555294671E-018)  (-1.72466374189920332E-014,8.77403715993407746E-016)             (-0.49999942442382267,0.0000000000000000)
         349        2000  -717.60590087251967        1.0000000000015929        2.2055670022601928        1.0000000000015934        5.3507002649085296E-027  -1.5929479957321746E-012 (-7.55304928087337700E-014,-9.07418938276371270E-018)  (-5.27886802949844627E-014,1.75836768934564650E-014)             (-0.49999942442382422,0.0000000000000000)
         350        2000  -716.50358766073350        1.0000000000015952       0.99205477521009666        1.0000000000015952        6.0883442869129575E-027  -1.5951684417814249E-012 (-7.83885921773688195E-014,-9.15592575640858898E-018) (-1.76391896828313372E-014,-1.95528049059249607E-015)             (-0.49999942442382511,0.0000000000000000)
         351        2000  -715.40127444894733        1.0000000000015998        2.2055670026773515        1.0000000000015992        6.5382152410793619E-027  -1.5998313784848506E-012  (-5.20199915099999672E-014,5.47261439098712634E-019) (-7.73343068722019943E-014,-8.86646161248730744E-015)             (-0.49999942442382711,0.0000000000000000)
         352        2000  -714.29896123716117        1.0000000000016052        5.8269658719177508        1.0000000000016049        8.3825441914837076E-027  -1.6051604490030513E-012 (-8.82205890113100469E-014,-1.44408988179236031E-018)  (-4.78832833572890471E-014,3.79095423887782784E-015)             (-0.49999942442383000,0.0000000000000000)
         353        2000  -713.19664802537500        1.0000000000016080        11.799139759444525        1.0000000000016076        9.2620859810680676E-027  -1.6080470288670767E-012  (-7.18706130298203914E-014,9.15960067421486102E-018)  (4.76607341195720360E-014,-1.85707822592508042E-014)             (-0.49999942442383133,0.0000000000000000)
         354        2000  -712.09433481358883        1.0000000000016145        20.027903915447730        1.0000000000016143        9.6814210697888245E-027  -1.6144863224099026E-012 (-5.73448080001241894E-014,-7.25950116305100871E-018) (-3.16990579823546196E-014,-7.46716624305738909E-015)             (-0.49999942442383466,0.0000000000000000)
         355        2000  -710.99202160180266        1.0000000000016187        30.383485813561595        1.0000000000016187        1.3107602016617843E-026  -1.6187051699034782E-012  (-1.16469419922473109E-013,9.43007596418253867E-020)  (-5.91881050547780076E-015,2.34026970629643724E-014)             (-0.49999942442383688,0.0000000000000000)
         356        2000  -709.88970839001649        1.0000000000016247        42.702571741127841        1.0000000000016249        1.2800032342998418E-026  -1.6247003742364541E-012  (-1.08402430906920997E-013,4.66667309531684991E-018)   (4.53386836425742893E-014,1.98273948012943137E-014)             (-0.49999942442383999,0.0000000000000000)
         357        2000  -708.78739517823033        1.0000000000016289        56.790882354004061        1.0000000000016294        1.2359700331525636E-026  -1.6289192217300297E-012  (-9.47524831941177936E-014,7.97996305843318931E-018)  (-3.56119327412817364E-014,8.01197449220328997E-015)             (-0.49999942442384221,0.0000000000000000)
         358        2000  -707.68508196644416        1.0000000000016331        72.426236577876253        1.0000000000016334        1.1533693762630039E-026  -1.6331380692236053E-012 (-9.10255206222744500E-014,-1.44786894341884481E-018)  (-1.16640212547091000E-014,1.14296800384021914E-014)             (-0.49999942442384421,0.0000000000000000)
         359        2000  -706.58276875465799        1.0000000000016382        89.362055536524650        1.0000000000016382        1.0524307673725497E-026  -1.6382450951368810E-012 (-3.65155135240463691E-014,-1.68645320948919529E-019) (-2.61292147675061953E-014,-1.51887520030953736E-014)             (-0.49999942442384665,0.0000000000000000)
         360        2000  -705.48045554287182        1.0000000000016434        107.33125124800569        1.0000000000016431        9.6747329803432967E-027  -1.6433521210501567E-012 (-2.74649686472245102E-014,-6.45266857145048438E-018) (-5.38335615794371970E-014,-1.02598173790316228E-014)             (-0.49999942442384909,0.0000000000000000)
         361        2000  -704.37814233108566        1.0000000000016467        126.05043876167116        1.0000000000016462        9.5558525088987565E-027  -1.6466827901240322E-012  (-4.50417096600959961E-014,1.08895618137036612E-018)  (3.69689871375267840E-014,-2.49933820362491844E-016)             (-0.49999942442385065,0.0000000000000000)
         362        2000  -703.27582911929949        1.0000000000016522        145.22440530812881        1.0000000000016520        8.7171638531058666E-027  -1.6522339052471580E-012  (-8.81012360746295924E-015,5.56714469807546354E-021)  (6.00448496900028193E-014,-5.38323224000935126E-015)             (-0.49999942442385353,0.0000000000000000)
         363        2000  -702.17351590751332        1.0000000000016569        164.55076598096872        1.0000000000016569        9.2093590622613829E-027  -1.6568968419505836E-012 (-4.82109945748923588E-015,-1.69691311735058812E-017)   (2.01478705293051189E-014,9.66338876779320939E-015)             (-0.49999942442385598,0.0000000000000000)
         364        2000  -701.07120269572715        1.0000000000016636        183.72473252737100        1.0000000000016631        9.8910671851919916E-027  -1.6635581800983346E-012  (4.93290516095647098E-015,-2.63911038578421150E-017)   (4.68843941707988769E-014,1.47450243373763685E-014)             (-0.49999942442385908,0.0000000000000000)
         365        2000  -699.96888948394098        1.0000000000016687        202.44392004092788        1.0000000000016680        1.1268034365260364E-026  -1.6686652060116103E-012   (4.00972424112187431E-014,1.38401571518013665E-021)   (2.09278589228853118E-014,3.29378006278230614E-015)             (-0.49999942442386153,0.0000000000000000)
         366        2000  -698.86657627215482        1.0000000000016742        220.41311575224972        1.0000000000016742        1.5953614491366812E-026  -1.6742163211347361E-012  (9.01444741879268724E-014,-9.06371196358369316E-018)  (1.68028637414132510E-014,-1.01795259382646140E-014)             (-0.49999942442386464,0.0000000000000000)
         367        2000  -697.76426306036865        1.0000000000016760        237.34893471069327        1.0000000000016755        2.3768853989905698E-026  -1.6759926779741363E-012   (1.54376379202034393E-013,6.53605254681362722E-018)  (3.43531319094390499E-014,-2.47744008603192909E-014)             (-0.49999942442386530,0.0000000000000000)
         368        2000  -696.66194984858248        1.0000000000016815        252.98428893431284        1.0000000000016813        3.2255083713985395E-026  -1.6815437930972621E-012   (1.88381287908830142E-013,4.45532436052616150E-020)  (5.94037039149471315E-014,-2.29005506938399248E-014)             (-0.49999942442386819,0.0000000000000000)
         369        2000  -695.55963663679631        1.0000000000016849        267.07259954689613        1.0000000000016849        4.4090152082949512E-026  -1.6848744621711376E-012  (2.35754703464549128E-013,-2.89721635864618984E-018)  (1.11885088673557869E-013,-2.13355056048041079E-014)             (-0.49999942442386996,0.0000000000000000)
         370        2000  -694.45732342501015        1.0000000000016891        279.39168547413249        1.0000000000016889        5.9482326902917705E-026  -1.6890933096647132E-012  (2.90240535967735652E-013,-1.25235930693694857E-017)  (7.82628934254793763E-014,-2.05086790442005427E-014)             (-0.49999942442387196,0.0000000000000000)
         371        2000  -693.35501021322398        1.0000000000016946        289.74726737188308        1.0000000000016942        7.3036078773299073E-026  -1.6946444247878389E-012   (3.17906876440455337E-013,5.26395142330163306E-018)  (5.54381072007815545E-014,-1.34640188979987017E-014)             (-0.49999942442387463,0.0000000000000000)
         372        2000  -692.25269700143781        1.0000000000017002        297.97603152749667        1.0000000000017000        9.4284486160578246E-026  -1.7001955399109647E-012  (3.78851212897136147E-013,-1.26687304607686653E-018)  (5.69490698542952355E-014,-2.34338862781100771E-014)             (-0.49999942442387751,0.0000000000000000)
         373        2000  -691.15038378965164        1.0000000000017011        303.94820541461439        1.0000000000017013        1.1830910459348832E-025  -1.7010837183306649E-012   (4.39576353375316391E-013,3.94178309906762682E-018) (-9.22405296723569563E-015,-3.96784446964325945E-014)             (-0.49999942442387818,0.0000000000000000)
         374        2000  -690.04807057786547        1.0000000000017051        307.56960428343206        1.0000000000017049        1.3896912594369234E-025  -1.7050805212193154E-012  (4.72398873544788812E-013,-1.71354566619292961E-017)  (2.12039146845856289E-014,-4.41633831938016686E-014)             (-0.49999942442387996,0.0000000000000000)
         375        2000  -688.94575736607931        1.0000000000017080        308.78311651046806        1.0000000000017075        1.6832256444000919E-025  -1.7079671010833408E-012  (5.35560109777715339E-013,-2.53303618089057578E-018)  (7.84184866400454287E-014,-5.70807672350763741E-014)             (-0.49999942442388129,0.0000000000000000)
         376        2000  -687.84344415429314        1.0000000000017144        307.56960428298703        1.0000000000017142        1.9519577633562503E-025  -1.7144063946261667E-012   (5.78141265043179839E-013,3.60405995245295143E-024)  (5.78877374585362089E-014,-5.56632882071963750E-014)             (-0.49999942442388462,0.0000000000000000)
         377        2000  -686.74113094250697        1.0000000000017173        303.94820541373213        1.0000000000017173        2.1610188249834880E-025  -1.7172929744901921E-012  (5.96878518121588435E-013,-8.89137707417471967E-018)  (7.60389796905054225E-014,-4.39442923980439629E-014)             (-0.49999942442388617,0.0000000000000000)
         378        2000  -685.63881773072080        1.0000000000017208        297.97603152619274        1.0000000000017208        2.3606532458780103E-025  -1.7208456881689926E-012   (6.29622578097755214E-013,6.53555853027790013E-018)  (5.92030976230647408E-014,-4.51146439190591034E-014)             (-0.49999942442388795,0.0000000000000000)
         379        2000  -684.53650451893463        1.0000000000017244        289.74726737017545        1.0000000000017240        2.4536962323159228E-025  -1.7243984018477931E-012   (6.40049548466732106E-013,1.55884160391853513E-018) (-2.09820507906235000E-015,-4.33073890166404375E-014)             (-0.49999942442388950,0.0000000000000000)
         380        2000  -683.43419130714847        1.0000000000017304        279.39168547204650        1.0000000000017302        2.4775051656025872E-025  -1.7303936061807690E-012  (6.44224594115408936E-013,-6.63022741106905317E-018) (-1.40133370072982386E-014,-4.93956170245960298E-014)             (-0.49999942442389261,0.0000000000000000)
         381        2000  -682.33187809536230        1.0000000000017366        267.07259954446948        1.0000000000017364        2.4587148451098805E-025  -1.7366108551186699E-012  (6.50796374737050513E-013,-1.04273926872346801E-017) (-4.10926650259674501E-014,-6.15509129824308622E-014)             (-0.49999942442389572,0.0000000000000000)
         382        2000  -681.22956488357613        1.0000000000017411        252.98428893158118        1.0000000000017408        2.2701964357281944E-025  -1.7410517472171705E-012   (6.17343235654111247E-013,1.32569616872554671E-018) (-4.76242914661674822E-014,-5.73297678859387259E-014)             (-0.49999942442389794,0.0000000000000000)
         383        2000  -680.12725167178996        1.0000000000017484        237.34893470769970        1.0000000000017479        1.9811328634353847E-025  -1.7483792191796965E-012   (5.71543933923837554E-013,1.48630543275803589E-023) (-2.48059778054349791E-014,-5.23360257490403777E-014)             (-0.49999942442390150,0.0000000000000000)
         384        2000  -679.02493846000380        1.0000000000017522        220.41311574904370        1.0000000000017519        1.5951105203470090E-025  -1.7521539774634221E-012   (5.00016344378015104E-013,8.84655314787622240E-020) (-6.33448642576215935E-014,-4.20386795124743248E-014)             (-0.49999942442390349,0.0000000000000000)
         385        2000  -677.92262524821763        1.0000000000017542        202.44392003755647        1.0000000000017542        1.1585410524030066E-025  -1.7541523789077473E-012  (3.97532534922971938E-013,-2.58596684493610505E-018) (-8.91059915670786515E-014,-2.53211087358815706E-014)             (-0.49999942442390460,0.0000000000000000)
         386        2000  -676.82031203643146        1.0000000000017617        183.72473252388610        1.0000000000017613        7.6818571310547244E-026  -1.7617018954751984E-012   (2.82526537058289621E-013,5.54701792334594231E-021) (-1.45590583690216882E-013,-1.58283519496598169E-014)             (-0.49999942442390816,0.0000000000000000)
         387        2000  -675.71799882464529        1.0000000000017695        164.55076597742567        1.0000000000017693        4.9227636028910311E-026  -1.7694734566475745E-012   (1.20332814144735896E-013,4.71359062659284291E-018)  (-2.12664540668560819E-013,6.63512714913447081E-016)             (-0.49999942442391215,0.0000000000000000)
         388        2000  -674.61568561285912        1.0000000000017737        145.22440530458474        1.0000000000017732        4.9990248231190801E-026  -1.7736923041411501E-012 (-5.46794874031213312E-014,-4.33339587140501295E-020)  (-2.06180684400999646E-013,2.49604361063959971E-015)             (-0.49999942442391415,0.0000000000000000)
         389        2000  -673.51337240107296        1.0000000000017770        126.05043875818173        1.0000000000017768        9.1358844734690983E-026  -1.7770229732150256E-012 (-2.33875608200473403E-013,-1.44933233785414085E-018)  (-2.16817206500369741E-013,7.94434466925061446E-015)             (-0.49999942442391593,0.0000000000000000)
         390        2000  -672.41105918928679        1.0000000000017830        107.33125124462661        1.0000000000017826        1.9774758111739818E-025  -1.7830181775480014E-012 (-4.76599966811574220E-013,-5.70359756358270331E-021)  (-2.38178489873857186E-013,3.96322988659236797E-014)             (-0.49999942442391881,0.0000000000000000)
         391        2000  -671.30874597750062        1.0000000000017890        89.362055533310340        1.0000000000017888        3.8312116947422211E-025  -1.7890133818809772E-012  (-7.32780267981949561E-013,6.53310884801367821E-018)  (-2.42555739468544295E-013,6.92046288173021407E-014)             (-0.49999942442392192,0.0000000000000000)
         392        2000  -670.20643276571445        1.0000000000017948        72.426236574875290        1.0000000000017941        6.8130698496192820E-025  -1.7947865416090281E-012 (-1.01732931231434407E-012,-3.09376967018317168E-022)  (-3.29534887756515357E-013,9.55107925632746160E-014)             (-0.49999942442392459,0.0000000000000000)
         393        2000  -669.10411955392829        1.0000000000018008        56.790882351264692        1.0000000000018008        1.1228890815575748E-024  -1.8007817459420039E-012  (-1.34597613352993704E-012,2.26540325399439166E-018)  (-3.71244634077792391E-013,1.23038507853561380E-013)             (-0.49999942442392792,0.0000000000000000)
         394        2000  -668.00180634214212        1.0000000000018048        42.702571738693159        1.0000000000018043        1.6922024374928701E-024  -1.8047785488306545E-012  (-1.66914510281759851E-012,5.56370372958610357E-021)  (-3.60065821457441469E-013,1.46105756710893808E-013)             (-0.49999942442392969,0.0000000000000000)
         395        2000  -666.89949313035595        1.0000000000018083        30.383485811470010        1.0000000000018083        2.4225471652002135E-024  -1.8083312625094550E-012 (-2.01176570630536755E-012,-9.24616879881134821E-018)  (-4.08564542250805292E-013,1.70410569393834170E-013)             (-0.49999942442393169,0.0000000000000000)
         396        2000  -665.79717991856978        1.0000000000018134        20.027903913732683        1.0000000000018128        3.3169269648939812E-024  -1.8134382884227307E-012 (-2.37788285455267284E-012,-3.15323581126381832E-019)  (-3.91421545361971495E-013,2.04938816335992565E-013)             (-0.49999942442393391,0.0000000000000000)
         397        2000  -664.69486670678361        1.0000000000018192        11.799139758133633        1.0000000000018190        4.3510240686830554E-024  -1.8192114481507815E-012  (-2.73094561744190099E-012,1.09483097958025056E-018)  (-3.79946854186447575E-013,2.28683872541723381E-013)             (-0.49999942442393702,0.0000000000000000)
         398        2000  -663.59255349499745        1.0000000000018248        5.8269658710321224        1.0000000000018243        5.5192302846736871E-024  -1.8247625632739073E-012 (-3.09093070708906148E-012,-2.52722399732849650E-018)  (-3.81083762246837576E-013,2.62003676047860420E-013)             (-0.49999942442393969,0.0000000000000000)
         399        2000  -662.49024028321128        1.0000000000018305        2.2055670022315805        1.0000000000018301        6.7824181296577230E-024  -1.8305357230019581E-012  (-3.43976009743893203E-012,5.39648747615479640E-021)  (-3.33950160396179050E-013,2.94252808990165165E-013)             (-0.49999942442394257,0.0000000000000000)
         400        2000  -661.38792707142511        1.0000000000018356       0.99205477521187468        1.0000000000018354        8.0527705453734836E-024  -1.8356427489152338E-012 (-3.75523496825229999E-012,-2.80256543528684904E-018)  (-3.21159322835786719E-013,3.23347214212547087E-013)             (-0.49999942442394524,0.0000000000000000)
         401        2000  -660.28561385963894        1.0000000000018399        2.2055670027101946        1.0000000000018394        9.2959033661032131E-024  -1.8398615964088094E-012 (-4.04803305433939859E-012,-1.27208388312584272E-018)  (-2.98531888971631071E-013,3.52933706296283654E-013)             (-0.49999942442394724,0.0000000000000000)
         402        2000  -659.18330064785278        1.0000000000018443        5.8269658719818134        1.0000000000018443        1.0385880275145614E-023  -1.8443024885073100E-012 (-4.28144265392243341E-012,-2.35553133000593603E-018)  (-2.36118105516244475E-013,3.67799641850983755E-013)             (-0.49999942442394968,0.0000000000000000)
         403        2000  -658.08098743606661        1.0000000000018490        11.799139759539575        1.0000000000018487        1.1232025053918962E-023  -1.8489654252107357E-012 (-4.45246984708736925E-012,-9.06685096764599926E-018)  (-1.85759167809932895E-013,3.76837712551393119E-013)             (-0.49999942442395190,0.0000000000000000)
         404        2000  -656.97867422428044        1.0000000000018536        20.027903915572914        1.0000000000018532        1.1746456182654148E-023  -1.8536283619141614E-012 (-4.55720570724083542E-012,-9.43286370995542713E-020)  (-7.47227731534827927E-014,3.86241446965335964E-013)             (-0.49999942442395412,0.0000000000000000)
         405        2000  -655.87636101249427        1.0000000000018581        30.383485813715644        1.0000000000018581        1.1795869988069491E-023  -1.8580692540126620E-012  (-4.55840248686726082E-012,6.30240171719804805E-018)   (4.34357312091725851E-014,3.81202786858277961E-013)             (-0.49999942442395656,0.0000000000000000)
         406        2000  -654.77404780070810        1.0000000000018647        42.702571741309377        1.0000000000018643        1.1372568194030000E-023  -1.8647305921604129E-012  (-4.47272024366930656E-012,9.07449854571271346E-018)   (1.46825517009729858E-013,3.76597604860854379E-013)             (-0.49999942442395967,0.0000000000000000)
         407        2000  -653.67173458892194        1.0000000000018674        56.790882354210964        1.0000000000018670        1.0401021166592084E-023  -1.8673951274195133E-012  (-4.26376358994760163E-012,8.52603402442839015E-018)   (3.13474432824606766E-013,3.60287504995510118E-013)             (-0.49999942442396100,0.0000000000000000)
         408        2000  -652.56942137713577        1.0000000000018736        72.426236578104835        1.0000000000018732        8.8934494421286771E-024  -1.8736123763574142E-012  (-3.90389586757118300E-012,4.57330006985847895E-018)   (4.52504746562652435E-013,3.28327804016575664E-013)             (-0.49999942442396411,0.0000000000000000)
         409        2000  -651.46710816534960        1.0000000000018796        89.362055536773610        1.0000000000018794        7.0140616854742153E-024  -1.8796075806903900E-012 (-3.41168110220584319E-012,-1.57820842127167039E-017)   (5.78566623502263281E-013,2.88693472702129004E-013)             (-0.49999942442396722,0.0000000000000000)
         410        2000  -650.36479495356343        1.0000000000018880        107.33125124827006        1.0000000000018878        4.9701290212330552E-024  -1.8880452756775412E-012 (-2.75750800283139853E-012,-7.35105525155525623E-018)   (7.78335475436517413E-013,2.32003928166246512E-013)             (-0.49999942442397144,0.0000000000000000)
         411        2000  -649.26248174177726        1.0000000000018936        126.05043876194756        1.0000000000018932        3.0763137631198650E-024  -1.8935963908006670E-012 (-1.91185070115959027E-012,-4.63068445147601112E-018)   (9.51073563100632829E-013,1.50544808062532134E-013)             (-0.49999942442397410,0.0000000000000000)
         412        2000  -648.16016852999110        1.0000000000019009        145.22440530841425        1.0000000000019003        1.8435680093169504E-024  -1.9009238627631930E-012  (-9.05493750930796653E-013,1.26650307851536060E-018)   (1.14193636168101425E-012,6.22231796058501869E-014)             (-0.49999942442397766,0.0000000000000000)
         413        2000  -647.05785531820493        1.0000000000019045        164.55076598125876        1.0000000000019047        1.8744907969513287E-024  -1.9044765764419935E-012  (2.89395026654533956E-013,-1.62980813147561518E-018)  (1.39169838331335588E-012,-3.96218286697321405E-014)             (-0.49999942442397988,0.0000000000000000)
         414        2000  -645.95554210641876        1.0000000000019105        183.72473252766451        1.0000000000019105        3.9199494482555850E-024  -1.9104717807749694E-012  (1.68068396070593505E-012,-5.23997840731894664E-021)  (1.59115215820283042E-012,-1.57638592602323977E-013)             (-0.49999942442398276,0.0000000000000000)
         415        2000  -644.85322889463259        1.0000000000019154        202.44392004122057        1.0000000000019154        8.8299309954318333E-024  -1.9153567620833201E-012   (3.24882557779322522E-012,1.26682773272772447E-018)  (1.76987885264981581E-012,-2.86250031962695196E-013)             (-0.49999942442398521,0.0000000000000000)
         416        2000  -643.75091568284643        1.0000000000019240        220.41311575253576        1.0000000000019229        1.7520508730167606E-023  -1.9240165016753963E-012   (4.99495675438070540E-012,6.69766414267751102E-019)  (1.94930771914814610E-012,-4.32503912717708153E-013)             (-0.49999942442398898,0.0000000000000000)
         417        2000  -642.64860247106026        1.0000000000019300        237.34893471096603        1.0000000000019300        3.0920243138471615E-023  -1.9300117060083721E-012   (6.91290987544752228E-012,8.32304238746486642E-020)  (2.08547095419989944E-012,-6.01507783667943503E-013)             (-0.49999942442399253,0.0000000000000000)
         418        2000  -641.54628925927409        1.0000000000019342        252.98428893456966        1.0000000000019340        4.9918014713748188E-023  -1.9342305535019477E-012   (8.98115825245356539E-012,7.71333893610785634E-018)  (2.23917805340848520E-012,-7.84075241256832910E-013)             (-0.49999942442399453,0.0000000000000000)
         419        2000  -640.44397604748792        1.0000000000019400        267.07259954713305        1.0000000000019398        7.5109073884716192E-023  -1.9400037132299985E-012  (1.11645372385582912E-011,-5.72207767129816998E-019)  (2.37478963477374358E-012,-9.72361465291311834E-013)             (-0.49999942442399742,0.0000000000000000)
         420        2000  -639.34166283570175        1.0000000000019447        279.39168547434713        1.0000000000019447        1.0704240579781786E-022  -1.9446666499334242E-012   (1.34506669927496456E-011,1.06111444092431502E-017)  (2.46147779595808056E-012,-1.17039012806033471E-012)             (-0.49999942442399986,0.0000000000000000)
         421        2000  -638.23934962391559        1.0000000000019524        289.74726737207385        1.0000000000019518        1.4573455230205911E-022  -1.9524382111058003E-012   (1.57945565697017843E-011,8.06698356739547004E-018)  (2.49883997016529478E-012,-1.36613460713390104E-012)             (-0.49999942442400341,0.0000000000000000)
         422        2000  -637.13703641212942        1.0000000000019591        297.97603152766374        1.0000000000019589        1.9037382091509342E-022  -1.9590995492535512E-012  (1.81332845665811559E-011,-3.18020458631059914E-019)  (2.45769121802104779E-012,-1.56231673761064700E-012)             (-0.49999942442400697,0.0000000000000000)
         423        2000  -636.03472320034325        1.0000000000019647        303.94820541475519        1.0000000000019642        2.3993554338296821E-022  -1.9646506643766770E-012  (2.04254337950665122E-011,-7.98028309069957651E-018)  (2.38948019791911544E-012,-1.75367000568024658E-012)             (-0.49999942442400963,0.0000000000000000)
         424        2000  -634.93240998855708        1.0000000000019669        307.56960428354364        1.0000000000019673        2.9263127014416591E-022  -1.9668711104259273E-012   (2.26237367450901649E-011,3.98073557006134271E-018)  (2.24199628312732276E-012,-1.94131402911332911E-012)             (-0.49999942442401119,0.0000000000000000)
         425        2000  -633.83009677677092        1.0000000000019731        308.78311651054833        1.0000000000019726        3.4590733930038106E-022  -1.9730883593638282E-012   (2.46519414109135686E-011,4.45435516264407441E-020)  (1.99562486554670402E-012,-2.11420319871949962E-012)             (-0.49999942442401385,0.0000000000000000)
         426        2000  -632.72778356498475        1.0000000000019762        307.56960428303717        1.0000000000019762        3.9635434991881579E-022  -1.9761969838327786E-012   (2.64283695993309839E-011,9.07449528693747680E-018)  (1.71005929044515646E-012,-2.26004832737409084E-012)             (-0.49999942442401563,0.0000000000000000)
         427        2000  -631.62547035319858        1.0000000000019833        303.94820541375168        1.0000000000019833        4.4036295592948240E-022  -1.9833024111903796E-012  (2.78981069309082963E-011,-3.81227475246265323E-018)  (1.32764436256182759E-012,-2.38956814114999950E-012)             (-0.49999942442401918,0.0000000000000000)
         428        2000  -630.52315714141241        1.0000000000019904        297.97603152618024        1.0000000000019900        4.7335837536395816E-022  -1.9904078385479806E-012   (2.89409853260486663E-011,1.38759906177028280E-017)  (8.45587241240047011E-013,-2.47448986112551442E-012)             (-0.49999942442402251,0.0000000000000000)
         429        2000  -629.42084392962624        1.0000000000019955        289.74726737013367        1.0000000000019953        4.9150556391115599E-022  -1.9955148644612564E-012  (2.94925694233890325E-011,-1.26095559604826915E-018)  (3.13359831126141157E-013,-2.51596880024119620E-012)             (-0.49999942442402517,0.0000000000000000)
         430        2000  -628.31853071784008        1.0000000000019997        279.39168547197858        1.0000000000019997        4.9123946878742365E-022  -1.9997337119548320E-012   (2.94679715994558588E-011,3.90105225156128033E-018) (-3.59414317730185057E-013,-2.50677017893381324E-012)             (-0.49999942442402739,0.0000000000000000)
         431        2000  -627.21621750605391        1.0000000000020024        267.07259954437325        1.0000000000020024        4.6928920313741696E-022  -2.0023982472139323E-012  (2.87366545233693840E-011,-4.53606109206777199E-018) (-1.13813990960469538E-012,-2.43195417891955367E-012)             (-0.49999942442402873,0.0000000000000000)
         432        2000  -626.11390429426774        1.0000000000020079        252.98428893146169        1.0000000000020077        4.2567039458857126E-022  -2.0079493623370581E-012  (2.72526081224927754E-011,-1.18299282849309302E-018) (-1.97867473138504026E-012,-2.29634363331963231E-012)             (-0.49999942442403139,0.0000000000000000)
         433        2000  -625.01159108248157        1.0000000000020135        237.34893470755927        1.0000000000020131        3.6208460894764590E-022  -2.0135004774601839E-012   (2.49262984958596448E-011,2.24635186570015234E-018) (-2.95217189646320049E-012,-2.09320910133560549E-012)             (-0.49999942442403406,0.0000000000000000)
         434        2000  -623.90927787069540        1.0000000000020184        220.41311574888377        1.0000000000020184        2.8335588180283523E-022  -2.0183854587685346E-012   (2.16551217517651930E-011,2.98881549340030500E-022) (-4.00144519671899753E-012,-1.80823967717935454E-012)             (-0.49999942442403672,0.0000000000000000)
         435        2000  -622.80696465890924        1.0000000000020235        202.44392003738133        1.0000000000020233        1.9874655852862460E-022  -2.0234924846818103E-012   (1.73812735759307090E-011,2.76159895082548622E-022) (-5.07464849343398240E-012,-1.44152118234650704E-012)             (-0.49999942442403916,0.0000000000000000)
         436        2000  -621.70465144712307        1.0000000000020284        183.72473252370091        1.0000000000020286        1.2217111082731091E-022  -2.0283774659901610E-012   (1.20408894918957005E-011,1.06579282231455256E-018) (-6.19485959001827169E-012,-9.77217255661154216E-013)             (-0.49999942442404183,0.0000000000000000)
         437        2000  -620.60233823533690        1.0000000000020302        164.55076597723209        1.0000000000020304        7.2513799131498472E-023  -2.0301538228295612E-012   (5.60166867106192552E-012,1.27030650747467702E-018) (-7.32930574083857119E-012,-4.18842000952337173E-013)             (-0.49999942442404272,0.0000000000000000)
         438        2000  -619.50002502355073        1.0000000000020317        145.22440530438695        1.0000000000020317        7.3632181504185368E-023  -2.0317081350640365E-012 (-1.94287987277675200E-012,-1.26653273548362964E-018)  (-8.52401288525765411E-012,2.33625634842478356E-013)             (-0.49999942442404338,0.0000000000000000)
         439        2000  -618.39771181176457        1.0000000000020384        126.05043875798339        1.0000000000020384        1.5382655978981741E-022  -2.0383694732117874E-012 (-1.06250450542547253E-011,-9.86833392169633579E-019)  (-9.75528505147610471E-012,9.87541189891640603E-013)             (-0.49999942442404671,0.0000000000000000)
         440        2000  -617.29539859997840        1.0000000000020413        107.33125124443140        1.0000000000020410        3.4515899875209894E-022  -2.0412560530758128E-012 (-2.04254179508352978E-011,-3.98061360069597351E-018)  (-1.08973440156532048E-011,1.83244681068000607E-012)             (-0.49999942442404804,0.0000000000000000)
         441        2000  -616.19308538819223        1.0000000000020444        89.362055533120653        1.0000000000020437        6.8111146315580302E-022  -2.0443646775447633E-012 (-3.12657955301108979E-011,-5.07517226140501953E-025)  (-1.19707782311467575E-011,2.75930438563278141E-012)             (-0.49999942442404938,0.0000000000000000)
         442        2000  -615.09077217640606        1.0000000000020510        72.426236574695324        1.0000000000020504        1.1948728186290713E-021  -2.0510260156925142E-012 (-4.30777349107029506E-011,-2.26870210688304745E-018)  (-1.29163604423545214E-011,3.77397295971550570E-012)             (-0.49999942442405271,0.0000000000000000)
         443        2000  -613.98845896461989        1.0000000000020537        56.790882351099178        1.0000000000020539        1.9149941004904262E-021  -2.0536905509516146E-012 (-5.57100526991113193E-011,-1.04277174463428402E-017)  (-1.37019517200067775E-011,4.85272100307525892E-012)             (-0.49999942442405448,0.0000000000000000)
         444        2000  -612.88614575283373        1.0000000000020592        42.702571738544790        1.0000000000020592        2.8638840044308426E-021  -2.0592416660747404E-012  (-6.90217754117183658E-011,3.18281459329764670E-018)  (-1.43515939300414632E-011,5.98658669143902958E-012)             (-0.49999942442405715,0.0000000000000000)
         445        2000  -611.78383254104756        1.0000000000020655        30.383485811341306        1.0000000000020650        4.0528658131574390E-021  -2.0654589150126412E-012  (-8.28361459407002554E-011,5.30001765401063672E-018)  (-1.47231783491913887E-011,7.16665503899805281E-012)             (-0.49999942442406003,0.0000000000000000)
         446        2000  -610.68151932926139        1.0000000000020708        20.027903913626190        1.0000000000020708        5.4760372251128471E-021  -2.0707879855308420E-012 (-9.68789421086892601E-011,-1.70523769413371822E-017)  (-1.47999927783352954E-011,8.36308710143608652E-012)             (-0.49999942442406292,0.0000000000000000)
         447        2000  -609.57920611747522        1.0000000000020735        11.799139758051618        1.0000000000020735        7.1096489280316878E-021  -2.0734525207899424E-012 (-1.10890806268893945E-010,-3.90120698368684426E-018)  (-1.46305851379074811E-011,9.55800957784172663E-012)             (-0.49999942442406425,0.0000000000000000)
         448        2000  -608.47689290568906        1.0000000000020770        5.8269658709764656        1.0000000000020770        8.9064700060318112E-021  -2.0770052344687429E-012  (-1.24549085316407526E-010,9.15713553594625139E-020)  (-1.40652825186617296E-011,1.07197687679415331E-011)             (-0.49999942442406603,0.0000000000000000)
         449        2000  -607.37457969390289        1.0000000000020826        2.2055670022035865        1.0000000000020819        1.0793372142339273E-020  -2.0825563495918686E-012  (-1.37469469172427287E-010,1.25574498182309223E-018)  (-1.31027445356242583E-011,1.18072244054803021E-011)             (-0.49999942442406847,0.0000000000000000)
         450        2000  -606.27226648211672        1.0000000000020894       0.99205477521256680        1.0000000000020894        1.2674818355264824E-020  -2.0894397323445446E-012 (-1.49279096817902097E-010,-1.27565926846663727E-018)  (-1.17296716320876710E-011,1.27972000165300022E-011)             (-0.49999942442407225,0.0000000000000000)
         451        2000  -605.16995327033055        1.0000000000020930        2.2055670027401337        1.0000000000020930        1.4430422662235449E-020  -2.0929924460233451E-012 (-1.59536102462402090E-010,-9.16116667624242584E-018)  (-9.81707376642781548E-012,1.36545126148486594E-011)             (-0.49999942442407402,0.0000000000000000)
         452        2000  -604.06764005854438        1.0000000000020970        5.8269658720411561        1.0000000000020970        1.5921963819567407E-020  -2.0969892489119957E-012  (-1.67758312851244646E-010,1.06056128916665653E-017)  (-7.41734049298857627E-012,1.43325563654179903E-011)             (-0.49999942442407602,0.0000000000000000)
         453        2000  -602.96532684675822        1.0000000000021045        11.799139759627810        1.0000000000021041        1.7005777913672947E-020  -2.1045387654794467E-012  (-1.73483523544194373E-010,6.56856425096656528E-019)  (-4.50506915141895909E-012,1.48016099983977952E-011)             (-0.49999942442407957,0.0000000000000000)
         454        2000  -601.86301363497205        1.0000000000021083        20.027903915689201        1.0000000000021085        1.7540182213264279E-020  -2.1083135237631723E-012 (-1.76192308743588844E-010,-1.71408484297010294E-017)  (-1.04908475894166907E-012,1.50084745618108612E-011)             (-0.49999942442408180,0.0000000000000000)
         455        2000  -600.76070042318588        1.0000000000021123        30.383485813859078        1.0000000000021116        1.7406339126622313E-020  -2.1123103266518228E-012  (-1.75373729206262615E-010,7.89088531929722122E-018)   (2.90892949823195144E-012,1.49094423043569651E-011)             (-0.49999942442408335,0.0000000000000000)
         456        2000  -599.65838721139971        1.0000000000021212        42.702571741478032        1.0000000000021210        1.6527071247686672E-020  -2.1211921108488241E-012  (-1.70522235888815030E-010,7.97514767923512324E-021)   (7.41241006677533465E-012,1.44612955432898519E-011)             (-0.49999942442408801,0.0000000000000000)
         457        2000  -598.55607399961355        1.0000000000021256        56.790882354402115        1.0000000000021259        1.4890482890119578E-020  -2.1256330029473247E-012 (-1.61142099202630973E-010,-1.18330406303120897E-018)   (1.24199395277608355E-011,1.36172153471292702E-011)             (-0.49999942442409046,0.0000000000000000)
         458        2000  -597.45376078782738        1.0000000000021285        72.426236578317443        1.0000000000021281        1.2574753229690486E-020  -2.1285195828113501E-012  (-1.46784651570048662E-010,7.89119618620076716E-018)   (1.78873070921499481E-011,1.23488081568330239E-011)             (-0.49999942442409157,0.0000000000000000)
         459        2000  -596.35144757604121        1.0000000000021345        89.362055537003386        1.0000000000021343        9.7718013025393105E-021  -2.1345147871443260E-012  (-1.27032258086372750E-010,1.15482640220258280E-018)   (2.38157396036514283E-011,1.06190513298523162E-011)             (-0.49999942442409467,0.0000000000000000)
         460        2000  -595.24913436425504        1.0000000000021394        107.33125124851593        1.0000000000021392        6.8070507214122539E-021  -2.1393997684526767E-012  (-1.01514890144627954E-010,7.80861296531112668E-018)   (3.00593864833846319E-011,8.39686325764465306E-012)             (-0.49999942442409712,0.0000000000000000)
         461        2000  -594.14682115246887        1.0000000000021427        126.05043876220364        1.0000000000021423        4.1583689038063822E-021  -2.1427304375265521E-012  (-6.99776055125834247E-011,1.72331096553627337E-017)   (3.65305755114462360E-011,5.67121929425184937E-012)             (-0.49999942442409867,0.0000000000000000)
         462        2000  -593.04450794068271        1.0000000000021492        145.22440530867851        1.0000000000021489        2.4598801772287891E-021  -2.1491697310693780E-012  (-3.22127774475043542E-011,6.16931536662338417E-018)   (4.31471288601287582E-011,2.41049629402574352E-012)             (-0.49999942442410200,0.0000000000000000)
         463        2000  -591.94219472889654        1.0000000000021525        164.55076598152820        1.0000000000021521        2.4977224344030725E-021  -2.1525004001432535E-012   (1.18547600662839223E-011,1.30437351524967377E-017)  (4.97294934698201287E-011,-1.39291588027624921E-012)             (-0.49999942442410356,0.0000000000000000)
         464        2000  -590.83988151711037        1.0000000000021596        183.72473252793358        1.0000000000021592        5.1885651601650226E-021  -2.1596058275008545E-012  (6.21381009085955993E-011,-8.44002722942087073E-018)  (5.61971680649437826E-011,-5.72432003535575197E-012)             (-0.49999942442410711,0.0000000000000000)
         465        2000  -589.73756830532420        1.0000000000021638        202.44392004148639        1.0000000000021636        1.1541239376251602E-020  -2.1638246749944301E-012   (1.18468584062098945E-010,8.66108403685436680E-018)  (6.24152901226697454E-011,-1.05762007614132036E-011)             (-0.49999942442410933,0.0000000000000000)
         466        2000  -588.63525509353803        1.0000000000021663        220.41311575279505        1.0000000000021658        2.2595468860658128E-020  -2.1662671656486054E-012  (1.80455838737284903E-010,-2.48492435613830063E-017)  (6.81121742770062557E-011,-1.59018565412855637E-011)             (-0.49999942442411044,0.0000000000000000)
         467        2000  -587.53294188175187        1.0000000000021729        237.34893471121615        1.0000000000021729        3.9341731652066087E-020  -2.1729285037963564E-012   (2.47529695435154241E-010,3.94994533129571077E-018)  (7.31502795360057347E-011,-2.16458058918191707E-011)             (-0.49999942442411399,0.0000000000000000)
         468        2000  -586.43062866996570        1.0000000000021769        252.98428893480516        1.0000000000021769        6.2629658116892643E-020  -2.1769253066850069E-012  (3.18982655630958851E-010,-3.98789142746510536E-018)  (7.73055663552060523E-011,-2.77587411373242956E-011)             (-0.49999942442411599,0.0000000000000000)
         469        2000  -585.32831545817953        1.0000000000021800        267.07259954735162        1.0000000000021796        9.3041629379955649E-020  -2.1800339311539574E-012   (3.93837736711537705E-010,9.15594143081777809E-018)  (8.02936466385125015E-011,-3.41471277276112816E-011)             (-0.49999942442411732,0.0000000000000000)
         470        2000  -584.22600224639336        1.0000000000021854        279.39168547454932        1.0000000000021849        1.3077938592426608E-019  -2.1853630016721581E-012  (4.70937543839425950E-010,-2.72689128159966103E-019)  (8.19562689705768677E-011,-4.07195297393518438E-011)             (-0.49999942442411999,0.0000000000000000)
         471        2000  -583.12368903460720        1.0000000000021902        289.74726737225501        1.0000000000021902        1.7554238533309206E-019  -2.1902479829805088E-012   (5.48917408193074456E-010,7.79130104595301722E-018)  (8.20359568455792681E-011,-4.73628530564964980E-011)             (-0.49999942442412265,0.0000000000000000)
         472        2000  -582.02137582282103        1.0000000000021949        297.97603152781596        1.0000000000021947        2.2640504857367673E-019  -2.1949109196839345E-012  (6.26157216433240998E-010,-7.90050614639359186E-018)  (8.03403731521399367E-011,-5.39271798968797572E-011)             (-0.49999942442412487,0.0000000000000000)
         473        2000  -580.91906261103486        1.0000000000022016        303.94820541488104        1.0000000000022014        2.8175124717313599E-019  -2.2015722578316854E-012  (7.00865615784712011E-010,-9.86139338033488731E-019)  (7.66538902063636087E-011,-6.02641329062907458E-011)             (-0.49999942442412820,0.0000000000000000)
         474        2000  -579.81674939924869        1.0000000000022040        307.56960428364067        1.0000000000022040        3.3921668893373210E-019  -2.2040147484858608E-012  (7.71018459262198792E-010,-6.53588372706501074E-018)  (7.07295781547090760E-011,-6.61909695129990661E-011)             (-0.49999942442412953,0.0000000000000000)
         475        2000  -578.71443618746252        1.0000000000022040        308.78311651061853        1.0000000000022040        3.9571411756124546E-019  -2.2040147484858608E-012  (8.34409865019562237E-010,-1.82357092988379608E-017)  (6.24171645121626221E-011,-7.15171516444182153E-011)             (-0.49999942442412953,0.0000000000000000)
         476        2000  -577.61212297567636        1.0000000000022116        307.56960428307701        1.0000000000022116        4.4754275895158338E-019  -2.2115642650533118E-012   (8.88700497689938490E-010,9.63862880837081080E-020)  (5.15270684140588291E-011,-7.60516024628046373E-011)             (-0.49999942442413331,0.0000000000000000)
         477        2000  -576.50980976389019        1.0000000000022180        303.94820541376311        1.0000000000022173        4.9056461381835971E-019  -2.2180035585961377E-012   (9.31387205506658966E-010,1.18328515665897283E-018)  (3.78987211624763326E-011,-7.95796107154074631E-011)             (-0.49999942442413620,0.0000000000000000)
         478        2000  -575.40749655210402        1.0000000000022260        297.97603152616023        1.0000000000022258        5.2049211530368367E-019  -2.2259971643734389E-012   (9.59878068457390548E-010,9.23917080081459476E-018)  (2.15425374432186701E-011,-8.18821633670580177E-011)             (-0.49999942442414042,0.0000000000000000)
         479        2000  -574.30518334031785        1.0000000000022293        289.74726737008524        1.0000000000022293        5.3330648481722498E-019  -2.2293278334473143E-012  (9.71540876046010424E-010,-6.99327463997401292E-019)  (2.38610253379806783E-012,-8.27362945721184074E-011)             (-0.49999942442414219,0.0000000000000000)
         480        2000  -573.20287012853169        1.0000000000022333        279.39168547190229        1.0000000000022333        5.2572904132269436E-019  -2.2333246363359649E-012  (9.63698722342545486E-010,-9.06928403311718822E-018) (-1.95487355892569014E-011,-8.19056426605077350E-011)             (-0.49999942442414419,0.0000000000000000)
         481        2000  -572.10055691674552        1.0000000000022360        267.07259954426968        1.0000000000022355        4.9585393517496417E-019  -2.2359891715950653E-012  (9.33779049879849289E-010,-7.80239997869879206E-018) (-4.40976569661077410E-011,-7.91717513114543150E-011)             (-0.49999942442414530,0.0000000000000000)
         482        2000  -570.99824370495935        1.0000000000022404        252.98428893133536        1.0000000000022404        4.4377314280304875E-019  -2.2404300636935659E-012   (8.79330823112528687E-010,3.85682707753574715E-018) (-7.11979169197726215E-011,-7.43348692627589135E-011)             (-0.49999942442414774,0.0000000000000000)
         483        2000  -569.89593049317318        1.0000000000022433        237.34893470741099        1.0000000000022427        3.7222240774277364E-019  -2.2433166435575913E-012   (7.98046239128996135E-010,1.77250079809343599E-019) (-1.00572964546122812E-010,-6.71865009293762296E-011)             (-0.49999942442414885,0.0000000000000000)
         484        2000  -568.79361728138701        1.0000000000022495        220.41311574871565        1.0000000000022489        2.8725528638699209E-019  -2.2495338924954922E-012   (6.87958557014525326E-010,4.07493022099464228E-018) (-1.31857226359160877E-010,-5.75748412692112529E-011)             (-0.49999942442415196,0.0000000000000000)
         485        2000  -567.69130406960085        1.0000000000022564        202.44392003719872        1.0000000000022564        1.9871517040506511E-019  -2.2564172752481682E-012   (5.47423497620210928E-010,4.59376538416343613E-019) (-1.64709683651190024E-010,-4.53677361541997649E-011)             (-0.49999942442415574,0.0000000000000000)
         486        2000  -566.58899085781468        1.0000000000022584        183.72473252350647        1.0000000000022582        1.2057191713251116E-019  -2.2584156766924934E-012  (3.75206540229599937E-010,-2.70504717001373808E-018) (-1.98541982821688638E-010,-3.04539971490305937E-011)             (-0.49999942442415662,0.0000000000000000)
         487        2000  -565.48667764602851        1.0000000000022633        164.55076597703001        1.0000000000022626        7.0997468109258798E-020  -2.2633006580008441E-012  (1.70654786843080507E-010,-5.25546585127077256E-018) (-2.32737390780936610E-010,-1.27860424396434969E-011)             (-0.49999942442415884,0.0000000000000000)
         488        2000  -564.38436443424234        1.0000000000022702        145.22440530417956        1.0000000000022697        7.2042373867845753E-020  -2.2701840407535201E-012  (-6.63050556671256717E-011,2.62183126124860024E-018)  (-2.66671309132818912E-010,7.64019880754579420E-012)             (-0.49999942442416240,0.0000000000000000)
         489        2000  -563.28205122245618        1.0000000000022757        126.05043875777555        1.0000000000022751        1.4890711941237172E-019  -2.2757351558766459E-012  (-3.35041957203361603E-010,1.70523767772495441E-017)  (-2.99533270384137183E-010,3.07679560550369502E-011)             (-0.49999942442416506,0.0000000000000000)
         490        2000  -562.17973801067001        1.0000000000022786        107.33125124422772        1.0000000000022786        3.2871317701908726E-019  -2.2786217357406713E-012 (-6.34131117990494038E-010,-2.67351723694359178E-018)  (-3.30462101061114953E-010,5.64625875256917926E-011)             (-0.49999942442416684,0.0000000000000000)
         491        2000  -561.07742479888384        1.0000000000022817        89.362055532923108        1.0000000000022817        6.3876035125282812E-019  -2.2817303602096217E-012  (-9.61298828465742855E-010,2.53275740156042430E-018)  (-3.58528648020070759E-010,8.45288662882557795E-011)             (-0.49999942442416839,0.0000000000000000)
         492        2000  -559.97511158709767        1.0000000000022873        72.426236574508181        1.0000000000022871        1.1042736455422000E-018  -2.2872814753327475E-012  (-1.31333369322344339E-009,2.71406309883293427E-018)  (-3.82681791124218201E-010,1.14679919501021821E-010)             (-0.49999942442417106,0.0000000000000000)
         493        2000  -558.87279837531150        1.0000000000022922        56.790882350925934        1.0000000000022924        1.7457189171268195E-018  -2.2921664566410982E-012  (-1.68604897924517059E-009,7.36473445452894169E-020)  (-4.01896987645396844E-010,1.46553963058053261E-010)             (-0.49999942442417372,0.0000000000000000)
         494        2000  -557.77048516352534        1.0000000000022935        42.702571738388698        1.0000000000022937        2.5757769044275556E-018  -2.2934987242706484E-012  (-2.07423169592084143E-009,1.58743161002533560E-017)  (-4.15058871335514111E-010,1.79704043483418850E-010)             (-0.49999942442417439,0.0000000000000000)
         495        2000  -556.66817195173917        1.0000000000022979        30.383485811205684        1.0000000000022977        3.5962383734128709E-018  -2.2979396163691490E-012  (-2.47161787597423341E-009,1.05057062552741267E-017)  (-4.21048342511951279E-010,2.13582763856991684E-010)             (-0.49999942442417639,0.0000000000000000)
         496        2000  -555.56585873995300        1.0000000000023019        20.027903913513740        1.0000000000023017        4.7949817465571225E-018  -2.3019364192577996E-012  (-2.87089052764323824E-009,1.80941292027578968E-019)  (-4.18794436938184487E-010,2.47562195176686221E-010)             (-0.49999942442417838,0.0000000000000000)
         497        2000  -554.46354552816683        1.0000000000023075        11.799139757964534        1.0000000000023070        6.1434101259840253E-018  -2.3074875343809254E-012  (-3.26369418019543417E-009,2.63082121512314675E-017)  (-4.07179789076436229E-010,2.80924288036434454E-010)             (-0.49999942442418105,0.0000000000000000)
         498        2000  -553.36123231638066        1.0000000000023177        5.8269658709163332        1.0000000000023168        7.5947540216211844E-018  -2.3177015862074768E-012 (-3.64066415265439715E-009,-6.71896257864174244E-018)  (-3.85208199276772883E-010,3.12861553914237085E-010)             (-0.49999942442418593,0.0000000000000000)
         499        2000  -552.25891910459450        1.0000000000023250        2.2055670021719123        1.0000000000023244        9.0836004724838187E-018  -2.3250290581700028E-012  (-3.99154040478339872E-009,2.36060177637427350E-018)  (-3.51967189810842063E-010,3.42494692011412526E-010)             (-0.49999942442418971,0.0000000000000000)
         500        2000  -551.15660589280833        1.0000000000023312       0.99205477521024121        1.0000000000023315        1.0526971005167040E-017  -2.3312463071079037E-012  (-4.30520600080941922E-009,1.43648074123473112E-018)  (-3.06617849098793763E-010,3.68874150467640530E-010)             (-0.49999942442419326,0.0000000000000000)
         501        2000  -550.05429268102216        1.0000000000023350        2.2055670027676286        1.0000000000023346        1.1827569388927590E-017  -2.3350210653916292E-012  (-4.56986140259985121E-009,1.38510133790273840E-022)  (-2.48533094449635538E-010,3.90983700384385991E-010)             (-0.49999942442419482,0.0000000000000000)
         502        2000  -548.95197946923599        1.0000000000023408        5.8269658720984374        1.0000000000023408        1.2879259675939612E-017  -2.3407942251196800E-012 (-4.77319867899682672E-009,-3.99276262915315237E-018)  (-1.77250244107394921E-010,4.07782895877348687E-010)             (-0.49999942442419792,0.0000000000000000)
         503        2000  -547.84966625744983        1.0000000000023426        11.799139759714494        1.0000000000023421        1.3574949379416022E-017  -2.3425705819590803E-012  (-4.90254168515101161E-009,6.71338510831644984E-018)  (-9.25223545310750104E-011,4.18186897363249533E-010)             (-0.49999942442419859,0.0000000000000000)
         504        2000  -546.74735304566366        1.0000000000023490        20.027903915804174        1.0000000000023488        1.3817162217426016E-017  -2.3490098755019062E-012  (-4.94513551758933808E-009,4.03611876595809310E-018)   (5.59249623249543986E-012,4.21104639377072939E-010)             (-0.49999942442420192,0.0000000000000000)
         505        2000  -545.64503983387749        1.0000000000023539        30.383485814000544        1.0000000000023537        1.3530632339631996E-017  -2.3538948568102569E-012  (-4.88838388071124127E-009,1.52937111224172844E-022)   (1.16786747506891970E-010,4.15468712631845989E-010)             (-0.49999942442420436,0.0000000000000000)
         506        2000  -544.54272662209132        1.0000000000023554        42.702571741644924        1.0000000000023554        1.2676802842919764E-017  -2.3554491690447321E-012 (-4.72015297641745980E-009,-1.26588297036167049E-018)   (2.40419343434867586E-010,4.00248905226587487E-010)             (-0.49999942442420525,0.0000000000000000)
         507        2000  -543.44041341030515        1.0000000000023639        56.790882354592163        1.0000000000023639        1.1269105522211789E-017  -2.3638868640318833E-012  (-4.42908836882819034E-009,2.58387799444797551E-018)   (3.75477600633847814E-010,3.74490926627717946E-010)             (-0.49999942442420947,0.0000000000000000)
         508        2000  -542.33810019851899        1.0000000000023674        72.426236578527352        1.0000000000023674        9.3881765804256764E-018  -2.3674395777106838E-012  (-4.00497991094138713E-009,7.80793799562219465E-018)   (5.20594711056619680E-010,3.37336617520472640E-010)             (-0.49999942442421125,0.0000000000000000)
         509        2000  -541.23578698673282        1.0000000000023714        89.362055537231399        1.0000000000023714        7.1952924003243034E-018  -2.3714363805993344E-012  (-3.43909379320811091E-009,1.70523451567942625E-017)   (6.73945740601997215E-010,2.88047187272360346E-010)             (-0.49999942442421325,0.0000000000000000)
         510        2000  -540.13347377494665        1.0000000000023783        107.33125124875697        1.0000000000023781        4.9427291263119617E-018  -2.3783197633520103E-012  (-2.72462354275333405E-009,4.56875840493608807E-019)   (8.33327277512799355E-010,2.26069874336358100E-010)             (-0.49999942442421658,0.0000000000000000)
         511        2000  -539.03116056316048        1.0000000000023834        126.05043876245634        1.0000000000023834        2.9788014787016742E-018  -2.3834267892652861E-012  (-1.85702979011327126E-009,8.87676867263663084E-020)   (9.96145363024433634E-010,1.51028329155468472E-010)             (-0.49999942442421924,0.0000000000000000)
         512        2000  -537.92884735137432        1.0000000000023868        145.22440530893843        1.0000000000023865        1.7460142857270376E-018  -2.3867574583391615E-012 (-8.34456039923689869E-010,-6.63050320193176977E-018)   (1.15933213451205636E-009,6.27827278180156251E-011)             (-0.49999942442422080,0.0000000000000000)
         513        2000  -536.82653413958815        1.0000000000023948        164.55076598179150        1.0000000000023945        1.7704519368967354E-018  -2.3947510641164627E-012  (3.41858698941764470E-010,-1.02701947587847193E-020)  (1.31947182496059617E-009,-3.85313462390854698E-011)             (-0.49999942442422479,0.0000000000000000)
         514        2000  -535.72422092780198        1.0000000000023983        183.72473252819665        1.0000000000023985        3.6409738204364544E-018  -2.3983037777952632E-012  (1.66724860748380180E-009,-7.81349669869434073E-018)  (1.47273509610265015E-009,-1.52492387801415251E-010)             (-0.49999942442422679,0.0000000000000000)
         515        2000  -534.62190771601581        1.0000000000023990        202.44392004174557        1.0000000000023985        7.9772693142000426E-018  -2.3989699116100383E-012  (3.13320957061683864E-009,-1.70529966132589475E-017)  (1.61490390977529713E-009,-2.78342379529053606E-010)             (-0.49999942442422679,0.0000000000000000)
         516        2000  -533.51959450422964        1.0000000000024032        220.41311575304684        1.0000000000024030        1.5386723614102414E-017  -2.4031887591036138E-012   (4.72715105177602634E-009,1.42758342650707240E-018)  (1.74155071273737216E-009,-4.14983345401381699E-010)             (-0.49999942442422901,0.0000000000000000)
         517        2000  -532.41728129244348        1.0000000000024094        237.34893471145659        1.0000000000024087        2.6410867275854222E-017  -2.4094060080415147E-012   (6.43210800135241860E-009,6.45820411292315483E-018)  (1.84792521606782000E-009,-5.60933024198106276E-010)             (-0.49999942442423190,0.0000000000000000)
         518        2000  -531.31496808065731        1.0000000000024145        252.98428893503362        1.0000000000024145        4.1463326670918496E-017  -2.4145130339547904E-012   (8.22651793567686064E-009,7.80798002658105581E-018)  (1.92907637747396259E-009,-7.14322519122860085E-010)             (-0.49999942442423478,0.0000000000000000)
         519        2000  -530.21265486887114        1.0000000000024192        267.07259954756580        1.0000000000024190        6.0762876251329095E-017  -2.4191759706582161E-012  (1.00841138341226638E-008,-3.67691490253513551E-018)  (1.98006639222763256E-009,-8.72878371316818044E-010)             (-0.49999942442423700,0.0000000000000000)
         520        2000  -529.11034165708497        1.0000000000024243        279.39168547474003        1.0000000000024238        8.4266360039894189E-017  -2.4242829965714918E-012  (1.19739140884852862E-008,-1.05147383705777301E-017)  (1.99586783601984796E-009,-1.03393850950692594E-009)             (-0.49999942442423945,0.0000000000000000)
         521        2000  -528.00802844529881        1.0000000000024312        289.74726737242236        1.0000000000024305        1.1160679824876058E-016  -2.4311663793241678E-012  (1.38601856171003157E-008,-2.72623074021089926E-018)  (1.97159130969728215E-009,-1.19441866794795884E-009)             (-0.49999942442424278,0.0000000000000000)
         522        2000  -526.90571523351264        1.0000000000024365        297.97603152796353        1.0000000000024363        1.4204551073000851E-016  -2.4364954498423685E-012  (1.57027099401408585E-008,-8.57229087142435453E-018)  (1.90265063695295221E-009,-1.35086506028619749E-009)             (-0.49999942442424566,0.0000000000000000)
         523        2000  -525.80340202172647        1.0000000000024394        303.94820541499837        1.0000000000024389        1.7444446364078415E-016  -2.4393820297063940E-012   (1.74570046618622409E-008,9.06371016426168702E-018)  (1.78471681605503743E-009,-1.49946088150685311E-009)             (-0.49999942442424700,0.0000000000000000)
         524        2000  -524.70108880994030        1.0000000000024452        307.56960428373026        1.0000000000024452        2.0726815643864004E-016  -2.4451551894344448E-012  (1.90747218470480590E-008,-9.11521284805011207E-018)  (1.61401093793344117E-009,-1.63605267141269302E-009)             (-0.49999942442425011,0.0000000000000000)
         525        2000  -523.59877559815413        1.0000000000024512        308.78311651067975        1.0000000000024509        2.3862362330390415E-016  -2.4511503937674206E-012   (2.05042502202194009E-008,9.07432981716306285E-018)  (1.38740119268102587E-009,-1.75623562955993278E-009)             (-0.49999942442425299,0.0000000000000000)
         526        2000  -522.49646238636797        1.0000000000024574        307.56960428310612        1.0000000000024571        2.6634362355081035E-016  -2.4573676427053215E-012  (2.16913426689720322E-008,-1.85017118840877101E-017)  (1.10250969272582276E-009,-1.85537109712432698E-009)             (-0.49999942442425610,0.0000000000000000)
         527        2000  -521.39414917458180        1.0000000000024634        303.94820541376220        1.0000000000024629        2.8811930523527043E-016  -2.4633628470382973E-012  (2.25799620234816844E-008,-2.72397502435790053E-019)  (7.57963382273282056E-010,-1.92868004490260496E-009)             (-0.49999942442425899,0.0000000000000000)
         528        2000  -520.29183596279563        1.0000000000024676        297.97603152613237        1.0000000000024665        3.0168317274499991E-016  -2.4675816945318729E-012   (2.31132618806185054E-008,3.41182098381139605E-022)  (3.53456479303010505E-010,-1.97132046671036846E-009)             (-0.49999942442426076,0.0000000000000000)
         529        2000  -519.18952275100946        1.0000000000024716        289.74726737002783        1.0000000000024714        3.0503925598643029E-016  -2.4715784974205235E-012   (2.32346521276397861E-008,1.18390744056521539E-018) (-1.10066375305595346E-010,-1.97847663737538228E-009)             (-0.49999942442426321,0.0000000000000000)
         530        2000  -518.08720953922329        1.0000000000024769        279.39168547181703        1.0000000000024767        2.9673487246326127E-016  -2.4769075679387242E-012   (2.28891004360041773E-008,6.93868010805583138E-022) (-6.30259420549641411E-010,-1.94547606425967907E-009)             (-0.49999942442426587,0.0000000000000000)
         531        2000  -516.98489632743713        1.0000000000024840        267.07259954416008        1.0000000000024833        2.7615822065021669E-016  -2.4840129952963252E-012   (2.20244632770406125E-008,1.35529380545847181E-018) (-1.20339185495968509E-009,-1.86791122167497960E-009)             (-0.49999942442426920,0.0000000000000000)
         532        2000  -515.88258311565096        1.0000000000024898        252.98428893120024        1.0000000000024891        2.4384429277935113E-016  -2.4897861550243761E-012   (2.05929206200529647E-008,9.43413629987726392E-020) (-1.82402640293709072E-009,-1.74173498273749488E-009)             (-0.49999942442427209,0.0000000000000000)
         533        2000  -514.78026990386479        1.0000000000024951        237.34893470725839        1.0000000000024944        2.0176497855631497E-016  -2.4951152255425768E-012   (1.85526108077071651E-008,4.98966077300496222E-019) (-2.48506639906587245E-009,-1.56344190218766867E-009)             (-0.49999942442427475,0.0000000000000000)
         534        2000  -513.67795669207862        1.0000000000024969        220.41311574854569        1.0000000000024967        1.5357160154122615E-016  -2.4968915823819771E-012   (1.58691989307884137E-008,8.90861512018905815E-020) (-3.17772978039750392E-009,-1.33016281232888792E-009)             (-0.49999942442427586,0.0000000000000000)
         535        2000  -512.57564348029246        1.0000000000025040        202.44392003701290        1.0000000000025033        1.0475758965385314E-016  -2.5039970097395781E-012   (1.25175574685671032E-008,2.53334377360903693E-018) (-3.89135824029510755E-009,-1.03982977815282522E-009)             (-0.49999942442427919,0.0000000000000000)
         536        2000  -511.47333026850629        1.0000000000025140        183.72473252330926        1.0000000000025135        6.2705955483508417E-017  -2.5139890169612045E-012  (8.48348361397481698E-009,-2.28796764100907570E-018) (-4.61358804983415627E-009,-6.91320281351321181E-010)             (-0.49999942442428430,0.0000000000000000)
         537        2000  -510.37101705672012        1.0000000000025204        164.55076597682458        1.0000000000025202        3.6586133575300750E-017  -2.5204283105040304E-012   (3.76528878423674370E-009,2.46778236038612571E-017) (-5.33038466812870929E-009,-2.84581093991340956E-010)             (-0.49999942442428763,0.0000000000000000)
         538        2000  -509.26870384493395        1.0000000000025258        145.22440530397060        1.0000000000025251        3.7071719031184992E-017  -2.5257573810222311E-012 (-1.62457728900369002E-009,-6.07446815274111637E-018)  (-6.02601724016375731E-009,1.79230541813238490E-010)             (-0.49999942442429007,0.0000000000000000)
         539        2000  -508.16639063314778        1.0000000000025291        126.05043875756657        1.0000000000025291        7.5856323775064636E-017  -2.5290880500961066E-012 (-7.65802986127214926E-009,-4.62513518433088440E-018)  (-6.68332134038840039E-009,6.97598644461757000E-010)             (-0.49999942442429207,0.0000000000000000)
         540        2000  -507.06407742136162        1.0000000000025300        107.33125124402085        1.0000000000025304        1.6495859146787296E-016  -2.5299762285158067E-012  (-1.42900612367001746E-008,6.36389999654619410E-018)  (-7.28382267853677222E-009,1.26657086846678687E-009)             (-0.49999942442429274,0.0000000000000000)
         541        2000  -505.96176420957545        1.0000000000025338        89.362055532724085        1.0000000000025335        3.1582307473204437E-016  -2.5337509867995323E-012 (-2.14575645118389111E-008,-4.53724743603454784E-018)  (-7.80791600446530709E-009,1.88063852890580021E-009)             (-0.49999942442429429,0.0000000000000000)
         542        2000  -504.85945099778928        1.0000000000025395        72.426236574320299        1.0000000000025393        5.3824403549619973E-016  -2.5395241465275831E-012  (-2.90784697454676697E-008,2.78698812584232119E-021)  (-8.23525511823988428E-009,2.53268167991767653E-009)             (-0.49999942442429718,0.0000000000000000)
         543        2000  -503.75713778600311        1.0000000000025433        56.790882350751509        1.0000000000025424        8.3916215973439755E-016  -2.5432989048113086E-012 (-3.70511537143189627E-008,-1.70524383454507386E-017)  (-8.54503004022512918E-009,3.21390511024980570E-009)             (-0.49999942442429873,0.0000000000000000)
         544        2000  -502.65482457421695        1.0000000000025508        42.702571738231278        1.0000000000025495        1.2214074889708001E-015  -2.5508484213787597E-012  (-4.52541725307893232E-008,3.89858206859850897E-018)  (-8.71636257207455610E-009,3.91383240296025096E-009)             (-0.49999942442430229,0.0000000000000000)
         545        2000  -501.55251136243078        1.0000000000025573        30.383485811068716        1.0000000000025557        1.6824875322250663E-015  -2.5572877149215856E-012 (-5.35464100055108561E-008,-1.17792209427689963E-018)  (-8.72876900652504627E-009,4.62030662259068582E-009)             (-0.49999942442430539,0.0000000000000000)
         546        2000  -500.45019815064461        1.0000000000025675        20.027903913399662        1.0000000000025651        2.2135405875512949E-015  -2.5675017667481370E-012  (-6.17676671085509621E-008,1.35562672101593298E-018)  (-8.56258997517760218E-009,5.31956644976910553E-009)             (-0.49999942442431006,0.0000000000000000)
         547        2000  -499.34788493885844        1.0000000000025762        11.799139757875809        1.0000000000025731        2.7985882412116721E-015  -2.5761615063402132E-012  (-6.97396712289893210E-008,3.38982909703956265E-019)  (-8.19956575818310955E-009,5.99629567585133670E-009)             (-0.49999942442431405,0.0000000000000000)
         548        2000  -498.24557172707227        1.0000000000025924        5.8269658708551644        1.0000000000025877        3.4142353663392587E-015  -2.5923707624997405E-012 (-7.72676767527618497E-008,-5.26903841776002952E-018)  (-7.62330677384225611E-009,6.63380621129649822E-009)             (-0.49999942442432138,0.0000000000000000)
         549        2000  -497.14325851528611        1.0000000000026121        2.2055670021395968        1.0000000000026072        4.0299563936695060E-015  -2.6121327323380683E-012  (-8.41425040832008586E-008,3.08845245637286741E-022)  (-6.81990772927091546E-009,7.21418714623711590E-009)             (-0.49999942442433115,0.0000000000000000)
         550        2000  -496.04094530349994        1.0000000000026261       0.99205477520801499        1.0000000000026206        4.6090998370808170E-015  -2.6261215424483453E-012 (-9.01432274872973844E-008,-1.06026361654008279E-018)  (-5.77862163515122308E-009,7.71855360721021524E-009)             (-0.49999942442433781,0.0000000000000000)
         551        2000  -494.93863209171377        1.0000000000026450        2.2055670027961840        1.0000000000026370        5.1107064182376497E-015  -2.6449953338669729E-012 (-9.50403791589409889E-008,-7.87979163287712425E-018)  (-4.49229650663597954E-009,8.12732139347355370E-009)             (-0.49999942442434603,0.0000000000000000)
         552        2000  -493.83631887992760        1.0000000000026932        5.8269658721581292        1.0000000000026841        5.4921902858779688E-015  -2.6931790131357047E-012  (-9.85996786396747218E-008,1.18328470262787942E-018)  (-2.95807310160923403E-009,8.42051405457132883E-009)             (-0.49999942442436957,0.0000000000000000)
         553        2000  -492.73400566814144        1.0000000000027094        11.799139759805492        1.0000000000027036        5.7128761130858808E-015  -2.7093882692952320E-012  (-1.00586392052085119E-007,8.17680901658928062E-019)  (-1.17797460106254621E-009,8.57815166146650866E-009)             (-0.49999942442437934,0.0000000000000000)
         554        2000  -491.63169245635527        1.0000000000027329        20.027903915926274        1.0000000000027209        5.7382998899327885E-015  -2.7329249974172853E-012 (-1.00770166718045872E-007,-1.17776885086089654E-018)   (8.40660841376065810E-010,8.58067063801185264E-009)             (-0.49999942442438799,0.0000000000000000)
         555        2000  -490.52937924456910        1.0000000000028006        30.383485814153065        1.0000000000027920        5.5450959372004187E-015  -2.8006486019194199E-012  (-9.89303338389069930E-008,8.87945472590272660E-020)   (3.08462374728602744E-009,8.40934777832086777E-009)             (-0.49999942442442352,0.0000000000000000)
         556        2000  -489.42706603278293        1.0000000000028140        42.702571741826446        1.0000000000028084        5.1261964684135362E-015  -2.8139712782149218E-012 (-9.48616937970116059E-008,-3.15330036777447728E-019)   (5.53446579079652021E-009,8.04683510820371715E-009)             (-0.49999942442443174,0.0000000000000000)
         557        2000  -488.32475282099676        1.0000000000028542        56.790882354800708        1.0000000000028422        4.4959705236355951E-015  -2.8541613517063524E-012 (-8.83805731913972475E-008,-8.06634935212994894E-018)   (8.16418638377458035E-009,7.47765060900659263E-009)             (-0.49999942442444861,0.0000000000000000)
         558        2000  -487.22243960921060        1.0000000000029097        72.426236578760225        1.0000000000029039        3.6948489899664394E-015  -2.9096725029376103E-012  (-7.93312120855095763E-008,4.61943220715084854E-018)   (1.09409296428084190E-008,6.68874051310845975E-009)             (-0.49999942442447948,0.0000000000000000)
         559        2000  -486.12012639742443        1.0000000000029223        89.362055537486711        1.0000000000029199        2.7929063467777656E-015  -2.9223290454183370E-012  (-6.75922935524150935E-008,3.27087102281992056E-018)   (1.38249567551018531E-008,5.67002868803183030E-009)             (-0.49999942442448747,0.0000000000000000)
         560        2000  -485.01781318563826        1.0000000000029583        107.33125124903285        1.0000000000029519        1.8918324915164870E-015  -2.9583002714161921E-012  (-5.30834793787839855E-008,2.95118232319426651E-023)   (1.67696055706680239E-008,4.41496846762526343E-009)             (-0.49999942442450346,0.0000000000000000)
         561        2000  -483.91549997385209        1.0000000000029834        126.05043876274922        1.0000000000029812        1.1247294193735375E-015  -2.9833913117727207E-012 (-3.57719150770188070E-008,-5.21385785368570018E-018)   (1.97214746997999869E-008,2.92109642782986498E-009)             (-0.49999942442451811,0.0000000000000000)
         562        2000  -482.81318676206592        1.0000000000029861        145.22440530924396        1.0000000000029856        6.5321277489527567E-016  -2.9860558470318210E-012 (-1.56784515606168407E-008,-8.86105021905379794E-020)   (2.26208368096133331E-008,1.19057583811295981E-009)             (-0.49999942442452033,0.0000000000000000)
         563        2000  -481.71087355027976        1.0000000000029994        164.55076598210795        1.0000000000029976        6.6141002922931753E-016  -2.9993785233273229E-012   (7.11653199615284568E-009,9.25239704834129929E-018)  (2.54020221754977805E-008,-7.69346120735560867E-010)             (-0.49999942442452633,0.0000000000000000)
         564        2000  -480.60856033849359        1.0000000000030020        183.72473252852052        1.0000000000030012        1.3466115461227578E-015  -3.0020430585864233E-012  (3.24678259096967859E-008,-3.17566396503420985E-019)  (2.79942184692927041E-008,-2.94584952868840866E-009)             (-0.49999942442452810,0.0000000000000000)
         565        2000  -479.50624712670742        1.0000000000030005        202.44392004207216        1.0000000000029976        2.9065662074278726E-015  -3.0004887463519481E-012  (6.01608984560521001E-008,-7.80241787480777112E-018)  (3.03223373937742782E-008,-5.32018156192530222E-009)             (-0.49999942442452633,0.0000000000000000)
         566        2000  -478.40393391492125        1.0000000000029932        220.41311575337178        1.0000000000029892        5.5237024794922273E-015  -2.9931612743894220E-012   (8.99083038567393633E-008,9.33347100844164597E-018)  (3.23079713376170174E-008,-7.86737398303286003E-009)             (-0.49999942442452211,0.0000000000000000)
         567        2000  -477.30162070313509        1.0000000000029892        237.34893471177611        1.0000000000029807        9.3468870808124617E-015  -2.9891644715007715E-012  (1.21347120459876653E-007,-1.15624168285657118E-018)  (3.38707631742211710E-008,-1.05559976793593502E-008)             (-0.49999942442451789,0.0000000000000000)
         568        2000  -476.19930749134892        1.0000000000029943        252.98428893534040        1.0000000000029794        1.4471713635203200E-014  -2.9942714974140472E-012  (1.54037835865454408E-007,-8.90916835122997928E-020)  (3.49298687675244064E-008,-1.33481122754961318E-008)             (-0.49999942442451722,0.0000000000000000)
         569        2000  -475.09699427956275        1.0000000000030100        267.07259954785650        1.0000000000029865        2.0920657865919905E-014  -3.0100366643637244E-012   (1.87464531435572172E-007,1.26654824723057139E-018)  (3.54054276755905924E-008,-1.61992729785045134E-008)             (-0.49999942442451756,0.0000000000000000)
         570        2000  -473.99468106777658        1.0000000000030032        279.39168547501453        1.0000000000029772        2.8624800015091158E-014  -3.0031532816110484E-012  (2.21036735423488694E-007,-1.14473105113252405E-021)  (3.52205315883664172E-008,-1.90587007399089807E-008)             (-0.49999942442451062,0.0000000000000000)
         571        2000  -472.89236785599041        1.0000000000029945        289.74726737267616        1.0000000000029581        3.7409087293137565E-014  -2.9944935420189722E-012  (2.54093102482644294E-007,-1.17775107705114617E-018)  (3.43030666104778415E-008,-2.18696226824055611E-008)             (-0.49999942442449963,0.0000000000000000)
         572        2000  -471.79005464420425        1.0000000000029867        297.97603152818891        1.0000000000029425        4.6983261759948268E-014  -2.9867219808465961E-012   (2.85906842906844250E-007,1.35501667869161048E-018)  (3.25877071550512103E-008,-2.45697097672294611E-008)             (-0.49999942442449086,0.0000000000000000)
         573        2000  -470.68774143241808        1.0000000000030165        303.94820541519607        1.0000000000029585        5.6940646085797640E-014  -3.0164759579065503E-012  (3.15693237573107077E-007,-2.94438354563354202E-019)  (3.00180831548792477E-008,-2.70917639074660341E-008)             (-0.49999942442449591,0.0000000000000000)
         574        2000  -469.58542822063191        1.0000000000030205        307.56960428389777        1.0000000000029550        6.6766798111743912E-014  -3.0204727607952009E-012   (3.42619172224038515E-007,7.61933808825381599E-018)  (2.65490004585358647E-008,-2.93645427324577202E-008)             (-0.49999942442449169,0.0000000000000000)
         575        2000  -468.48311500884574        1.0000000000030216        308.78311651081884        1.0000000000029443        7.5859696325456919E-014  -3.0215829838198260E-012   (3.65814718823497746E-007,9.06893496438816654E-018)  (2.21485557014635912E-008,-3.13137369981518044E-008)             (-0.49999942442448481,0.0000000000000000)
         576        2000  -467.38080179705958        1.0000000000030449        307.56960428321798        1.0000000000029594        8.3562541203650744E-014  -3.0448976673369543E-012   (3.84386834008406345E-007,3.85681787877486554E-018)  (1.68003133949754094E-008,-3.28631734555037267E-008)             (-0.49999942442449130,0.0000000000000000)
         577        2000  -466.27848858527341        1.0000000000030516        303.94820541384320        1.0000000000029621        8.9209379581188208E-014  -3.0515590054847053E-012  (3.97434991856458179E-007,-1.44967060798914766E-018)  (1.05053995764424078E-008,-3.39361348827268329E-008)             (-0.49999942442449108,0.0000000000000000)
         578        2000  -465.17617537348724        1.0000000000030571        297.97603152618120        1.0000000000029630        9.2182808448380288E-014  -3.0571101206078310E-012   (4.04068810705813195E-007,7.23772700948020095E-019)  (3.28445053051267481E-009,-3.44569033443280261E-008)             (-0.49999942442449041,0.0000000000000000)
         579        2000  -464.07386216170107        1.0000000000030931        289.74726737004198        1.0000000000029976        9.1981715313654507E-014  -3.0930813466056861E-012  (4.03427379390915368E-007,-3.22355035194037941E-018) (-4.82070150710351006E-009,-3.43523952569674084E-008)             (-0.49999942442450790,0.0000000000000000)
         580        2000  -462.97154894991490        1.0000000000031060        279.39168547180265        1.0000000000030176        8.8295693211685610E-014  -3.1059599336913379E-012   (3.94700101565104492E-007,1.26650348455723580E-018) (-1.37454516940954012E-008,-3.35539365770959845E-008)             (-0.49999942442452000,0.0000000000000000)
         581        2000  -461.86923573812874        1.0000000000031113        267.07259954411768        1.0000000000030274        8.1081482269228626E-014  -3.1112890042095387E-012  (3.77148947178572072E-007,-3.81520936553253917E-018) (-2.34012734583337860E-008,-3.19991981387145006E-008)             (-0.49999942442452583,0.0000000000000000)
         582        2000  -460.76692252634257        1.0000000000031173        252.98428893112950        1.0000000000030469        7.0635369733206273E-014  -3.1172842085425145E-012   (3.50131495766233041E-007,8.32311150243383075E-020) (-3.36749328406008440E-008,-2.96341256551310183E-008)             (-0.49999942442453726,0.0000000000000000)
         583        2000  -459.66460931455640        1.0000000000031286        237.34893470715957        1.0000000000030713        5.7654567669947524E-014  -3.1286084833936911E-012   (3.13124681289205345E-007,2.75031325739031233E-019) (-4.44280161699929523E-008,-2.64149936544703958E-008)             (-0.49999942442455297,0.0000000000000000)
         584        2000  -458.56229610277023        1.0000000000031437        220.41311574842561        1.0000000000030971        4.3279797833431564E-014  -3.1437075165285933E-012  (2.65748707049144721E-007,-2.31256705304950522E-018) (-5.54970635637501176E-008,-2.23104307598215258E-008)             (-0.49999942442456874,0.0000000000000000)
         585        2000  -457.45998289098407        1.0000000000031797        202.44392003687429        1.0000000000031473        2.9111094194293665E-014  -3.1796787425264483E-012   (2.07790520177639713E-007,1.44409605671763703E-018) (-6.66941451573591585E-008,-1.73034210417935830E-008)             (-0.49999942442459622,0.0000000000000000)
         586        2000  -456.35766967919790        1.0000000000031757        183.72473252315271        1.0000000000031588        1.7189338680812533E-014  -3.1756819396377978E-012  (1.39226584235595683E-007,-9.06893256572986881E-018) (-7.78079907863247801E-008,-1.13932158674430008E-008)             (-0.49999942442460693,0.0000000000000000)
         587        2000  -455.25535646741173        1.0000000000031843        164.55076597665470        1.0000000000031739        9.9371357960852978E-015  -3.1843416792298740E-012  (6.02441889535192695E-008,-1.12317465554702885E-018) (-8.86058507587722378E-008,-4.59717421022636593E-009)             (-0.49999942442461448,0.0000000000000000)
         588        2000  -454.15304325562556        1.0000000000031852        145.22440530379055        1.0000000000031752        1.0054659282368930E-014  -3.1852298576495741E-012 (-2.87392591291632269E-008,-1.53664877287878362E-018)  (-9.88358979542581029E-008,3.04764944652845630E-009)             (-0.49999942442461515,0.0000000000000000)
         589        2000  -453.05073004383939        1.0000000000031788        126.05043875738092        1.0000000000031597        2.0368918364107910E-014  -3.1787905641067482E-012  (-1.27059509848285173E-007,1.07712564583414915E-020)  (-1.08230332465123483E-007,1.14830681919214940E-008)             (-0.49999942442460560,0.0000000000000000)
         590        2000  -451.94841683205323        1.0000000000031837        107.33125124383496        1.0000000000031415        4.3638488553260526E-014  -3.1836755454150989E-012  (-2.33792018528195815E-007,9.08174536267431195E-020)  (-1.16509084441485895E-007,2.06286530340865059E-008)             (-0.49999942442459094,0.0000000000000000)
         591        2000  -450.84610362026706        1.0000000000031808        89.362055532542527        1.0000000000030989        8.2320011837659564E-014  -3.1807889655510735E-012 (-3.47742319212223056E-007,-8.97984390985795431E-018)  (-1.23384238015254697E-007,3.03809307750838148E-008)             (-0.49999942442456163,0.0000000000000000)
         592        2000  -449.74379040848089        1.0000000000031801        72.426236574146643        1.0000000000030411        1.3830747031641987E-013  -3.1801228317362984E-012 (-4.67440916682188368E-007,-7.89122355128691828E-018)  (-1.28565055999358007E-007,4.06129765211708956E-008)             (-0.49999942442451861,0.0000000000000000)
         593        2000  -448.64147719669472        1.0000000000032034        56.790882350587765        1.0000000000029874        2.1266007663925040E-013  -3.2034375152534267E-012 (-5.91143234206958065E-007,-6.21370217541607141E-018)  (-1.31763574583299370E-007,5.11744546640556240E-008)             (-0.49999942442447698,0.0000000000000000)
         594        2000  -447.53916398490855        1.0000000000032283        42.702571738081879        1.0000000000029217        3.0533918013213343E-013  -3.2283065110050302E-012  (-7.16835098373856319E-007,1.71728830815672939E-019)  (-1.32700834589303054E-007,6.18921146079158234E-008)             (-0.49999942442442524,0.0000000000000000)
         595        2000  -446.43685077312239        1.0000000000032383        30.383485810935529        1.0000000000028226        4.1497861648359972E-013  -3.2382985182266566E-012  (-8.42244456641708635E-007,5.70215907436512036E-021)  (-1.31113553804513467E-007,7.25708298959254594E-008)             (-0.49999942442435219,0.0000000000000000)
         596        2000  -445.33453756133622        1.0000000000032612        20.027903913287329        1.0000000000027214        5.3871546193889917E-013  -3.2611691125339348E-012  (-9.64859442522495992E-007,7.80241650757869439E-018)  (-1.26761025830164039E-007,8.29951792700589030E-008)             (-0.49999942442427459,0.0000000000000000)
         597        2000  -444.23222434955005        1.0000000000032758        11.799139757788595        1.0000000000026019        6.7210937690390127E-013  -3.2758240564589869E-012  (-1.08195331608374174E-006,3.60978993714527418E-019)  (-1.19432549455193349E-007,9.29315981113915944E-008)             (-0.49999942442418599,0.0000000000000000)
         598        2000  -443.12991113776388        1.0000000000032867        5.8269658707941918        1.0000000000024749        8.0917759007551460E-013  -3.2867042421003134E-012  (-1.19061645308917071E-006,3.99433313172420395E-018)  (-1.08954890148380647E-007,1.02131171606975434E-007)             (-0.49999942442409451,0.0000000000000000)
         599        2000  -442.02759792597772        1.0000000000033105        2.2055670021097575        1.0000000000023648        9.4256888948538842E-013  -3.3104630148272918E-012 (-1.28779537834895846E-006,-3.26795619378768900E-018)  (-9.51996780363684337E-008,1.10332974389291510E-007)             (-0.49999942442401152,0.0000000000000000)
         600        2000  -440.92528471419155        1.0000000000033233       0.99205477520921448        1.0000000000022577        1.0638936979402081E-012  -3.3233416019129436E-012 (-1.37033892949234775E-006,-1.26653336406214257E-018)  (-7.80908199704886473E-008,1.17268072297918479E-007)             (-0.49999942442393358,0.0000000000000000)
         601        2000  -439.82297150240538        1.0000000000033364        2.2055670028270491        1.0000000000021698        1.1642178643651249E-012  -3.3364422336035204E-012 (-1.43505115954200685E-006,-9.11521283862521798E-018)  (-5.76115106342460643E-008,1.22664046148722469E-007)             (-0.49999942442386874,0.0000000000000000)
         602        2000  -438.72065829061921        1.0000000000033518        5.8269658722215993        1.0000000000021152        1.2347160348901159E-012  -3.3517633113433476E-012  (-1.47875080694521422E-006,3.35858750405333828E-018)  (-3.38108463014968724E-008,1.26250116819918688E-007)             (-0.49999942442382717,0.0000000000000000)
         603        2000  -437.61834507883304        1.0000000000033584        11.799139759898985        1.0000000000020903        1.2674660152431623E-012  -3.3584246494910985E-012  (-1.49833669523663976E-006,7.88564530893396832E-018)  (-6.80970378666005427E-009,1.27762738845786545E-007)             (-0.49999942442380851,0.0000000000000000)
         604        2000  -436.51603186704688        1.0000000000033780        20.027903916050246        1.0000000000021201        1.2563495700177912E-012  -3.3779645747245013E-012  (-1.49085827235598638E-006,2.31380016618383142E-018)   (2.31941558828471601E-008,1.26951623472459486E-007)             (-0.49999942442382628,0.0000000000000000)
         605        2000  -435.41371865526071        1.0000000000033955        30.383485814308994        1.0000000000021978        1.1980088563080073E-012  -3.3955060985135788E-012 (-1.45359061360482523E-006,-7.71889087670802583E-018)   (5.59221910351726071E-008,1.23586183342463555E-007)             (-0.49999942442387818,0.0000000000000000)
         606        2000  -434.31140544347454        1.0000000000034068        42.702571742009894        1.0000000000023128        1.0927913816489210E-012  -3.4068303733647554E-012  (-1.38411248170310582E-006,1.69577553476869739E-017)   (9.10122467652204307E-008,1.17462169053587276E-007)             (-0.49999942442395823,0.0000000000000000)
         607        2000  -433.20909223168837        1.0000000000034284        56.790882355011298        1.0000000000024811        9.4560308700199577E-013  -3.4283687000424834E-012  (-1.28038648474120904E-006,5.77793978307662146E-019)   (1.28017107511047897E-007,1.08408507771704931E-007)             (-0.49999942442407452,0.0000000000000000)
         608        2000  -432.10677901990221        1.0000000000034499        72.426236578996281        1.0000000000026819        7.6657884308557706E-013  -3.4499070267202114E-012 (-1.14083979242623723E-006,-9.33319472344916948E-018)   (1.66404871505704129E-007,9.62942056511335009E-008)             (-0.49999942442421280,0.0000000000000000)
         609        2000  -431.00446580811604        1.0000000000034581        89.362055537743885        1.0000000000028861        5.7147511523250564E-013  -3.4581226771024376E-012  (-9.64443729306089702E-007,1.95795861264716480E-017)   (2.05560955156584488E-007,8.10350842247908952E-008)             (-0.49999942442435885,0.0000000000000000)
         610        2000  -429.90215259632987        1.0000000000034621        107.33125124930704        1.0000000000030806        3.8169195096026397E-013  -3.4621194799910882E-012  (-7.50790605512586209E-007,1.15624681248910331E-018)   (2.44791784594130955E-007,6.26003195107118821E-008)             (-0.49999942442449663,0.0000000000000000)
         611        2000  -428.79983938454370        1.0000000000034708        126.05043876303878        1.0000000000032458        2.2384226739864558E-013  -3.4707792195831644E-012  (-5.00166028415854640E-007,7.98895839132301559E-018)   (2.83330818504422135E-007,4.10185724176179090E-008)             (-0.49999942442461193,0.0000000000000000)
         612        2000  -427.69752617275753        1.0000000000034734        145.22440530954515        1.0000000000033444        1.2880601815463737E-013  -3.4734437548422648E-012 (-2.13614546200026663E-007,-1.26099718149272252E-018)   (3.20346569609003059E-007,1.63835177978320868E-008)             (-0.49999942442468226,0.0000000000000000)
         613        2000  -426.59521296097137        1.0000000000034881        164.55076598241436        1.0000000000033564        1.3023639977182091E-013  -3.4880986987673168E-012  (1.07003216462683487E-007,-8.96420629179045916E-020)  (3.54952511790935902E-007,-1.11413273475074546E-008)             (-0.49999942442468809,0.0000000000000000)
         614        2000  -425.49289974918520        1.0000000000034903        183.72473252882907        1.0000000000032285        2.6252365493497596E-013  -3.4903191448165671E-012  (4.58963972002289620E-007,-1.04277141402844487E-017)  (3.86219404815756132E-007,-4.13186944288609762E-008)             (-0.49999942442459483,0.0000000000000000)
         615        2000  -424.39058653739903        1.0000000000034943        202.44392004237923        1.0000000000029372        5.5826832490916568E-013  -3.4943159477052177E-012   (8.38647871179479309E-007,1.82247208897043328E-017)  (4.13189675201410295E-007,-7.38347764612279625E-008)             (-0.49999942442438805,0.0000000000000000)
         616        2000  -423.28827332561286        1.0000000000035036        220.41311575367700        1.0000000000024589        1.0453676780362009E-012  -3.5036418211120690E-012  (1.24151908343616519E-006,-9.32801119672740202E-020)  (4.34893568063883726E-007,-1.08297660769226928E-007)             (-0.49999942442404377,0.0000000000000000)
         617        2000  -422.18596011382670        1.0000000000035187        237.34893471207147        1.0000000000017741        1.7438734035391991E-012  -3.5187408542469711E-012   (1.66212277387333741E-006,2.79080067274430270E-022)  (4.50367527703066150E-007,-1.44237145386447287E-007)             (-0.49999942442355300,0.0000000000000000)
         618        2000  -421.08364690204053        1.0000000000035281        252.98428893562803        1.0000000000008638        2.6628314927551482E-012  -3.5280667276538225E-012   (2.09410026156735366E-006,7.70783482270991563E-019)  (4.58674124104690938E-007,-1.81106174600485853E-007)             (-0.49999942442290407,0.0000000000000000)
         619        2000  -419.98133369025436        1.0000000000035498        267.07259954812963       0.99999999999974998        3.7973617959716156E-012  -3.5498270989364755E-012  (2.53022376453685769E-006,-4.62482603024338930E-018)  (4.58923303141756152E-007,-2.18283894505064660E-007)             (-0.49999942442210632,0.0000000000000000)
         620        2000  -418.87902047846819        1.0000000000035638        279.39168547526037       0.99999999999843636        5.1262696126888354E-012  -3.5638159090467525E-012  (2.96245200750786156E-006,-5.09212688235951895E-018)  (4.50295084531079451E-007,-2.55080522268283835E-007)             (-0.49999942442116940,0.0000000000000000)
         621        2000  -417.77670726668202        1.0000000000035796        289.74726737290064       0.99999999999696865        6.6105000268131142E-012  -3.5795810759964297E-012   (3.38200765883118625E-006,9.94998230736914745E-019)  (4.32062830223434124E-007,-2.90744063953887784E-007)             (-0.49999942442012330,0.0000000000000000)
         622        2000  -416.67439405489586        1.0000000000035847        297.97603152838496       0.99999999999539169        8.1927418852206905E-012  -3.5846881019097054E-012   (3.77947720822891012E-006,6.62497249309283419E-018)  (4.03617118223590213E-007,-3.24468955760636289E-007)             (-0.49999942441900075,0.0000000000000000)
         623        2000  -415.57208084310969        1.0000000000036036        303.94820541536865       0.99999999999380318        9.7984583125662513E-012  -3.6035618933283331E-012   (4.14493345850448768E-006,7.89523717355434014E-018)  (3.64489513787743854E-007,-3.55406641038976084E-007)             (-0.49999942441787082,0.0000000000000000)
         624        2000  -414.46976763132352        1.0000000000036195        307.56960428405483       0.99999999999227951        1.1338561675886414E-011  -3.6195491048829354E-012   (4.46808038449630333E-006,4.21870842166532732E-018)  (3.14375827178088720E-007,-3.82678005613032206E-007)             (-0.49999942441678602,0.0000000000000000)
         625        2000  -413.36745441953735        1.0000000000036404        308.78311651093992       0.99999999999092459        1.2713861471183918E-011  -3.6404212977458883E-012   (4.73841970710754168E-006,1.53077606443023787E-018)  (2.53158509200280427E-007,-4.05387728645752742E-007)             (-0.49999942441582196,0.0000000000000000)
         626        2000  -412.26514120775118        1.0000000000036626        307.56960428331610       0.99999999998983924        1.3821294755608388E-011  -3.6626257582383914E-012  (4.94543790381564706E-006,-1.86253883402449166E-019)  (1.80927196409970603E-007,-4.22640305083918756E-007)             (-0.49999942441505058,0.0000000000000000)
         627        2000  -411.16282799596502        1.0000000000036857        303.94820541392136       0.99999999998912226        1.4561804572645231E-011  -3.6857183971505947E-012   (5.07881181307699778E-006,8.94073252303491481E-021)  (9.79973524482957412E-008,-4.33557651878691361E-007)             (-0.49999942441454198,0.0000000000000000)
         628        2000  -410.06051478417885        1.0000000000037059        297.97603152621093       0.99999999998885514        1.4849569439108436E-011  -3.7059244561987725E-012  (5.12863074429042138E-006,-1.17775132986095766E-018)  (4.92611057266477632E-009,-4.37298140143486542E-007)             (-0.49999942441435519,0.0000000000000000)
         629        2000  -408.95820157239268        1.0000000000037261        289.74726737003999       0.99999999998910427        1.4622114093314163E-011  -3.7261305152469504E-012  (5.08563199224064044E-006,-1.05164942899170994E-017) (-9.74753333204925126E-008,-4.33076717229415816E-007)             (-0.49999942441453521,0.0000000000000000)
         630        2000  -407.85588836060651        1.0000000000037461        279.39168547176735       0.99999999998989519        1.3850663400798099E-011  -3.7461145296902032E-012   (4.94144640424846103E-006,3.92138553062708408E-023) (-2.08133002122577588E-007,-4.20185869386354917E-007)             (-0.49999942441510281,0.0000000000000000)
         631        2000  -406.75357514882035        1.0000000000037665        267.07259954404782       0.99999999999121503        1.2549950602748597E-011  -3.7665426333433061E-012  (4.68885017103721343E-006,-9.24444429926268283E-018) (-3.25705929183616704E-007,-3.98017109877630432E-007)             (-0.49999942441604589,0.0000000000000000)
         632        2000  -405.65126193703418        1.0000000000037828        252.98428893104722       0.99999999999299694        1.0786573437805418E-011  -3.7827518895028334E-012   (4.32201822526564882E-006,1.45309366490083729E-018) (-4.48587053820273561E-007,-3.66082561040618015E-007)             (-0.49999942441731898,0.0000000000000000)
         633        2000  -404.54894872524801        1.0000000000037990        237.34893470706115       0.99999999999511280        8.6849254478571458E-012  -3.7989611456623607E-012   (3.83677434448419998E-006,2.26802209427239553E-018) (-5.74909269114568458E-007,-3.24036212235234343E-007)             (-0.49999942441882866,0.0000000000000000)
         634        2000  -403.44663551346184        1.0000000000038152        220.41311574830988       0.99999999999738365        6.4297301566126531E-012  -3.8151704018218879E-012  (3.23083282143028257E-006,-1.17829979096143072E-017) (-7.02557453991221021E-007,-2.71694481773228183E-007)             (-0.49999942442044792,0.0000000000000000)
         635        2000  -402.34432230167567        1.0000000000038227        202.44392003674176       0.99999999999955991        4.2642843201053750E-012  -3.8227199183893390E-012   (2.50402574802931358E-006,7.17379049712378110E-018) (-8.29186529939055756E-007,-2.09055454253459780E-007)             (-0.49999942442199885,0.0000000000000000)
         636        2000  -401.24200908988951        1.0000000000038332        183.72473252300014        1.0000000000013487        2.4836865163656900E-012  -3.8331560148208155E-012   (1.65851032500396640E-006,2.91587358048161485E-021) (-9.52245824648999886E-007,-1.36316443380764531E-007)             (-0.49999942442327405,0.0000000000000000)
         637        2000  -400.13969587810334        1.0000000000038431        164.55076597648804        1.0000000000024194        1.4225885520322879E-012  -3.8431480220424419E-012   (6.98949925391037142E-007,9.25027011733114200E-018) (-1.06900988079055777E-006,-5.38892413280200744E-008)             (-0.49999942442403567,0.0000000000000000)
         638        2000  -399.03738266631717        1.0000000000038438        145.22440530361717        1.0000000000024079        1.4373605099843690E-012  -3.8438141558572170E-012  (-3.67337102038049119E-007,6.35001481337744935E-019)  (-1.17661568183427675E-006,3.75873909052081987E-008)             (-0.49999942442402662,0.0000000000000000)
         639        2000  -397.93506945453100        1.0000000000038558        126.05043875721044        1.0000000000009712        2.8829926041856004E-012  -3.8558045645231687E-012  (-1.53026686268325664E-006,1.18314736707034097E-018)  (-1.27210607529368515E-006,1.37238525177037932E-007)             (-0.49999942442299905,0.0000000000000000)
         640        2000  -396.83275624274484        1.0000000000038667        107.33125124366684       0.99999999999778000        6.0855495923721263E-012  -3.8666847501644952E-012 (-2.77692352185599808E-006,-1.85002311082003665E-017)  (-1.35247927145692541E-006,2.43947647305982233E-007)             (-0.49999942442072459,0.0000000000000000)
         641        2000  -395.73044303095867        1.0000000000038862        89.362055532360927       0.99999999999257438        1.1311517778112625E-011  -3.8862246753978980E-012  (-4.09154239820706608E-006,1.63543538571542513E-018)  (-1.41474360829802747E-006,3.56355532614164361E-007)             (-0.49999942441701301,0.0000000000000000)
         642        2000  -394.62812981917250        1.0000000000039109        72.426236573975046       0.99999999998517186        1.8735904044348806E-011  -3.9108716265445764E-012  (-5.45554761245955437E-006,1.75449908531640318E-019)  (-1.45597756809720853E-006,4.72863745966146737E-007)             (-0.49999942441173761,0.0000000000000000)
         643        2000  -393.52581660738633        1.0000000000039175        56.790882350415700       0.99999999997550693        2.8411417072238008E-011  -3.9175329646923274E-012  (-6.84764863040228210E-006,9.43278836883287662E-020)  (-1.47339388724651042E-006,5.91643191440802461E-007)             (-0.49999942440485751,0.0000000000000000)
         644        2000  -392.42350339560016        1.0000000000039251        42.702571737878444       0.99999999996368372        4.0241435275357165E-011  -3.9250824812597784E-012 (-8.24399924555682494E-006,-3.50355228289293690E-019)  (-1.46440677970088825E-006,7.10648028539848793E-007)             (-0.49999942439644501,0.0000000000000000)
         645        2000  -391.32119018381400        1.0000000000039335        30.383485810803784       0.99999999994997424        5.3959694156030728E-011  -3.9335201762469296E-012  (-9.61842157984110851E-006,1.53107040609793525E-018)  (-1.42670165473204727E-006,8.27635070660394506E-007)             (-0.49999942438669387,0.0000000000000000)
         646        2000  -390.21887697202783        1.0000000000039422        20.027903913216250       0.99999999993482103        6.9119660975415075E-011  -3.9421799158390058E-012 (-1.09426968636510579E-005,-7.80243086967006932E-018)  (-1.35830579542598191E-006,9.40188962614278878E-007)             (-0.49999942437592049,0.0000000000000000)
         647        2000  -389.11656376024166        1.0000000000039500        11.799139757695558       0.99999999991885291        8.5096364948780651E-011  -3.9499514770113819E-012  (-1.21869231466774460E-005,8.49045558810089148E-020)  (-1.25765855973118231E-006,1.04575299236978849E-006)             (-0.49999942436457445,0.0000000000000000)
         648        2000  -388.01425054845549        1.0000000000039546        5.8269658708030416       0.99999999990285193        1.0110298928709867E-010  -3.9546144137148076E-012 (-1.33199391399614907E-005,-5.56398895161073083E-021)  (-1.12368018876153795E-006,1.14166554764424444E-006)             (-0.49999942435321409,0.0000000000000000)
         649        2000  -386.91193733666933        1.0000000000039633        2.2055670021521148       0.99999999988773958        1.1622379264340922E-010  -3.9632741533068838E-012 (-1.43098119106817336E-005,-9.74737977443375325E-020)  (-9.55837243688999594E-007,1.22520204701953284E-006)             (-0.49999942434249300,0.0000000000000000)
         650        2000  -385.80962412488316        1.0000000000039688       0.99205477517399410       0.99999999987450572        1.2946391762719082E-010  -3.9688252684300096E-012  (-1.51243844442655011E-005,2.31395489310314295E-018)  (-7.54203162216832334E-007,1.29362186501895130E-006)             (-0.49999942433311928,0.0000000000000000)
         651        2000  -384.70731091309699        1.0000000000039817        2.2055670028349428       0.99999999986416310        1.3981539567559465E-010  -3.9817038555156614E-012  (-1.57318778567470748E-005,3.53712611985195382E-017)  (-5.19512451947322411E-007,1.34421994073810715E-006)             (-0.49999942432581107,0.0000000000000000)
         652        2000  -383.60499770131082        1.0000000000039899        5.8269658722281408       0.99999999985765164        1.4633722294456643E-010  -3.9899195058978876E-012  (-1.61015412270735450E-005,3.26638382826130657E-018)  (-2.53206647493204986E-007,1.37438236519421153E-006)             (-0.49999942432123629,0.0000000000000000)
         653        2000  -382.50268448952465        1.0000000000039935        11.799139759930314       0.99999999985574606        1.4824584427395980E-010  -3.9934722195766881E-012  (-1.62043405506911449E-005,2.77450008468326711E-021)   (4.25295814195900456E-008,1.38164527504241099E-006)             (-0.49999942431994854,0.0000000000000000)
         654        2000  -381.40037127773849        1.0000000000040001        20.027903916169407       0.99999999985898924        1.4501084588762016E-010  -4.0001335577244390E-012  (-1.60136767725368975E-005,3.14027153658876521E-021)   (3.64743651407376927E-007,1.36375617011123322E-006)             (-0.49999942432232841,0.0000000000000000)
         655        2000  -380.29805806595232        1.0000000000040115        30.383485814437606       0.99999999986756261        1.3644924575847595E-010  -4.0114578325756156E-012 (-1.55061212588276421E-005,-3.99140495057355951E-018)   (7.09703278976301810E-007,1.31873663475397884E-006)             (-0.49999942432850397,0.0000000000000000)
         656        2000  -379.19574485416615        1.0000000000040257        42.702571742255095       0.99999999988121391        1.2281062578678998E-010  -4.0256686872908176E-012 (-1.46621558852080228E-005,-4.53478510800021512E-018)   (1.07289889349425880E-006,1.24494540236315869E-006)             (-0.49999942433829125,0.0000000000000000)
         657        2000  -378.09343164237998        1.0000000000040312        56.790882355290833       0.99999999989918731        1.0484460840067895E-010  -4.0312198024139434E-012  (-1.34669035234340552E-005,6.53591502735558732E-018)   (1.44906176613435386E-006,1.14114051771829758E-006)             (-0.49999942435115297,0.0000000000000000)
         658        2000  -376.99111843059381        1.0000000000040450        72.426236579189023       0.99999999992020028        8.3841984101575375E-011  -4.0449865679192953E-012 (-1.19108335591952900E-005,-5.54699339770493386E-021)   (1.83219856447981800E-006,1.00653928251754476E-006)             (-0.49999942436616951,0.0000000000000000)
         659        2000  -375.88880521880765        1.0000000000040552        89.362055538011063       0.99999999994241495        6.1641263790898692E-011  -4.0552006197458468E-012  (-9.99042655040910850E-006,4.62499395613348759E-018)   (2.21564313523684767E-006,8.40874643000569834E-007)             (-0.49999942438203160,0.0000000000000000)
         660        2000  -374.78649200702148        1.0000000000040676        107.33125124957881       0.99999999996347477        4.0593641327350867E-011  -4.0676351176216485E-012  (-7.70878118884383513E-006,1.35873562284569740E-018)   (2.59212648389767849E-006,6.44446590251629079E-007)             (-0.49999942439705847,0.0000000000000000)
         661        2000  -373.68417879523531        1.0000000000040790        126.05043876327399       0.99999999998059641        2.3481355783243592E-011  -4.0789593924728251E-012 (-5.07614642006174513E-006,-2.62920029463870131E-018)   (2.95386439513812473E-006,4.18167032887895695E-007)             (-0.49999942440927031,0.0000000000000000)
         662        2000  -372.58186558344914        1.0000000000040878        145.22440530984005       0.99999999999070099        1.3387224626887500E-011  -4.0878411766698264E-012  (-2.11036198810780984E-006,1.57910853627229484E-017)   (3.29266303161568631E-006,1.63596877924563418E-007)             (-0.49999942441647155,0.0000000000000000)
         663        2000  -371.47955237166298        1.0000000000040874        164.55076598269702       0.99999999999056977        1.3516591858657068E-011  -4.0873970874599763E-012  (1.16280960538991056E-006,-8.85126239933795169E-020)  (3.60004203372469657E-006,-1.17026298688543713E-007)             (-0.49999942441637918,0.0000000000000000)
         664        2000  -370.37723915987681        1.0000000000041058        183.72473252913099       0.99999999997712608        2.6976958634973842E-011  -4.1058267896687539E-012  (4.70947572936749448E-006,-4.98598161640100880E-019)  (3.86737368983731851E-006,-4.20771258742031976E-007)             (-0.49999942440679829,0.0000000000000000)
         665        2000  -369.27492594809064        1.0000000000041225        202.44392004266692       0.99999999994759681        5.6524907224040161E-011  -4.1224801350381313E-012   (8.48754551592642756E-006,9.36483885597466302E-025)  (4.08603726002984138E-006,-7.44008012875058877E-007)             (-0.49999942438576078,0.0000000000000000)
         666        2000  -368.17261273630447        1.0000000000041274        220.41311575389796       0.99999999989983324        1.0429430598264613E-010  -4.1273651163464820E-012  (1.24468148651272659E-005,-1.43383006338220997E-017)  (4.24758680021929701E-006,-1.08241588603998359E-006)             (-0.49999942435174888,0.0000000000000000)
         667        2000  -367.07029952451830        1.0000000000041405        237.34893471235651       0.99999999983261501        1.7152384842467470E-010  -4.1404657480370588E-012   (1.65292160035536942E-005,9.87092931903562481E-019)  (4.34392973949236376E-006,-1.43100565832125453E-006)             (-0.49999942430389727,0.0000000000000000)
         668        2000  -365.96798631273214        1.0000000000041467        252.98428893592663       0.99999999974584064        2.5830534741217013E-010  -4.1466829969749597E-012   (2.06692408469134221E-005,1.56103970189470905E-017)  (4.36751429522773834E-006,-1.78415651251183894E-006)             (-0.49999942424214633,0.0000000000000000)
         669        2000  -364.86567310094597        1.0000000000041536        267.07259954844386       0.99999999964077602        3.6337648566369146E-010  -4.1535663797276356E-012   (2.47945451837147286E-005,7.89118109606361693E-018)  (4.31152238497579130E-006,-2.13566845173344557E-006)             (-0.49999942416740345,0.0000000000000000)
         670        2000  -363.76335988915980        1.0000000000041545        279.39168547558955       0.99999999952017160        4.8398252451032655E-010  -4.1544545581473358E-012  (2.88267371721996882E-005,-6.53258337815949851E-018)  (4.17006464141032908E-006,-2.47883043829857400E-006)             (-0.49999942408163889,0.0000000000000000)
         671        2000  -362.66104667737363        1.0000000000041640        289.74726737309430       0.99999999938833328        6.1583047687722620E-010  -4.1640024761591121E-012  (3.26823506716343253E-005,-6.63544955097444281E-018)  (3.93837424854651077E-006,-2.80650422076591197E-006)             (-0.49999942398792596,0.0000000000000000)
         672        2000  -361.55873346558747        1.0000000000041716        297.97603152865719       0.99999999925101468        7.5315619983319235E-010  -4.1715519927265632E-012  (3.62740002570397020E-005,-5.89707483115546500E-018)  (3.61299516525340484E-006,-3.11122371440862840E-006)             (-0.49999942389036856,0.0000000000000000)
         673        2000  -360.45642025380130        1.0000000000041691        303.94820541555293       0.99999999911525017        8.8891963788471721E-010  -4.1691095020723878E-012  (3.95117106882897069E-005,-3.90383576829978637E-018)  (3.19196090095027286E-006,-3.38530908369176252E-006)             (-0.49999942379398299,0.0000000000000000)
         674        2000  -359.35410704201513        1.0000000000041673        307.56960428394081       0.99999999898903136        1.0151360821249054E-009  -4.1673331452329876E-012  (4.23044100129363362E-005,-1.81431363177147044E-017)  (2.67495950899621819E-006,-3.62099481967364370E-006)             (-0.49999942370445916,0.0000000000000000)
         675        2000  -358.25179383022896        1.0000000000041731        308.78311651106054       0.99999999888082947        1.1233419930110515E-009  -4.1731063049610384E-012   (4.45615708204777952E-005,3.94471797217991265E-018)  (2.06348017305757515E-006,-3.81057028083662732E-006)             (-0.49999942362782634,0.0000000000000000)
         676        2000  -357.14948061844279        1.0000000000041731        307.56960428347884       0.99999999879899049        1.2051830762086101E-009  -4.1731063049610384E-012  (4.61949802876992190E-005,-1.26899786941233434E-018)  (1.36093719622809475E-006,-3.94653111589237519E-006)             (-0.49999942357002186,0.0000000000000000)
         677        2000  -356.04716740665663        1.0000000000041804        303.94820541384451       0.99999999875107970        1.2531004906461718E-009  -4.1804337769235644E-012   (4.71206155066750836E-005,3.08844624252782309E-022)  (5.72766946045884409E-007,-4.02173956290628133E-006)             (-0.49999942353642235,0.0000000000000000)
         678        2000  -354.94485419487046        1.0000000000041862        297.97603152631081       0.99999999874310896        1.2610790617371267E-009  -4.1862069366516153E-012   (4.72605962949335131E-005,6.33189325871511227E-019) (-2.93506547372339703E-007,-4.02959118873122844E-006)             (-0.49999942353129501,0.0000000000000000)
         679        2000  -353.84254098308429        1.0000000000041966        289.74726737011213       0.99999999877878665        1.2254101162380135E-009  -4.1966430330830917E-012  (4.65451840726860511E-005,-7.89118163794609951E-018) (-1.22824084578492086E-006,-3.96418534891880024E-006)             (-0.49999942355726223,0.0000000000000000)
         680        2000  -352.74022777129812        1.0000000000042066        279.39168547173284       0.99999999885879309        1.1454120544927952E-009  -4.2066350403047181E-012   (4.49147919454600064E-005,2.80316530225986778E-018) (-2.21968305508182778E-006,-3.82049652790823012E-006)             (-0.49999942361478888,0.0000000000000000)
         681        2000  -351.63791455951196        1.0000000000042104        267.07259954400610       0.99999999898016689        1.0240450979876798E-009  -4.2104097985884437E-012  (4.23219676762923034E-005,-4.43897144266489516E-020) (-3.25401950985854120E-006,-3.59454307592258292E-006)             (-0.49999942370174422,0.0000000000000000)
         682        2000  -350.53560134772579        1.0000000000042268        252.98428893083695       0.99999999913587279        8.6835382574934621E-010  -4.2268410993528960E-012  (3.87333089956345297E-005,-1.26622702478986108E-018) (-4.31546924522323357E-006,-3.28355005061329004E-006)             (-0.49999942381309698,0.0000000000000000)
         683        2000  -349.43328813593962        1.0000000000042322        237.34893470693538       0.99999999931455918        6.8967302792618605E-010  -4.2321701698710967E-012   (3.41312685295905812E-005,1.43585650447736000E-018) (-5.38642350299379636E-006,-2.88610239288024086E-006)             (-0.49999942394074870,0.0000000000000000)
         684        2000  -348.33097492415345        1.0000000000042399        220.41311574819753       0.99999999950070184        5.0353972407259892E-010  -4.2399417310434728E-012   (2.85158041907535103E-005,1.66520993216789501E-020) (-6.44763215895492618E-006,-2.40228476191390403E-006)             (-0.49999942407362541,0.0000000000000000)
         685        2000  -347.22866171236728        1.0000000000042515        202.44392003649955       0.99999999967498421        3.2926729245233411E-010  -4.2514880504995745E-012   (2.19058304610936995E-005,1.69549094064428899E-017) (-7.47843692861286769E-006,-1.83380416073235016E-006)             (-0.49999942419796567,0.0000000000000000)
         686        2000  -346.12634850058112        1.0000000000042588        183.72473252282063       0.99999999981510101        1.8915646943898234E-010  -4.2588155224621005E-012   (1.43404262970366553E-005,1.08311563650823696E-018) (-8.45705111784055348E-006,-1.18409164062304268E-006)             (-0.49999942429788724,0.0000000000000000)
         687        2000  -345.02403528879495        1.0000000000042684        164.55076597630588       0.99999999989692534        1.0734201022366969E-010  -4.2683634404738768E-012  (5.87975626795591975E-006,-8.39611922015835048E-019) (-9.36088381573082497E-006,-4.58379347694896426E-007)             (-0.49999942435621547,0.0000000000000000)
         688        2000  -343.92172207700878        1.0000000000042801        145.22440530340495       0.99999999989597566        1.0830205477509923E-010  -4.2801318045349035E-012 (-3.39433596747076352E-006,-9.24965114240034675E-018)  (-1.01669058080992332E-005,3.36250537008868064E-007)             (-0.49999942435553857,0.0000000000000000)
         689        2000  -342.81940886522261        1.0000000000042859        126.05043875702246       0.99999999978919618        2.1508818956023706E-010  -4.2859049642629543E-012 (-1.33780998923077905E-005,-1.58635254883839533E-017)  (-1.08520537469580091E-005,1.19084818244943205E-006)             (-0.49999942427946908,0.0000000000000000)
         690        2000  -341.71709565343644        1.0000000000042970        107.33125124347805       0.99999999955693042        4.4736586769561893E-010  -4.2970071945092059E-012  (-2.39460500434965691E-005,3.64513967854519598E-019)  (-1.13936673216089441E-005,2.09461271480809525E-006)             (-0.49999942411405157,0.0000000000000000)
         691        2000  -340.61478244165028        1.0000000000043057        89.362055532063906       0.99999999918492022        8.1938486684245556E-010  -4.3056669341012821E-012 (-3.49515662440043809E-005,-1.94023947696371792E-017)  (-1.17699538074938056E-005,3.03494544271888728E-006)             (-0.49999942384918600,0.0000000000000000)
         692        2000  -339.51246922986411        1.0000000000043123        72.426236573759695       0.99999999866628708        1.3380251876104992E-009  -4.3123282722490330E-012  (-4.62279450761767983E-005,1.26930761744710903E-018)  (-1.19604731416485892E-005,3.99754162853955159E-006)             (-0.49999942348003074,0.0000000000000000)
         693        2000  -338.41015601807794        1.0000000000043214        56.790882350399770       0.99999999800323836        2.0010824743593212E-009  -4.3214321010509593E-012 (-5.75899182355959105E-005,-3.22648099180068583E-018)  (-1.19466353823140679E-005,4.96652210267386525E-006)             (-0.49999942300822225,0.0000000000000000)
         694        2000  -337.30784280629177        1.0000000000043237        42.702571737669253       0.99999999720835775        2.7959660354172874E-009  -4.3236525471002096E-012  (-6.88356457499335474E-005,1.17827505264979924E-017)  (-1.17122023413006012E-005,5.92460535971658273E-006)             (-0.49999942244278811,0.0000000000000000)
         695        2000  -336.20552959450561        1.0000000000043270        30.383485810663167       0.99999999630534830        3.6989795176839517E-009  -4.3269832161740851E-012  (-7.97491833928087228E-005,9.15945436966143332E-018)  (-1.12437835538499762E-005,6.85332006746608088E-006)             (-0.49999942180066337,0.0000000000000000)
         696        2000  -335.10321638271944        1.0000000000043336        20.027903913306805       0.99999999532899664        4.6753374989607540E-009  -4.3336445543218360E-012  (-9.01034142510157476E-005,5.42760446863533841E-019)  (-1.05313165692831400E-005,7.73325704427339742E-006)             (-0.49999942110667445,0.0000000000000000)
         697        2000  -334.00090317093327        1.0000000000043381        11.799139757686440       0.99999999432429876        5.6800397251090738E-009  -4.3380854464203367E-012  (-9.96634246994733679E-005,7.89119451330586984E-018)  (-9.56852128897919390E-006,8.54435899022718989E-006)             (-0.49999942039290141,0.0000000000000000)
         698        2000  -332.89858995914710        1.0000000000043507        5.8269658707358900       0.99999999334467171        6.6596784926509625E-009  -4.3507419889010635E-012  (-1.08190294925883634E-004,3.61093698738769101E-019)  (-8.35331709969811906E-006,9.26624542036067882E-006)             (-0.49999941969740069,0.0000000000000000)
         699        2000  -331.79627674736093        1.0000000000043510        2.2055670017834625       0.99999999244915561        7.5551949246694952E-009  -4.3509640335059885E-012  (-1.15445263451705618E-004,6.62464898497206815E-018)  (-6.88819198460611148E-006,9.87856921861994140E-006)             (-0.49999941906221856,0.0000000000000000)
         700        2000  -330.69396353557477        1.0000000000043552       0.99205477493183836       0.99999999169882603        8.3055291296079611E-009  -4.3551828809995641E-012 (-1.21194215164626884E-004,-7.89120904709022925E-018)  (-5.18051296269205641E-006,1.03614005497101531E-005)             (-0.49999941853081520,0.0000000000000000)
         701        2000  -329.59165032378860        1.0000000000043612        2.2055670030487424       0.99999999115233096        8.8520311329496400E-009  -4.3611780853325399E-012  (-1.25212431801671194E-004,1.00971931301513505E-018)  (-3.24276680915323534E-006,1.06956328079865044E-005)             (-0.49999941814490173,0.0000000000000000)
         702        2000  -328.48933711200243        1.0000000000043705        5.8269658720897421       0.99999999086095159        9.1434189812606343E-009  -4.3705039587393912E-012 (-1.27289534145096339E-004,-9.24996193021715262E-018)  (-1.09272137289220940E-006,1.08634045826819089E-005)             (-0.49999941794091646,0.0000000000000000)
         703        2000  -327.38702390021626        1.0000000000043714        11.799139759958015       0.99999999086337743        9.1409934481001177E-009  -4.3713921371590914E-012  (-1.27234536173946111E-004,2.32030487484158265E-024)   (1.24650164943081472E-006,1.08485307736974733E-005)             (-0.49999941794631009,0.0000000000000000)
         704        2000  -326.28471068843010        1.0000000000043754        20.027903916865121       0.99999999118062055        8.8237518347933660E-009  -4.3753889400477419E-012  (-1.24880922960516212E-004,7.31239110852929322E-019)   (3.74645103075732926E-006,1.06369353347002822E-005)             (-0.49999941817592047,0.0000000000000000)
         705        2000  -325.18239747664393        1.0000000000043738        30.383485814902155       0.99999999181138000        8.1929933621180037E-009  -4.3738346278132667E-012  (-1.20091656882887046E-004,1.57861414484083305E-017)   (6.37347406241134819E-006,1.02170774469306898E-005)             (-0.49999941862868996,0.0000000000000000)
         706        2000  -324.08008426485776        1.0000000000043747        42.702571742398135       0.99999999272839224        7.2759821849034602E-009  -4.3747228062329668E-012  (-1.12764011161233321E-004,1.44816091701476875E-018)   (9.08895368165662559E-006,9.58036253670019581E-006)             (-0.49999941928506453,0.0000000000000000)
         707        2000  -322.97777105307159        1.0000000000043670        56.790882355390899       0.99999999387613192        6.1282369107370986E-009  -4.3669512450605907E-012 (-1.02834124996852412E-004,-2.26731468453834299E-018)   (1.18496587076022401E-005,8.72152908885557603E-006)             (-0.49999942010538090,0.0000000000000000)
         708        2000  -321.87545784128542        1.0000000000043663        72.426236579287831       0.99999999517031446        4.8340521947272817E-009  -4.3662851112458156E-012 (-9.02811722541150500E-005,-1.77250600761078510E-019)   (1.46082084589652179E-005,7.63900203088216533E-006)             (-0.49999942102950673,0.0000000000000000)
         709        2000  -320.77314462949926        1.0000000000043650        89.362055538192323       0.99999999649943505        3.5049309828908739E-009  -4.3649528436162655E-012 (-7.51310350034531892E-005,-9.16102600876222054E-018)   (1.73136517481238115E-005,6.33520348823755280E-006)             (-0.49999942197796282,0.0000000000000000)
         710        2000  -319.67083141771309        1.0000000000043716        107.33125124969450       0.99999999772865511        2.2757153581085519E-009  -4.3716141817640164E-012 (-5.74593744218094071E-005,-1.31279016837547534E-018)   (1.99121574390653706E-005,4.81681165889659023E-006)             (-0.49999942285469395,0.0000000000000000)
         711        2000  -318.56851820592692        1.0000000000043714        126.05043876355064       0.99999999870602507        1.2983469753839541E-009  -4.3713921371590914E-012 (-3.73939954420350002E-005,-9.07795021729246849E-018)   (2.23478115108695481E-005,3.09495912494092186E-006)             (-0.49999942355151705,0.0000000000000000)
         712        2000  -317.46620499414075        1.0000000000043823        145.22440531024358       0.99999999927102290        7.3335892318061242E-010  -4.3822723228004179E-012  (-1.51164072182263504E-005,3.90136182593289544E-018)   (2.45635134391274824E-005,1.18536215881481294E-006)             (-0.49999942395420255,0.0000000000000000)
         713        2000  -316.36389178235459        1.0000000000043856        164.55076598295707       0.99999999926499594        7.3939062372625814E-010  -4.3856029918742934E-012  (9.13751015127086277E-006,-3.09329453594061139E-018)  (2.65019615629274831E-005,-8.91626493048029238E-007)             (-0.49999942394991809,0.0000000000000000)
         714        2000  -315.26157857056842        1.0000000000043934        183.72473252949484       0.99999999854317911        1.4612143418106955E-009  -4.3933745530466695E-012  (3.50778114958002002E-005,-6.53622270247761391E-018)  (2.81067152232769404E-005,-3.11104801158567430E-006)             (-0.49999942343578530,0.0000000000000000)
         715        2000  -314.15926535878225        1.0000000000043925        202.44392004298339       0.99999999698744224        3.0169518739008633E-009  -4.3924863746269693E-012   (6.23618313245433923E-005,3.90293501204926032E-018)  (2.93233192824432239E-005,-5.44345677016223492E-006)             (-0.49999942232795502,0.0000000000000000)
         716        2000  -313.05695214699608        1.0000000000044036        220.41311575436137       0.99999999451907695        5.4853272791257086E-009  -4.4035886048732209E-012  (9.05966183349273527E-005,-1.27684376032421342E-023)  (3.01004730646795955E-005,-7.85513266200920945E-006)             (-0.49999942057069557,0.0000000000000000)
         717        2000  -311.95463893520991        1.0000000000044000        237.34893471312341       0.99999999111047089        8.8939296434707557E-009  -4.4000358911944204E-012  (1.19342493232851328E-004,-1.27522483163461443E-018)  (3.03912253753663264E-005,-1.03083892438058565E-005)             (-0.49999941814470478,0.0000000000000000)
         718        2000  -310.85232572342375        1.0000000000044054        252.98428893660653       0.99999998679487234        1.3209532966173525E-008  -4.4053649617126212E-012  (1.48117744819967738E-004,-7.25152870026451829E-019)  (3.01541743231849117E-005,-1.27619790000851505E-005)             (-0.49999941507402496,0.0000000000000000)
         719        2000  -309.75001251163758        1.0000000000044091        267.07259954928867       0.99999998167288651        1.8331524231480640E-008  -4.4091397199963467E-012  (1.76404458037620135E-004,-7.80241825505545221E-018)  (2.93546488579187502E-005,-1.51715949923171115E-005)             (-0.49999941143066184,0.0000000000000000)
         720        2000  -308.64769929985141        1.0000000000044125        279.39168547557887       0.99999997591499878        2.4089414751402846E-008  -4.4124703890702222E-012   (2.03655445665928926E-004,1.04221631955356192E-017)  (2.79658487622062538E-005,-1.74904664044269039E-005)             (-0.49999940733634651,0.0000000000000000)
         721        2000  -307.54538608806524        1.0000000000044127        289.74726737207004       0.99999996975916394        3.0245247684410906E-008  -4.4126924336751472E-012  (2.29302232465576351E-004,-5.78142846933256129E-019)  (2.59699178901968687E-005,-1.96700435679970356E-005)             (-0.49999940296079259,0.0000000000000000)
         722        2000  -306.44307287627907        1.0000000000044085        297.97603152827071       0.99999996350294362        3.6501465624723423E-008  -4.4084735861815716E-012   (2.52764016390077278E-004,7.71884426746399499E-018)  (2.33589251559061202E-005,-2.16607658707385791E-005)             (-0.49999939851606445,0.0000000000000000)
         723        2000  -305.34075966449291        1.0000000000044003        303.94820541523603       0.99999995748992898        4.2514472413013203E-008  -4.4002579357993454E-012  (2.73457507419771898E-004,-8.91190475238082215E-020)  (2.01357284141278055E-005,-2.34129039857169120E-005)             (-0.49999939424689960,0.0000000000000000)
         724        2000  -304.23844645270674        1.0000000000044056        307.56960428355808       0.99999995209068049        4.7913726135504579E-008  -4.4055870063175462E-012  (2.90807520983920416E-004,-1.04021953623216789E-020)  (1.63146959815000624E-005,-2.48774658348694029E-005)             (-0.49999939041709734,0.0000000000000000)
         725        2000  -303.13613324092057        1.0000000000043965        308.78311651131946       0.99999994767864231        5.2325755933775089E-008  -4.3964831775156199E-012   (3.04258179363989007E-004,1.27730700063372646E-018)  (1.19222617971820981E-005,-2.60071536840260936E-005)             (-0.49999938729237725,0.0000000000000000)
         726        2000  -302.03382002913440        1.0000000000043883        307.56960428444819       0.99999994460235830        5.5402030964860192E-008  -4.3882675271333937E-012  (3.13284552598996175E-004,-6.44773704253889408E-018)  (6.99729217417026431E-006,-2.67573579048143481E-005)             (-0.49999938512057235,0.0000000000000000)
         727        2000  -300.93150681734824        1.0000000000043940        303.94820541503390       0.99999994315523832        5.6849158248573338E-008  -4.3940406868614446E-012   (3.17404550111629669E-004,3.99069635336435406E-018)  (1.59124342220038182E-006,-2.70871712931802761E-005)             (-0.49999938411011685,0.0000000000000000)
         728        2000  -299.82919360556207        1.0000000000043885        297.97603152570400       0.99999994354490684        5.6459483721122408E-008  -4.3884895717383188E-012   (3.16190855973280530E-004,6.54701004996890302E-018) (-4.23190725693218956E-006,-2.69604061574468230E-005)             (-0.49999938440825070,0.0000000000000000)
         729        2000  -298.72688039377590        1.0000000000043894        289.74726736863977       0.99999994586453667        5.4139855757478877E-008  -4.3893777501580189E-012   (3.09282685568607768E-004,3.71825293231531093E-018) (-1.03959720076248722E-005,-2.63465952648124190E-005)             (-0.49999938608061806,0.0000000000000000)
         730        2000  -297.62456718198973        1.0000000000043874        279.39168547061490       0.99999995006827103        4.9936119619454067E-008  -4.3873793487136936E-012   (2.96397129119005149E-004,8.57334434727094461E-018) (-1.68131149527462081E-005,-2.52219566161516776E-005)             (-0.49999938909382691,0.0000000000000000)
         731        2000  -296.52225397020356        1.0000000000043785        267.07259954233109       0.99999995595350200        4.4050877597860636E-008  -4.3784975645166924E-012  (2.77339839144074738E-004,-6.53588292369088371E-018) (-2.33846735120716196E-005,-2.35703013300555694E-005)             (-0.49999939330287124,0.0000000000000000)
         732        2000  -295.41994075841740        1.0000000000043783        252.98428892965362       0.99999996315217998        3.6852198483510753E-008  -4.3782755199117673E-012   (2.52014814798601043E-004,4.71270700584860244E-018) (-3.00022408897148069E-005,-2.13838636073302422E-005)             (-0.49999939844500291,0.0000000000000000)
         733        2000  -294.31762754663123        1.0000000000043885        237.34893470601105       0.99999997113308026        2.8871306460069683E-008  -4.3884895717383188E-012  (2.20433036084956849E-004,-7.98606168270622434E-018) (-3.65490069386277715E-005,-1.86640317186996336E-005)             (-0.49999940414141336,0.0000000000000000)
         734        2000  -293.21531433484506        1.0000000000043898        220.41311574765885       0.99999997921656558        2.0787825694082313E-008  -4.3898218393678690E-012   (1.82719706230406780E-004,2.37661279256405139E-017) (-4.29013491268081059E-005,-1.54219595235887545E-005)             (-0.49999940990779784,0.0000000000000000)
         735        2000  -292.11300112305889        1.0000000000043985        202.44392003662233       0.99999998660250755        1.3401889711412729E-008  -4.3984815789599452E-012   (1.39119870565319697E-004,2.31526412709287447E-018) (-4.89306605646454911E-005,-1.16790387454312793E-005)             (-0.49999941517430352,0.0000000000000000)
         736        2000  -291.01068791127273        1.0000000000044011        183.72473252211196       0.99999999241108628        7.5933148917675247E-009  -4.4011461142190456E-012  (9.00021955181055678E-005,-1.44439044092838212E-018) (-5.45053961564966459E-005,-7.46721364154248065E-006)             (-0.49999941931462111,0.0000000000000000)
         737        2000  -289.90837469948656        1.0000000000044031        164.55076597558849       0.99999999573536424        4.2690396303009057E-009  -4.4031445156633708E-012  (3.58607119152374332E-005,-6.35832162810126792E-018) (-5.94933121532543975E-005,-2.82912146411254832E-006)             (-0.49999942168344796,0.0000000000000000)
         738        2000  -288.80606148770039        1.0000000000044102        145.22440530282356       0.99999999570332654        4.3010844618167883E-009  -4.4102499430209718E-012 (-2.26856475418508392E-005,-1.11180943548027615E-018)  (-6.37638700857149086E-005,2.18195577459618065E-006)             (-0.49999942166068090,0.0000000000000000)
         739        2000  -287.70374827591422        1.0000000000044125        126.05043875658653       0.99999999154609220        8.4583207547711323E-009  -4.4124703890702222E-012  (-8.48958566137651975E-005,9.36953009494127477E-020)  (-6.71907701346699158E-005,7.50234008052889569E-006)             (-0.49999941869997933,0.0000000000000000)
         740        2000  -286.60143506412805        1.0000000000044131        107.33125124329084       0.99999998266814927        1.7336265123207535E-008  -4.4131365228849972E-012  (-1.49912053946155659E-004,7.71951170035244850E-018)  (-6.96545744292008823E-005,1.30584155748522364E-005)             (-0.49999941237873519,0.0000000000000000)
         741        2000  -285.49912185234189        1.0000000000044165        89.362055531770210       0.99999996871455910        3.1289858407889456E-008  -4.4164671919588727E-012 (-2.16767316978379857E-004,-9.01484762442518148E-021)  (-7.10453771860196766E-005,1.87673013449682778E-005)             (-0.49999940244586805,0.0000000000000000)
         742        2000  -284.39680864055572        1.0000000000044178        72.426236573651138       0.99999994962975869        5.0374659635074096E-008  -4.4177994595884229E-012 (-2.84395973469094455E-004,-5.56612660337971055E-021)  (-7.12654740053016600E-005,2.45377408393030736E-005)             (-0.49999938886361162,0.0000000000000000)
         743        2000  -283.29449542876955        1.0000000000044102        56.790882348101199       0.99999992570239726        7.4302013469948378E-008  -4.4102499430209718E-012  (-3.51646426416365814E-004,2.94455308695348887E-022)  (-7.02319804068816407E-005,3.02712055103493679E-005)             (-0.49999937183933735,0.0000000000000000)
         744        2000  -282.19218221698338        1.0000000000044007        42.702571735576576       0.99999989759092744        1.0241347717960958E-007  -4.4007020250091955E-012  (-4.17296419521534859E-004,5.20246643722078616E-019)  (-6.78793470727205171E-005,3.58632062380252661E-005)             (-0.49999935184363686,0.0000000000000000)
         745        2000  -281.08986900519722        1.0000000000043905        30.383485811159549       0.99999986632530580        1.3367908528534039E-007  -4.3904879731826441E-012 (-4.80070619727683697E-004,-9.16326542845655157E-018)  (-6.41617175938730605E-005,4.12048017779356501E-005)             (-0.49999932961142030,0.0000000000000000)
         746        2000  -279.98755579341105        1.0000000000043752        20.027903912583664       0.99999983328149689        1.6672288050145557E-007  -4.3751668954428169E-012 (-5.38660341658816306E-004,-8.89194192255089906E-020)  (-5.90550744304069294E-005,4.61842890008474675E-005)             (-0.49999930612360804,0.0000000000000000)
         747        2000  -278.88524258162488        1.0000000000043545        11.799139757700116       0.99999980012678291        1.9987757452352526E-007  -4.3545167471847890E-012  (-5.91745187301181584E-004,1.27018183699476696E-018)  (-5.25591186384677118E-005,5.06890552484598009E-005)             (-0.49999928256807219,0.0000000000000000)
         748        2000  -277.78292936983871        1.0000000000043512        5.8269658721878743       0.99999976873606911        2.3126828283378654E-007  -4.3511860781109135E-012  (-6.38016322983426610E-004,1.08750653485513425E-017)  (-4.46988303217084142E-005,5.46075688174381730E-005)             (-0.49999926027992736,0.0000000000000000)
         749        2000  -276.68061615805254        1.0000000000043445        2.2055670029224812       0.99999974108124590        2.5892310068165820E-007  -4.3445247399631626E-012  (-6.76201066776777656E-004,8.52603552815187375E-018)  (-3.55256596907367733E-005,5.78314794579757520E-005)             (-0.49999924066268980,0.0000000000000000)
         750        2000  -275.57830294626638        1.0000000000043354       0.99205477661640729       0.99999971909835494        2.8090598193695537E-007  -4.3354209111612363E-012  (-7.05088413030796070E-004,8.48457317232114386E-018)  (-2.51183012640978078E-005,6.02577968536618000E-005)             (-0.49999922509364358,0.0000000000000000)
         751        2000  -274.47598973448021        1.0000000000043314        2.2055670019321383       0.99999970453922649        2.9546510513139267E-007  -4.3314241082725857E-012  (-7.23555078051016246E-004,1.27209723736524200E-018)  (-1.35830095109026112E-005,6.17911114181336356E-005)             (-0.49999921481822718,0.0000000000000000)
         752        2000  -273.37367652269404        1.0000000000043230        5.8269658695754494       0.99999969881648632        3.0118783794691709E-007  -4.3229864132854345E-012  (-7.30591614187017053E-004,5.16962924530971635E-018)  (-1.05341976351714279E-006,6.23458188608439054E-005)             (-0.49999921083973231,0.0000000000000000)
         753        2000  -272.27136331090787        1.0000000000043179        11.799139760085531       0.99999970285259432        2.9715172614192593E-007  -4.3178793873721588E-012 (-7.25328107928542316E-004,-3.89566091728542323E-018)   (1.23101550025229399E-005,6.18483072363236707E-005)             (-0.49999921381194390,0.0000000000000000)
         754        2000  -271.16905009912170        1.0000000000043219        20.027903917568846       0.99999971694450607        2.8305981557737367E-007  -4.3218761902608094E-012 (-7.07058954375517083E-004,-1.26684284714128771E-018)   (2.63219714113725152E-005,6.02390633762424495E-005)             (-0.49999922394294466,0.0000000000000000)
         755        2000  -270.06673688733554        1.0000000000043008        30.383485815002921       0.99999974065607999        2.5934822641692372E-007  -4.3007819527929314E-012 (-6.75266185403644256E-004,-6.79751430336505647E-019)   (4.07726582355548976E-005,5.74746543591755406E-005)             (-0.49999924091873360,0.0000000000000000)
         756        2000  -268.96442367554937        1.0000000000042915        42.702571742728068       0.99999977274992791        2.2725436269739750E-007  -4.2914560793860801E-012 (-6.29640823031062894E-004,-9.36974597305545198E-020)   (5.54315751614844305E-005,5.35295392788865971E-005)             (-0.49999926385493737,0.0000000000000000)
         757        2000  -267.86211046376320        1.0000000000042912        56.790882357395930       0.99999981116875691        1.8883553599587926E-007  -4.2912340347811551E-012 (-5.70101734183198769E-004,-1.35500239622755951E-018)   (7.00497167016740212E-005,4.83976668236474174E-005)             (-0.49999929128379628,0.0000000000000000)
         758        2000  -266.75979725197703        1.0000000000042690        72.426236581781552       0.99999985307414441        1.4693012533287337E-007  -4.2690295742886519E-012 (-4.96811478972326100E-004,-1.23016039136511986E-020)   (8.43631393797414505E-005,4.20938157291200939E-005)             (-0.49999932118206103,0.0000000000000000)
         759        2000  -265.65748404019087        1.0000000000042444        89.362055539144237       0.99999989494761266        1.0505663254292689E-007  -4.2443826231419735E-012 (-4.10188670746276199E-004,-2.47660127903965117E-017)   (9.80968785399241090E-005,3.46546370350528591E-005)             (-0.49999935104317716,0.0000000000000000)
         760        2000  -264.55517082840470        1.0000000000042406        107.33125125082992       0.99999993275424703        6.7249994942628571E-008  -4.2406078648582479E-012 (-3.10916404205532492E-004,-1.17775120409505795E-018)   (1.10969308642111815E-004,2.61393603566241910E-005)             (-0.49999937799401467,0.0000000000000000)
         761        2000  -263.45285761661853        1.0000000000042384        126.05043876520814       0.99999996216515730        3.7839081561278053E-008  -4.2383874188089976E-012  (-1.99946356716975511E-004,7.88018490534147694E-020)   (1.22696891028987510E-004,1.66301304501077963E-005)             (-0.49999939895343759,0.0000000000000000)
         762        2000  -262.35054440483236        1.0000000000042426        145.22440531218564       0.99999997883008807        2.1174153964044452E-008  -4.2426062663025732E-012  (-7.84982262798160444E-005,5.26903940916767902E-018)   (1.32999241998586363E-004,6.23194508901897605E-006)             (-0.49999941082648336,0.0000000000000000)
         763        2000  -261.24823119304619        1.0000000000042499        164.55076598497047       0.99999997868635948        2.1317891133471390E-008  -4.2499337382650992E-012   (5.19457619201859854E-005,1.43383148043006290E-017)  (1.41604444689497229E-004,-4.92782889600305891E-006)             (-0.49999941072436066,0.0000000000000000)
         764        2000  -260.14591798126003        1.0000000000042533        183.72473253187533       0.99999995828625887        4.1717995230769559E-008  -4.2532644073389747E-012   (1.89651472197664532E-004,3.15327268059406912E-019)  (1.48254520628103570E-004,-1.67003779694520143E-005)             (-0.49999939619747807,0.0000000000000000)
         765        2000  -259.04360476947386        1.0000000000042486        202.44392004673901       0.99999991512121711        8.4883032739270812E-008  -4.2486014706355490E-012   (3.32648706712759714E-004,1.34976719328913883E-018)  (1.52710969497296700E-004,-2.89168121733659638E-005)             (-0.49999936546607571,0.0000000000000000)
         766        2000  -257.94129155768769        1.0000000000042426        220.41311575594867       0.99999984791858676        1.5208565677690508E-007  -4.2426062663025732E-012  (4.78752304621352814E-004,-9.23901794999644027E-018)  (1.54760280351457261E-004,-4.13899848433405050E-005)             (-0.49999931763125827,0.0000000000000000)
         767        2000  -256.83897834590152        1.0000000000042180        237.34893471419718       0.99999975688584553        2.4311837539439633E-007  -4.2179593151558947E-012   (6.25588417532074725E-004,3.90397527359973958E-018)  (1.54219313259487125E-004,-5.39167552365644458E-005)             (-0.49999925284848534,0.0000000000000000)
         768        2000  -255.73666513411544        1.0000000000042146        252.98428894033759       0.99999964387789442        3.5612632059790795E-007  -4.2146286460820193E-012  (7.70625789334489848E-004,-1.56079601041911798E-017)  (1.50940447252672684E-004,-6.62806787185482783E-005)             (-0.49999917244619413,0.0000000000000000)
         769        2000  -254.63435192232956        1.0000000000042188        267.07259955081923       0.99999951246534591        4.8753887298313872E-007  -4.2188474935755949E-012  (9.11211769229793023E-004,-7.89292078740181921E-018)  (1.44816388834122510E-004,-7.82551004442371177E-005)             (-0.49999907897388624,0.0000000000000000)
         770        2000  -253.53203871054367        1.0000000000042277        279.39168547676496       0.99999936788676203        6.3211746516152705E-007  -4.2277292777725961E-012  (1.04461268595294038E-003,-8.60059253485257087E-020)  (1.35784534316250952E-004,-8.96066195871277879E-005)             (-0.49999897616751238,0.0000000000000000)
         771        2000  -252.42972549875779        1.0000000000042251        289.74726737248244       0.99999921687370852        7.8313051809725201E-007  -4.2250647425134957E-012   (1.16805811025478602E-003,1.83140737928702809E-019)  (1.23830780060699288E-004,-1.00098882244619716E-004)             (-0.49999886882432204,0.0000000000000000)
         772        2000  -251.32741228697191        1.0000000000042264        297.97603152595826       0.99999906734572830        9.3265849892042263E-007  -4.2263970101430459E-012  (1.27878843307778923E-003,-9.20663586704946537E-018)  (1.08992676833158140E-004,-1.09496652756620847E-004)             (-0.49999876258513976,0.0000000000000000)
         773        2000  -250.22509907518602        1.0000000000042295        303.94820541839510       0.99999892798131373        1.0720229153969297E-006  -4.2295056346119964E-012  (1.37410508976452939E-003,-1.38693942131101875E-017)  (9.13618278592096867E-005,-1.17570104932188292E-004)             (-0.49999866362848311,0.0000000000000000)
         774        2000  -249.12278586340014        1.0000000000042304        307.56960428389743       0.99999880768102234        1.1923232080668287E-006  -4.2303938130316965E-012  (1.45142266764937064E-003,-7.89467690549066613E-018)  (7.10854364514835845E-005,-1.24099267124072799E-004)             (-0.49999857828805605,0.0000000000000000)
         775        2000  -248.02047265161426        1.0000000000042311        308.78311650210333       0.99999871494862147        1.2850556126992339E-006  -4.2310599468464716E-012   (1.50832204878631969E-003,3.94499652977335274E-018)  (4.83669178247761054E-005,-1.28878548377616613E-004)             (-0.49999851261209943,0.0000000000000000)
         776        2000  -246.91815943982837        1.0000000000042295        307.56960427682196       0.99999865722535364        1.3427788745908155E-006  -4.2295056346119964E-012   (1.54260366300522172E-003,7.80210808144223117E-018)  (2.34655007703494325E-005,-1.31721267089494057E-004)             (-0.49999847188961766,0.0000000000000000)
         777        2000  -245.81584622804249        1.0000000000042304        303.94820540634981       0.99999864022025475        1.3597839774117068E-006  -4.2303938130316965E-012  (1.55233986247185654E-003,-9.07298859063272669E-018) (-3.30523954568489169E-006,-1.32464098723439333E-004)             (-0.49999846017403149,0.0000000000000000)
         778        2000  -244.71353301625660        1.0000000000042273        297.97603151359789       0.99999866728466136        1.3327195657650460E-006  -4.2272851885627460E-012   (1.53592538129348121E-003,1.69610541925056540E-019) (-3.15799581323784808E-005,-1.30971355987526502E-004)             (-0.49999847983854778,0.0000000000000000)
         779        2000  -243.61121980447072        1.0000000000042191        289.74726735470284       0.99999873888203716        1.2611221819488399E-006  -4.2190695381805199E-012   (1.49212481474364218E-003,1.43324543477827322E-017) (-6.09452452451154551E-005,-1.27139012761767680E-004)             (-0.49999853119952620,0.0000000000000000)
         780        2000  -242.50890659268484        1.0000000000042188        279.39168545398365       0.99999885220286344        1.1478013551338204E-006  -4.2188474935755949E-012  (1.42011604607287698E-003,-5.53367363747191897E-021) (-9.09444540753142841E-005,-1.20898382781798927E-004)             (-0.49999861224326053,0.0000000000000000)
         781        2000  -241.40659338089895        1.0000000000042255        267.07259953101385       0.99999900096989836        9.9903432655320705E-007  -4.2255088317233458E-012   (1.31952856710459455E-003,8.38918409881691467E-019) (-1.21083619131553838E-004,-1.12219365641763494E-004)             (-0.49999871848830890,0.0000000000000000)
         782        2000  -240.30428016911307        1.0000000000042240        252.98428892062347       0.99999917547036155        8.2453386207698049E-007  -4.2239545194888706E-012   (1.19047568215596288E-003,1.57803079592903290E-017) (-1.50838406199658282E-004,-1.01113175599447613E-004)             (-0.49999884300934050,0.0000000000000000)
         783        2000  -239.20196695732719        1.0000000000042271        237.34893469297089       0.99999936283923230        6.3716499647431652E-007  -4.2270631439578210E-012   (1.03357965513680631E-003,1.69547492339054555E-017) (-1.79662007009004653E-004,-8.76344740824363616E-005)             (-0.49999897663965770,0.0000000000000000)
         784        2000  -238.09965374554130        1.0000000000042377        220.41311573337680       0.99999954760207721        4.5240216075508265E-007  -4.2377212849942225E-012   (8.49988954526000647E-004,3.94784831877707206E-018) (-2.06993867628671154E-004,-7.18828334527693791E-005)             (-0.49999910835835909,0.0000000000000000)
         785        2000  -236.99734053375542        1.0000000000042344        202.44392002281265       0.99999971246808528        2.8753615030068913E-007  -4.2343906159203470E-012  (6.41386868270378205E-004,-1.68654955359435951E-017) (-2.32269116654528981E-004,-5.40034683320306927E-005)             (-0.49999922585550932,0.0000000000000000)
         786        2000  -235.89502732196954        1.0000000000042331        183.72473250998848       0.99999983934452352        1.6065971208663485E-007  -4.2330583482907969E-012  (4.09990897621944001E-004,-7.26533760004705931E-019) (-2.54928541499166222E-004,-3.41871812791553592E-005)             (-0.49999931625476673,0.0000000000000000)
         787        2000  -234.79271411018365        1.0000000000042339        164.55076596360425       0.99999991052436621        8.9479868226616587E-008  -4.2339465267104970E-012   (1.58542489570758161E-004,3.95009158651358949E-018) (-2.74428948446728607E-004,-1.26694814031330655E-005)             (-0.49999936695920127,0.0000000000000000)
         788        2000  -233.69040089839777        1.0000000000042417        145.22440529284333       0.99999990998121446        9.0023028155690804E-008  -4.2417180878828731E-012 (-1.09713171718292646E-004,-7.62448749071097380E-018)  (-2.90253733690615343E-004,1.02711522063266189E-005)             (-0.49999936657329841,0.0000000000000000)
         789        2000  -232.58808768661189        1.0000000000042395        126.05043874777793       0.99999982469022408        1.7531401937022015E-007  -4.2394976418336228E-012  (-3.91057428648675521E-004,6.32957080915186584E-019)  (-3.01923489530503267E-004,3.43158759369625364E-005)             (-0.49999930584328534,0.0000000000000000)
         790        2000  -231.48577447482600        1.0000000000042168        107.33125123357965       0.99999964588321122        3.5412100713199351E-007  -4.2168490921312696E-012 (-6.81338417486299303E-004,-5.39971329561848102E-019)  (-3.09006470807377475E-004,5.91089544657937043E-005)             (-0.49999917855026477,0.0000000000000000)
         791        2000  -230.38346126304012        1.0000000000042126        89.362055520574202       0.99999937014054019        6.2986367235787241E-007  -4.2126302446376940E-012 (-9.76021123606984876E-004,-9.06309263992763174E-018)  (-3.11128748178452819E-004,8.42620836608345947E-005)             (-0.49999898228673506,0.0000000000000000)
         792        2000  -229.28114805125423        1.0000000000042109        72.426236561743664       0.99999900022317367        9.9978103658697898E-007  -4.2108538877982937E-012  (-1.27024684800571821E-003,3.64667606673983323E-019)  (-3.07983878497342643E-004,1.09359529928216822E-004)             (-0.49999871904763871,0.0000000000000000)
         793        2000  -228.17883483946835        1.0000000000042037        56.790882346595161       0.99999854555683132        1.4544473715329453E-006  -4.2037484604406927E-012 (-1.55890154984729998E-003,-2.71962738706003665E-018)  (-2.99341923620364983E-004,1.33964036273382823E-004)             (-0.49999839557313985,0.0000000000000000)
         794        2000  -227.07652162768247        1.0000000000041991        42.702571733414892       0.99999802229467427        1.9777095240955758E-006  -4.1990855237372671E-012  (-1.83669237070673008E-003,1.26067805419869515E-018)  (-2.85057646881721981E-004,1.57623428990621989E-004)             (-0.49999802339082899,0.0000000000000000)
         795        2000  -225.97420841589658        1.0000000000041935        30.383485805420300       0.99999745290719766        2.5470969962163930E-006  -4.1935344086141413E-012  (-2.09823148375445868E-003,2.08114054801899606E-020)  (-2.65077712620076836E-004,1.79877843209735920E-004)             (-0.49999761852098590,0.0000000000000000)
         796        2000  -224.87189520411070        1.0000000000042015        20.027903919652044       0.99999686527620180        3.1347280003110895E-006  -4.2015280143914424E-012 (-2.33812624220435450E-003,-1.43435392175580618E-017)  (-2.39446706624028101E-004,2.00267469914500797E-004)             (-0.49999720082870680,0.0000000000000000)
         797        2000  -223.76958199232482        1.0000000000042044        11.799139759391940       0.99999629130247869        3.7087017266227173E-006  -4.2044145942554678E-012  (-2.55107442480513461E-003,9.16640671221723441E-018)  (-2.08311788352135856E-004,2.18340712731136642E-004)             (-0.49999679303017386,0.0000000000000000)
         798        2000  -222.66726878053893        1.0000000000042069        5.8269658698964886       0.99999576507323595        4.2349309678061451E-006  -4.2068570849096432E-012 (-2.73196319256925439E-003,-5.03513953813842377E-021)  (-1.71925781845246115E-004,2.33662628884217854E-004)             (-0.49999641938623834,0.0000000000000000)
         799        2000  -221.56495556875305        1.0000000000042024        2.2055669984563351       0.99999532067193186        4.6793322702656700E-006  -4.2024161928111425E-012 (-2.87597018581111676E-003,-8.98017223231172423E-018)  (-1.30648514724519734E-004,2.45823516518894111E-004)             (-0.49999610414258844,0.0000000000000000)
         800        2000  -220.46264235696717        1.0000000000042044       0.99205475591393311       0.99999498974868062        5.0102555237796293E-006  -4.2044145942554678E-012 (-2.97866501172582747E-003,-1.26683185576409994E-018)  (-8.49462278876063240E-005,2.54447499819535137E-004)             (-0.49999586980084509,0.0000000000000000)
         801        2000  -219.36032914518128        1.0000000000042135        2.2055669970983076       0.99999479900000066        5.2010042107666229E-006  -4.2135184230573941E-012  (-3.03610921232195033E-003,1.47292029097086296E-018)  (-3.53889046348879283E-005,2.59200954855922153E-004)             (-0.49999573532655411,0.0000000000000000)
         802        2000  -218.25801593339540        1.0000000000042142        5.8269658804037592       0.99999476772989648        5.2322743177736238E-006  -4.2141845568721692E-012 (-3.04495267357460936E-003,-1.05164794795523365E-017)   (1.73545916980431047E-005,2.59800612888070020E-004)             (-0.49999571441627028,0.0000000000000000)
         803        2000  -217.15570272160952        1.0000000000042166        11.799139765624908       0.99999490567733729        5.0943268799648462E-006  -4.2166270475263445E-012 (-3.00252435388213791E-003,-7.97820438480382815E-018)   (7.25236278605189300E-005,2.56021174663095775E-004)             (-0.49999581395503073,0.0000000000000000)
         804        2000  -216.05338950982363        1.0000000000042242        20.027903930279859       0.99999521129569247        4.7887085336407947E-006  -4.2241765640937956E-012  (-2.90691518574226959E-003,4.26302430624622442E-018)   (1.29275149217474787E-004,2.47702269565804446E-004)             (-0.49999603279571131,0.0000000000000000)
         805        2000  -214.95107629803775        1.0000000000042328        30.383485830128457       0.99999567065643391        4.3293477985304545E-006  -4.2328363036858718E-012  (-2.75705104820772378E-003,7.52707587193941288E-018)   (1.86695184087611922E-004,2.34754596750173794E-004)             (-0.49999636098226791,0.0000000000000000)
         806        2000  -213.84876308625186        1.0000000000042348        42.702571758312899       0.99999625712161300        3.7428826189379018E-006  -4.2348347051301971E-012  (-2.55275382513589803E-003,3.90135484835950565E-018)   (2.43812343960329148E-004,2.17165092990294134E-004)             (-0.49999677951923638,0.0000000000000000)
         807        2000  -212.74644987446598        1.0000000000042386        56.790882371332295       0.99999693188792038        3.0681163170540158E-006  -4.2386094634139226E-012 (-2.29478875548953321E-003,-1.39482691150334886E-022)   (2.99613086317873157E-004,1.95000982894297253E-004)             (-0.49999726076040446,0.0000000000000000)
         808        2000  -211.64413666268010        1.0000000000042364        72.426236588333879       0.99999764545156422        2.3545526708053800E-006  -4.2363890173646723E-012 (-1.98489654120521464E-003,-1.17803379508132814E-018)   (3.53058440596507527E-004,1.68412581718081989E-004)             (-0.49999776945184315,0.0000000000000000)
         809        2000  -210.54182345089421        1.0000000000042404        89.362055548834817       0.99999833998098608        1.6600232545757497E-006  -4.2403858202533229E-012  (-1.62580899505424437E-003,3.90122447429527100E-018)   (4.03101844787641589E-004,1.37634739179531552E-004)             (-0.49999826442047235,0.0000000000000000)
         810        2000  -209.43951023910833        1.0000000000042379        107.33125126849582       0.99999895251683724        1.0474874016430239E-006  -4.2379433295991475E-012  (-1.22124736869471382E-003,3.81241343207921568E-018)   (4.48707708695604004E-004,1.02986834086842081E-004)             (-0.49999870085157494,0.0000000000000000)
         811        2000  -208.33719702732245        1.0000000000042495        126.05043879056510       0.99999941885186072        5.8115239019485921E-007  -4.2494896490552492E-012  (-7.75902876729228793E-004,8.89903463084108709E-018)   (4.88870310057193543E-004,6.48712533370751773E-005)             (-0.49999903305101606,0.0000000000000000)
         812        2000  -207.23488381553656        1.0000000000042513        145.22440533973244       0.99999967788058886        3.2212366318735562E-007  -4.2512660058946494E-012 (-2.95399303060167357E-004,-1.59096089884629265E-018)   (5.22632647701105186E-004,2.37703154512485621E-005)             (-0.49999921754323118,0.0000000000000000)
         813        2000  -206.13257060375068        1.0000000000042646        164.55076601641699       0.99999967615710128        3.2384716495204927E-007  -4.2645886821901513E-012   (2.13762087231303687E-004,5.26920684605513335E-018)  (5.49104920237113419E-004,-1.97583737739947056E-005)             (-0.49999921631852340,0.0000000000000000)
         814        2000  -205.03025739196480        1.0000000000042668        183.72473256703262       0.99999937236035830        6.2764390810374053E-007  -4.2668091282394016E-012   (7.44274825383450019E-004,9.15773103915190213E-018)  (5.67482361765290154E-004,-6.50881175398601396E-005)             (-0.49999900001525133,0.0000000000000000)
         815        2000  -203.92794418017891        1.0000000000042579        202.44392008257810       0.99999874134697053        1.2586572855033583E-006  -4.2579273440424004E-012   (1.28811598767081563E-003,9.75302277126927783E-019)  (5.77062238774620232E-004,-1.11530832247382851E-004)             (-0.49999855080758537,0.0000000000000000)
         816        2000  -202.82563096839303        1.0000000000042526        220.41311580005436       0.99999777747012975        2.2225341218742268E-006  -4.2525982735241996E-012  (1.83665055451609190E-003,-9.15563330713470897E-018)  (5.77259878445157215E-004,-1.58346188526037952E-004)             (-0.49999786476854846,0.0000000000000000)
         817        2000  -201.72331775660714        1.0000000000042564        237.34893476039372       0.99999649686442549        3.5031398302169876E-006  -4.2563730318079251E-012   (2.38075042956459489E-003,7.89150804827343473E-018)  (5.67623638568055377E-004,-2.04752092344991592E-004)             (-0.49999695349293616,0.0000000000000000)
         818        2000  -200.62100454482126        1.0000000000042475        252.98428899392945       0.99999493843814680        5.0615661036135393E-006  -4.2474912476109239E-012  (2.91092709897333018E-003,-4.08444153296171097E-019)  (5.47848731039495083E-004,-2.49936385019864163E-004)             (-0.49999584479517989,0.0000000000000000)
         819        2000  -199.51869133303538        1.0000000000042510        267.07259959811813       0.99999316337724498        6.8366270052837166E-006  -4.2510439612897244E-012  (3.41747681844334307E-003,-8.98018315717632606E-018)  (5.17789763517406253E-004,-2.93069617633007532E-004)             (-0.49999458234288230,0.0000000000000000)
         820        2000  -198.41637812124949        1.0000000000042504        279.39168549138964       0.99999125304661818        8.7469576313796550E-006  -4.2503778274749493E-012  (3.89063705122712818E-003,-1.06924360577563737E-017)  (4.77471772199159524E-004,-3.33318732366332058E-004)             (-0.49999322414617869,0.0000000000000000)
         821        2000  -197.31406490946361        1.0000000000042544        289.74726738166225       0.99998930527302554        1.0694731231529173E-005  -4.2543746303635999E-012   (4.32075260911273049E-003,2.21872581304375198E-020)  (4.27099400233569985E-004,-3.69861460110885564E-004)             (-0.49999183989453228,0.0000000000000000)
         822        2000  -196.21175169767773        1.0000000000042586        297.97603152524471       0.99998742910461980        1.2570899639013562E-005  -4.2585934778571755E-012   (4.69844955449487661E-003,7.70777747145580551E-018)  (3.67063754807856997E-004,-4.01901220243711967E-004)             (-0.49999050721218763,0.0000000000000000)
         823        2000  -195.10943848589184        1.0000000000042650        303.94820539192835       0.99998573826059778        1.4261743668001221E-005  -4.2650327714000014E-012  (5.01481441947134159E-003,-8.44018353589606965E-018)  (2.97946387572839812E-004,-4.28682284893346869E-004)             (-0.49998930698782412,0.0000000000000000)
         824        2000  -194.00712527410596        1.0000000000042664        307.56960425121383       0.99998434360195421        1.5656402312337030E-005  -4.2663650390295516E-012  (5.26157573407801983E-003,-9.24995848414405636E-018)  (2.20519813922122240E-004,-4.49504947988034031E-004)             (-0.49998831801664279,0.0000000000000000)
         825        2000  -192.90481206232008        1.0000000000042675        308.78311644884161       0.99998334506282249        1.6654941445437779E-005  -4.2674752620541767E-012   (5.43128429724844177E-003,2.44430073674525919E-018)  (1.35744033351161059E-004,-4.63740420483546123E-004)             (-0.49998761126860719,0.0000000000000000)
         826        2000  -191.80249885053419        1.0000000000042768        307.56960420830256       0.99998282356955737        1.7176434720143133E-005  -4.2768011354610280E-012   (5.51748814852685669E-003,9.20571797892804373E-018)  (4.47586383062188828E-005,-4.70845159426720044E-004)             (-0.49998724415681567,0.0000000000000000)
         827        2000  -190.70018563874831        1.0000000000042701        303.94820533226704       0.99998283353232387        1.7166471945643401E-005  -4.2701397973132771E-012  (5.51489787542445292E-003,-1.70079730587281491E-017) (-5.11297171645586329E-005,-4.70374332148767494E-004)             (-0.49998725521887460,0.0000000000000000)
         828        2000  -189.59787242696243        1.0000000000042675        297.97603140447001       0.99998339651182366        1.6603492444123653E-005  -4.2674752620541767E-012   (5.41953776622566569E-003,9.06864579327080025E-018) (-1.50464501867101887E-004,-4.61994118500761147E-004)             (-0.49998765963526948,0.0000000000000000)
         829        2000  -188.49555921517654        1.0000000000042828        289.74726721525388       0.99998449663514544        1.5503369135231971E-005  -4.2827963397940039E-012   (5.22887841023817954E-003,2.28090402921502264E-022) (-2.51660936741852990E-004,-4.45492563788793614E-004)             (-0.49998844598780734,0.0000000000000000)
         830        2000  -187.39324600339066        1.0000000000042788        279.39168529957328       0.99998607825825625        1.3921746025960896E-005  -4.2787995369053533E-012   (4.94194665270358997E-003,7.97509014331183401E-018) (-3.53031655223542268E-004,-4.20788712139528076E-004)             (-0.49998957460737159,0.0000000000000000)
         831        2000  -186.29093279160477        1.0000000000042839        267.07259936602077       0.99998804624852777        1.1953755756196310E-005  -4.2839065628186290E-012   (4.55940931115884126E-003,1.36086177413504417E-018) (-4.52815794733590318E-004,-3.87939772750086319E-004)             (-0.49999097777372903,0.0000000000000000)
         832        2000  -185.18861957981889        1.0000000000042852        252.98428875858738       0.99999026909554145        9.7309087410613181E-006  -4.2852388304481792E-012   (4.08362773900200135E-003,1.92496389233634802E-018) (-5.49210744403594059E-004,-3.47146099351876064E-004)             (-0.49999256191570524,0.0000000000000000)
         833        2000  -184.08630636803301        1.0000000000042890        237.34893453427372       0.99999258486353360        7.4151407545171515E-006  -4.2890135887319047E-012   (3.51868116858052244E-003,1.27237620199350880E-018) (-6.40405608430183655E-004,-2.98753796325422830E-004)             (-0.49999421182479009,0.0000000000000000)
         834        2000  -182.98399315624712        1.0000000000042861        220.41311557807009       0.99999480978720401        5.1902170832983395E-006  -4.2861270088678793E-012  (2.87035776495314946E-003,-6.35280527765146671E-018) (-7.24615297710581733E-004,-2.43254803790257890E-004)             (-0.49999579674797412,0.0000000000000000)
         835        2000  -181.88167994446124        1.0000000000042830        202.44391987663241       0.99999674910302661        3.2509012566993061E-006  -4.2830183843989289E-012   (2.14611343568555692E-003,4.09176210161214748E-019) (-8.00114069860911208E-004,-1.81284360706611723E-004)             (-0.49999717807844657,0.0000000000000000)
         836        2000  -180.77936673267536        1.0000000000042859        183.72473237589642       0.99999820951808449        1.7904861996021990E-006  -4.2859049642629543E-012  (1.35499958641347438E-003,-1.03243703759154137E-017) (-8.65267359767316491E-004,-1.13615799074818428E-004)             (-0.49999821822715562,0.0000000000000000)
         837        2000  -179.67705352088947        1.0000000000042892        164.55076584050192       0.99999901256614532        9.8743814180717204E-007  -4.2892356333368298E-012  (5.07562045306343126E-004,-1.70520709415693399E-017) (-9.18560933001537480E-004,-4.11526819370089928E-005)             (-0.49999879014646659,0.0000000000000000)
         838        2000  -178.57474030910359        1.0000000000042966        145.22440517938594       0.99999900799863051        9.9200566741912832E-007  -4.2965631052993558E-012 (-3.84285879665963658E-004,-1.58317355807375046E-019)  (-9.58626781743103051E-004,3.50816412613926584E-005)             (-0.49999878689844773,0.0000000000000000)
         839        2000  -177.47242709731771        1.0000000000042955        126.05043865057961       0.99999808631281739        1.9136914778287932E-006  -4.2954528822747307E-012  (-1.30741297772825186E-003,9.24439546492377264E-018)  (-9.84265732655099359E-004,1.13956933608696202E-004)             (-0.49999813062055204,0.0000000000000000)
         840        2000  -176.37011388553182        1.0000000000042994        107.33125115087894       0.99999618953055858        3.8104737425131245E-006  -4.2994496851633812E-012 (-2.24763942265227392E-003,-6.44708848996284699E-018)  (-9.94467339833305340E-004,1.94251252337313527E-004)             (-0.49999678024262623,0.0000000000000000)
         841        2000  -175.26780067374594        1.0000000000043119        89.362055446645229       0.99999331940031178        6.6806039968680010E-006  -4.3118841830391830E-012  (-3.18992370559643664E-003,2.58820179867367633E-018)  (-9.88428131538885216E-004,2.74668214206850005E-004)             (-0.49999473734854766,0.0000000000000000)
         842        2000  -174.16548746196005        1.0000000000043121        72.426236489642093       0.99998954229644310        1.0457707869018601E-005  -4.3121062276441080E-012  (-4.11856635813075567E-003,1.44202597499010864E-018)  (-9.65569487448241816E-004,3.53856133261489674E-004)             (-0.49999204965025956,0.0000000000000000)
         843        2000  -173.06317425017417        1.0000000000043123        56.790882280540075       0.99998499022531562        1.5009778995420583E-005  -4.3123282722490330E-012 (-5.01743081565249154E-003,-8.60911109490245127E-018)  (-9.25556211956985722E-004,4.30428815526498118E-004)             (-0.49998881164695003,0.0000000000000000)
         844        2000  -171.96086103838829        1.0000000000043212        42.702571689993938       0.99997985751965301        2.0142484664417176E-005  -4.3212100564460343E-012 (-5.87018254188350925E-003,-6.82223253365031437E-019)  (-8.68316216770080021E-004,5.02987789729956655E-004)             (-0.49998516217706040,0.0000000000000000)
         845        2000  -170.85854782660240        1.0000000000043250        30.383485759285428       0.99997439301676239        2.5606987563707479E-005  -4.3249848147297598E-012  (-6.66054748270601335E-003,3.39019857817471426E-022)  (-7.94060741025640884E-004,5.70145734764108806E-004)             (-0.49998127873612158,0.0000000000000000)
         846        2000  -169.75623461481652        1.0000000000043279        20.027903860432271       0.99996888778028181        3.1112224046575647E-005  -4.3278713945937852E-012 (-7.37258982961956633E-003,-4.71652790065905638E-018)  (-7.03303463549063458E-004,6.30550824722092822E-004)             (-0.49997736863004461,0.0000000000000000)
         847        2000  -168.65392140303064        1.0000000000043316        11.799139718391023       0.99996365873937243        3.6341264960230544E-005  -4.3316461528775108E-012  (-7.99100701542833879E-003,3.90120334170184317E-018)  (-5.96876011366209280E-004,6.82911649877622332E-004)             (-0.49997365725856602,0.0000000000000000)
         848        2000  -167.55160819124475        1.0000000000043328        5.8269658461084184       0.99995902897027555        4.0971034058602656E-005  -4.3327563759021359E-012 (-8.50143720012149461E-003,-9.72058150313945839E-020)  (-4.75937025513782500E-004,7.26022293734224331E-004)             (-0.49997037406630113,0.0000000000000000)
         849        2000  -166.44929497945887        1.0000000000043354        2.2055670034653878       0.99995530570165403        4.4694302681180002E-005  -4.3354209111612363E-012 (-8.89077181941151824E-003,-4.62497695803226483E-018)  (-3.41972269559210956E-004,7.58787068177885996E-004)             (-0.49996773693950486,0.0000000000000000)
         850        2000  -165.34698176767299        1.0000000000043323       0.99205477647672136       0.99995275744159795        4.7242562736615470E-005  -4.3323122866922859E-012 (-9.14746370265054863E-003,-2.96905307554130179E-022)  (-1.96784202239674719E-004,7.80244351782025743E-004)             (-0.49996593603677913,0.0000000000000000)
         851        2000  -164.24466855588710        1.0000000000043316        2.2055669971804628       0.99995159185300997        4.8408151321371145E-005  -4.3316461528775108E-012  (-9.26182029649914168E-003,9.25776577763860109E-018)  (-4.24707042162793776E-005,7.89588958036166163E-004)             (-0.49996511819219097,0.0000000000000000)
         852        2000  -163.14235534410122        1.0000000000043401        5.8269659080073613       0.99995193610630040        4.8063898038911806E-005  -4.3400838478646619E-012  (-9.22627178664908731E-003,1.15492769890822694E-018)   (1.18606168406808622E-004,7.86192489976899667E-004)             (-0.49996537309409972,0.0000000000000000)
         853        2000  -162.04004213231534        1.0000000000043430        11.799139823693784       0.99995382139468858        4.6178609655425933E-005  -4.3429704277286874E-012 (-9.03560511018581050E-003,-7.89088785490114347E-018)   (2.83859839453454307E-004,7.69621206552740687E-004)             (-0.49996672240900120,0.0000000000000000)
         854        2000  -160.93772892052945        1.0000000000043443        20.027903983352797       0.99995717310914678        4.2826895198416534E-005  -4.3443026953582375E-012 (-8.68715641372531412E-003,-7.80255998981834627E-018)   (4.50525705475684341E-004,7.39651012267235862E-004)             (-0.49996911288653345,0.0000000000000000)
         855        2000  -159.83541570874357        1.0000000000043414        30.383485890685723       0.99996180785064726        3.8192153692712612E-005  -4.3414161154942121E-012  (-8.18095582657014410E-003,1.92444716795471831E-020)   (6.15713420573367086E-004,6.96279252810846753E-004)             (-0.49997241425857863,0.0000000000000000)
         856        2000  -158.73310249695768        1.0000000000043463        42.702571819229519       0.99996743802586430        3.2561978479742626E-005  -4.3463010968025628E-012 (-7.51981918376187167E-003,-7.76827221023844042E-020)   (7.76464511274034541E-004,6.39733033964160445E-004)             (-0.49997642244713481,0.0000000000000000)
         857        2000  -157.63078928517180        1.0000000000043514        56.790882462021493       0.99997368424517330        2.6315759177932583E-005  -4.3514081227158385E-012 (-6.70938178582211869E-003,-7.80207781250889512E-018)   (9.29814892109794510E-004,5.70473775400893719E-004)             (-0.49998086823653726,0.0000000000000000)
         858        2000  -156.52847607338592        1.0000000000043510        72.426236725049662       0.99998009514211317        1.9904862238210252E-005  -4.3509640335059885E-012 (-5.75807017085010978E-003,-2.95054534009233344E-019)   (1.07286092028544542E-003,4.89197693616889536E-004)             (-0.49998543116297001,0.0000000000000000)
         859        2000  -155.42616286160003        1.0000000000043514        89.362055704688174       0.99998617360186781        1.3826402485854494E-005  -4.3514081227158385E-012 (-4.67701011528218105E-003,-2.54172780395526756E-018)   (1.20282581951210599E-003,3.96831925011694136E-004)             (-0.49998975795257533,0.0000000000000000)
         860        2000  -154.32384964981415        1.0000000000043612        107.33125144720884       0.99999140779319173        8.5922111703768832E-006  -4.3611780853325399E-012 (-3.47987320536210457E-003,-9.24719434651911749E-018)   (1.31712130839351784E-003,2.94526095974094102E-004)             (-0.49999348443839808,0.0000000000000000)
         861        2000  -153.22153643802827        1.0000000000043636        126.05043899400199       0.99999530493587296        4.6950684908213153E-006  -4.3636205759867153E-012  (-2.18266997939855394E-003,1.04580354745902827E-018)   (1.41339817464993011E-003,1.83639337677311089E-004)             (-0.49999625955874538,0.0000000000000000)
         862        2000  -152.11922322624238        1.0000000000043627        145.22440557843012       0.99999742549171333        2.5745126498788311E-006  -4.3627323975670151E-012 (-8.03503428355289290E-004,-2.48547944282721551E-017)   (1.48958035832215938E-003,6.57229988785916621E-005)             (-0.49999776983765815,0.0000000000000000)
         863        2000  -151.01691001445650        1.0000000000043554        164.55076628620589       0.99999741548462107        2.5845197387355988E-006  -4.3554049256044891E-012   (6.37699549893786465E-004,5.89150029022648282E-018)  (1.54388023375086445E-003,-5.75004408950149365E-005)             (-0.49999776270445440,0.0000000000000000)
         864        2000  -149.91459680267062        1.0000000000043647        183.72473286635659       0.99999503490355757        4.9651008068672981E-006  -4.3647307990113404E-012  (2.11946134174321966E-003,-9.24821438180066696E-018)  (1.57479765075366467E-003,-1.84161596848117140E-004)             (-0.49999606711626471,0.0000000000000000)
         865        2000  -148.81228359088473        1.0000000000043654        202.44392042205536       0.99999018051305921        9.8194913073348801E-006  -4.3653969328261155E-012   (3.61901926464259583E-003,9.16357561909908707E-018)  (1.58111045369786372E-003,-3.12270875817031762E-004)             (-0.49999261015505797,0.0000000000000000)
         866        2000  -147.70997037909885        1.0000000000043667        220.41311616089058       0.99998290174805304        1.7098256316099142E-005  -4.3667292004556657E-012  (5.11258105086156121E-003,-6.27949838933038057E-019)  (1.56186776427269178E-003,-4.39747129630487215E-004)             (-0.49998742850577665,0.0000000000000000)
         867        2000  -146.60765716731296        1.0000000000043683        237.34893512178215       0.99997340859133232        2.6591413039479053E-005  -4.3682835126901409E-012  (6.57557908404383159E-003,-5.39913299036888667E-019)  (1.51639768939940784E-003,-5.64448008468417103E-004)             (-0.49998067392292805,0.0000000000000000)
         868        2000  -145.50534395552708        1.0000000000043752        252.98428931168678       0.99996207041057983        3.7929593795366917E-005  -4.3751668954428169E-012  (7.98294226246279784E-003,-5.68974949513977044E-021)  (1.44433760619188355E-003,-6.84202024941100908E-004)             (-0.49997261194436560,0.0000000000000000)
         869        2000  -144.40303074374120        1.0000000000043772        267.07259988216924       0.99994940477597183        5.0595228406552162E-005  -4.3771652968871422E-012   (9.30940914223160436E-003,1.94921596501905698E-018)  (1.34568833726594547E-003,-7.96842508098333669E-004)             (-0.49996361325969263,0.0000000000000000)
         870        2000  -143.30071753195531        1.0000000000043829        279.39168576474219       0.99993605548713527        6.3944517245865032E-005  -4.3829384566151930E-012  (1.05299031720966010E-002,-7.70813859882406949E-018)  (1.22088512242005055E-003,-9.00243610056734520E-004)             (-0.49995413737966682,0.0000000000000000)
         871        2000  -142.19840432016943        1.0000000000043923        289.74726758859185       0.99992275960325605        7.7240401135111861E-005  -4.3922643300220443E-012  (1.16199800702816384E-002,-7.90019282593176698E-018)  (1.07087085781838905E-003,-9.92358289006668899E-004)             (-0.49994470867675822,0.0000000000000000)
         872        2000  -141.09609110838355        1.0000000000043985        297.97603165439637       0.99991030426988248        8.9695734515372300E-005  -4.3984815789599452E-012  (1.25563409900526397E-002,-2.46023959916790025E-018)  (8.97153253626709296E-004,-1.07125775763164659E-003)             (-0.49993588551469015,0.0000000000000000)
         873        2000  -139.99377789659766        1.0000000000044125        303.94820541175682       0.99989947545311852        1.0052455129606905E-004  -4.4124703890702222E-012  (1.33173876048664694E-002,-9.06894484566595898E-018)  (7.01829249087716983E-004,-1.13517135328735849E-003)             (-0.49992822399869297,0.0000000000000000)
         874        2000  -138.89146468481178        1.0000000000044236        307.56960415552351       0.99989100202091996        1.0899798350289424E-004  -4.4235726193164737E-012  (1.38837822384066303E-002,-1.76883866492969545E-019)  (4.87567505994881251E-004,-1.18252531699593300E-003)             (-0.49992223869965469,0.0000000000000000)
         875        2000  -137.78915147302590        1.0000000000044305        308.78311626467178       0.99988549957145811        1.1450043297113204E-004  -4.4304560020691497E-012  (1.42389725205684086E-002,-1.10958800568280385E-020)  (2.57551196217627664E-004,-1.21197875027370238E-003)             (-0.49991836332442480,0.0000000000000000)
         876        2000  -136.68683826124001        1.0000000000044285        307.56960382975535       0.99988341871535547        1.1658128907447237E-004  -4.4284576006248244E-012  (1.43696477478974880E-002,-2.61859101686035122E-021)  (1.53946513579478864E-005,-1.22245520224361390E-003)             (-0.49991691454443432,0.0000000000000000)
         877        2000  -135.58452504945413        1.0000000000044322        303.94820476784361       0.99988500213907472        1.1499786535613263E-004  -4.4322323589085499E-012   (1.42661107428648654E-002,6.16624067785966983E-022) (-2.34946168844689325E-004,-1.21316894379731497E-003)             (-0.49991806200103167,0.0000000000000000)
         878        2000  -134.48221183766825        1.0000000000044356        297.97603072992291       0.99989025394955156        1.0974605488425869E-004  -4.4355630279824254E-012  (1.39225677502646944E-002,-2.31379379355899708E-018) (-4.89251821552119746E-004,-1.18364583695575979E-003)             (-0.49992180697886096,0.0000000000000000)
         879        2000  -133.37989862588236        1.0000000000044493        289.74726643721840       0.99989892389884261        1.0107610560651194E-004  -4.4493297934877774E-012   (1.33373508338849173E-002,7.70253029309176721E-018) (-7.43100127575729288E-004,-1.13373945174223773E-003)             (-0.49992797158389946,0.0000000000000000)
         880        2000  -132.27758541409648        1.0000000000044511        279.39168450183359       0.99991050836792383        8.9491636526883788E-005  -4.4511061503271776E-012   (1.25130853009232396E-002,4.61720042442270038E-018) (-9.91919860242201868E-004,-1.06364331579942586E-003)             (-0.49993619966263175,0.0000000000000000)
         881        2000  -131.17527220231059        1.0000000000044600        267.07259853666795       0.99992426939132517        7.5730613134566049E-005  -4.4599879345241789E-012   (1.14567980682757087E-002,4.43114230178393954E-020) (-1.23106066007419969E-003,-9.73899671789744351E-004)             (-0.49994597018452452,0.0000000000000000)
         882        2000  -130.07295899052471        1.0000000000044647        252.98428788003986       0.99993927216173395        6.0727842729784925E-005  -4.4646508712276045E-012   (1.01799391412969453E-002,7.61585214871142328E-018) (-1.45590348275018286E-003,-8.65404003242952738E-004)             (-0.49995662322348727,0.0000000000000000)
         883        2000  -128.97064577873883        1.0000000000044631        237.34893367303604       0.99995443995991273        4.5560044552374584E-005  -4.4630965589931293E-012   (8.69827137337089891E-003,4.61912602180659598E-018) (-1.66202102441455769E-003,-7.39403414366143633E-004)             (-0.49996739778387606,0.0000000000000000)
         884        2000  -127.86833256695294        1.0000000000044709        220.41311473307852       0.99996862324343860        3.1376761034192702E-005  -4.4708681201655054E-012   (7.03158732389694979E-003,3.17205659576269406E-018) (-1.84537093336615741E-003,-5.97486444211317949E-004)             (-0.49997747943101117,0.0000000000000000)
         885        2000  -126.76601935516706        1.0000000000044789        202.44391907041876       0.99998067721191364        1.9322792565562519E-005  -4.4788617259428065E-012   (5.20324233918719077E-003,1.56162688268920706E-017) (-2.00247801845681661E-003,-4.41562577684880778E-004)             (-0.49998605422887105,0.0000000000000000)
         886        2000  -125.66370614338118        1.0000000000044824        183.72473162135211       0.99998954050289146        1.0459501587925262E-005  -4.4824144396216070E-012   (3.23954279243684942E-003,1.31497950853411406E-017) (-2.13054951883706297E-003,-2.73831525282272799E-004)             (-0.49999236437270311,0.0000000000000000)
         887        2000  -124.56139293159529        1.0000000000044829        164.55076514761615       0.99999430766634567        5.6923381350677504E-006  -4.4828585288314571E-012  (1.16907853431619615E-003,-7.71363622362112144E-018) (-2.22747924375086333E-003,-9.67445727711212434E-005)             (-0.49999576067798718,0.0000000000000000)
         888        2000  -123.45907971980941        1.0000000000044813        145.22440457301170       0.99999428997435114        5.7100301291710014E-006  -4.4813042165969819E-012 (-9.77884318927431384E-004,-2.10332828659854939E-017)  (-2.29173067210651201E-003,8.70380822279935275E-005)             (-0.49999574796974755,0.0000000000000000)
         889        2000  -122.35676650802353        1.0000000000044809        126.05043810933246       0.99998906225192741        1.0937752553940831E-005  -4.4808601273871318E-012 (-3.16984649441983670E-003,-6.90274899588626942E-020)  (-2.32213339207162439E-003,2.74689896106815594E-004)             (-0.49999202108380331,0.0000000000000000)
         890        2000  -121.25445329623764        1.0000000000044824        107.33125066398067       0.99997849634169067        2.1503662792356633E-005  -4.4824144396216070E-012 (-5.37430358745040297E-003,-1.56998636245014355E-017)  (-2.31766351017062989E-003,4.63257699744294097E-004)             (-0.49998449087650126,0.0000000000000000)
         891        2000  -120.15214008445176        1.0000000000044875        89.362054995832693       0.99996278307431996        3.7216930168170357E-005  -4.4875214655348827E-012  (-7.55778549715376002E-003,3.10605548793541688E-022)  (-2.27729176266655347E-003,6.49698152342684785E-004)             (-0.49997330052222494,0.0000000000000000)
         892        2000  -119.04982687266588        1.0000000000044977        72.426236102683276       0.99994244349429673        5.7556510201727108E-005  -4.4977355173614342E-012  (-9.68580976708903127E-003,5.78131088044261629E-019)  (-2.19996731748658839E-003,8.30912830441011370E-004)             (-0.49995883204647390,0.0000000000000000)
         893        2000  -117.94751366087999        1.0000000000045031        56.790881968429630       0.99991832710135331        8.1672903149893210E-005  -4.5030645878796349E-012  (-1.17228994527599772E-002,2.71186979775755169E-018)  (-2.08476568338186860E-003,1.00378533237307230E-003)             (-0.49994170175308839,0.0000000000000000)
         894        2000  -116.84520044909411        1.0000000000045035        42.702571415611907       0.99989159165653352        1.0840834796973370E-004  -4.5035086770894850E-012  (-1.36328188631705503E-002,1.13988364959556771E-020)  (-1.93117806295569423E-003,1.16522401901951781E-003)             (-0.49992274179888718,0.0000000000000000)
         895        2000  -115.74288723730822        1.0000000000045015        30.383485558593229       0.99986365777006292        1.3634223443950564E-004  -4.5015102756451597E-012 (-1.53791338930478680E-002,-3.86475811794450611E-024)  (-1.73947152324258427E-003,1.31221304894529466E-003)             (-0.49990296470068230,0.0000000000000000)
         896        2000  -114.64057402552234        1.0000000000045046        20.027903721108750       0.99983613360573498        1.6386639877076400E-004  -4.5046189001141101E-012 (-1.69261176690320390E-002,-1.43249841239373565E-017)  (-1.51101797354483754E-003,1.44187243657102073E-003)             (-0.49988350880418753,0.0000000000000000)
         897        2000  -113.53826081373646        1.0000000000045102        11.799139618412639       0.99981071072125494        1.8928928325504429E-004  -4.5101700152372359E-012 (-1.82399187314420119E-002,-2.34912034703884674E-017)  (-1.24848595248329267E-003,1.55152524687096160E-003)             (-0.49986556579260955,0.0000000000000000)
         898        2000  -112.43594760195057        1.0000000000045237        5.8269657644001578       0.99978903958560783        2.1096041891556733E-004  -4.5237147361376628E-012  (-1.92898182964754694E-002,4.43233792366214286E-020)  (-9.55819336489972392E-004,1.63876714396129879E-003)             (-0.49985029539354975,0.0000000000000000)
         899        2000  -111.33363439016469        1.0000000000045273        2.2055668877892791       0.99977259956688147        2.2740043764641683E-004  -4.5272674498164633E-012  (-2.00493584284846434E-002,1.16842752050055931E-017)  (-6.37990259471031313E-004,1.70153109806973814E-003)             (-0.49983873608506507,0.0000000000000000)
         900        2000  -110.23132117837881        1.0000000000045348       0.99205471277838897       0.99976258007183516        2.3741993269799856E-004  -4.5348169663839144E-012 (-2.04971501979989597E-002,-5.21385485657281238E-018)  (-3.00595857936236069E-004,1.73813930870162208E-003)             (-0.49983172218054028,0.0000000000000000)
         901        2000  -109.12900796659292        1.0000000000045366        2.2055670071541580       0.99975978575526925        2.4021424926853524E-004  -4.5365933232233147E-012  (-2.06172752030172220E-002,5.45009834750933781E-019)   (5.05591249433802150E-005,1.74733650861115227E-003)             (-0.49982981623106998,0.0000000000000000)
         902        2000  -108.02669475480704        1.0000000000045486        5.8269659819803792       0.99976457103389005        2.3542897065833348E-004  -4.5485837318892663E-012 (-2.03993473271796497E-002,-1.82168002494310266E-017)   (4.09727084344162977E-004,1.72830407791408356E-003)             (-0.49983326167838404,0.0000000000000000)
         903        2000  -106.92438154302116        1.0000000000045517        11.799140036999930       0.99977680184722817        2.2319815732641614E-004  -4.5516923563582168E-012  (-1.98384429293212809E-002,6.34698498655492842E-019)   (7.71214790721947655E-004,1.68066135640040763E-003)             (-0.49984195610646887,0.0000000000000000)
         904        2000  -105.82206833123527        1.0000000000045581        20.027904263580144       0.99979584026297685        2.0415974158342684E-004  -4.5581316499010427E-012  (-1.89351612645164979E-002,3.18301240280081402E-018)   (1.12912462419050962E-003,1.60446588480457619E-003)             (-0.49985544290396272,0.0000000000000000)
         905        2000  -104.71975511944939        1.0000000000045628        30.383486226013261       0.99982055175549178        1.7944824907248260E-004  -4.5627945866044683E-012 (-1.76959908780276974E-002,-9.69544432437371578E-020)   (1.47700508017241210E-003,1.50022421568703906E-003)             (-0.49987292024933216,0.0000000000000000)
         906        2000  -103.61744190766350        1.0000000000045695        42.702572237346629       0.99984934263695502        1.5065736761518653E-004  -4.5694559247522193E-012  (-1.61339433776109438E-002,3.22511532069527547E-018)   (1.80767627224827972E-003,1.36891755922031511E-003)             (-0.49989327013551582,0.0000000000000000)
         907        2000  -102.51512869587762        1.0000000000045599        56.790882895015891       0.99988023950396954        1.1976050059213355E-004  -4.5599080067404429E-012  (-1.42691631983606539E-002,1.03302340154440117E-017)   (2.11346828650882780E-003,1.21203415216087837E-003)             (-0.49991511322436827,0.0000000000000000)
         908        2000  -101.41281548409174        1.0000000000045686        72.426237232775151       0.99991101774805002        8.8982256518879485E-005  -4.5685677463325192E-012  (-1.21290687701524555E-002,7.88889035515808474E-018)   (2.38693559575786640E-003,1.03158925757194063E-003)             (-0.49993689377337458,0.0000000000000000)
         909        2000  -100.31050227230585        1.0000000000045668        89.362056305672681       0.99993937174276226        6.0628261804988194E-005  -4.5667913894931189E-012  (-9.74764188628484372E-003,2.68738275503182593E-018)   (2.62185662267369222E-003,8.30111501855929990E-004)             (-0.49995699141662131,0.0000000000000000)
         910        2000  -99.208189060519970        1.0000000000045761        107.33125213170200       0.99996310198314475        3.6898021430158170E-005  -4.5761172628999702E-012  (-7.16377369322516305E-003,1.09093129337541833E-018)   (2.81412551189330357E-003,6.10584271677936828E-004)             (-0.49997384631488956,0.0000000000000000)
         911        2000  -98.105875848734087        1.0000000000045786        126.05043982695017       0.99998028467550326        1.9715329075175662E-005  -4.5785597535541456E-012  (-4.41898353669869896E-003,1.17221056847891292E-018)   (2.96211792162817200E-003,3.76349270840435580E-004)             (-0.49998607729765271,0.0000000000000000)
         912        2000  -97.003562636948203        1.0000000000045788        145.22440654530249       0.99998939454051006        1.0605464069139070E-005  -4.5787817981590706E-012  (-1.55515369870590681E-003,7.38076124236689444E-020)   (3.06630166933254686E-003,1.30996253329258589E-004)             (-0.49999257430267630,0.0000000000000000)
         913        2000  -95.901249425162320        1.0000000000045863        164.55076737687651       0.99998937087919737        1.0629125388908679E-005  -4.5863313147265217E-012   (1.38700660861165379E-003,1.26622342168705924E-018)  (3.12818354560395013E-003,-1.21731500294040588E-004)             (-0.49999255688094357,0.0000000000000000)
         914        2000  -94.798936213376436        1.0000000000045841        183.72473406322149       0.99997964054822919        2.0359456356336387E-005  -4.5841108686772714E-012  (4.36829364294985794E-003,-1.18345714015491724E-018)  (3.14897553209712204E-003,-3.77995627183556340E-004)             (-0.49998560423462646,0.0000000000000000)
         915        2000  -93.696623001590552        1.0000000000045948        202.44392173454838       0.99996012651173583        3.9873492857028744E-005  -4.5947690097136729E-012   (7.35011097172719435E-003,2.08746705838454180E-018)  (3.12848423168172671E-003,-6.33883277311330815E-004)             (-0.49997167127296432,0.0000000000000000)
         916        2000  -92.594309789804669        1.0000000000045988        220.41311758486856       0.99993126858166437        6.8731422934074633E-005  -4.5987658126023234E-012   (1.02927733979280411E-002,6.53608119761857792E-018)  (3.06463252499622127E-003,-8.85405476554056549E-004)             (-0.49995110431977702,0.0000000000000000)
         917        2000  -91.491996578018785        1.0000000000046074        237.34893658491839       0.99989406441754747        1.0593558705979918E-004  -4.6074255521943996E-012   (1.31537335842197133E-002,1.17775260563469123E-018)  (2.95378023817590958E-003,-1.12849663519618091E-003)             (-0.49992466007734238,0.0000000000000000)
         918        2000  -90.389683366232902        1.0000000000046183        252.98429080857736       0.99985011291058667        1.4988709402905415E-004  -4.6183057378357262E-012  (1.58864818055421686E-002,-1.90540986965444035E-018)  (2.79174298603422763E-003,-1.35903529452827891E-003)             (-0.49989351799209930,0.0000000000000000)
         919        2000  -89.287370154447018        1.0000000000046219        267.07260129500486       0.99980162163250585        1.9837837211505690E-004  -4.6218584515145267E-012  (1.84406665269042300E-002,-1.68837396433341165E-017)  (2.57521239819242641E-003,-1.57289687481025533E-003)             (-0.49985926646286244,0.0000000000000000)
         920        2000  -88.185056942661134        1.0000000000046250        279.39168697834697       0.99975133613352862        2.4866387109539107E-004  -4.6249670759834771E-012   (2.07636383482472341E-002,3.94558671672569057E-018)  (2.30318693676012610E-003,-1.76604022703240804E-003)             (-0.49982384241281519,0.0000000000000000)
         921        2000  -87.082743730875251        1.0000000000046276        289.74726856838004       0.99970236627722031        2.9763372740927843E-004  -4.6276316112425775E-012   (2.28032266848302925E-002,4.53279216353811901E-018)  (1.97801201420417551E-003,-1.93462393777201467E-003)             (-0.49978941286556849,0.0000000000000000)
         922        2000  -85.980430519089367        1.0000000000046347        297.97603229660206       0.99965791941225024        3.4208059238510557E-004  -4.6347370386001785E-012   (2.45111911938088560E-002,7.99384826658060333E-018)  (1.60568486827473468E-003,-2.07514348640499072E-003)             (-0.49975820392513237,0.0000000000000000)
         923        2000  -84.878117307303484        1.0000000000046367        303.94820574513341       0.99962098883863515        3.7901116599962063E-004  -4.6367354400445038E-012   (2.58465205298868995E-002,4.48976008481114727E-020)  (1.19522170896788657E-003,-2.18457299024684250E-003)             (-0.49973230154564524,0.0000000000000000)
         924        2000  -83.775804095517600        1.0000000000046436        307.56960413962037       0.99959406994016675        4.0593006447845446E-004  -4.6436188227971797E-012  (2.67776763457435590E-002,-8.51674525004839647E-018)  (7.57143386152878497E-004,-2.26048553632530753E-003)             (-0.49971346205301143,0.0000000000000000)
         925        2000  -82.673490883731716        1.0000000000046472        308.78311584793312       0.99957896935352952        4.2103065111869794E-004  -4.6471715364759802E-012   (2.72831072681989605E-002,2.62061870193909832E-018)  (3.01493228664708325E-004,-2.30112022358183255E-003)             (-0.49970297072202796,0.0000000000000000)
         926        2000  -81.571177671945833        1.0000000000046556        307.56960312029514       0.99957673196690688        4.2326803774821100E-004  -4.6556092314631314E-012  (2.73499281196096337E-002,-1.99031347519958640E-018) (-1.63864131279912588E-004,-2.30537169417667064E-003)             (-0.49970156995584547,0.0000000000000000)
         927        2000  -80.468864460159949        1.0000000000046492        303.94820367770069       0.99958765410933947        4.1234589531072307E-004  -4.6491699379203055E-012   (2.69714534188424566E-002,1.03818503694447979E-017) (-6.33813050385609203E-004,-2.27270501916214222E-003)             (-0.49970944963273944,0.0000000000000000)
         928        2000  -79.366551248374066        1.0000000000046589        297.97602925434501       0.99961131217027555        3.8868783438163857E-004  -4.6589399005370069E-012   (2.61449655898919366E-002,7.89128364094392915E-018) (-1.10490480868415293E-003,-2.20303880619967607E-003)             (-0.49972626583364599,0.0000000000000000)
         929        2000  -78.264238036588182        1.0000000000046585        289.74726467590602       0.99964654395797892        3.5345604667738178E-004  -4.6584958113271568E-012  (2.48712537388998053E-002,-1.20071649330221320E-018) (-1.57286512243433253E-003,-2.09667040233965912E-003)             (-0.49975114891021771,0.0000000000000000)
         930        2000  -77.161924824802298        1.0000000000046587        279.39168240149405       0.99969137871185654        3.0862129280277587E-004  -4.6587178559320819E-012  (2.31567847719579417E-002,-1.17772185307211220E-018) (-2.02982895775590672E-003,-1.95431209540935851E-003)             (-0.49978268669333925,0.0000000000000000)
         931        2000  -76.059611613016415        1.0000000000046620        267.07259629194073       0.99974298735139633        2.5701265326396938E-004  -4.6620485250059573E-012  (2.10179852208133879E-002,-8.08387573518242780E-018) (-2.46293867595792767E-003,-1.77725429125897053E-003)             (-0.49981891189411087,0.0000000000000000)
         932        2000  -74.957298401230531        1.0000000000046607        252.98428561798721       0.99979776283856014        2.0223716609769863E-004  -4.6607162573764072E-012  (1.84856420980527222E-002,-1.65551391945593212E-018) (-2.85558081821859046E-003,-1.56758946486009560E-003)             (-0.49985735419726307,0.0000000000000000)
         933        2000  -73.854985189444648        1.0000000000046547        237.34893137156681       0.99985160300767317        1.4839699698190905E-004  -4.6547210530434313E-012   (1.56067574840629102E-002,1.26909837859259878E-018) (-3.19128497872570201E-003,-1.32836724459158917E-003)             (-0.49989520758764394,0.0000000000000000)
         934        2000  -72.752671977658764        1.0000000000046614        220.41311255241260       0.99990036578249664        9.9634222164022627E-005  -4.6613823911911823E-012   (1.24419348427497571E-002,1.26592191520843317E-018) (-3.45874448680785112E-003,-1.06355786925631962E-003)             (-0.49992960826005794,0.0000000000000000)
         935        2000  -71.650358765872880        1.0000000000046698        202.44391703150220       0.99994036084199323        5.9639162674620623E-005  -4.6698200861783334E-012  (9.05838531391973435E-003,-2.35657742882467127E-018) (-3.65549544763210709E-003,-7.77791064704098207E-004)             (-0.49995795014852956,0.0000000000000000)
         936        2000  -70.548045554086997        1.0000000000046712        183.72472973458071       0.99996870576197150        3.1294242698001170E-005  -4.6711523538078836E-012   (5.52092709472680812E-003,3.71067671671184321E-018) (-3.78820214558526352E-003,-4.75962169784921820E-004)             (-0.49997813274559738,0.0000000000000000)
         937        2000  -69.445732342301113        1.0000000000046760        164.55076343909005       0.99998343990220162        1.6560102474359094E-005  -4.6760373351162343E-012  (1.88461080392523486E-003,-4.53620759916644790E-018) (-3.86913300121703978E-003,-1.62877802588149361E-004)             (-0.49998866792112212,0.0000000000000000)
         938        2000  -68.343419130515230        1.0000000000046825        145.22440303262266       0.99998341922179190        1.6580782889806108E-005  -4.6824766286590602E-012 (-1.80795123609739481E-003,-3.63395833112549476E-023)  (-3.91036018358564916E-003,1.56906745431370715E-004)             (-0.49998865144636984,0.0000000000000000)
         939        2000  -67.241105918729346        1.0000000000046807        126.05043678791687       0.99996812890396769        3.1871100711191042E-005  -4.6807002718196600E-012 (-5.52358373381596143E-003,-1.05196197698841742E-017)  (-3.91832109272347365E-003,4.79017637466726525E-004)             (-0.49997767797970089,0.0000000000000000)
         940        2000  -66.138792706943462        1.0000000000046840        107.33124951053296       0.99993757929525906        6.2420709422967367E-005  -4.6840309408935354E-012 (-9.23140517905226936E-003,-3.99263548094602958E-018)  (-3.89103188356754648E-003,7.99047209734137279E-004)             (-0.49995579670167339,0.0000000000000000)
         941        2000  -65.036479495157579        1.0000000000046754        89.362054031623813       0.99989238221886434        1.0761778580983091E-004  -4.6753712013014592E-012  (-1.28946565253623847E-002,7.66754369675786954E-019)  (-3.81879589912096805E-003,1.11234248626276475E-003)             (-0.49992356018382239,0.0000000000000000)
         942        2000  -63.934166283371695        1.0000000000046809        72.426235247355365       0.99983398488563013        1.6601511904990791E-004  -4.6809223164245850E-012  (-1.64646572106678553E-002,1.45086871766874962E-017)  (-3.68766870387537016E-003,1.41391617815995584E-003)             (-0.49988214553036681,0.0000000000000000)
         943        2000  -62.831853071585812        1.0000000000046774        56.790881136112645       0.99976493394215560        2.3506606252546717E-004  -4.6773696027457845E-012  (-1.98788436734787625E-002,8.57062301095845896E-018)  (-3.48408006623090538E-003,1.69851195175815188E-003)             (-0.49983347117809435,0.0000000000000000)
         944        2000  -61.729539859799928        1.0000000000046840        42.702570726153546       0.99968900002697825        3.1099997770917996E-004  -4.6840309408935354E-012  (-2.30632589850576046E-002,1.11890071983170432E-020)  (-3.19909768215297314E-003,1.96077924343636802E-003)             (-0.49978022144596390,0.0000000000000000)
         945        2000  -60.627226648014044        1.0000000000046896        30.383484942352283       0.99961102626063780        3.8897374405319100E-004  -4.6895820560166612E-012  (-2.59386420991870419E-002,1.04241975006932246E-017)  (-2.83141728664357967E-003,2.19549314821381033E-003)             (-0.49972571998572257,0.0000000000000000)
         946        2000  -59.524913436228161        1.0000000000047049        20.027903226045300       0.99953645876163311        4.6354124307248438E-004  -4.7049031337564884E-012  (-2.84286236184011117E-002,1.94824840707506925E-023)  (-2.38866489988752255E-003,2.39778456236626253E-003)             (-0.49967364287409943,0.0000000000000000)
         947        2000  -58.422600224442277        1.0000000000047151        11.799139329661804       0.99947064468572833        5.2935531898643006E-004  -4.7151171855830398E-012 (-3.04682265801092811E-002,-7.75389690056660965E-018)  (-1.88673647691522560E-003,2.56338027332295160E-003)             (-0.49962761526769356,0.0000000000000000)
         948        2000  -57.320287012656394        1.0000000000047191        5.8269655916630390       0.99941809997895859        5.8190002576213862E-004  -4.7191139884716904E-012  (-3.20106311642005883E-002,7.80245978344709753E-018)  (-1.34692337839367000E-003,2.68885015194497527E-003)             (-0.49959078207755037,0.0000000000000000)
         949        2000  -56.217973800870510        1.0000000000047136        2.2055668819907450       0.99938199782782622        6.1800217688695385E-004  -4.7135628733485646E-012 (-3.30300952134100628E-002,-5.40189477235282479E-019)  (-7.90957740313500616E-004,2.77181495211259281E-003)             (-0.49956546984260697,0.0000000000000000)
         950        2000  -55.115660589084627        1.0000000000047136       0.99205478206483888       0.99936406003480482        6.3593996991098201E-004  -4.7135628733485646E-012 (-3.35194921334488818E-002,-1.43363918111136514E-017)  (-2.35060955476908682E-004,2.81102114388779483E-003)             (-0.49955304291314639,0.0000000000000000)
         951        2000  -54.013347377298743        1.0000000000047184        2.2055671296717465       0.99936484683202864        6.3515317269011932E-004  -4.7184478546569153E-012 (-3.34825478559035994E-002,-7.66902229261144356E-018)   (3.14741114659056230E-004,2.80618536048466522E-003)             (-0.49955398672623824,0.0000000000000000)
         952        2000  -52.911034165512859        1.0000000000047269        5.8269662211528308       0.99938421537807520        6.1578462665072499E-004  -4.7268855496440665E-012  (-3.29233937682027258E-002,8.28103290570927904E-019)   (8.63174308388669283E-004,2.75759615741541855E-003)             (-0.49956813822181290,0.0000000000000000)
         953        2000  -51.808720953726976        1.0000000000047244        11.799140258043165       0.99942159361595329        5.7840638877331102E-004  -4.7244430589898911E-012 (-3.18384217067813405E-002,-1.53432641190168404E-018)   (1.42034471738052221E-003,2.66563192697745087E-003)             (-0.49959488694469817,0.0000000000000000)
         954        2000  -50.706407741941092        1.0000000000047249        20.027904618941594       0.99947581237363747        5.2418763108869157E-004  -4.7248871481997412E-012  (-3.02158195889010127E-002,1.44753497656549577E-018)   (1.99160964466228978E-003,2.53048784983009789E-003)             (-0.49963317221022918,0.0000000000000000)
         955        2000  -49.604094530155209        1.0000000000047247        30.383486800181561       0.99954454315072916        4.5545685399342120E-004  -4.7246651035948162E-012  (-2.80453458942403443E-002,3.67623191443332719E-018)   (2.56728418976867340E-003,2.35237124029161670E-003)             (-0.49968123845557555,0.0000000000000000)
         956        2000  -48.501781318369325        1.0000000000047322        42.702572921997202       0.99962372537153332        3.7627463319913821E-004  -4.7322146201622672E-012  (-2.53354928622702286E-002,7.98497345441290244E-018)   (3.11841518871896605E-003,2.13220056451615507E-003)             (-0.49973631711182037,0.0000000000000000)
         957        2000  -47.399468106583441        1.0000000000047324        56.790883775900518       0.99970748925872854        2.9251074600461979E-004  -4.7324366647671923E-012  (-2.21298108569694327E-002,3.76797854366935677E-018)   (3.60298844682145972E-003,1.87250506252769852E-003)             (-0.49979453321010009,0.0000000000000000)
         958        2000  -46.297154894797558        1.0000000000047411        72.426238225279889       0.99978885204533618        2.1114795940531476E-004  -4.7410964043592685E-012  (-1.85123991590701309E-002,8.91868780014789952E-020)   (3.98147854660314479E-003,1.57796494623299480E-003)             (-0.49985125972984584,0.0000000000000000)
         959        2000  -45.194841683011674        1.0000000000047458        89.362057423518934       0.99986099292276631        1.3900708197966990E-004  -4.7457593410626941E-012 (-1.45967566844815849E-002,-4.00278711881097282E-018)   (4.23435220021524047E-003,1.25513420521235360E-003)             (-0.49990186953073029,0.0000000000000000)
         960        2000  -44.092528471225791        1.0000000000047418        107.33125347299206       0.99991851295611622        8.1487048628305065E-005  -4.7417625381740436E-012  (-1.05008705979697785E-002,5.39176406858880094E-018)   (4.37173348194507590E-003,9.11369261111476823E-004)             (-0.49994254717279868,0.0000000000000000)
         961        2000  -42.990215259439907        1.0000000000047482        126.05044131316043       0.99995806123445918        4.1938770287659447E-005  -4.7482018317168695E-012  (-6.31951472236931024E-003,8.61374791670226372E-018)   (4.42909269562202605E-003,5.53482399693537379E-004)             (-0.49997075192885410,0.0000000000000000)
         962        2000  -41.887902047654023        1.0000000000047522        145.22440822920231       0.99997809619776190        2.1903806989746420E-005  -4.7521986346055201E-012  (-2.10715655655281577E-003,7.98908158652970347E-018)   (4.45044953712414072E-003,1.86852419592252862E-004)             (-0.49998514276773809,0.0000000000000000)
         963        2000  -40.785588835868140        1.0000000000047597        164.55076930372132       0.99997808608545546        2.1913919304817656E-005  -4.7597481511729711E-012   (2.12027765343476447E-003,7.44986658347392404E-019)  (4.46788769553677859E-003,-1.84518523333267940E-004)             (-0.49998513254116672,0.0000000000000000)
         964        2000  -39.683275624082256        1.0000000000047686        183.72473621458104       0.99995776356690735        4.2236437861448441E-005  -4.7686299353699724E-012   (6.36642515358676851E-003,1.17247295523811075E-018)  (4.48802878775236662E-003,-5.57137865324081570E-004)             (-0.49997046393358202,0.0000000000000000)
         965        2000  -38.580962412296373        1.0000000000047746        202.44392402027577       0.99991694298111666        8.3057023657730385E-005  -4.7746251397029482E-012   (1.06282974702477089E-002,6.72255407385034385E-018)  (4.49124149549828908E-003,-9.26952489818395138E-004)             (-0.49994113128409812,0.0000000000000000)
         966        2000  -37.478649200510489        1.0000000000047784        220.41311994294708       0.99985600049090440        1.4399951387558270E-004  -4.7783998979866737E-012   (1.48750210912581109E-002,1.15636200084056281E-018)  (4.44206468044280878E-003,-1.28869488206724580E-003)             (-0.49989768904889020,0.0000000000000000)
         967        2000  -36.376335988724605        1.0000000000047844        237.34893906902749       0.99977670475164382        2.2329525314000934E-004  -4.7843951023196496E-012  (1.90394520440768274E-002,-3.29276561676296551E-017)  (4.30410491449163563E-003,-1.63594195257043022E-003)             (-0.49984171643095981,0.0000000000000000)
         968        2000  -35.274022776938722        1.0000000000047879        252.98429331044875       0.99968290611792532        3.1709388686306330E-004  -4.7879478159984501E-012   (2.30234412161808219E-002,1.53581090561847377E-018)  (4.05213552143240865E-003,-1.96170640990786689E-003)             (-0.49977612744525390,0.0000000000000000)
         969        2000  -34.171709565152838        1.0000000000047959        267.07260375650628       0.99958068255244381        4.1931745235319960E-004  -4.7959414217757512E-012  (2.67120582344160425E-002,-1.20807356298772895E-019)  (3.67794733852544638E-003,-2.25912702205779796E-003)             (-0.49970513156480850,0.0000000000000000)
         970        2000  -33.069396353366955        1.0000000000047946        279.39168934847788       0.99947778063186010        5.2221937293427990E-004  -4.7946091541462010E-012  (2.99907589124492613E-002,-2.69655422095500174E-019)  (3.19066974558058526E-003,-2.52195276722081904E-003)             (-0.49963383088246965,0.0000000000000000)
         971        2000  -31.967083141581071        1.0000000000047993        289.74727066007898       0.99938245198513120        6.1754801966815696E-004  -4.7992720908496267E-012  (3.27611604393720987E-002,-6.35823314578297889E-018)  (2.61401767988742820E-003,-2.74477024694392158E-003)             (-0.49956756612693087,0.0000000000000000)
         972        2000  -30.864769929795187        1.0000000000048115        297.97603402864291       0.99930200876915576        6.9799123565761735E-004  -4.8114845441205034E-012   (3.49532609807292477E-002,1.58918337961308834E-018)  (1.98208341541269029E-003,-2.92314655159874124E-003)             (-0.49951117111047788,0.0000000000000000)
         973        2000  -29.762456718009304        1.0000000000048141        303.94820694937482       0.99924157787734336        7.5842212747138091E-004  -4.8141490793796038E-012   (3.65325717541779005E-002,2.02098747353982256E-019)  (1.33316888162999863E-003,-3.05386485623173037E-003)             (-0.49946831222635035,0.0000000000000000)
         974        2000  -28.660143506223420        1.0000000000048213        307.56960475225372       0.99920355181053755        7.9644819428457373E-004  -4.8212545067372048E-012   (3.74999033827286346E-002,4.43173118101772018E-019)  (7.00891102761874133E-004,-3.13518651753658161E-003)             (-0.49944110441565176,0.0000000000000000)
         975        2000  -27.557830294437537        1.0000000000048295        308.78311602532170       0.99918801503498544        8.1198496984425945E-004  -4.8294701571194310E-012   (3.78817235896654544E-002,5.34740903536293801E-018)  (1.03810891995888296E-004,-3.16696609627595445E-003)             (-0.49943015637407395,0.0000000000000000)
         976        2000  -26.455517082651653        1.0000000000048432        307.56960277495227       0.99919397396802978        8.0602603681322884E-004  -4.8432369226247829E-012   (3.77112142091514738E-002,1.62692449436508372E-023) (-4.62963889269408970E-004,-3.15036418307775012E-003)             (-0.49943506205247268,0.0000000000000000)
         977        2000  -25.353203870865769        1.0000000000048570        303.94820290421808       0.99922071569685433        7.7928430800259401E-004  -4.8570036881301348E-012   (3.70049745198170049E-002,3.76684417404746924E-018) (-1.02758291048158073E-003,-3.08689862089012775E-003)             (-0.49945511990128372,0.0000000000000000)
         978        2000  -24.250890659079886        1.0000000000048663        297.97602820666464       0.99926838739229840        7.3161261256565605E-004  -4.8663295615369861E-012   (3.57466123704671609E-002,5.76846863485200514E-018) (-1.62728135604938090E-003,-2.97728938100050257E-003)             (-0.49948982002013947,0.0000000000000000)
         979        2000  -23.148577447294002        1.0000000000048694        289.74726326486689       0.99933723849570388        6.6276150916639307E-004  -4.8694381860059366E-012   (3.38894517883060048E-002,1.84966770427748132E-017) (-2.28409241860683988E-003,-2.82093051760502018E-003)             (-0.49953867236242155,0.0000000000000000)
         980        2000  -22.046264235508119        1.0000000000048763        279.39168073661398       0.99942582464046947        5.7417536440758279E-004  -4.8763215687586126E-012   (3.13828837343567910E-002,2.91657884471940946E-021) (-2.98197278015246720E-003,-2.61646540793974546E-003)             (-0.49960035581950218,0.0000000000000000)
         981        2000  -20.943951023722235        1.0000000000048781        267.07259443163565       0.99952929556045389        4.7070444442443558E-004  -4.8780979255980128E-012  (2.82142054568294692E-002,-1.17818446471136192E-018) (-3.65939254180109230E-003,-2.36354101772421731E-003)             (-0.49967169628723895,0.0000000000000000)
         982        2000  -19.841637811936351        1.0000000000048861        252.98428357652796       0.99963906812540138        3.6093187948367517E-004  -4.8860915313753139E-012   (2.44455380865829276E-002,1.05102170581577895E-017) (-4.22749763986504049E-003,-2.06505382926069686E-003)             (-0.49974727299680999,0.0000000000000000)
         983        2000  -18.739324600150468        1.0000000000048863        237.34892935395462       0.99974445270013634        2.5554730475046549E-004  -4.8863135759802390E-012  (2.02217937587724599E-002,-4.34044058637827607E-018) (-4.60992787876848657E-003,-1.72829071154618910E-003)             (-0.49982019611899525,0.0000000000000000)
         984        2000  -17.637011388364584        1.0000000000048945        220.41311059268935       0.99983552227701256        1.6447772788153885E-004  -4.8945292263624651E-012   (1.57384805117729495E-002,2.80272055496212494E-018) (-4.78234376279746635E-003,-1.36379981377911241E-003)             (-0.49988381039277996,0.0000000000000000)
         985        2000  -16.534698176578701        1.0000000000049056        202.44391516271554       0.99990561251024845        9.4387494656246563E-005  -4.9056314566087167E-012   (1.11816340346394573E-002,9.06885918170183396E-018) (-4.78787538123972341E-003,-9.82615254113264986E-004)             (-0.49993335209728934,0.0000000000000000)
         986        2000  -15.432384964792817        1.0000000000048985        183.72472803580746       0.99995205500932371        4.7944995575822859E-005  -4.8985260292511157E-012  (6.66911082230470589E-003,-8.19194814273936777E-019) (-4.71838921895629225E-003,-5.93186102298365520E-004)             (-0.49996657952656487,0.0000000000000000)
         987        2000  -14.330071753006933        1.0000000000048967        164.55076192605856       0.99997492928781162        2.5070717084726016E-005  -4.8967496724117154E-012   (2.22425537012413107E-003,7.89101959395684782E-018) (-4.66876848949947416E-003,-1.99790200469023959E-004)             (-0.49998310777632998,0.0000000000000000)
         988        2000  -13.227758541221050        1.0000000000049039        145.22440170711889       0.99997492112393471        2.5078880969747838E-005  -4.9038550997693164E-012 (-2.20367762327666793E-003,-9.15774067818140518E-018)  (-4.69064035449476713E-003,1.96324884484485056E-004)             (-0.49998309926221146,0.0000000000000000)
         989        2000  -12.125445329435166        1.0000000000049130        126.05043559399384       0.99995185129021136        4.8148714703207044E-005  -4.9129589285712427E-012  (-6.68538430227497323E-003,1.10905558701185637E-018)  (-4.77203889654270741E-003,5.94198579657549708E-004)             (-0.49996636710878722,0.0000000000000000)
         990        2000  -11.023132117649283        1.0000000000049143        107.33124850350991       0.99990479575630531        9.5204248610342618E-005  -4.9142911962007929E-012  (-1.12531506930609402E-002,1.44777472714515470E-018)  (-4.84920456558416910E-003,9.90628980180450385E-004)             (-0.49993251052581916,0.0000000000000000)
         991        2000  -9.9208189058633991        1.0000000000049150        89.362053197910967       0.99983355815423236        1.6644185068408860E-004  -4.9149573300155680E-012  (-1.58657470825754529E-002,7.88853212723637903E-018)  (-4.84078382622879673E-003,1.37905324968905295E-003)             (-0.49988187542055290,0.0000000000000000)
         992        2000  -8.8185056940775155        1.0000000000049136        72.426234610209704       0.99974043115213207        2.5956885278110073E-004  -4.9136250623860178E-012 (-2.04090947786305342E-002,-1.09626552119228018E-020)  (-4.68381332965250082E-003,1.75051798242290197E-003)             (-0.49981657075356262,0.0000000000000000)
         993        2000  -7.7161924822916292        1.0000000000049165        56.790880642282303       0.99963115989028895        3.6884011462941051E-004  -4.9165116422500432E-012 (-2.47246507489640166E-002,-7.89127890682209026E-018)  (-4.35258191350106245E-003,2.09564771157032086E-003)             (-0.49974084461753748,0.0000000000000000)
         994        2000  -6.6138792705057368        1.0000000000049261        42.702570227698438       0.99951460297697436        4.8539702795025099E-004  -4.9260595602618196E-012 (-2.86471179028169702E-002,-3.89290709943801555E-018)  (-3.85890721249940779E-003,2.40618148067893054E-003)             (-0.49966063774280722,0.0000000000000000)
         995        2000  -5.5115660587198443        1.0000000000049234        30.383484551930398       0.99940124113261608        5.9875887230691162E-004  -4.9233950250027192E-012 (-3.20363303275641165E-002,-3.80111013992727634E-018)  (-3.24068125336744728E-003,2.67575177768816569E-003)             (-0.49958258550866214,0.0000000000000000)
         996        2000  -4.4092528469339518        1.0000000000049243        20.027902830913561       0.99930109021305979        6.9890979186502445E-004  -4.9242832034224193E-012  (-3.47958389737652307E-002,1.95852159563050633E-017)  (-2.54770647886234545E-003,2.89968914342732514E-003)             (-0.49951290809327320,0.0000000000000000)
         997        2000  -3.3069396351480593        1.0000000000049247        11.799138893445475       0.99922168809941159        7.7831190551219480E-004  -4.9247272926322694E-012  (-3.68796870404736812E-002,8.43746391807430113E-018)  (-1.83262376553935502E-003,3.07454383561242724E-003)             (-0.49945649253793822,0.0000000000000000)
         998        2000  -2.2046264233621669        1.0000000000049289        5.8269653525199949       0.99916680442475392        8.3319558017446295E-004  -4.9289461401258450E-012  (-3.82912667014208841E-002,5.89295669947735410E-018)  (-1.14330390037838668E-003,3.19822017232731116E-003)             (-0.49941630741693727,0.0000000000000000)
         999        2000  -1.1023132115762744        1.0000000000049334        2.2055668000870958       0.99913641219634375        8.6358780859051125E-004  -4.9333870322243456E-012 (-3.90734611739625079E-002,-1.28575104577878833E-018)  (-5.12713369986067102E-004,3.27005761586499121E-003)             (-0.49939330107040170,0.0000000000000000)
        1000        2000   2.0961801738828001E-010   1.0000000000049327       0.99205487521667290       0.99912804549420087        8.7195451073251475E-004  -4.9327208984095705E-012 (-3.92898715733302345E-002,-1.63401559324470491E-018)   (4.93087877396621927E-005,3.29083529691442641E-003)             (-0.49938683358682784,0.0000000000000000)
        1001        2000   1.1023132119955104        1.0000000000049496        2.2055673947018812       0.99913905280522441        8.6094719972564632E-004  -4.9495962883838729E-012 (-3.89980494632976987E-002,-8.09186577034869751E-019)   (5.65161742652359753E-004,3.26300399338865735E-003)             (-0.49939555937284813,0.0000000000000000)
        1002        2000   2.2046264237814026        1.0000000000049523        5.8269664161714303       0.99916868970753847        8.3131029741380401E-004  -4.9522608236429733E-012 (-3.82167619696680769E-002,-9.33519329287405137E-019)   (1.09031187042019930E-003,3.18906261425352206E-003)             (-0.49941854523889251,0.0000000000000000)
        1003        2000   3.3069396355672951        1.0000000000049554        11.799140435032855       0.99921867480094650        7.8132520400708816E-004  -4.9553694481119237E-012 (-3.69052831525519057E-002,-1.08510493022565961E-021)   (1.68738086719720450E-003,3.06955210042434172E-003)             (-0.49945588522609652,0.0000000000000000)
        1004        2000   4.4092528473531871        1.0000000000049496        20.027904830587332       0.99929150289301716        7.0849711193211005E-004  -4.9495962883838729E-012 (-3.49744580334172897E-002,-1.43397608462026829E-017)   (2.38934958806104932E-003,2.90292961314246025E-003)             (-0.49950815339674204,0.0000000000000000)
        1005        2000   5.5115660591390796        1.0000000000049614        30.383486998070527       0.99938728986348058        6.1271014148109575E-004  -4.9613646524448995E-012  (-3.23307113951551844E-002,2.08493372199892625E-017)   (3.16960947505417860E-003,2.68635949779978895E-003)             (-0.49957488914257397,0.0000000000000000)
        1006        2000   6.6138792709249721        1.0000000000049600        42.702573162785853       0.99950101937013747        4.9898063482427713E-004  -4.9600323848153494E-012  (-2.89404534950148257E-002,2.59561190564095350E-020)   (3.93230781907379437E-003,2.41820124555778160E-003)             (-0.49965293752827633,0.0000000000000000)
        1007        2000   7.7161924827108646        1.0000000000049645        56.790884089927609       0.99962214093716439        3.7785906780009765E-004  -4.9644732769138500E-012 (-2.48852239165356648E-002,-1.00035025429503458E-018)   (4.54265269564097744E-003,2.10178762352727228E-003)             (-0.49973583673713690,0.0000000000000000)
        1008        2000   8.8185056944967499        1.0000000000049698        72.426238672636913       0.99973723988956875        2.6276011540016941E-004  -4.9698023474320507E-012 (-2.03685058214605509E-002,-7.80217579872916981E-018)   (4.89310522147590535E-003,1.74704920332112933E-003)             (-0.49981509123225609,0.0000000000000000)
        1009        2000   9.9208189062826335        1.0000000000049676        89.362057958813878       0.99983442781554654        1.6557218941908267E-004  -4.9675819013828004E-012 (-1.56592911597951377E-002,-1.92691915414909784E-018)   (4.96101071330135469E-003,1.36791275545258156E-003)             (-0.49988280455874368,0.0000000000000000)
        1010        2000   11.023132118068517        1.0000000000049651        107.33125401053259       0.99990682140315923        9.3178601805815056E-005  -4.9651394107286251E-012 (-1.09990955741343186E-002,-7.88591631024939562E-018)   (4.82430274534103795E-003,9.78305691475187282E-004)             (-0.49993400259175580,0.0000000000000000)
        1011        2000   12.125445329854401        1.0000000000049745        126.05044191729101       0.99995313463698454        4.6865367989191473E-005  -4.9744652841354764E-012 (-6.51614436866417967E-003,-4.71349235147079991E-018)   (4.63004337318064559E-003,5.87611729002680307E-004)             (-0.49996726513563011,0.0000000000000000)
        1012        2000   13.227758541640284        1.0000000000049800        145.22440890654104       0.99997534551029044        2.4654494691039307E-005  -4.9800163992586022E-012  (-2.19298021935499226E-003,5.25824712978328408E-018)   (4.51878041720479330E-003,1.98135360255319228E-004)             (-0.49998341544108643,0.0000000000000000)
        1013        2000   14.330071753426168        1.0000000000049842        164.55077005204663       0.99997533466462074        2.4665340362748946E-005  -4.9842352467521778E-012  (2.09084177962973487E-003,-6.62469800519432020E-018)  (4.55404334062669766E-003,-1.92024489116181696E-004)             (-0.49998340698917376,0.0000000000000000)
        1014        2000   15.432384965212051        1.0000000000049907        183.72473702696527       0.99995291788316254        4.7082121825463719E-005  -4.9906745402950037E-012   (6.47032466289648982E-003,4.62796464425284766E-018)  (4.70152190989041926E-003,-5.84560835869512956E-004)             (-0.49996709258312649,0.0000000000000000)
        1015        2000   16.534698176997935        1.0000000000049933        202.44392490555694       0.99990642690850240        9.3573096490505981E-005  -4.9933390755541041E-012  (1.10081368450457850E-002,-2.82161267860197672E-021)  (4.85231635745651813E-003,-9.77489121398804426E-004)             (-0.49993365539998630,0.0000000000000000)
        1016        2000   17.637011388783819        1.0000000000050000        220.41312089539579       0.99983515880446050        1.6484120053789165E-004  -5.0000004137018550E-012   (1.56479277508605359E-002,7.71697710370201554E-018)  (4.88076494152617398E-003,-1.36310657871911559E-003)             (-0.49988320239993916,0.0000000000000000)
        1017        2000   18.739324600569702        1.0000000000050107        237.34893996498502       0.99974187960758976        2.5812039741945583E-004  -5.0106585547382565E-012   (2.02276498268140273E-002,3.22583744568332942E-018)  (4.70299124476149678E-003,-1.73029407170168762E-003)             (-0.49981822085404615,0.0000000000000000)
        1018        2000   19.841637812355586        1.0000000000050111        252.98429419065047       0.99963380393425860        3.6619607075308758E-004  -5.0111026439481066E-012  (2.45327503535549413E-002,-1.31079789694883352E-018)  (4.29769927823761989E-003,-2.06792632590232757E-003)             (-0.49974389745019726,0.0000000000000000)
        1019        2000   20.943951024141469        1.0000000000050162        267.07260461215247       0.99952158857391049        4.7841143110567285E-004  -5.0162096698613823E-012   (2.83565771053728329E-002,7.71325414309327739E-018)  (3.70170052266263760E-003,-2.36667690050564993E-003)             (-0.49966721949698878,0.0000000000000000)
        1020        2000   22.046264235927353        1.0000000000050184        279.39169018489667       0.99941689003383316        5.8310997118516089E-004  -5.0184301159106326E-012   (3.15475759468970621E-002,1.92829771831978238E-018)  (2.98684997848637371E-003,-2.62067182649286046E-003)             (-0.49959538290504224,0.0000000000000000)
        1021        2000   23.148577447713237        1.0000000000050286        289.74727164408699       0.99932959614502215        6.7040386000511863E-004  -5.0286441677371840E-012   (3.40284186707037403E-002,6.35832786207495045E-018)  (2.22962099550985020E-003,-2.82674749988546820E-003)             (-0.49953434231579341,0.0000000000000000)
        1022        2000   24.250890659499120        1.0000000000050360        297.97603505372609       0.99926571522729191        7.3428477774397510E-004  -5.0359716396997101E-012   (3.57929746326537956E-002,1.16024972515870509E-017)  (1.49781769031874339E-003,-2.98304011635322844E-003)             (-0.49948793765268107,0.0000000000000000)
        1023        2000   25.353203871285004        1.0000000000050404        303.94820798536779       0.99922655343939637        7.7344656564205621E-004  -5.0404125317982107E-012  (3.68929037398924922E-002,-1.82444361712015574E-019)  (8.40666335386441930E-004,-3.08938735153814438E-003)             (-0.49945761601008604,0.0000000000000000)
        1024        2000   26.455517083070887        1.0000000000050406        307.56960583465235       0.99920953092145814        7.9046908358296750E-004  -5.0406345764031357E-012   (3.74127744370109719E-002,2.53292829165029415E-018)  (2.76832048187939338E-004,-3.14658336713472160E-003)             (-0.49944285674069089,0.0000000000000000)
        1025        2000   27.557830294856771        1.0000000000050511        308.78311692597731       0.99921031688034634        7.8968312470413765E-004  -5.0510706728346122E-012   (3.74414926497074751E-002,2.19533623519186382E-019) (-2.01077591227146504E-004,-3.15560734243575938E-003)             (-0.49944203383653624,0.0000000000000000)
        1026        2000   28.660143506642655        1.0000000000050555        307.56960358450493       0.99922543778906403        7.7456221599296366E-004  -5.0555115649331128E-012   (3.70464129595088551E-002,1.61391390679135505E-020) (-6.30337740082053820E-004,-3.11952849128201495E-003)             (-0.49945336739584778,0.0000000000000000)
        1027        2000   29.762456718428538        1.0000000000050555        303.94820372942303       0.99925437372063752        7.4562628441764991E-004  -5.0555115649331128E-012   (3.62399148152994302E-002,1.80277034545803094E-019) (-1.08384103296257873E-003,-3.04103926028151091E-003)             (-0.49947605750630802,0.0000000000000000)
        1028        2000   30.864769930214422        1.0000000000050595        297.97602894501756       0.99929975840794871        7.0024159711206551E-004  -5.0595083678217634E-012   (3.49625211646996323E-002,1.45312648392255557E-022) (-1.63031336867145620E-003,-2.91978424104002033E-003)             (-0.49951072296119992,0.0000000000000000)
        1029        2000   31.967083142000305        1.0000000000050748        289.74726413914954       0.99936514984092528        6.3485016414776565E-004  -5.0748294455615905E-012   (3.31060989365089542E-002,4.24112324392617964E-018) (-2.29853287877722053E-003,-2.75429800919424830E-003)             (-0.49955846662521763,0.0000000000000000)
        1030        2000   33.069396353786189        1.0000000000050817        279.39168177865730       0.99945159305457587        5.4840695050586822E-004  -5.0817128283142665E-012   (3.05623194753122072E-002,2.48547873501414501E-017) (-3.05745430173234379E-003,-2.54189657902706249E-003)             (-0.49961927490374236,0.0000000000000000)
        1031        2000   34.171709565572073        1.0000000000050819        267.07259544958197       0.99955483260298783        4.4516740209481345E-004  -5.0819348729191915E-012   (2.72890631039303111E-002,4.19184893026746649E-018) (-3.80275553215423398E-003,-2.28077230578383611E-003)             (-0.49969040829482775,0.0000000000000000)
        1032        2000   35.274022777357956        1.0000000000050846        252.98428461859061       0.99966497649495456        3.3502351013294798E-004  -5.0845994081782919E-012   (2.33687320903213126E-002,4.62491507688737924E-018) (-4.38987480577267795E-003,-1.97460486550831739E-003)             (-0.49976582267220881,0.0000000000000000)
        1033        2000   36.376335989143840        1.0000000000050890        237.34893034629422       0.99976927616034938        2.3072384473887817E-004  -5.0890403002767925E-012  (1.90127875306192254E-002,-7.72295971796456861E-018) (-4.70719489349703812E-003,-1.63386802197744343E-003)             (-0.49983752400746057,0.0000000000000000)
        1034        2000   37.478649200929723        1.0000000000050917        220.41311149323079       0.99985654818187841        1.4345182321213654E-004  -5.0917048355358929E-012   (1.45002174200951177E-002,5.89246639006349628E-018) (-4.73144414272883267E-003,-1.27238675715946156E-003)             (-0.49989820617214875,0.0000000000000000)
        1035        2000   38.580962412715607        1.0000000000050979        202.44391600664079       0.99992058505926917        7.9414945827594030E-005  -5.0979220844737938E-012   (1.00835249197824758E-002,1.75991328674871404E-017) (-4.53968688944889932E-003,-9.04140946058792179E-004)             (-0.49994345082166342,0.0000000000000000)
        1036        2000   39.683275624501491        1.0000000000051019        183.72472879723142       0.99996072800521318        3.9271999889425439E-005  -5.1019188873624444E-012  (5.89972555917740293E-003,-9.06919495215001360E-018) (-4.28509113724730422E-003,-5.38908986623862414E-004)             (-0.49997231490933347,0.0000000000000000)
        1037        2000   40.785588836287374        1.0000000000051121        164.55076265564188       0.99997956863468906        2.0431370421879969E-005  -5.1121329391889958E-012  (1.93166539534412479E-003,-3.85835306881116969E-018) (-4.11847135761002434E-003,-1.78642850289277262E-004)             (-0.49998606423329478,0.0000000000000000)
        1038        2000   41.887902048073258        1.0000000000051119        145.22440236735463       0.99997957850105490        2.0421504056733273E-005  -5.1119108945840708E-012  (-1.95007292454019675E-003,7.16371672453279719E-018)  (-4.11216690855289568E-003,1.78982803684269907E-004)             (-0.49998607107586307,0.0000000000000000)
        1039        2000   42.990215259859141        1.0000000000051101        126.05043617519722       0.99996105596191875        3.8944043191773195E-005  -5.1101345377446705E-012  (-5.89831331340118573E-003,1.04274501561407665E-017)  (-4.24098456451451906E-003,5.36340693168272297E-004)             (-0.49997254180376460,0.0000000000000000)
        1040        2000   44.092528471645025        1.0000000000051072        107.33124899502762       0.99992255847105460        7.7441534052554031E-005  -5.1072479578806451E-012 (-9.99920367771942910E-003,-2.31544441195138238E-018)  (-4.39718764835248053E-003,8.93092873465688511E-004)             (-0.49994482359167303,0.0000000000000000)
        1041        2000   45.194841683430909        1.0000000000051126        89.362053600651350       0.99986325746894522        1.3674253616697968E-004  -5.1125770283988459E-012  (-1.42151528537539720E-002,9.14264171297618224E-020)  (-4.44505790652086064E-003,1.24275129037139972E-003)             (-0.49990290628731143,0.0000000000000000)
        1042        2000   46.297154895216792        1.0000000000051141        72.426234986556963       0.99978546617109310        2.1453383402093851E-004  -5.1141313406333211E-012 (-1.83919302216074762E-002,-8.07255842302193669E-018)  (-4.28923602134695034E-003,1.57487477030925104E-003)             (-0.49984889556342649,0.0000000000000000)
        1043        2000   47.399468107002676        1.0000000000051155        56.790881028339712       0.99969570903316862        3.0429097194528107E-004  -5.1154636082628713E-012  (-2.23117023771770527E-002,1.10868949350172348E-018)  (-3.89738145349365767E-003,1.87890210253984099E-003)             (-0.49978742506642637,0.0000000000000000)
        1044        2000   48.501781318788559        1.0000000000051228        42.702570651569175       0.99960378975315389        3.9621025196718651E-004  -5.1227910802253973E-012 (-2.57564935743214152E-002,-9.07186786017659748E-018)  (-3.30242562329685543E-003,2.14517530318170157E-003)             (-0.49972488206174537,0.0000000000000000)
        1045        2000   49.604094530574443        1.0000000000051230        30.383484931609814       0.99952031612208325        4.7968388303951408E-004  -5.1230131248303223E-012 (-2.85659909397890065E-002,-1.43670429259534353E-018)  (-2.58504689186809687E-003,2.36770199996336368E-003)             (-0.49966780244430381,0.0000000000000000)
        1046        2000   50.706407742360327        1.0000000000051308        20.027903142974498       0.99945388757222342        5.4611243290855164E-004  -5.1307846860026984E-012  (-3.06655190288197370E-002,1.01948137673472197E-018)  (-1.83541506125754089E-003,2.54388517950712408E-003)             (-0.49962133242887879,0.0000000000000000)
        1047        2000   51.808720954146210        1.0000000000051323        11.799139142221332       0.99940909079963591        5.9090920549735842E-004  -5.1323389982371737E-012  (-3.20647072022913690E-002,2.66560145865485771E-020)  (-1.13341297715864034E-003,2.67303178592437221E-003)             (-0.49958833824514287,0.0000000000000000)
        1048        2000   52.911034165932094        1.0000000000051397        5.8269654105537230       0.99938596198459961        6.1403802053597127E-004  -5.1396664701996997E-012 (-3.28387695600633744E-002,-7.98319876254238558E-018)  (-5.30942709330511063E-004,2.75662542094191844E-003)             (-0.49956926648061734,0.0000000000000000)
        1049        2000   54.013347377717977        1.0000000000051374        2.2055667222696531       0.99938109047148882        6.1890953365086097E-004  -5.1374460241504494E-012  (-3.30938872136132545E-002,9.49949230129861752E-018)  (-4.01391701783713708E-005,2.79663368878808102E-003)             (-0.49956281616968978,0.0000000000000000)
        1050        2000   55.115660589503861        1.0000000000051399       0.99205476326942610       0.99938977180471278        6.1022820042785214E-004  -5.1398885148046247E-012  (-3.29329196008841044E-002,1.73029428551915396E-017)   (3.55184709197858730E-004,2.79459824257175232E-003)             (-0.49956693502427657,0.0000000000000000)
        1051        2000   56.217973801289745        1.0000000000051477        2.2055672059102984       0.99940831863953139        5.9168136561888254E-004  -5.1476600759770008E-012 (-3.24293405566451406E-002,-3.22467395232571567E-018)   (6.99130087470688634E-004,2.75371264421733200E-003)             (-0.49957972886992041,0.0000000000000000)
        1052        2000   57.320287013075628        1.0000000000051601        5.8269662957563408       0.99943573247034312        5.6426753481365400E-004  -5.1600945738528026E-012  (-3.15980712286517487E-002,4.62518766921230101E-018)   (1.06390796578389080E-003,2.67598225789639991E-003)             (-0.49960037511809968,0.0000000000000000)
        1053        2000   58.422600224861512        1.0000000000051668        11.799140382009485       0.99947370824487713        5.2629176029014130E-004  -5.1667559120005535E-012 (-3.03881414238656271E-002,-7.80242301295528442E-018)   (1.50674505141847569E-003,2.56066282386701975E-003)             (-0.49962926894913706,0.0000000000000000)
        1054        2000   59.524913436647395        1.0000000000051710        20.027904612110390       0.99952482232467010        4.7517768050214364E-004  -5.1709747594941291E-012 (-2.87101487308680375E-002,-3.39037599238039430E-018)   (2.04863489556225339E-003,2.40729856616910421E-003)             (-0.49966712258284041,0.0000000000000000)
        1055        2000   60.627226648433279        1.0000000000051790        30.383486612278521       0.99959002867271629        4.0997133245960658E-004  -5.1789683652714302E-012 (-2.64745740041787553E-002,-9.70447716868695135E-018)   (2.66632678397484999E-003,2.21449570263372326E-003)             (-0.49971384789648343,0.0000000000000000)
        1056        2000   61.729539860219163        1.0000000000051830        42.702572692707683       0.99966666032552842        3.3333967965374869E-004  -5.1829651681600808E-012  (-2.36428533257344586E-002,6.51417706529711482E-018)   (3.27910497333469423E-003,1.98168207778498138E-003)             (-0.49976747944594208,0.0000000000000000)
        1057        2000   62.831853072005046        1.0000000000051736        56.790883433153489       0.99974810401542991        2.5189598974592706E-004  -5.1736392947532295E-012  (-2.02718468948800308E-002,3.04817627296900377E-019)   (3.77720568289176620E-003,1.71246606566999152E-003)             (-0.49982381130487202,0.0000000000000000)
        1058        2000   63.934166283790930        1.0000000000051776        72.426237857884999       0.99982557834951635        1.7442165565711686E-004  -5.1776360976418800E-012  (-1.65182623431761183E-002,9.06919235793875662E-018)   (4.07136613976466066E-003,1.41502360564579660E-003)             (-0.49987730850292728,0.0000000000000000)
        1059        2000   65.036479495576813        1.0000000000051705        89.362057068602752       0.99989105510820742        1.0894489696526611E-004  -5.1705306702842790E-012  (-1.25974419949314732E-002,1.08535964833252542E-018)   (4.13412975706033310E-003,1.10027081604763179E-003)             (-0.49992280974491227,0.0000000000000000)
        1060        2000   66.138792707362697        1.0000000000051861        107.33125301064148       0.99993966103861376        6.0338966574502834E-005  -5.1860737926290312E-012 (-8.71655152310320779E-003,-1.44984299150879749E-018)   (4.00897979952150388E-003,7.78950463590640419E-004)             (-0.49995700735240606,0.0000000000000000)
        1061        2000   67.241105919148580        1.0000000000052018        126.05044076970249       0.99997033982686800        2.9660178334123931E-005  -5.2018389595787085E-012  (-5.01133572586951511E-003,6.53863646162880400E-018)   (3.79571472065924056E-003,4.59835792481614691E-004)             (-0.49997893000626126,0.0000000000000000)
        1062        2000   68.343419130934464        1.0000000000052029        145.22440757866497       0.99998465958215677        1.5340423046313298E-005  -5.2029491826033336E-012 (-1.50910859303391765E-003,-1.71413346908564704E-017)   (3.60912397398935455E-003,1.46746814980612436E-004)             (-0.49998931609295366,0.0000000000000000)
        1063        2000   69.445732342720348        1.0000000000052138        164.55076853223696       0.99998470210323454        1.5297901980659920E-005  -5.2138293682446601E-012   (1.85622817069665941E-003,5.44280566053467299E-019)  (3.51927802358014156E-003,-1.60665336109135743E-004)             (-0.49998934354445607,0.0000000000000000)
        1064        2000   70.548045554506231        1.0000000000052240        183.72473534267678       0.99997148641284872        2.8513592376560673E-005  -5.2240434200712116E-012   (5.18669366153642810E-003,9.25039961905027556E-018)  (3.52888404159067528E-003,-4.63026484888185439E-004)             (-0.49997967492065498,0.0000000000000000)
        1065        2000   71.650358766292115        1.0000000000052363        202.44392309499023       0.99994483483957219        5.5165165664681935E-005  -5.2362558733420883E-012  (8.55781099740570393E-003,-8.89396104781710921E-020)  (3.58249764832204278E-003,-7.59889227264940186E-004)             (-0.49996040113660289,0.0000000000000000)
        1066        2000   72.752671978077998        1.0000000000052462        220.41311898483164       0.99990456093571023        9.5439069535625541E-005  -5.2462478805637147E-012   (1.19709781299082267E-002,3.56064583325629515E-019)  (3.58865419374294588E-003,-1.04800601779643726E-003)             (-0.49993176833075964,0.0000000000000000)
        1067        2000   73.854985189863882        1.0000000000052522        237.34893803108136       0.99985209057428381        1.4790943097024400E-004  -5.2522430848966906E-012   (1.53391879420305029E-002,1.61937284140599202E-018)  (3.46472256481010097E-003,-1.32049131429114478E-003)             (-0.49989512633394612,0.0000000000000000)
        1068        2000   74.957298401649766        1.0000000000052565        252.98429226622937       0.99979142124769449        2.0857875756084872E-004  -5.2564619323902662E-012  (1.85131157009951891E-002,-6.61940652507047749E-018)  (3.16905617204179570E-003,-1.56943909191392824E-003)             (-0.49985338157996378,0.0000000000000000)
        1069        2000   76.059611613435649        1.0000000000052620        267.07260272848748       0.99972884485240410        2.7115515286066610E-004  -5.2620130475133919E-012   (2.13253408598057283E-002,3.90004660382949378E-018)  (2.70756084522989077E-003,-1.78743206127863455E-003)             (-0.49981069567663500,0.0000000000000000)
        1070        2000   77.161924825221533        1.0000000000052724        279.39168839739523       0.99967156016374437        3.2843984152734133E-004  -5.2724491439448684E-012  (2.36350113067998989E-002,-1.04231560365191015E-017)  (2.12711206838246073E-003,-1.96893005253912087E-003)             (-0.49977159200153665,0.0000000000000000)
        1071        2000   78.264238037007416        1.0000000000052727        289.74727000035517       0.99962581023118746        3.7418977408453679E-004  -5.2726711885497934E-012  (2.53592199143134224E-002,-1.31519936862087138E-017)  (1.49707678863728825E-003,-2.11057589379702679E-003)             (-0.49973989315067679,0.0000000000000000)
        1072        2000   79.366551248793300        1.0000000000052764        297.97603379900653       0.99959533218058327        4.0466782469295037E-004  -5.2764459468335190E-012   (2.64861039756114809E-002,9.97390658734609954E-018)  (8.90152203660779604E-004,-2.21173926094822473E-003)             (-0.49971789299173136,0.0000000000000000)
        1073        2000   80.468864460579184        1.0000000000052789        303.94820727415083       0.99958078531115746        4.1921469412225051E-004  -5.2788884374876943E-012   (2.70641564154226986E-002,1.03308190747766511E-017)  (3.54104196122754860E-004,-2.27416176466319238E-003)             (-0.49970614086585080,0.0000000000000000)
        1074        2000   81.571177672365067        1.0000000000052938        307.56960561781364       0.99958029915817137        4.1970084712169658E-004  -5.2937654260176714E-012   (2.71738675011948989E-002,1.07946692029553743E-021) (-9.19252371719319266E-005,-2.29920718304540148E-003)             (-0.49970386263808481,0.0000000000000000)
        1075        2000   82.673490884150951        1.0000000000052947        308.78311726366508       0.99959068596661382        4.0931403868084876E-004  -5.2946536044373715E-012   (2.69045370953224887E-002,1.68642404230283080E-017) (-4.49021128512202693E-004,-2.28909398187295650E-003)             (-0.49970951203964170,0.0000000000000000)
        1076        2000   83.775804095936834        1.0000000000053018        307.56960444959634       0.99960891417699738        3.9108582830309880E-004  -5.3017590317949725E-012   (2.63287937935194408E-002,1.56796408921983139E-021) (-7.50191465157926162E-004,-2.24710781396214197E-003)             (-0.49972146883316576,0.0000000000000000)
        1077        2000   84.878117307722718        1.0000000000053055        303.94820499885520       0.99963325575533413        3.6674424996904423E-004  -5.3055337900786981E-012  (2.54769706931754214E-002,-2.26726614961975686E-018) (-1.04412541134765681E-003,-2.17427193488820914E-003)             (-0.49973870951127858,0.0000000000000000)
        1078        2000   85.980430519508602        1.0000000000053089        297.97603061826004       0.99966343400815438        3.3656599715469176E-004  -5.3088644591525735E-012   (2.43373976986928503E-002,7.79988970266545332E-018) (-1.36626399821860342E-003,-2.07119318369287366E-003)             (-0.49976081788308019,0.0000000000000000)
        1079        2000   87.082743731294485        1.0000000000053149        289.74726610180574       0.99969989851269103        3.0010149262323197E-004  -5.3148596634855494E-012  (2.28702932021187452E-002,-1.83650253475851225E-019) (-1.73755547773007230E-003,-1.93856890183759386E-003)             (-0.49978762158332835,0.0000000000000000)
        1080        2000   88.185056943080369        1.0000000000053182        279.39168393062835       0.99974268385891518        2.5731614640637915E-004  -5.3181903325594249E-012  (2.10292523328006291E-002,-5.53075367559393214E-020) (-2.14797169404924672E-003,-1.77611983497958487E-003)             (-0.49981868612846669,0.0000000000000000)
        1081        2000   89.287370154866252        1.0000000000053153        267.07259782235320       0.99979038944392118        2.0961056139440326E-004  -5.3153037526953995E-012   (1.87934528190652553E-002,1.44374962907094531E-018) (-2.55727664917363220E-003,-1.58543381860264164E-003)             (-0.49985276050352939,0.0000000000000000)
        1082        2000   90.389683366652136        1.0000000000053226        252.98428712792605       0.99983991193331601        1.6008807200768588E-004  -5.3226312246579255E-012  (1.61879323097997296E-002,-1.26636876485536124E-018) (-2.91256128311233493E-003,-1.36913103010007997E-003)             (-0.49988767936141448,0.0000000000000000)
        1083        2000   91.491996578438020        1.0000000000053269        237.34893288070953       0.99988702460719292        1.1297539813599608E-004  -5.3268500721515011E-012   (1.32924050625085749E-002,1.15753602533794992E-018) (-3.15726395412038816E-003,-1.13206184686350008E-003)             (-0.49992066366679044,0.0000000000000000)
        1084        2000   92.594309790223903        1.0000000000053335        220.41311396792790       0.99992755227136154        7.2447733971207928E-005  -5.3335114102992520E-012   (1.02276594146059139E-002,2.53609630220310174E-018) (-3.26816107993476747E-003,-8.82007061389287724E-004)             (-0.49994899236477264,0.0000000000000000)
        1085        2000   93.696623002009787        1.0000000000053384        202.44391835596900       0.99995852860482914        4.1471400509384985E-005  -5.3383963916076027E-012  (7.11844179966908321E-003,-1.73017700540477380E-019) (-3.25723915236503367E-003,-6.24822918032420945E-004)             (-0.49997073759189953,0.0000000000000000)
        1086        2000   94.798936213795670        1.0000000000053502        183.72473096645280       0.99997869040663501        2.1309598713899661E-005  -5.3501647556686294E-012  (4.06972787363435191E-003,-2.62541731446155814E-018) (-3.15368756964423940E-003,-3.66905756920256072E-004)             (-0.49998500644953109,0.0000000000000000)
        1087        2000   95.901249425581554        1.0000000000053519        164.55076457174297       0.99998827785638300        1.1722148969401504E-005  -5.3519411125080296E-012   (1.14273251193120905E-003,1.53624348469609103E-018) (-3.01705392099585468E-003,-1.13902505186496200E-004)             (-0.49999185444427208,0.0000000000000000)
        1088        2000   97.003562637367438        1.0000000000053526        145.22440407605637       0.99998832373554680        1.1676269809518545E-005  -5.3526072463228047E-012 (-1.65660402458208192E-003,-7.20945537035373490E-019)  (-2.89341916210304317E-003,1.33522259831967885E-004)             (-0.49999188315422877,0.0000000000000000)
        1089        2000   98.105875849153321        1.0000000000053575        126.05043770119454       0.99997990812087822        2.0091884480304262E-005  -5.3574922276311554E-012  (-4.34749017113120976E-003,4.62312023089289391E-018)  (-2.79020630096394294E-003,3.73330079842799369E-004)             (-0.49998577932134985,0.0000000000000000)
        1090        2000   99.208189060939205        1.0000000000053608        107.33125031874876       0.99996384794038062        3.6152064982722540E-005  -5.3608228967050309E-012  (-6.95203887265392721E-003,7.71441240520736172E-018)  (-2.70726761271760643E-003,6.02721326561275164E-004)             (-0.49997416317949905,0.0000000000000000)
        1091        2000   100.31050227272509        1.0000000000053664        89.362054728194423       0.99994085026816881        5.9149737198058999E-005  -5.3663740118281567E-012 (-9.48040892938447483E-003,-6.74617738570411645E-019)  (-2.61711150304068212E-003,8.21377161085979713E-004)             (-0.49995765439492923,0.0000000000000000)
        1092        2000   101.41281548451097        1.0000000000053690        72.426235881206679       0.99991201581751188        8.7984187860112804E-005  -5.3690385470872570E-012 (-1.19030671564421368E-002,-4.62962232899194033E-018)  (-2.47239603384742743E-003,1.02531667037887553E-003)             (-0.49993719483253385,0.0000000000000000)
        1093        2000   102.51512869629686        1.0000000000053795        56.790881763560769       0.99987925356989915        1.2074643547845611E-004  -5.3794746435187335E-012 (-1.41567909547779328E-002,-9.43075385242673817E-018)  (-2.25448583184262611E-003,1.20933052134153634E-003)             (-0.49991424885024277,0.0000000000000000)
        1094        2000   103.61744190808274        1.0000000000053824        42.702571296179492       0.99984530382422787        1.5469618115331138E-004  -5.3823612233827589E-012  (-1.61667595137703068E-002,1.54411479229649657E-018)  (-1.95536913217982328E-003,1.37102161015868708E-003)             (-0.49989070206675962,0.0000000000000000)
        1095        2000   104.71975511986862        1.0000000000053801        30.383485473203514       0.99981344604535038        1.8655396003021632E-004  -5.3801407773335086E-012 (-1.78530892555168741E-002,-1.68745922266770322E-017)  (-1.57690073750667010E-003,1.50600046747873906E-003)             (-0.49986873559734740,0.0000000000000000)
        1096        2000   105.82206833165451        1.0000000000053857        20.027903638680371       0.99978682858759882        2.1317141778848703E-004  -5.3856918924566344E-012  (-1.91549317434024612E-002,1.60914521035782729E-018)  (-1.15572986998540954E-003,1.61086374267133169E-003)             (-0.49985037895409545,0.0000000000000000)
        1097        2000   106.92438154344039        1.0000000000053857        11.799139564534860       0.99976776378701782        2.3223621836601280E-004  -5.3856918924566344E-012 (-2.00485398927654906E-002,-1.92695130972099539E-018)  (-7.25834202311790655E-004,1.68630184996618063E-003)             (-0.49983704088410674,0.0000000000000000)
        1098        2000   108.02669475522627        1.0000000000053908        5.8269657151379413       0.99975742390959910        2.4257609579216729E-004  -5.3907989183699101E-012  (-2.05354356699774185E-002,1.35848158738157754E-018)  (-3.07948905221329102E-004,1.73152568373666281E-003)             (-0.49982949702126778,0.0000000000000000)
        1099        2000   109.12900796701216        1.0000000000053924        2.2055669151438169       0.99975576421142676        2.4423579396673208E-004  -5.3923532306043853E-012 (-2.06422703761127910E-002,-1.27494539008912190E-018)   (6.79403449004442947E-005,1.74663201761389116E-003)             (-0.49982781038232715,0.0000000000000000)
        1100        2000   110.23132117879804        1.0000000000053861       0.99205477877046588       0.99976177228947505        2.3822771591519592E-004  -5.3861359816664844E-012 (-2.04156652229637997E-002,-2.66078164978431795E-019)   (3.94733490457136957E-004,1.73478802724123305E-003)             (-0.49983140741132132,0.0000000000000000)
        1101        2000   111.33363439058392        1.0000000000053908        2.2055670453725935       0.99977404734104947        2.2595266434091601E-004  -5.3907989183699101E-012 (-1.98974071727127735E-002,-1.44396218884561552E-018)   (6.84659034789640683E-004,1.69671659974298577E-003)             (-0.49983952735842452,0.0000000000000000)
        1102        2000   112.43594760236981        1.0000000000053908        5.8269659890990564       0.99979119418418128        2.0880582121214720E-004  -5.3907989183699101E-012  (-1.91212171054039592E-002,9.23831688220692194E-018)   (9.42023975144612793E-004,1.63370817871664412E-003)             (-0.49985134303963391,0.0000000000000000)
        1103        2000   113.53826081415569        1.0000000000054012        11.799139938645363       0.99981204678968250        1.8795321571905366E-004  -5.4012350148013866E-012  (-1.81104831522316163E-002,1.42685771059320836E-018)   (1.18505001377152406E-003,1.54858837946947802E-003)             (-0.49986604634047560,0.0000000000000000)
        1104        2000   114.64057402594158        1.0000000000054083        20.027904148802868       0.99983572462806147        1.6427537734710134E-004  -5.4083404421589876E-012 (-1.68704195210759127E-002,-2.62994922234714772E-017)   (1.42744791167013444E-003,1.44139889878407363E-003)             (-0.49988298301975570,0.0000000000000000)
        1105        2000   115.74288723772746        1.0000000000054128        30.383486123167476       0.99986137092576866        1.3862907964205356E-004  -5.4127813342574882E-012 (-1.54041263123150876E-002,-1.26622380810384022E-018)   (1.66180131724919162E-003,1.31394602968416883E-003)             (-0.49990142270629234,0.0000000000000000)
        1106        2000   116.84520044951334        1.0000000000054059        42.702572096247508       0.99988794474378595        1.1205526162084456E-004  -5.4058979515048122E-012 (-1.37195638124433094E-002,-1.95103551132329043E-018)   (1.88631439011630064E-003,1.16894587646240852E-003)             (-0.49992049640266689,0.0000000000000000)
        1107        2000   117.94751366129923        1.0000000000054106        56.790882744939296       0.99991414457441663        8.5855430993556840E-005  -5.4105608882082379E-012  (-1.18316929640784260E-002,1.09447562470845888E-018)   (2.08504920371622125E-003,1.00734049572854915E-003)             (-0.49993923205340068,0.0000000000000000)
        1108        2000   119.04982687308511        1.0000000000054137        72.426237008303787       0.99993843088005518        6.1569125359783948E-005  -5.4136695126771883E-012 (-9.77671429852067231E-003,-3.22166219325963509E-018)   (2.23515830417438761E-003,8.33341315406683873E-004)             (-0.49995650842468436,0.0000000000000000)
        1109        2000   120.15214008487099        1.0000000000054152        89.362056030562115       0.99995929717284371        4.0702832570803814E-005  -5.4152238249116635E-012 (-7.60248581380902188E-003,-3.94561603875931308E-018)   (2.33502739230874012E-003,6.50793180233010470E-004)             (-0.49997128818496267,0.0000000000000000)
        1110        2000   121.25445329665688        1.0000000000054190        107.33125181874877       0.99997553627760161        2.4463727816483137E-005  -5.4189985831953891E-012 (-5.36106246000186103E-003,-1.92811860290727118E-023)   (2.37483135100940686E-003,4.61869672467113358E-004)             (-0.49998277565044463,0.0000000000000000)
        1111        2000   122.35676650844276        1.0000000000054221        126.05043941603189       0.99998640481031542        1.3595195105583205E-005  -5.4221072076643395E-012  (-3.11215818016245642E-003,4.92416439843940368E-019)   (2.35414895161497727E-003,2.72218341508529695E-004)             (-0.49999046108542677,0.0000000000000000)
        1112        2000   123.45907972022864        1.0000000000054270        145.22440605005880       0.99999171608635962        8.2839190686355768E-006  -5.4269921889726902E-012 (-9.02057844559028886E-004,-1.26685580742193295E-018)   (2.29719114071455467E-003,8.49137758361400476E-005)             (-0.49999422245651204,0.0000000000000000)
        1113        2000   124.56139293201453        1.0000000000054328        164.55076679867560       0.99999174045068517        8.2595547488279767E-006  -5.4327653487007410E-012  (1.23791799025590294E-003,-1.26019313620522290E-018)  (2.20778318660615159E-003,-9.88166500859863686E-005)             (-0.49999423857453718,0.0000000000000000)
        1114        2000   125.66370614380041        1.0000000000054416        183.72473343387179       0.99998705410259725        1.2945902844816141E-005  -5.4416471328977423E-012   (3.27871624600621983E-003,6.25898348137208196E-018)  (2.09180768687689716E-003,-2.74580280438561279E-004)             (-0.49999089355882237,0.0000000000000000)
        1115        2000   126.76601935558629        1.0000000000054499        202.44392101917484       0.99997840973545649        2.1590269991052642E-005  -5.4498627832799684E-012  (5.20369739042372218E-003,-1.35258744521536790E-018)  (1.96466567379903088E-003,-4.40803718266071485E-004)             (-0.49998470802633105,0.0000000000000000)
        1116        2000   127.86833256737218        1.0000000000054512        220.41311678877457       0.99996665282061292        3.3347184838345006E-005  -5.4511950509095186E-012   (6.99993637561842179E-003,1.83075040817187670E-017)  (1.81847238151866628E-003,-5.96366112594309285E-004)             (-0.49997628280707923,0.0000000000000000)
        1117        2000   128.97064577915808        1.0000000000054563        237.34893577790066       0.99995271881091297        4.7281194544801509E-005  -5.4563020768227943E-012   (8.64751055696014181E-003,1.29194932851820985E-018)  (1.65118203953583506E-003,-7.37694238645142061E-004)             (-0.49996631524374380,0.0000000000000000)
        1118        2000   130.07295899094396        1.0000000000054701        252.98428997801633       0.99993761753202304        6.2382473445746434E-005  -5.4700688423281463E-012   (1.01286880606786013E-002,1.13623799662294967E-020)  (1.46559710892322169E-003,-8.64008339444988596E-004)             (-0.49995554235289835,0.0000000000000000)
        1119        2000   131.17527220272984        1.0000000000054763        267.07260057488435       0.99992244557362364        7.7554431853337687E-005  -5.4762860912660472E-012  (1.14205602616963726E-002,-9.24467600294042892E-018)  (1.25051291780068252E-003,-9.73603752374815846E-004)             (-0.49994476305727603,0.0000000000000000)
        1120        2000   132.27758541451573        1.0000000000054738        279.39168645058538       0.99990833768006149        9.1662325414090887E-005  -5.4738436006118718E-012   (1.24972349862421620E-002,5.22598416293936668E-020)  (1.01386524012854126E-003,-1.06351962480073217E-003)             (-0.49993480354735931,0.0000000000000000)
        1121        2000   133.37989862630161        1.0000000000054758        289.74726825789281       0.99989632669930595        1.0367330617028977E-004  -5.4758420020561971E-012   (1.33432544532490014E-002,8.59995601535783755E-020)  (7.64469516170024409E-004,-1.13426165750461143E-003)             (-0.49992635807677743,0.0000000000000000)
        1122        2000   134.48221183808749        1.0000000000054781        297.97603231653625       0.99988728765872292        1.1271234675650739E-004  -5.4780624481054474E-012  (1.39446715453062798E-002,-8.98000527817816788E-018)  (5.00028243783903238E-004,-1.18471679918250375E-003)             (-0.49992002299359239,0.0000000000000000)
        1123        2000   135.58452504987338        1.0000000000054861        303.94820603361291       0.99988183629982219        1.1816370566048979E-004  -5.4860560538827485E-012   (1.42934927398965482E-002,2.49170778615008184E-019)  (2.35573220156419722E-004,-1.21376797141972107E-003)             (-0.49991622066538344,0.0000000000000000)
        1124        2000   136.68683826165926        1.0000000000054854        307.56960473256242       0.99988023875817611        1.1976124731171465E-004  -5.4853899200679734E-012   (1.43945743037561386E-002,9.33038875141287430E-018) (-2.10429175518495253E-005,-1.22297432411587080E-003)             (-0.49991510050288596,0.0000000000000000)
        1125        2000   137.78915147344514        1.0000000000054943        308.78311681807719       0.99988246039805107        1.1753960744210759E-004  -5.4942717042649747E-012   (1.42553188237199858E-002,1.95864387833249374E-017) (-2.68911913769011399E-004,-1.21217969822352031E-003)             (-0.49991664446334505,0.0000000000000000)
        1126        2000   138.89146468523103        1.0000000000054978        307.56960442330330       0.99988818570865423        1.1181429684332394E-004  -5.4978244179437752E-012   (1.38889627778684931E-002,4.53344252315803506E-018) (-4.98164476831029681E-004,-1.18224469566962200E-003)             (-0.49992064180588869,0.0000000000000000)
        1127        2000   139.99377789701691        1.0000000000054992        303.94820542292649       0.99989687972908459        1.0312027641313706E-004  -5.4991566855733254E-012  (1.33134064378335540E-002,-7.62523353548426226E-018) (-7.10059519985057263E-004,-1.13501352030041976E-003)             (-0.49992672407362182,0.0000000000000000)
        1128        2000   141.09609110880280        1.0000000000055096        297.97603141618015       0.99990787986231233        9.2120143195208883E-005  -5.5095927820048018E-012  (1.25453907970182015E-002,-7.25980717024825867E-019) (-9.02616969590100556E-004,-1.07082717727883582E-003)             (-0.49993445594782959,0.0000000000000000)
        1129        2000   142.19840432058868        1.0000000000055160        289.74726714410758       0.99992042680006421        7.9573205451006121E-005  -5.5160320755476278E-012   (1.16065380188166319E-002,7.21467104938100105E-019) (-1.07052843188947954E-003,-9.92025916239606433E-004)             (-0.49994330292839612,0.0000000000000000)
        1130        2000   143.30071753237456        1.0000000000055254        279.39168516923320       0.99993374408247881        6.6255923046745641E-005  -5.5253579489544791E-012   (1.05175402238157929E-002,1.95857494086573261E-017) (-1.21968239631428665E-003,-9.00344680574133695E-004)             (-0.49995272234252458,0.0000000000000000)
        1131        2000   144.40303074416045        1.0000000000055371        267.07259918915418       0.99994707529160820        5.2924713929152474E-005  -5.5371263130155057E-012   (9.29835090548509699E-003,6.31280645219163367E-019) (-1.34376008156563038E-003,-7.96604837017373941E-004)             (-0.49996218816007931,0.0000000000000000)
        1132        2000   145.50534395594633        1.0000000000055373        252.98428855434290       0.99995969466574397        4.0305339795854141E-005  -5.5373483576204308E-012  (7.97545082057448708E-003,-1.36940853161420026E-017) (-1.43944035865612363E-003,-6.84187347626290221E-004)             (-0.49997116286058324,0.0000000000000000)
        1133        2000   146.60765716773221        1.0000000000055458        237.34893432139586       0.99997098102670989        2.9018978837930858E-005  -5.5457860526075820E-012  (6.57206867970983825E-003,-1.96775629487854756E-017) (-1.51367664891621312E-003,-5.64642755111264823E-004)             (-0.49997920184691136,0.0000000000000000)
        1134        2000   147.70997037951810        1.0000000000055536        220.41311535545975       0.99998043192975405        1.9568075802464077E-005  -5.5535576137799580E-012  (5.11184519099356499E-003,-6.21360010046504298E-018) (-1.55837837753417603E-003,-4.39481301131229628E-004)             (-0.49998594369270344,0.0000000000000000)
        1135        2000   148.81228359130398        1.0000000000055729        202.44391965898825       0.99998767769329633        1.2322312277629924E-005  -5.5728754944084358E-012   (3.62286476576758427E-003,7.80273403876989544E-018) (-1.57608657544382647E-003,-3.12426559147660769E-004)             (-0.49999110957269932,0.0000000000000000)
        1136        2000   149.91459680308986        1.0000000000055813        183.72473217970838       0.99999251548326895        7.4845223122475968E-006  -5.5813131893955870E-012   (2.12650261051874163E-003,1.17737506905824957E-018) (-1.57350693710786344E-003,-1.84336949293897564E-004)             (-0.49999455884001154,0.0000000000000000)
        1137        2000   151.01691001487575        1.0000000000055873        164.55076567422827       0.99999489207733072        5.1079282580040324E-006  -5.5873083937285628E-012  (6.46187042551926607E-004,-1.59849505479939220E-019) (-1.54179789700748101E-003,-5.73535156689305008E-005)             (-0.49999625283317495,0.0000000000000000)
        1138        2000   152.11922322666163        1.0000000000055957        145.22440504066262       0.99999490158958448        5.0984160138597890E-006  -5.5957460887157140E-012 (-7.93461148889979635E-004,-5.08836305172387408E-018)  (-1.48961953860075446E-003,6.51886861584133044E-005)             (-0.49999625976750123,0.0000000000000000)
        1139        2000   153.22153643844752        1.0000000000056051        126.05043852470212       0.99999277241111040        7.2275944955479491E-006  -5.6050719621225653E-012 (-2.17597512488842092E-003,-1.68798261996214444E-017)  (-1.41981870692141311E-003,1.83431046220494160E-004)             (-0.49999474527758042,0.0000000000000000)
        1140        2000   154.32384965023340        1.0000000000056071        107.33125103457924       0.99998885056769016        1.1149437914694224E-005  -5.6070703635668906E-012  (-3.47880257344496124E-003,6.77084423975146106E-021)  (-1.32156576743628208E-003,2.94787217959415783E-004)             (-0.49999195823019976,0.0000000000000000)
        1141        2000   155.42616286201928        1.0000000000056053        89.362055361504943       0.99998357994126008        1.6420064344928490E-005  -5.6052940067274903E-012 (-4.67999920746666170E-003,-7.80293279013233953E-018)  (-1.20762764890850610E-003,3.96514180617660143E-004)             (-0.49998821906628016,0.0000000000000000)
        1142        2000   156.52847607380517        1.0000000000056115        72.426236446851604       0.99997745650820336        2.2543497410015389E-005  -5.6115112556653912E-012 (-5.76716015770791391E-003,-6.71947845490949494E-018)  (-1.07982152545091359E-003,4.89401020983678756E-004)             (-0.49998386768127878,0.0000000000000000)
        1143        2000   157.63078928559105        1.0000000000056226        56.790882248395818       0.99997101665568122        2.8983349940612383E-005  -5.6226134859116428E-012  (-6.72228801936313337E-003,1.95131020359593149E-018)  (-9.30280941038333104E-004,5.71046857984644995E-004)             (-0.49997928679075526,0.0000000000000000)
        1144        2000   158.73310249737693        1.0000000000056262        42.702571665110028       0.99996478479810280        3.5215207523487748E-005  -5.6261661995904433E-012 (-7.53094555551172759E-003,-1.77203099547416133E-019)  (-7.73258106396783177E-004,6.39842670000229075E-004)             (-0.49997485098161848,0.0000000000000000)
        1145        2000   159.83541570916282        1.0000000000056359        30.383485746711056       0.99995921397437570        4.0786031258356247E-005  -5.6359361622071447E-012 (-8.18786847137236394E-003,-1.45979179509657208E-017)  (-6.09925268138571119E-004,6.96681183881823064E-004)             (-0.49997086847364536,0.0000000000000000)
        1146        2000   160.93772892094870        1.0000000000056490        20.027903837109704       0.99995468103282736        4.5318972818992837E-005  -5.6490367938977215E-012 (-8.68605476481119042E-003,-1.30995084939184348E-018)  (-4.40634113408990393E-004,7.39693090421644273E-004)             (-0.49996761956837882,0.0000000000000000)
        1147        2000   162.04004213273458        1.0000000000056506        11.799139704985862       0.99995144309037520        4.8556915278510827E-005  -5.6505911061321967E-012  (-9.02601081472828755E-003,9.33915658655332935E-018)  (-2.77115643479676965E-004,7.69293397197174885E-004)             (-0.49996528736463813,0.0000000000000000)
        1148        2000   163.14235534452047        1.0000000000056599        5.8269658324524114       0.99994964560206878        5.0354403590106125E-005  -5.6599169795390480E-012  (-9.21108181495382955E-003,8.33112762585657767E-020)  (-1.13448331189018920E-004,7.86184350939841741E-004)             (-0.49996397766048273,0.0000000000000000)
        1149        2000   164.24466855630635        1.0000000000056617        2.2055669690154813       0.99994934291843451        5.0657087231347714E-005  -5.6616933363784483E-012 (-9.24255069793884776E-003,-1.79938398895324866E-019)   (4.47293225226120091E-005,7.88980659561969817E-004)             (-0.49996375206244370,0.0000000000000000)
        1150        2000   165.34698176809223        1.0000000000056695       0.99205477567587685       0.99995047435964712        4.9525646022847885E-005  -5.6694648975508244E-012 (-9.13037442602515799E-003,-1.45291588926395210E-018)   (1.90177998710794164E-004,7.79687352757032614E-004)             (-0.49996455435531889,0.0000000000000000)
        1151        2000   166.44929497987812        1.0000000000056675        2.2055670179647899       0.99995292186454399        4.7078141123900494E-005  -5.6674664961064991E-012  (-8.88160042367505329E-003,3.90095680445973386E-018)   (3.33399590975711087E-004,7.58874557173752542E-004)             (-0.49996629967330497,0.0000000000000000)
        1152        2000   167.55160819166400        1.0000000000056612        5.8269659060611056       0.99995652121650302        4.3478789159496512E-005  -5.6612492471685982E-012  (-8.50050263921630148E-003,7.98010054844445678E-018)   (4.67342206320806237E-004,7.25859564747840429E-004)             (-0.49996888097570474,0.0000000000000000)
        1153        2000   168.65392140344989        1.0000000000056655        11.799139821346557       0.99996103177856044        3.8968227103703292E-005  -5.6654680946621738E-012 (-7.99935408700570838E-003,-6.44675654406310767E-018)   (5.87126586509829624E-004,6.83085775612607936E-004)             (-0.49997210444219897,0.0000000000000000)
        1154        2000   169.75623461523577        1.0000000000056743        20.027903977696543       0.99996618143344052        3.3818572234863424E-005  -5.6743498788591751E-012  (-7.38803611897068634E-003,2.62814029829385575E-018)   (6.99176833456725214E-004,6.31121461203730809E-004)             (-0.49997577295879897,0.0000000000000000)
        1155        2000   170.85854782702165        1.0000000000056746        30.383485873686077       0.99997167011893695        2.8329886738508257E-005  -5.6745719234641001E-012  (-6.67724044661243375E-003,1.69635343452431535E-017)   (7.95245682367684472E-004,5.70475501745179884E-004)             (-0.49997967598509002,0.0000000000000000)
        1156        2000   171.96086103880754        1.0000000000056750        42.702571794668934       0.99997717192395541        2.2828081720917335E-005  -5.6750160126739502E-012 (-5.88355603656969678E-003,-9.43146347998440592E-018)   (8.74240987840586327E-004,5.03494034130847292E-004)             (-0.49998357550470612,0.0000000000000000)
        1157        2000   173.06317425059342        1.0000000000056841        56.790882401795052       0.99998237661017420        1.7623395511578374E-005  -5.6841198414758765E-012 (-5.02223773780760465E-003,-8.25905515563716044E-020)   (9.36648788732865256E-004,4.30603082357163892E-004)             (-0.49998726139114691,0.0000000000000000)
        1158        2000   174.16548746237930        1.0000000000056881        72.426236641722085       0.99998700337294066        1.2996632748128995E-005  -5.6881166443645270E-012  (-4.11287092964282303E-003,7.79705977468916070E-018)   (9.75281296300042921E-004,3.53598834936026023E-004)             (-0.49999053731529491,0.0000000000000000)
        1159        2000   175.26780067416519        1.0000000000056921        89.362055623313793       0.99999083264086053        9.1673648308967506E-006  -5.6921134472531776E-012 (-3.17597812815258607E-003,-7.80252503987576013E-018)   (9.95777150885082197E-004,2.74518972887392192E-004)             (-0.49999324903115239,0.0000000000000000)
        1160        2000   176.37011388595107        1.0000000000056948        107.33125135389865       0.99999372696193778        6.2730437553915134E-006  -5.6947779825122780E-012 (-2.22796049970020371E-003,-1.15641342331254804E-018)   (9.98312009344808028E-004,1.93733427358316212E-004)             (-0.49999530457031122,0.0000000000000000)
        1161        2000   177.47242709773695        1.0000000000056950        126.05043888117895       0.99999562433597444        4.3756697209637750E-006  -5.6950000271172030E-012 (-1.28770132280996196E-003,-9.70769285836773321E-020)   (9.80519608260606605E-004,1.13378196320207579E-004)             (-0.49999665543693400,0.0000000000000000)
        1162        2000   178.57474030952284        1.0000000000057059        145.22440543551761       0.99999653844638448        3.4615593194090173E-006  -5.7058802127585295E-012 (-3.70825376391729878E-004,-7.79661225183826582E-018)   (9.50212128326243920E-004,3.48370956173201787E-005)             (-0.49999730755488470,0.0000000000000000)
        1163        2000   179.67705352130872        1.0000000000056990        164.55076612085566       0.99999654326633947        3.4567393626785303E-006  -5.6989968300058536E-012  (5.11535902188577779E-004,-2.57893227965535166E-018)  (9.07834358160785043E-004,-4.12739204563309969E-005)             (-0.49999731092205729,0.0000000000000000)
        1164        2000   180.77936673309461        1.0000000000057088        183.72473268441610       0.99999575412150210        4.2458842070381413E-006  -5.7087667926225549E-012   (1.34843974915811542E-003,5.26932258898549839E-018)  (8.55254849022837448E-004,-1.13346967572828318E-004)             (-0.49999674610629036,0.0000000000000000)
        1165        2000   181.88167994488049        1.0000000000057239        202.44392021364180       0.99999431466091837        5.6853448034009570E-006  -5.7238658257574571E-012  (2.13169625287696696E-003,-1.27138930686597116E-018)  (7.94265069400136841E-004,-1.80983219643695442E-004)             (-0.49999571611076910,0.0000000000000000)
        1166        2000   182.98399315666637        1.0000000000057228        220.41311593558683       0.99999238947990199        7.6105258216175351E-006  -5.7227556027328319E-012  (2.85179597269243253E-003,-6.80780721860803738E-019)  (7.22156746547958817E-004,-2.42847458952204584E-004)             (-0.49999434253904262,0.0000000000000000)
        1167        2000   184.08630636845226        1.0000000000057316        237.34893489200888       0.99999015536804392        9.8446376867834092E-006  -5.7316373869298332E-012  (3.50117578312499761E-003,-1.44767526053679851E-018)  (6.45628725208531227E-004,-2.97999405754926692E-004)             (-0.49999275472263788,0.0000000000000000)
        1168        2000   185.18861958023814        1.0000000000057376        252.98428910496546       0.99998779580198749        1.2204203750189767E-005  -5.7376325912628090E-012   (4.07456779547239658E-003,3.98926502166856324E-018)  (5.60275228207766538E-004,-3.47086927438333573E-004)             (-0.49999107989628577,0.0000000000000000)
        1169        2000   186.29093279202402        1.0000000000057416        267.07259971274999       0.99998550715159273        1.4492854150712161E-005  -5.7416293941514596E-012   (4.56017757571903787E-003,8.61742325014735819E-018)  (4.61436832810638287E-004,-3.88138758758364247E-004)             (-0.49998946304614017,0.0000000000000000)
        1170        2000   187.39324600380991        1.0000000000057525        279.39168562971611       0.99998347044932501        1.6529556427567583E-005  -5.7525095797927861E-012   (4.95100109349638166E-003,7.89455233884122565E-018)  (3.61727278567088668E-004,-4.20713313269762421E-004)             (-0.49998802945284759,0.0000000000000000)
        1171        2000   188.49555921559579        1.0000000000057570        289.74726751186859       0.99998183335120316        1.8166654554972085E-005  -5.7569504718912867E-012  (5.24569614453602659E-003,-2.71313166799681077E-019)  (2.57818568414401692E-004,-4.46075523588727321E-004)             (-0.49998687029666794,0.0000000000000000)
        1172        2000   189.59787242738167        1.0000000000057616        297.97603165757926       0.99998071742380146        1.9282581959909383E-005  -5.7616134085947124E-012  (5.43817937466339191E-003,-1.17810625541136928E-018)  (1.48141158187062018E-004,-4.62560320115529126E-004)             (-0.49998607651609506,0.0000000000000000)
        1173        2000   190.70018563916756        1.0000000000057647        303.94820552549413       0.99998018612721729        1.9813878550887664E-005  -5.7647220330636628E-012   (5.52916545472299358E-003,9.33829946381763279E-018)  (4.51149292369589815E-005,-4.70573253029302272E-004)             (-0.49998569070278032,0.0000000000000000)
        1174        2000   191.80249885095344        1.0000000000057783        307.56960437732187       0.99998024254242723        1.9757463348738613E-005  -5.7782667539640897E-012   (5.52426473705856097E-003,1.57757652182238147E-019) (-5.42625479136871214E-005,-4.71169734838932720E-004)             (-0.49998571177088624,0.0000000000000000)
        1175        2000   192.90481206273932        1.0000000000057807        308.78311659061097       0.99998084745472060        1.9152551059435153E-005  -5.7807092446182651E-012   (5.42772889857802421E-003,1.34519787385345486E-018) (-1.46358988142871561E-004,-4.63487669559173191E-004)             (-0.49998612292547528,0.0000000000000000)
        1176        2000   194.00712527452521        1.0000000000057867        307.56960433115813       0.99998191665953573        1.8083346250694786E-005  -5.7867044489512409E-012  (5.24992245788960359E-003,-7.89721943844440430E-018) (-2.26241927396027802E-004,-4.49174571389684800E-004)             (-0.49998686347375421,0.0000000000000000)
        1177        2000   195.10943848631109        1.0000000000057963        303.94820543426204       0.99998335172769581        1.6648278102024737E-005  -5.7962523669630173E-012  (4.99865144879600189E-003,-1.95249545495179587E-022) (-3.01675150787940186E-004,-4.28507699115331770E-004)             (-0.49998787056267530,0.0000000000000000)
        1178        2000   196.21175169809698        1.0000000000058049        297.97603151858891       0.99998504717003722        1.4952835767051285E-005  -5.8049121065550935E-012   (4.68090439541324951E-003,9.06884310599891131E-018) (-3.65346790540273388E-004,-4.01196523833074071E-004)             (-0.49998907615019422,0.0000000000000000)
        1179        2000   197.31406490988286        1.0000000000058105        289.74726733552160       0.99998688940929792        1.3110596512323072E-005  -5.8104632216782193E-012  (4.30874258681134079E-003,-1.67830690244928671E-017) (-4.18228392085791820E-004,-3.69602203690515263E-004)             (-0.49999038944515989,0.0000000000000000)
        1180        2000   198.41637812166874        1.0000000000058062        279.39168543437870       0.99998878433377492        1.1215672033388668E-005  -5.8062443741846437E-012   (3.88735660461999926E-003,3.37812132010446481E-019) (-4.69114593889006625E-004,-3.33437556059126437E-004)             (-0.49999174557332204,0.0000000000000000)
        1181        2000   199.51869133345463        1.0000000000058078        267.07259950903716       0.99999064428634932        9.3557194591811037E-006  -5.8077986864191189E-012  (3.42238754738458627E-003,-1.26008423366487382E-018) (-5.09177868518621585E-004,-2.93006641539724183E-004)             (-0.49999308025450234,0.0000000000000000)
        1182        2000   200.62100454524051        1.0000000000058173        252.98428889649065       0.99999238252822076        7.6174775942360776E-006  -5.8173466044308952E-012  (2.92369183032329489E-003,-1.38722597523148497E-017) (-5.41392792314079169E-004,-2.50432008573244088E-004)             (-0.49999432304887814,0.0000000000000000)
        1183        2000   201.72331775702639        1.0000000000058167        237.34893467382634       0.99999392677716603        6.0732286501723290E-006  -5.8166804706161201E-012   (2.39645126603800366E-003,4.62225382973111645E-018) (-5.68005176253295278E-004,-2.05157493163675994E-004)             (-0.49999542538570807,0.0000000000000000)
        1184        2000   202.82563096881228        1.0000000000058189        220.41311570979025       0.99999521154091320        4.7884649067615601E-006  -5.8189009166653705E-012   (1.85067208555370739E-003,5.26896389336655769E-018) (-5.79948266048474536E-004,-1.58509835906232562E-004)             (-0.49999633939023552,0.0000000000000000)
        1185        2000   203.92794418059816        1.0000000000058238        202.44391999626745       0.99999618818524094        3.8118205837576039E-006  -5.8237858979737211E-012  (1.29763335042410474E-003,-3.35644627985083125E-018) (-5.84130312455968196E-004,-1.12020886896123763E-004)             (-0.49999703090959013,0.0000000000000000)
        1186        2000   205.03025739238404        1.0000000000058216        183.72473248562034       0.99999683261817107        3.1673876514503612E-006  -5.8215654519244708E-012   (7.44875619597307149E-004,4.08343006471595711E-018) (-5.77677172116497777E-004,-6.49486129291722085E-005)             (-0.49999748737440491,0.0000000000000000)
        1187        2000   206.13257060416993        1.0000000000058284        164.55076594446970       0.99999714308416798        2.8569216593135377E-006  -5.8284488346771468E-012  (2.06430860239674999E-004,-1.26636352376896895E-018) (-5.54819185392728311E-004,-1.94201168556656777E-005)             (-0.49999770704325125,0.0000000000000000)
        1188        2000   207.23488381595581        1.0000000000058329        145.22440527687672       0.99999714500336312        2.8550024685979267E-006  -5.8328897267756474E-012 (-3.07374356547107121E-004,-8.52730033139274491E-018)  (-5.26864452292263147E-004,2.38275552071130461E-005)             (-0.49999770832424401,0.0000000000000000)
        1189        2000   208.33719702774169        1.0000000000058338        126.05043873314106       0.99999688459379710        3.1154120371610720E-006  -5.8337779051953476E-012 (-7.90602322045245781E-004,-9.25454213017692895E-018)  (-4.89398116308574146E-004,6.54673713331117493E-005)             (-0.49999752289389826,0.0000000000000000)
        1190        2000   209.43951023952758        1.0000000000058398        107.33125122191929       0.99999642246297804        3.5775428611805569E-006  -5.8397731095283234E-012 (-1.23279475862345589E-003,-1.68747523087379416E-017)  (-4.42240086491134724E-004,1.03306452962069820E-004)             (-0.49999719324459341,0.0000000000000000)
        1191        2000   210.54182345131346        1.0000000000058393        89.362055513554651       0.99999582352084837        4.1764849943906289E-006  -5.8393290203184733E-012  (-1.63054596094726117E-003,2.71915017918318632E-018)  (-3.96308292206801020E-004,1.37566135462285802E-004)             (-0.49999676419201272,0.0000000000000000)
        1192        2000   211.64413666309935        1.0000000000058511        72.426236560823924       0.99999514989041738        4.8501154340584464E-006  -5.8510973843795000E-012 (-1.98267854570030903E-003,-1.72278494100245403E-017)  (-3.45342323812810931E-004,1.68573381049535065E-004)             (-0.49999627884630604,0.0000000000000000)
        1193        2000   212.74644987488523        1.0000000000058553        56.790882339851024       0.99999446026161831        5.5397442363556069E-006  -5.8553162318730756E-012  (-2.28478797185452257E-003,6.72300823379245268E-018)  (-2.92312629115215952E-004,1.94653258081751480E-004)             (-0.49999578294459379,0.0000000000000000)
        1194        2000   213.84876308667111        1.0000000000058595        42.702571728862765       0.99999380192030429        6.1980855563698363E-006  -5.8595350793666512E-012 (-2.53843739608322020E-003,-4.93654658634833654E-019)  (-2.42441636406248343E-004,2.16749513257848597E-004)             (-0.49999530967198935,0.0000000000000000)
        1195        2000   214.95107629845700        1.0000000000058757        30.383485804807243       0.99999321679911635        6.7832067583563695E-006  -5.8757443355261785E-012  (-2.74288570359116843E-003,1.81593825428798144E-019)  (-1.87989427112316603E-004,2.34598977100047824E-004)             (-0.49999489078576015,0.0000000000000000)
        1196        2000   216.05338951024288        1.0000000000058757        20.027903907053769       0.99999274259189608        7.2574139797349444E-006  -5.8757443355261785E-012  (-2.89558450001640251E-003,9.97107156242577559E-019)  (-1.34242157009279757E-004,2.47267394010036474E-004)             (-0.49999455635113466,0.0000000000000000)
        1197        2000   217.15570272202876        1.0000000000058848        11.799139756398851       0.99999240660913591        7.5933967480507327E-006  -5.8848481643281048E-012  (-2.99818174415922767E-003,1.47134653263874608E-019)  (-8.11735417411730973E-005,2.55997822879790507E-004)             (-0.49999432146950223,0.0000000000000000)
        1198        2000   218.25801593381465        1.0000000000058897        5.8269658750274553       0.99999223325345610        7.7667524328097094E-006  -5.8897331456364554E-012  (-3.04817036470109203E-003,1.13401291340787215E-021)  (-2.37881874799750191E-005,2.60012896353696620E-004)             (-0.49999420417644019,0.0000000000000000)
        1199        2000   219.36032914560053        1.0000000000058926        2.2055670040151711       0.99999223543379645        7.7645720958362861E-006  -5.8926197255004809E-012 (-3.04490582090208772E-003,-1.86514435139921593E-019)   (3.02438962175352380E-005,2.59299230979217034E-004)             (-0.49999421189174947,0.0000000000000000)
        1200        2000   220.46264235738641        1.0000000000058997       0.99205477620082161       0.99999241021538465        7.5897905180946198E-006  -5.8997251528580819E-012  (-2.99113689246584139E-003,2.40194885997944946E-018)   (8.31971483733067607E-005,2.54913518652845718E-004)             (-0.49999433773986984,0.0000000000000000)
        1201        2000   221.56495556917230        1.0000000000058982        2.2055670045740294       0.99999274426447826        7.2557414217888122E-006  -5.8981708406236066E-012 (-2.88741045482884037E-003,-1.26710269821555096E-018)   (1.34142566071138983E-004,2.46084129211952916E-004)             (-0.49999457440790240,0.0000000000000000)
        1202        2000   222.66726878095818        1.0000000000059068        5.8269658736907051       0.99999320757018650        6.7924357193333329E-006  -5.9068305802156829E-012 (-2.73909859085540077E-003,-4.62789188879556076E-018)   (1.77015998412670720E-004,2.33817937163742268E-004)             (-0.49999489906799316,0.0000000000000000)
        1203        2000   223.76958199274407        1.0000000000059073        11.799139762871288       0.99999376157330078        6.2384326066401826E-006  -5.9072746694255329E-012 (-2.55178640728167573E-003,-4.66833544503686103E-018)   (2.16467597583670183E-004,2.18561981315984510E-004)             (-0.49999528595546539,0.0000000000000000)
        1204        2000   224.87189520452995        1.0000000000059115        20.027903925411660       0.99999436404996755        5.6359559440949619E-006  -5.9114935169191085E-012  (-2.33076442374009069E-003,9.33654938472739292E-018)   (2.46840611445259890E-004,1.99893320833554634E-004)             (-0.49999570924010123,0.0000000000000000)
        1205        2000   225.97420841631583        1.0000000000059146        30.383485825653132       0.99999497018956363        5.0298163532158249E-006  -5.9146021413880590E-012  (-2.08616182390940555E-003,6.35661045405898171E-019)   (2.67450800621688381E-004,1.79619396223970954E-004)             (-0.49999613520482866,0.0000000000000000)
        1206        2000   227.07652162810172        1.0000000000059168        42.702571748735451       0.99999554607120555        4.4539347120391121E-006  -5.9168225874373093E-012 (-1.82297681157472173E-003,-5.89496076556715705E-018)   (2.86251321712178660E-004,1.57492131197682454E-004)             (-0.49999654264528171,0.0000000000000000)
        1207        2000   228.17883483988760        1.0000000000059255        56.790882362567721       0.99999606560872245        3.9343972033644343E-006  -5.9254823270293855E-012 (-1.54593863459135403E-003,-1.83216526612907528E-017)   (2.95999088480760665E-004,1.33421863311367214E-004)             (-0.49999691389932660,0.0000000000000000)
        1208        2000   229.28114805167348        1.0000000000059257        72.426236588487214       0.99999650864901768        3.4913569077311993E-006  -5.9257043716343105E-012 (-1.26315167453871341E-003,-1.63427385831732065E-018)   (3.00148230407518883E-004,1.09309222283998438E-004)             (-0.49999723087399156,0.0000000000000000)
        1209        2000   230.38346126345937        1.0000000000059255        89.362055547853970       0.99999686621077655        3.1337951476875005E-006  -5.9254823270293855E-012 (-9.75876684279005291E-004,-1.26731503080848366E-018)   (3.05080147397517910E-004,8.43941421599282032E-005)             (-0.49999748786562659,0.0000000000000000)
        1210        2000   231.48577447524525        1.0000000000059346        107.33125126224355       0.99999713324423367        2.8667616985098435E-006  -5.9345861558313118E-012 (-6.87107117311274687E-004,-5.25740994188110188E-018)   (3.02765423531014166E-004,5.90721950337944729E-005)             (-0.49999768019510354,0.0000000000000000)
        1211        2000   232.58808768703113        1.0000000000059337        126.05043877649827       0.99999730776430240        2.6922416298441373E-006  -5.9336979774116116E-012  (-4.02173033707200740E-004,2.60671114623426195E-018)   (2.98059796177060899E-004,3.47703867594752159E-005)             (-0.49999780510143954,0.0000000000000000)
        1212        2000   233.69040089881702        1.0000000000059388        145.22440532330432       0.99999739243785102        2.6075680886474268E-006  -5.9388050033248874E-012 (-1.21695551743197970E-004,-7.71407934363757005E-018)   (2.92133238773327312E-004,1.05931980626691929E-005)             (-0.49999786554592401,0.0000000000000000)
        1213        2000   234.79271411060290        1.0000000000059472        164.55076599710586       0.99999739287192480        2.6071340234313277E-006  -5.9472426983120386E-012   (1.49470961814847321E-004,7.80278946091319431E-018)  (2.78241110195130183E-004,-1.25211930112149200E-005)             (-0.49999786589803913,0.0000000000000000)
        1214        2000   235.89502732238878        1.0000000000059566        183.72473254582573       0.99999731937342162        2.6806325354641365E-006  -5.9565685717188899E-012  (4.06060372545689852E-004,-1.36107586560444384E-019)  (2.61856497222192600E-004,-3.39097241574738237E-005)             (-0.49999781410291427,0.0000000000000000)
        1215        2000   236.99734053417467        1.0000000000059657        202.44392006119494       0.99999718696785356        2.8130381103366295E-006  -5.9656724005208162E-012  (6.44970945922008392E-004,-9.06751939323589270E-018)  (2.39898072604664088E-004,-5.42261053808225431E-005)             (-0.49999772074801596,0.0000000000000000)
        1216        2000   238.09965374596055        1.0000000000059706        220.41311577061322       0.99999701540486285        2.9846011080151297E-006  -5.9705573818291668E-012  (8.59192509389493852E-004,-8.28080561074519608E-020)  (2.10815142608969928E-004,-7.21160046630822834E-005)             (-0.49999760012646022,0.0000000000000000)
        1217        2000   239.20196695774644        1.0000000000059794        237.34893472894484       0.99999682575228033        3.1742536994589323E-006  -5.9794391660261681E-012  (1.04579257720572921E-003,-2.13085513323624106E-018)  (1.82154625872806372E-004,-8.77607872079291866E-005)             (-0.49999746626209224,0.0000000000000000)
        1218        2000   240.30428016953232        1.0000000000059868        252.98428895114043       0.99999663802353234        3.3619824545999372E-006  -5.9867666379886941E-012   (1.20347926853325957E-003,6.62322639375740938E-018)  (1.49435996864925278E-004,-1.01593185443926993E-004)             (-0.49999733199463697,0.0000000000000000)
        1219        2000   241.40659338131820        1.0000000000059976        267.07259956214398       0.99999647048079243        3.5295252050698096E-006  -5.9976468236300207E-012   (1.32859456498105890E-003,8.32471860954033745E-020)  (1.14967951524436282E-004,-1.12396390571313721E-004)             (-0.49999721131821201,0.0000000000000000)
        1220        2000   242.50890659310409        1.0000000000060079        279.39168549362859       0.99999633447676362        3.6655292446506844E-006  -6.0078608754565721E-012   (1.42296910287139635E-003,4.57902485772929260E-018)  (8.46750911237094742E-005,-1.20880072330782810E-004)             (-0.49999711164745897,0.0000000000000000)
        1221        2000   243.61121980488997        1.0000000000060136        289.74726739284313       0.99999623592144027        3.7640845747770856E-006  -6.0136340351846229E-012   (1.48866893743302212E-003,7.98281849486040463E-018)  (5.43425604460255011E-005,-1.27123115853426091E-004)             (-0.49999703771461906,0.0000000000000000)
        1222        2000   244.71353301667585        1.0000000000060187        297.97603154562631       0.99999617697297960        3.8230330358363224E-006  -6.0187410610978986E-012  (1.52685808744264457E-003,-7.26326040050559695E-019)  (2.73312805526623765E-005,-1.30610984275678511E-004)             (-0.49999699293675481,0.0000000000000000)
        1223        2000   245.81584622846174        1.0000000000060132        303.94820542966818       0.99999615571338873        3.8442926237586965E-006  -6.0131899459747729E-012  (1.54123136305006473E-003,-4.62431376284187279E-018)  (3.18622359310796580E-006,-1.32239733472918610E-004)             (-0.49999697571499785,0.0000000000000000)
        1224        2000   246.91815944024762        1.0000000000060156        307.56960429468990       0.99999617053143708        3.8294745792946554E-006  -6.0156324366289482E-012   (1.53235670400875463E-003,1.70471538977764309E-017) (-2.15982261206398775E-005,-1.31495218791102342E-004)             (-0.49999698639417783,0.0000000000000000)
        1225        2000   248.02047265203350        1.0000000000060250        308.78311651696049       0.99999621869413369        3.7813118899144944E-006  -6.0249583100357995E-012   (1.50178650317661774E-003,1.07512544786065969E-021) (-4.25034526174083521E-005,-1.28552946871797588E-004)             (-0.49999702271277469,0.0000000000000000)
        1226        2000   249.12278586381939        1.0000000000060203        307.56960428667736       0.99999629696925529        3.7030367681987066E-006  -6.0202953733323739E-012   (1.45165162773046893E-003,7.88907239427224023E-018) (-6.38470215279319847E-005,-1.24217995280127906E-004)             (-0.49999708057706937,0.0000000000000000)
        1227        2000   250.22509907560527        1.0000000000060305        303.94820541812095       0.99999640361762554        3.5963884056614008E-006  -6.0305094251589253E-012  (1.38033032983152812E-003,-5.05031584490084745E-022) (-8.63817766689159059E-005,-1.17710588483979723E-004)             (-0.49999715928409744,0.0000000000000000)
        1228        2000   251.32741228739116        1.0000000000060398        297.97603152907988       0.99999653373273001        3.4662733094563176E-006  -6.0398352985657766E-012   (1.28929944007627841E-003,3.99161570578370765E-018) (-1.05330893229052663E-004,-1.09695098302970716E-004)             (-0.49999725377988885,0.0000000000000000)
        1229        2000   252.42972549917704        1.0000000000060429        289.74726737168015       0.99999668028879518        3.3197172475133169E-006  -6.0429439230347270E-012  (1.18025127962894283E-003,-1.44841993988545483E-018) (-1.24446175709341968E-004,-1.00516808335559103E-004)             (-0.49999735837439896,0.0000000000000000)
        1230        2000   253.53203871096292        1.0000000000060529        279.39168547462515       0.99999683477010270        3.1652359512002380E-006  -6.0529359302563535E-012   (1.05431025401250432E-003,1.35487415530776917E-018) (-1.39751963800562306E-004,-8.97039720079257318E-005)             (-0.49999746786429983,0.0000000000000000)
        1231        2000   254.63435192274881        1.0000000000060638        267.07259954590336       0.99999698630071032        3.0137053516261925E-006  -6.0638161158976800E-012   (9.16670975551926530E-004,1.48512556010774256E-018) (-1.49569466472793990E-004,-7.84030485916170866E-005)             (-0.49999757393039679,0.0000000000000000)
        1232        2000   255.73666513453469        1.0000000000060612        252.98428893290409       0.99999712564231724        2.8743637420436391E-006  -6.0611515806385796E-012   (7.70255016346207771E-004,1.35342661391322323E-018) (-1.57986385933666252E-004,-6.63589200160324234E-005)             (-0.49999767126088385,0.0000000000000000)
        1233        2000   256.83897834632080        1.0000000000060649        237.34893470835240       0.99999724507620202        2.7549298641563563E-006  -6.0649263389223051E-012   (6.19013960547399071E-004,1.05162954649683034E-017) (-1.59143665289187094E-004,-5.35547988558180126E-005)             (-0.49999775512195571,0.0000000000000000)
        1234        2000   257.94129155810697        1.0000000000060669        220.41311574747567       0.99999733917809130        2.6608279788932268E-006  -6.0669247403666304E-012  (4.69310450838607567E-004,-4.09268001000200759E-021) (-1.56014889061465264E-004,-4.12327456974128295E-005)             (-0.49999782120213299,0.0000000000000000)
        1235        2000   259.04360476989314        1.0000000000060731        202.44392003580450       0.99999740679053206        2.5932155409411214E-006  -6.0731419893045313E-012  (3.22635008685491389E-004,-2.76567957092661926E-017) (-1.52519991965919448E-004,-2.86864968433150617E-005)             (-0.49999786923882333,0.0000000000000000)
        1236        2000   260.14591798167930        1.0000000000060698        183.72473252213672       0.99999744891643128        2.5510896401767967E-006  -6.0698113202306558E-012  (1.81920427639831092E-004,-1.44855442866802129E-018) (-1.43580437036388826E-004,-1.63258491179864273E-005)             (-0.49999789951991930,0.0000000000000000)
        1237        2000   261.24823119346547        1.0000000000060671        164.55076597643631       0.99999746824935243        2.5317567160087255E-006  -6.0671467849715555E-012  (5.00594005970996848E-005,-2.69632174743509910E-018) (-1.35075928929648199E-004,-5.00867977152266888E-006)             (-0.49999791344867911,0.0000000000000000)
        1238        2000   262.35054440525164        1.0000000000060714        145.22440530407727       0.99999746838310055        2.5316229702202456E-006  -6.0713656324651311E-012  (-7.47824570130083051E-005,1.05105453891196199E-017)  (-1.28075125884621205E-004,6.15921128137392268E-006)             (-0.49999791353707207,0.0000000000000000)
        1239        2000   263.45285761703781        1.0000000000060734        126.05043875739928       0.99999745264718265        2.5473588933422498E-006  -6.0733640339094563E-012  (-1.91584784267285216E-004,7.89613533677944279E-018)  (-1.18282960913559379E-004,1.64933261761739605E-005)             (-0.49999790211625089,0.0000000000000000)
        1240        2000   264.55517082882398        1.0000000000060805        107.33125124355711       0.99999742419287130        2.5758132064727624E-006  -6.0804694612670573E-012 (-2.99784733836502024E-004,-4.21427309602747853E-020)  (-1.10130521585835914E-004,2.57794955493735408E-005)             (-0.49999788165731668,0.0000000000000000)
        1241        2000   265.65748404061014        1.0000000000060765        89.362055531782389       0.99999738607896216        2.6139271166284838E-006  -6.0764726583784068E-012 (-3.99880788757275667E-004,-1.81366540444569135E-017)  (-1.00199939928990008E-004,3.45438748362780635E-005)             (-0.49999785446327316,0.0000000000000000)
        1242        2000   266.75979725239631        1.0000000000060858        72.426236575698439       0.99999734199840329        2.6580076812936697E-006  -6.0857985317852581E-012 (-4.89246372911679764E-004,-5.42131463471393764E-019)  (-8.80667956008371848E-005,4.18412690439361654E-005)             (-0.49999782364560535,0.0000000000000000)
        1243        2000   267.86211046418248        1.0000000000060776        56.790882353759841       0.99999729576529484        2.7042407849419002E-006  -6.0775828814030319E-012  (-5.67878156575193742E-004,4.97733612518830817E-021)  (-7.70880388981031269E-005,4.82720379137768692E-005)             (-0.49999779154927404,0.0000000000000000)
        1244        2000   268.96442367596865        1.0000000000060836        42.702571741365766       0.99999725203650258        2.7479695823962278E-006  -6.0835780857360078E-012 (-6.33738248697020235E-004,-1.68683399952032176E-017)  (-6.05669416845901713E-005,5.38804194543267807E-005)             (-0.49999776120965517,0.0000000000000000)
        1245        2000   270.06673688775481        1.0000000000060856        30.383485814581856       0.99999721594722524        2.7840588615607908E-006  -6.0855764871803331E-012  (-6.82628218251643657E-004,3.76280211236933046E-018)  (-4.26768883709568783E-005,5.75718105932480567E-005)             (-0.49999773663988328,0.0000000000000000)
        1246        2000   271.16905009954098        1.0000000000060771        20.027903914551864       0.99999719046118074        2.8095448988921476E-006  -6.0771387921931819E-012 (-7.16019499871625785E-004,-5.30582817701962878E-021)  (-2.75380029094882322E-005,6.04164968610364778E-005)             (-0.49999771881101468,0.0000000000000000)
        1247        2000   272.27136331132715        1.0000000000060862        11.799139757408801       0.99999717762046758        2.8223856188273144E-006  -6.0862426209951082E-012 (-7.33560111674719023E-004,-2.43912479675508697E-018)  (-9.31479384989839213E-006,6.22329999258475631E-005)             (-0.49999770908907137,0.0000000000000000)
        1248        2000   273.37367652311332        1.0000000000060885        5.8269658707008611       0.99999717809212807        2.8219139646536641E-006  -6.0884630670443585E-012 (-7.34393579414215568E-004,-3.94951618726579474E-018)   (6.46788138971071621E-006,6.23467897819681934E-005)             (-0.49999770862397269,0.0000000000000000)
        1249        2000   274.47598973489949        1.0000000000060878        2.2055670028648833       0.99999718976317709        2.8102429114191980E-006  -6.0877969332295834E-012  (-7.22299326226373095E-004,7.79782872790862023E-018)   (1.85440563678831977E-005,6.18174632507015060E-005)             (-0.49999771546425475,0.0000000000000000)
        1250        2000   275.57830294668565        1.0000000000060896       0.99205477771413619       0.99999721008752218        2.7899185675764863E-006  -6.0895732900689836E-012  (-6.98667651982939463E-004,5.26972302131673584E-018)   (3.05209320572572405E-005,6.01714401496982544E-005)             (-0.49999772861586939,0.0000000000000000)
        1251        2000   276.68061615847182        1.0000000000060871        2.2055670059702095       0.99999723593410605        2.7640719837114035E-006  -6.0871307994148083E-012 (-6.65913900947695861E-004,-7.47978653068064401E-019)   (3.75277298295880555E-005,5.74435801660161863E-005)             (-0.49999774627685206,0.0000000000000000)
        1252        2000   277.78292937025799        1.0000000000060973        5.8269658763665619       0.99999726423257906        2.7357735202411818E-006  -6.0973448512413597E-012 (-6.27643428639341355E-004,-7.90047370779393761E-018)   (4.32563714759968957E-005,5.44698895212199029E-005)             (-0.49999776594551720,0.0000000000000000)
        1253        2000   278.88524258204416        1.0000000000061033        11.799139763871072       0.99999729365331069        2.7063527924106432E-006  -6.1033400555743356E-012 (-5.83374472921303574E-004,-1.05173531740752880E-017)   (4.98413395606566576E-005,5.05180655053026861E-005)             (-0.49999778727269800,0.0000000000000000)
        1254        2000   279.98755579383032        1.0000000000061091        20.027903918959925       0.99999732310024347        2.6769058660782667E-006  -6.1091132153023864E-012 (-5.34279254093789654E-004,-1.13324774525920929E-018)   (5.36771335199604429E-005,4.60276406037017359E-005)             (-0.49999780906546454,0.0000000000000000)
        1255        2000   281.08986900561649        1.0000000000061091        30.383485818024198       0.99999735191758621        2.6480885250782314E-006  -6.1091132153023864E-012  (-4.81134710341463959E-004,1.69569369802176503E-017)   (5.89165408183469434E-005,4.13384077071784662E-005)             (-0.49999783036863704,0.0000000000000000)
        1256        2000   282.19218221740266        1.0000000000061160        42.702571745162636       0.99999737990561766        2.6201004958270128E-006  -6.1159965980550623E-012 (-4.22725613519873457E-004,-1.27231877480475265E-018)   (6.41096846505051184E-005,3.59434557266766222E-005)             (-0.49999785104889605,0.0000000000000000)
        1257        2000   283.29449542918883        1.0000000000061231        56.790882357383325       0.99999740628460232        2.5937215185719977E-006  -6.1231020254126634E-012  (-3.60103413038190203E-004,6.76538435956419858E-019)   (6.81234478030291122E-005,3.05478939901768061E-005)             (-0.49999787011492042,0.0000000000000000)
        1258        2000   284.39680864097500        1.0000000000061287        72.426236582114356       0.99999743020294496        2.5698031830752120E-006  -6.1286531405357891E-012  (-2.92819233295214625E-004,9.07471425675127300E-018)   (7.35343129287235469E-005,2.48601618244602811E-005)             (-0.49999788712969639,0.0000000000000000)
        1259        2000   285.49912185276116        1.0000000000061275        89.362055541062063       0.99999745043086297        2.5495752660386416E-006  -6.1275429175111640E-012 (-2.21847973450291057E-004,-5.16827465943986054E-018)   (7.51212859791636775E-005,1.87815635440921917E-005)             (-0.49999790137535943,0.0000000000000000)
        1260        2000   286.60143506454733        1.0000000000061247        107.33125125301798       0.99999746570751757        2.5342986080558246E-006  -6.1246563376471386E-012 (-1.50846376382195456E-004,-9.33901200855405451E-018)   (7.41965140063642110E-005,1.31718333928328712E-005)             (-0.49999791192140369,0.0000000000000000)
        1261        2000   287.70374827633350        1.0000000000061355        126.05043876722324       0.99999747557118157        2.5244349521707534E-006  -6.1355365232884651E-012 (-8.07291260932441825E-005,-6.53610964494834513E-018)   (7.27764172760704363E-005,7.44397885276667086E-006)             (-0.49999791873388655,0.0000000000000000)
        1262        2000   288.80606148811967        1.0000000000061451        145.22440531375045       0.99999748013519674        2.5198709458886457E-006  -6.1450844413002415E-012  (-1.42135125505729436E-005,4.57571632076376718E-018)   (6.65872425470801762E-005,1.88473778246806572E-006)             (-0.49999792190907799,0.0000000000000000)
        1263        2000   289.90837469990583        1.0000000000061415        164.55076598648870       0.99999748018713164        2.5198190109846522E-006  -6.1415317276214410E-012   (4.57155025816121088E-005,1.96185733375793560E-024)  (5.97744362112215296E-005,-2.95365812855363845E-006)             (-0.49999792194147924,0.0000000000000000)
        1264        2000   291.01068791169200        1.0000000000061497        183.72473253302346       0.99999747694754959        2.5230586020322076E-006  -6.1497473780036671E-012  (9.92872870026309301E-005,-2.75757072925981841E-017)  (5.28465096806273694E-005,-7.72316008572014060E-006)             (-0.49999791960459872,0.0000000000000000)
        1265        2000   292.11300112347817        1.0000000000061586        202.44392004688822       0.99999747170673658        2.5282994232265094E-006  -6.1586291622006684E-012   (1.45115419189092748E-004,9.28305340941428609E-020)  (4.40331733323881324E-005,-1.18435514490573093E-005)             (-0.49999791575245700,0.0000000000000000)
        1266        2000   293.21531433526434        1.0000000000061622        220.41311575844003       0.99999746548787838        2.5345182833511413E-006  -6.1621818758794689E-012   (1.83705213075274239E-004,3.26393491311786462E-018)  (3.79919719206854153E-005,-1.53324214295064940E-005)             (-0.49999791109312719,0.0000000000000000)
        1267        2000   294.31762754705051        1.0000000000061653        237.34893471693837       0.99999745884870272        2.5411574634720018E-006  -6.1652905003484193E-012  (2.16979082183939352E-004,-7.63576040191995825E-018)  (3.22771870040687611E-005,-1.86446935172540375E-005)             (-0.49999790600541022,0.0000000000000000)
        1268        2000   295.41994075883667        1.0000000000061691        252.98428893984448       0.99999745213129065        2.5478748793142888E-006  -6.1690652586321448E-012   (2.44824353106016959E-004,3.62002735114029845E-019)  (2.70441676625849101E-005,-2.11196827763090685E-005)             (-0.49999790098164826,0.0000000000000000)
        1269        2000   296.52225397062284        1.0000000000061704        267.07259955194809       0.99999744534868151        2.5546574888810945E-006  -6.1703975262616950E-012   (2.69206154331402716E-004,1.71415526374180295E-017)  (2.44531841590172911E-005,-2.32965132913388544E-005)             (-0.49999789602494116,0.0000000000000000)
        1270        2000   297.62456718240901        1.0000000000061735        279.39168547876938       0.99999743872782987        2.5612783443196230E-006  -6.1735061507306455E-012   (2.90233872006894953E-004,7.97870429297780503E-018)  (1.94023536446250704E-005,-2.51748898568853008E-005)             (-0.49999789137781542,0.0000000000000000)
        1271        2000   298.72688039419518        1.0000000000061726        289.74726737639452       0.99999743285250764        2.5671536670261504E-006  -6.1726179723109453E-012   (3.06254423847653317E-004,1.73998566698059698E-021)  (1.44566917202835761E-005,-2.61334456889471998E-005)             (-0.49999788762941882,0.0000000000000000)
        1272        2000   299.82919360598135        1.0000000000061720        297.97603153283319       0.99999742818614568        2.5718200260113923E-006  -6.1719518384961702E-012  (3.18214224358447225E-004,-7.90328429122778966E-018)  (1.00901985099140764E-005,-2.69949127374044722E-005)             (-0.49999788473143791,0.0000000000000000)
        1273        2000   300.93150681776751        1.0000000000061759        303.94820541960951       0.99999742559185845        2.5744143194796496E-006  -6.1759486413848208E-012  (3.24103785669117937E-004,-6.71317213288001918E-018)  (1.74334208691945457E-006,-2.73481951520173146E-005)             (-0.49999788328268746,0.0000000000000000)
        1274        2000   302.03382002955368        1.0000000000061813        307.56960428798146       0.99999742576081418        2.5742453674771250E-006  -6.1812777119030216E-012  (3.22157533989503059E-004,-1.97251216554084320E-018) (-5.62998937945482705E-006,-2.68478843759997113E-005)             (-0.49999788375937915,0.0000000000000000)
        1275        2000   303.13613324133985        1.0000000000061855        308.78311651479044       0.99999742866654251        2.5713396427983936E-006  -6.1854965593965971E-012   (3.13685225255896634E-004,1.57092861523960701E-017) (-1.24724404281599003E-005,-2.62846479078811863E-005)             (-0.49999788579650273,0.0000000000000000)
        1276        2000   304.23844645312602        1.0000000000061913        307.56960428612405       0.99999743410957576        2.5658966161204446E-006  -6.1912697191246480E-012   (2.97907443551449021E-004,1.68656607473116959E-017) (-2.03504377953221503E-005,-2.50540410632024203E-005)             (-0.49999788945958795,0.0000000000000000)
        1277        2000   305.34075966491218        1.0000000000061962        303.94820541687318       0.99999744129998125        2.5587062168532593E-006  -6.1961547004329987E-012  (2.76307414556527177E-004,-2.94567455324123455E-018) (-2.43998443744969254E-005,-2.33587001077569706E-005)             (-0.49999789422804475,0.0000000000000000)
        1278        2000   306.44307287669835        1.0000000000061942        297.97603152933738       0.99999744917356082        2.5508326340680123E-006  -6.1941562989886734E-012  (2.51494266742580716E-004,-1.05215718712870798E-017) (-2.76661784974093708E-005,-2.17118664711443755E-005)             (-0.49999789934742223,0.0000000000000000)
        1279        2000   307.54538608848452        1.0000000000061970        289.74726737280247       0.99999745694161912        2.5430645760156893E-006  -6.1970428788526988E-012  (2.23845807178906338E-004,-2.80957355700284971E-018) (-2.98018606887923127E-005,-1.94700126140494584E-005)             (-0.49999790458665849,0.0000000000000000)
        1280        2000   308.64769930027069        1.0000000000062021        279.39168547473753       0.99999746380952992        2.5361966728980283E-006  -6.2021499047659745E-012  (1.96119507439248143E-004,-7.66010032045719981E-019) (-2.82825774112833761E-005,-1.72242860003353798E-005)             (-0.49999790932261523,0.0000000000000000)
        1281        2000   309.75001251205686        1.0000000000062021        267.07259954656331       0.99999746942638357        2.5305798202932513E-006  -6.2021499047659745E-012   (1.69621372917452080E-004,6.71590677260943533E-018) (-2.77633470972340164E-005,-1.50639121593802361E-005)             (-0.49999791330703097,0.0000000000000000)
        1282        2000   310.85232572384302        1.0000000000062093        252.98428893318700       0.99999747386459470        2.5261416147099578E-006  -6.2092553321235755E-012  (1.43790047867361419E-004,-1.31519773183553180E-017) (-2.65363995856672056E-005,-1.25367263084014850E-005)             (-0.49999791663780752,0.0000000000000000)
        1283        2000   311.95463893562919        1.0000000000062141        237.34893470930163       0.99999747726341048        2.5227428033922139E-006  -6.2141403134319262E-012   (1.19601483371498232E-004,8.12778277471844662E-019) (-2.50498329824414226E-005,-1.03360494000239315E-005)             (-0.49999791922201853,0.0000000000000000)
        1284        2000   313.05695214741536        1.0000000000062206        220.41311575048277       0.99999747992288068        2.5200833387550080E-006  -6.2205796069747521E-012  (9.52970099545390572E-005,-6.51608373423892374E-022) (-2.66128175107724345E-005,-8.02217862338265825E-006)             (-0.49999792127019427,0.0000000000000000)
        1285        2000   314.15926535920153        1.0000000000062330        202.44392003891753       0.99999748198720162        2.5180190281120475E-006  -6.2330141048505538E-012   (6.99025856008602119E-005,1.67701887935982049E-018) (-2.68438041945363253E-005,-5.49640163030300549E-006)             (-0.49999792284903105,0.0000000000000000)
        1286        2000   315.26157857098769        1.0000000000062301        183.72473252509022       0.99999748342345940        2.5165827707511468E-006  -6.2301275249865284E-012  (4.42876639582431335E-005,-1.70492413626284406E-017) (-2.75675030068196975E-005,-3.40314675733724719E-006)             (-0.49999792388580361,0.0000000000000000)
        1287        2000   316.36389178277386        1.0000000000062381        164.55076597846281       0.99999748418196677        2.5158242715467904E-006  -6.2381211307638296E-012  (1.70581689379344576E-005,-7.71929725856476493E-018) (-2.94908572554105624E-005,-1.07204960268907232E-006)             (-0.49999792441973279,0.0000000000000000)
        1288        2000   317.46620499456003        1.0000000000062428        145.22440530552049       0.99999748418385948        2.5158223819628087E-006  -6.2427840674672552E-012  (-1.05536070977624498E-005,8.15390337516418292E-019)  (-2.81570004531555133E-005,1.17576238558446360E-006)             (-0.49999792442314817,0.0000000000000000)
        1289        2000   318.56851820634620        1.0000000000062479        126.05043875916431       0.99999748346507544        2.5165411724475110E-006  -6.2478910933805309E-012 (-3.66980836891931352E-005,-2.80263019809703992E-018)  (-2.67882043780317019E-005,2.99838723785078629E-006)             (-0.49999792394892612,0.0000000000000000)
        1290        2000   319.67083141813237        1.0000000000062530        107.33125124557893       0.99999748219643247        2.5178098217782139E-006  -6.2529981192938067E-012 (-6.12270997895098277E-005,-7.71359071565979993E-018)  (-2.41341817928509548E-005,5.00111451957456797E-006)             (-0.49999792309677704,0.0000000000000000)
        1291        2000   320.77314462991853        1.0000000000062557        89.362055534350205       0.99999748070149974        2.5193047566153187E-006  -6.2556626545529070E-012 (-8.15380346389151808E-005,-4.80295645341806034E-021)  (-1.84253214866071183E-005,6.55643311719714373E-006)             (-0.49999792209213290,0.0000000000000000)
        1292        2000   321.87545784170470        1.0000000000062716        72.426236576012712       0.99999747931540894        2.5206908615414201E-006  -6.2716498661075093E-012  (-9.69189111411955691E-005,7.71354950639061258E-018)  (-1.41483269419525274E-005,7.74641592844759109E-006)             (-0.49999792113083447,0.0000000000000000)
        1293        2000   322.97777105349087        1.0000000000062750        56.790882352144230       0.99999747827024754        2.5217360274068412E-006  -6.2749805351813848E-012  (-1.08038592852792613E-004,9.25513071890850898E-018)  (-9.16285097835030130E-006,8.96389955585998919E-006)             (-0.49999792031417684,0.0000000000000000)
        1294        2000   324.08008426527704        1.0000000000062721        42.702571739919065       0.99999747771436853        2.5222919051123036E-006  -6.2720939553173594E-012  (-1.14188326053364590E-004,2.94047914158824430E-019)  (-4.43966556014415700E-006,9.59427161697570672E-006)             (-0.49999791980799646,0.0000000000000000)
        1295        2000   325.18239747706320        1.0000000000062770        30.383485812886942       0.99999747755326918        2.5224530057108356E-006  -6.2769789366257100E-012 (-1.17350229242797426E-004,-7.98355884041860462E-018)  (-2.66952480822524831E-006,1.01447436388262101E-005)             (-0.49999791952496420,0.0000000000000000)
        1296        2000   326.28471068884937        1.0000000000062839        20.027903915041765       0.99999747761567359        2.5223906109460145E-006  -6.2838623193783860E-012 (-1.18658468994014944E-004,-9.32848147549660582E-018)  (-2.89156470569503803E-007,1.05949481906109739E-005)             (-0.49999791940163596,0.0000000000000000)
        1297        2000   327.38702390063554        1.0000000000062839        11.799139759878283       0.99999747772819925        2.5222780852368732E-006  -6.2838623193783860E-012 (-1.18483185197392222E-004,-7.23647357956062939E-019)   (2.70129663630522584E-008,1.05373587574298162E-005)             (-0.49999791941883137,0.0000000000000000)
        1298        2000   328.48933711242171        1.0000000000062861        5.8269658727250544       0.99999747767998515        2.5223263015481048E-006  -6.2860827654276363E-012 (-1.19069432349582914E-004,-2.53235198047088127E-018)  (-1.02575044974499377E-006,1.07098166782699834E-005)             (-0.49999791936077426,0.0000000000000000)
        1299        2000   329.59165032420788        1.0000000000062872        2.2055670043130013       0.99999747751522605        2.5224910619051687E-006  -6.2871929884522615E-012  (-1.19433722117355054E-004,1.31457303904255815E-017)   (5.45852016481933624E-007,1.06515263766835687E-005)             (-0.49999791932483711,0.0000000000000000)
        1300        2000   330.69396353599404        1.0000000000062919       0.99205477795047659       0.99999747736613931        2.5226401557971925E-006  -6.2918559251556871E-012 (-1.18711789487062580E-004,-5.34831840535260312E-018)   (9.96086781238575397E-007,1.02170095243260171E-005)             (-0.49999791939432026,0.0000000000000000)
        1301        2000   331.79627674778021        1.0000000000062979        2.2055670053762659       0.99999747734734012        2.5226589579403231E-006  -6.2978511294886630E-012 (-1.17387158501460281E-004,-1.44954894799462816E-018)   (2.52133422033326336E-006,1.00304842224496674E-005)             (-0.49999791951640060,0.0000000000000000)
        1302        2000   332.89858995956638        1.0000000000063001        5.8269658751590185       0.99999747768225200        2.5223240479876693E-006  -6.3000715755379133E-012 (-1.13179290531615579E-004,-4.51381561394666479E-020)   (6.51562936562553090E-006,9.42762126739915021E-006)             (-0.49999791988356151,0.0000000000000000)
        1303        2000   334.00090317135255        1.0000000000063105        11.799139762959095       0.99999747843083875        2.5215754698805284E-006  -6.3105076719693898E-012  (-1.05878873852367804E-004,5.89716606344104077E-018)   (8.80258705132753911E-006,8.64351722667715788E-006)             (-0.49999792047840097,0.0000000000000000)
        1304        2000   335.10321638313872        1.0000000000063158        20.027903918702563       0.99999747952877194        2.5204775424214123E-006  -6.3158367424875905E-012 (-9.59885266156559251E-005,-1.34965428948704450E-018)   (1.22564431298389643E-005,8.01510239482304215E-006)             (-0.49999792121532605,0.0000000000000000)
        1305        2000   336.20552959492488        1.0000000000063212        30.383485817192653       0.99999748087939055        2.5191269303464990E-006  -6.3211658130057913E-012  (-8.25622698922622933E-005,9.74198296789565963E-019)   (1.54234518321972312E-005,6.91123852637875437E-006)             (-0.49999792211380401,0.0000000000000000)
        1306        2000   337.30784280671105        1.0000000000063276        42.702571745103782       0.99999748224164398        2.5177646851582431E-006  -6.3276051065486172E-012  (-6.76908598897820298E-005,7.80304662078073562E-018)   (1.54709002150693949E-005,5.88619157159286598E-006)             (-0.49999792298908469,0.0000000000000000)
        1307        2000   338.41015601849722        1.0000000000063303        56.790882358316935       0.99999748342025641        2.5165860742331482E-006  -6.3302696418077176E-012 (-5.27877320841447446E-005,-1.84940179102221417E-017)   (1.56587083534055998E-005,4.92878198115120713E-006)             (-0.49999792373846691,0.0000000000000000)
        1308        2000   339.51246923028339        1.0000000000063427        72.426236582617889       0.99999748431204794        2.5156942925081507E-006  -6.3427041396835193E-012 (-3.85429053640170646E-005,-5.78269533006124103E-019)   (1.37570360963529733E-005,3.73987080913743349E-006)             (-0.49999792433134693,0.0000000000000000)
        1309        2000   340.61478244206955        1.0000000000063505        89.362055541486455       0.99999748487759199        2.5151287581295971E-006  -6.3504757008558954E-012 (-2.69088181297962844E-005,-1.69685458506227806E-017)   (1.09231063856995444E-005,2.92046051976536485E-006)             (-0.49999792471403309,0.0000000000000000)
        1310        2000   341.71709565385572        1.0000000000063556        107.33125125310420       0.99999748518935883        2.5148169964957551E-006  -6.3555827267691711E-012 (-1.71365076422083834E-005,-1.57798777463550805E-017)   (9.74340762654256282E-006,1.98329152112060455E-006)             (-0.49999792494989104,0.0000000000000000)
        1311        2000   342.81940886564189        1.0000000000063647        126.05043876684104       0.99999748533122623        2.5146751377497649E-006  -6.3646865555710974E-012 (-9.26017190904971865E-006,-1.49817000851312550E-019)   (6.89152072390489959E-006,9.99970317883544261E-007)             (-0.49999792507478935,0.0000000000000000)
        1312        2000   343.92172207742806        1.0000000000063631        145.22440531341536       0.99999748537776945        2.5146285960293700E-006  -6.3631322433366222E-012  (-3.64278475696813352E-006,9.25528399600955066E-018)   (5.71140652448294813E-006,4.60267793178614386E-007)             (-0.49999792511808372,0.0000000000000000)
        1313        2000   345.02403528921423        1.0000000000063698        164.55076598637379       0.99999748537717614        2.5146291934919364E-006  -6.3697935814843731E-012   (2.25515024058926932E-006,3.42818355457718475E-017)  (6.90482980454134178E-006,-3.41530419185074316E-007)             (-0.49999792511755858,0.0000000000000000)
        1314        2000   346.12634850100039        1.0000000000063753        183.72473253286691       0.99999748532284127        2.5146835323102574E-006  -6.3753446966074989E-012  (8.73413291263099964E-006,-1.65221685415096322E-021)  (6.87020476676399028E-006,-1.06836989078767336E-006)             (-0.49999792507248936,0.0000000000000000)
        1315        2000   347.22866171278656        1.0000000000063822        202.44392004641642       0.99999748518528564        2.5148210957214480E-006  -6.3822280793601749E-012  (1.59399972022582761E-005,-1.35914770683058108E-018)  (8.60112698006490532E-006,-1.55705775118199778E-006)             (-0.49999792497606910,0.0000000000000000)
        1316        2000   348.33097492457273        1.0000000000063818        220.41311575762182       0.99999748493419216        2.5150721881318853E-006  -6.3817839901503248E-012  (2.48859106867203635E-005,-1.26615045321999148E-018)  (9.70660841348066269E-006,-2.36840221301718793E-006)             (-0.49999792480674399,0.0000000000000000)
        1317        2000   349.43328813635890        1.0000000000063847        237.34893471598713       0.99999748459287496        2.5154135089161470E-006  -6.3846705700143502E-012   (3.36147316965329464E-005,7.16910221646112632E-018)  (8.46293092314409423E-006,-2.85750217843807339E-006)             (-0.49999792460006115,0.0000000000000000)
        1318        2000   350.53560134814506        1.0000000000063900        252.98428893949693       0.99999748420825174        2.5157981369674545E-006  -6.3899996405325510E-012   (4.17061818028489900E-005,1.27124560025671277E-018)  (8.37168468574870181E-006,-3.23873681351805386E-006)             (-0.49999792437516782,0.0000000000000000)
        1319        2000   351.63791455993123        1.0000000000063878        267.07259955202102       0.99999748385093312        2.5161554541936450E-006  -6.3877791944833007E-012  (4.88705581595945033E-005,-8.07322815395251223E-019)  (6.06119350316852348E-006,-3.82529856627942656E-006)             (-0.49999792415292960,0.0000000000000000)
        1320        2000   352.74022777171740        1.0000000000063882        279.39168547914699       0.99999748362770380        2.5163786838500069E-006  -6.3882232836931507E-012  (5.28263294735393176E-005,-7.25953248663493605E-018)  (2.33868246033749017E-006,-3.97168686017940137E-006)             (-0.49999792402066312,0.0000000000000000)
        1321        2000   353.84254098350357        1.0000000000063958        289.74726737672734       0.99999748358331442        2.5164230809323491E-006  -6.3957728002606018E-012   (5.39114455029685401E-005,9.06087324252387933E-018) (-7.13580583077379006E-009,-4.10927314202202282E-006)             (-0.49999792398256881,0.0000000000000000)
        1322        2000   354.94485419528974        1.0000000000064027        297.97603153223503       0.99999748371808228        2.5162883205002788E-006  -6.4026561830132778E-012   (5.23256698335012246E-005,1.58691158083319893E-018) (-3.20390749277674489E-006,-4.18474773006171065E-006)             (-0.49999792404035553,0.0000000000000000)
        1323        2000   356.04716740707590        1.0000000000064062        303.94820541901896       0.99999748398590593        2.5160205013760541E-006  -6.4062088966920783E-012   (4.84137037557485879E-005,1.08906904684083388E-017) (-4.36526843710223191E-006,-3.92797353370670324E-006)             (-0.49999792418380884,0.0000000000000000)
        1324        2000   357.14948061886207        1.0000000000064142        307.56960428749858       0.99999748428637136        2.5157200407986930E-006  -6.4142025024693794E-012   (4.43376110590078427E-005,7.61627946701242237E-018) (-4.09695030691975650E-006,-3.92504399376585451E-006)             (-0.49999792433191381,0.0000000000000000)
        1325        2000   358.25179383064824        1.0000000000064162        308.78311651431846       0.99999748455778970        2.5154486243794389E-006  -6.4162009039137047E-012  (4.00379581273899575E-005,-2.96905892247817291E-019) (-4.65240714383788657E-006,-3.71395515467262642E-006)             (-0.49999792448418312,0.0000000000000000)
        1326        2000   359.35410704243441        1.0000000000064204        307.56960428646653       0.99999748473958761        2.5152668312447408E-006  -6.4204197514072803E-012  (3.64400770842493400E-005,-1.82070304676457555E-019) (-2.54005370003633667E-006,-3.34026039089890663E-006)             (-0.49999792460676351,0.0000000000000000)
        1327        2000   360.45642025422057        1.0000000000064198        303.94820541684572       0.99999748479557271        2.5152108463773136E-006  -6.4197536175925052E-012  (3.50532545923790167E-005,-8.91278498335311813E-020) (-8.01173294795453145E-007,-3.31538067008731811E-006)             (-0.49999792465154402,0.0000000000000000)
        1328        2000   361.55873346600674        1.0000000000064257        297.97603152905702       0.99999748477211381        2.5152343128343343E-006  -6.4257488219254810E-012  (3.44053949812535623E-005,-1.26014900912638001E-019) (-6.72243877792143119E-007,-3.01854870212788952E-006)             (-0.49999792467092541,0.0000000000000000)
        1329        2000   362.66104667779291        1.0000000000064349        289.74726737281753       0.99999748471589101        2.5152905437266708E-006  -6.4348526507274073E-012  (3.43795309138450567E-005,-7.88988342797410686E-018)  (3.01232857346948870E-007,-2.77951183381909808E-006)             (-0.49999792467186277,0.0000000000000000)
        1330        2000   363.76335988957908        1.0000000000064335        279.39168547445172       0.99999748468171334        2.5153247202621734E-006  -6.4335203830978571E-012  (3.41532303594657520E-005,-1.83296377529338164E-017) (-1.40258812076255181E-006,-2.69658265785120779E-006)             (-0.49999792467697768,0.0000000000000000)
        1331        2000   364.86567310136525        1.0000000000064453        267.07259954661714       0.99999748471572270        2.5152907197862479E-006  -6.4452887471588838E-012  (3.17543082417047246E-005,-9.76970232887420615E-019) (-3.52684863006225296E-006,-2.20626419065347307E-006)             (-0.49999792472753063,0.0000000000000000)
        1332        2000   365.96798631315141        1.0000000000064411        252.98428893349475       0.99999748480604078        2.5152004016715690E-006  -6.4410698996653082E-012   (2.80820798978099052E-005,6.71799608892317113E-018) (-4.34537751101536792E-006,-1.92517238152489942E-006)             (-0.49999792479384264,0.0000000000000000)
        1333        2000   367.07029952493758        1.0000000000064460        237.34893470932872       0.99999748493467999        2.5150717643325971E-006  -6.4459548809736589E-012  (2.27040247515110873E-005,-8.89922352267321950E-018) (-6.99071602082536407E-006,-1.64134555614165137E-006)             (-0.49999792487337791,0.0000000000000000)
        1334        2000   368.17261273672375        1.0000000000064535        220.41311575040768       0.99999748507220665        2.5149342462687680E-006  -6.4535043975411099E-012   (1.53487650899134914E-005,4.26402475189890496E-018) (-7.88323120187834878E-006,-1.04879770516650789E-006)             (-0.49999792495932843,0.0000000000000000)
        1335        2000   369.27492594850992        1.0000000000064586        202.44392003873079       0.99999748517960396        2.5148268555535010E-006  -6.4586114234543857E-012  (8.09085791201493458E-006,-9.41816863264280472E-018) (-7.25960662219448174E-006,-7.50551845244417792E-007)             (-0.49999792502174512,0.0000000000000000)
        1336        2000   370.37723916029609        1.0000000000064655        183.72473252491872       0.99999748524357446        2.5147628917553088E-006  -6.4654948062070616E-012  (1.17353545205761129E-006,-3.81021778342325015E-018) (-6.92158418933824659E-006,-3.09140302308328951E-007)             (-0.49999792506028368,0.0000000000000000)
        1337        2000   371.47955237208225        1.0000000000064670        164.55076597835335       0.99999748526686538        2.5147396012799751E-006  -6.4670491184415368E-012 (-4.14924867558723998E-006,-9.62972075316701732E-022)  (-3.93102367776402748E-006,1.39325046714221166E-007)             (-0.49999792507524216,0.0000000000000000)
        1338        2000   372.58186558386842        1.0000000000064646        145.22440530542661       0.99999748526778354        2.5147386809906935E-006  -6.4646066277873615E-012  (-6.68288540573409412E-006,2.71679785355567847E-018)  (-1.78102081519852821E-006,2.08788001533074369E-007)             (-0.49999792507571111,0.0000000000000000)
        1339        2000   373.68417879565459        1.0000000000064746        126.05043875895942       0.99999748526755794        2.5147389152795104E-006  -6.4745986350089879E-012  (-7.92177848767523233E-006,4.49268949562889833E-018)  (-8.19993568833975350E-007,5.40731341364599131E-007)             (-0.49999792507287416,0.0000000000000000)
        1340        2000   374.78649200744076        1.0000000000064744        107.33125124537194       0.99999748527958432        2.5147268905761825E-006  -6.4743765904040629E-012  (-7.54416590439622052E-006,1.36202173176950414E-018)   (1.32824124918610740E-006,7.21046328743708780E-007)             (-0.49999792507497492,0.0000000000000000)
        1341        2000   375.88880521922692        1.0000000000064757        89.362055534097536       0.99999748530385779        2.5147026188168792E-006  -6.4757088580336131E-012  (-6.17582291573038849E-006,2.62086245077591886E-017)   (9.46629426352847015E-007,6.91188871550557246E-007)             (-0.49999792508396390,0.0000000000000000)
        1342        2000   376.99111843101309        1.0000000000064790        72.426236575739452       0.99999748532378641        2.5146826936117111E-006  -6.4790395271074885E-012 (-5.75791771478548336E-006,-1.94662281344671652E-018)  (-7.16249694177535670E-008,9.45126466114123540E-007)             (-0.49999792508728857,0.0000000000000000)
        1343        2000   378.09343164279926        1.0000000000064826        56.790882352232160       0.99999748532460420        2.5146818797865250E-006  -6.4825922407862890E-012 (-6.02604336838410929E-006,-1.70527646506740956E-017)  (-7.76694571310618112E-007,9.57145166475464851E-007)             (-0.49999792508461904,0.0000000000000000)
        1344        2000   379.19574485458543        1.0000000000064817        42.702571739813919       0.99999748529009946        2.5147163839129419E-006  -6.4817040623665889E-012  (-7.96063796031177686E-006,1.26558200051600647E-018)  (-3.28863716907265192E-006,1.04561670250888068E-006)             (-0.49999792506357427,0.0000000000000000)
        1345        2000   380.29805806637160        1.0000000000064906        30.383485812722252       0.99999748521947363        2.5147870146642404E-006  -6.4905858465635902E-012 (-1.15522866081775263E-005,-2.33424755647818238E-018)  (-3.74092173063866950E-006,1.34966778879674271E-006)             (-0.49999792502183549,0.0000000000000000)
        1346        2000   381.40037127815776        1.0000000000064919        20.027903915137731       0.99999748513447240        2.5148720164753570E-006  -6.4919181141931404E-012 (-1.49231621434649695E-005,-1.26669507348709269E-018)  (-3.30609627669888396E-006,1.31271543165571289E-006)             (-0.49999792498082035,0.0000000000000000)
        1347        2000   382.50268448994393        1.0000000000064910        11.799139759747121       0.99999748505241193        2.5149540796018673E-006  -6.4910299357734402E-012  (-1.82853949444440127E-005,9.44926616397992987E-020)  (-3.37107448660217117E-006,1.45027809087965986E-006)             (-0.49999792493884998,0.0000000000000000)
        1348        2000   383.60499770173010        1.0000000000065046        5.8269658728963298       0.99999748499866403        2.5150078392572081E-006  -6.5045746566738671E-012  (-2.05073871438577521E-005,9.05696150194017239E-020)  (-9.46480620958707956E-007,1.57808441983538020E-006)             (-0.49999792491095507,0.0000000000000000)
        1349        2000   384.70731091351627        1.0000000000065106        2.2055670043750379       0.99999748499254937        2.5150139599247944E-006  -6.5105698610068430E-012 (-2.04332203158941013E-005,-7.89507837876123183E-018)   (8.89172672793643897E-007,1.41636708801087034E-006)             (-0.49999792491184936,0.0000000000000000)
        1350        2000   385.80962412530243        1.0000000000065152       0.99205477761210026       0.99999748503071462        2.5149757997753020E-006  -6.5152327977102686E-012  (-1.88831877568220581E-005,7.66556584969588854E-020)   (2.49621801728247315E-006,1.48436303920498578E-006)             (-0.49999792493046175,0.0000000000000000)
        1351        2000   386.91193733708860        1.0000000000065199        2.2055670054160466       0.99999748510608244        2.5149004406740605E-006  -6.5198957344136943E-012  (-1.52211390929661764E-005,3.94576986598369743E-018)   (4.83957894185504583E-006,1.29231424279032842E-006)             (-0.49999792497255013,0.0000000000000000)
        1352        2000   388.01425054887477        1.0000000000065286        5.8269658749891819       0.99999748519317710        2.5148133519770905E-006  -6.5285554740057705E-012  (-1.07007765886413305E-005,9.07859297818505231E-018)   (4.11753857872501694E-006,1.00269129279355882E-006)             (-0.49999792502160839,0.0000000000000000)
        1353        2000   389.11656376066094        1.0000000000065348        11.799139762800170       0.99999748526459786        2.5147419360399201E-006  -6.5347727229436714E-012 (-7.17693403427927889E-006,-2.00724874531735748E-022)   (3.33429346270404383E-006,1.03555301009115249E-006)             (-0.49999792505702251,0.0000000000000000)
        1354        2000   390.21887697244711        1.0000000000065379        20.027903919143377       0.99999748531214960        2.5146943904795113E-006  -6.5378813474126218E-012  (-4.08670448592580388E-006,5.25490331156091394E-018)   (2.79885321879794815E-006,7.79654720360674139E-007)             (-0.49999792508528113,0.0000000000000000)
        1355        2000   391.32119018423327        1.0000000000065412        30.383485817576720       0.99999748532830168        2.5146782388471281E-006  -6.5412120164864973E-012  (-2.66372846121681060E-006,4.08569726627612198E-022)   (1.38388801814920819E-007,6.32313796703998657E-007)             (-0.49999792509708063,0.0000000000000000)
        1356        2000   392.42350339601944        1.0000000000065477        42.702571745433964       0.99999748531800980        2.5146885361665412E-006  -6.5476513100293232E-012  (-3.20196144841391316E-006,3.35612436031043354E-018)  (-8.59493090483555348E-007,6.94094796647137854E-007)             (-0.49999792509335000,0.0000000000000000)
        1357        2000   393.52581660780561        1.0000000000065474        56.790882358600847       0.99999748529676036        2.5147097869583402E-006  -6.5474292654243982E-012  (-4.31843406424503893E-006,8.52940532471974128E-018)  (-1.47365500634083824E-006,4.88470610993970474E-007)             (-0.49999792508668445,0.0000000000000000)
        1358        2000   394.62812981959178        1.0000000000065574        72.426236582710061       0.99999748527461807        2.5147319389801292E-006  -6.5574212726460246E-012  (-6.28596565121985635E-006,2.50314180293583565E-017)  (-2.19102685582188197E-006,5.35542966238918986E-007)             (-0.49999792507701862,0.0000000000000000)
        1359        2000   395.73044303137794        1.0000000000065601        89.362055541589896       0.99999748526174459        2.5147448163569085E-006  -6.5600858079051250E-012 (-7.60099819994615409E-006,-6.62251589034379350E-018)  (-2.10340451508906167E-007,5.43043464098609607E-007)             (-0.49999792507176599,0.0000000000000000)
        1360        2000   396.83275624316411        1.0000000000065723        107.33125125328162       0.99999748526044097        2.5147461305319177E-006  -6.5722982611760017E-012 (-7.12056444249687676E-006,-4.62507185913496624E-018)   (1.07599042808712873E-006,3.05814820602484184E-007)             (-0.49999792507302265,0.0000000000000000)
        1361        2000   397.93506945495028        1.0000000000065830        126.05043876710961       0.99999748526504106        2.5147415419036826E-006  -6.5829564022124032E-012  (-5.59256562902006047E-006,6.44199968096499243E-018)   (2.32678430181308939E-006,3.21592307143791321E-007)             (-0.49999792507571522,0.0000000000000000)
        1362        2000   399.03738266673645        1.0000000000065872        145.22440531370179       0.99999748526988519        2.5147366991387110E-006  -6.5871752497059788E-012 (-2.28667955697396085E-006,-2.29123290762324579E-018)   (4.32363427723829252E-006,1.18463260646169364E-007)             (-0.49999792507848279,0.0000000000000000)
        1363        2000   400.13969587852262        1.0000000000065976        164.55076598663103       0.99999748526988386        2.5147367134812518E-006  -6.5976113461374553E-012  (1.84101185027138854E-006,-7.71955155423065115E-018)  (3.94109293503107483E-006,-1.09877120222962667E-007)             (-0.49999792507852259,0.0000000000000000)
        1364        2000   401.24200909030878        1.0000000000065996        183.72473253308763       0.99999748526419330        2.5147424069148165E-006  -6.5996097475817805E-012   (5.51275923498069316E-006,9.33902798742951492E-018)  (3.73565069901102929E-006,-1.19718068651840182E-007)             (-0.49999792507561830,0.0000000000000000)
        1365        2000   402.34432230209495        1.0000000000066105        202.44392004665659       0.99999748525576582        2.5147508440122337E-006  -6.6104899332231071E-012   (8.84430375359618639E-006,1.58547516225879406E-019)  (2.78950450431669161E-006,-4.00322302865677003E-007)             (-0.49999792507064333,0.0000000000000000)
        1366        2000   403.44663551388112        1.0000000000066138        220.41311575795200       0.99999748525098431        2.5147556290952030E-006  -6.6138206022969825E-012  (1.01287603697937792E-005,-1.04212360305155070E-017) (-9.11096735914894911E-008,-4.39300382219939654E-007)             (-0.49999792506803364,0.0000000000000000)
        1367        2000   404.54894872566729        1.0000000000066196        237.34893471633097       0.99999748525439336        2.5147522255909637E-006  -6.6195937620250334E-012  (9.47845207704740725E-006,-7.70849237855285918E-018) (-9.63955241243027893E-007,-3.44446571383245397E-007)             (-0.49999792506980850,0.0000000000000000)
        1368        2000   405.65126193745346        1.0000000000066174        252.98428893984354       0.99999748526618437        2.5147404333797650E-006  -6.6173733159757830E-012   (8.03981742568670960E-006,1.58768486731684713E-019) (-2.13974480465750967E-006,-5.14754487291838318E-007)             (-0.49999792507430757,0.0000000000000000)
        1369        2000   406.75357514923962        1.0000000000066178        267.07259955227840       0.99999748528545029        2.5147211673168336E-006  -6.6178174051856331E-012  (5.19165446115717508E-006,-6.35539887510317868E-018) (-3.33788162568236592E-006,-3.54512209842920743E-007)             (-0.49999792508416246,0.0000000000000000)
        1370        2000   407.85588836102579        1.0000000000066223        279.39168547932888       0.99999748530481591        2.5147018049356750E-006  -6.6222582972841337E-012  (2.61022780890419124E-006,-4.46557781467581421E-021) (-1.75295689534198278E-006,-2.75185603005798525E-007)             (-0.49999792509370045,0.0000000000000000)
        1371        2000   408.95820157281196        1.0000000000066329        289.74726737687268       0.99999748531694421        2.5146896891624529E-006  -6.6329164383205352E-012  (1.33788972572378545E-006,-2.26596887145498745E-018) (-1.00083354640442323E-006,-3.92779731906097962E-007)             (-0.49999792509862251,0.0000000000000000)
        1372        2000   410.06051478459813        1.0000000000066391        297.97603153224611       0.99999748531892885        2.5146877097760512E-006  -6.6391336872584361E-012   (8.61471957371003874E-007,1.04278140752433021E-017)  (3.03770259553666646E-007,-2.27682473500035057E-007)             (-0.49999792510050911,0.0000000000000000)
        1373        2000   411.16282799638429        1.0000000000066431        303.94820541909166       0.99999748530788657        2.5146987566580772E-006  -6.6431304901470867E-012  (2.37143327423418647E-006,-3.90724085255615168E-018)  (2.59948936879085161E-006,-3.31728492711317519E-007)             (-0.49999792509452506,0.0000000000000000)
        1374        2000   412.26514120817046        1.0000000000066434        307.56960428761812       0.99999748528830024        2.5147183445351832E-006  -6.6433525347520117E-012   (4.97430053821051480E-006,3.85385410746106927E-018)  (2.49405787849593044E-006,-4.55253449418720647E-007)             (-0.49999792508435886,0.0000000000000000)
        1375        2000   413.36745441995663        1.0000000000066434        308.78311651434632       0.99999748526755927        2.5147390856724091E-006  -6.6433525347520117E-012  (7.42961413591430612E-006,-1.27182443442190534E-018)  (2.61806644364164049E-006,-3.67448741217444538E-007)             (-0.49999792507507429,0.0000000000000000)
        1376        2000   414.46976763174280        1.0000000000066500        307.56960428655174       0.99999748525062260        2.5147560271893922E-006  -6.6500138728997626E-012   (9.87779876643749302E-006,7.89631237653194481E-018)  (2.04469320976721060E-006,-5.38009201038383296E-007)             (-0.49999792506623802,0.0000000000000000)
        1377        2000   415.57208084352897        1.0000000000066540        303.94820541698414       0.99999748524360355        2.5147630497034568E-006  -6.6540106757884132E-012  (1.07291680844776025E-005,-3.90450019818342086E-018) (-3.12444395568146521E-007,-5.01107641600855882E-007)             (-0.49999792506331542,0.0000000000000000)
        1378        2000   416.67439405531513        1.0000000000066547        297.97603152912063       0.99999748524716225        2.5147594918527832E-006  -6.6546768096031883E-012  (9.91094756927207410E-006,-4.60253335994970541E-023) (-1.24398280108702040E-006,-3.86368642499531945E-007)             (-0.49999792506584884,0.0000000000000000)
        1379        2000   417.77670726710130        1.0000000000066596        289.74726737279406       0.99999748525823295        2.5147484253190439E-006  -6.6595617909115390E-012  (8.03887204410825001E-006,-5.25876786374194895E-018) (-2.76836843008252438E-006,-4.53146685968026624E-007)             (-0.49999792507110846,0.0000000000000000)
        1380        2000   418.87902047888747        1.0000000000066642        279.39168547435185       0.99999748527356180        2.5147331006722130E-006  -6.6642247276149646E-012   (4.66021208739846652E-006,6.44201294521343130E-018) (-3.83236243230913656E-006,-2.17537681754311751E-007)             (-0.49999792507958268,0.0000000000000000)
        1381        2000   419.98133369067364        1.0000000000066729        267.07259954646872       0.99999748528724419        2.5147194274704532E-006  -6.6728844672070409E-012   (1.47752254725779849E-006,1.55213280242204605E-017) (-2.61547003908358102E-006,-1.36777772159504380E-007)             (-0.49999792508657714,0.0000000000000000)
        1382        2000   421.08364690245980        1.0000000000066802        252.98428893330447       0.99999748529620103        2.5147104801057425E-006  -6.6802119391695669E-012 (-8.80419697505322444E-007,-2.96744338955316666E-018) (-2.30879531946473679E-006,-1.50330244641261071E-007)             (-0.49999792509095470,0.0000000000000000)
        1383        2000   422.18596011424597        1.0000000000066771        237.34893470916040       0.99999748529997956        2.5147066972467622E-006  -6.6771033147006165E-012  (-2.49437191593089733E-006,7.89046036394052025E-018)  (-7.06238830683866602E-007,8.03798269890682228E-008)             (-0.49999792509343771,0.0000000000000000)
        1384        2000   423.28827332603214        1.0000000000066860        220.41311575027242       0.99999748529889976        2.5147077860965820E-006  -6.6859850988976177E-012  (-1.91631018013497497E-006,1.45255186978768214E-017)  (1.64238202543128171E-006,-1.82322198474189240E-008)             (-0.49999792509282132,0.0000000000000000)
        1385        2000   424.39058653781831        1.0000000000066873        202.44392003859127       0.99999748529584287        2.5147108469040967E-006  -6.6873173665271679E-012  (-1.60889846114499668E-007,1.24900089289667639E-019)  (1.78949570456081931E-006,-6.27955162567499997E-008)             (-0.49999792509132174,0.0000000000000000)
        1386        2000   425.49289974960448        1.0000000000066926        183.72473252475547       0.99999748529316190        2.5147135295935483E-006  -6.6926464370453687E-012   (1.96931718379739820E-006,6.34822608911527017E-018)   (2.63418392516633540E-006,3.33471348889580644E-008)             (-0.49999792509016311,0.0000000000000000)
        1387        2000   426.59521296139064        1.0000000000066962        164.55076597816375       0.99999748529182497        2.5147148702766238E-006  -6.6961991507241692E-012  (4.58223474831316268E-006,-1.35077513474271046E-018)  (2.30836355879080049E-006,-1.62984797423903784E-007)             (-0.49999792508946161,0.0000000000000000)
        1388        2000   427.69752617317681        1.0000000000066953        145.22440530522812       0.99999748529176391        2.5147149307441015E-006  -6.6953109723044690E-012  (5.81655316252784516E-006,-3.12759629543136940E-018)  (2.43954886761958334E-007,-9.81927280173805508E-008)             (-0.49999792508941959,0.0000000000000000)
        1389        2000   428.79983938496298        1.0000000000066982        126.05043875877237       0.99999748529177612        2.5147149214009872E-006  -6.6981975521684944E-012  (5.74091134844993251E-006,-1.35592832131888251E-018) (-3.32058185971907154E-007,-1.95224051559087698E-008)             (-0.49999792508939112,0.0000000000000000)
        1390        2000   429.90215259674915        1.0000000000066998        107.33125124520664       0.99999748529061794        2.5147160807184416E-006  -6.6997518644029697E-012  (4.69255718190881571E-006,-7.80249964671821151E-018) (-2.03384942910883649E-006,-1.30498037675892862E-007)             (-0.49999792508889168,0.0000000000000000)
        1391        2000   431.00446580853531        1.0000000000067035        89.362055533919616       0.99999748528738985        2.5147193125656672E-006  -6.7035266226866952E-012  (1.88527769545203020E-006,-4.40192888373516279E-020)  (-3.38570316861443526E-006,8.99568808327257841E-008)             (-0.49999792508708829,0.0000000000000000)
        1392        2000   432.10677902032148        1.0000000000067086        72.426236575553986       0.99999748528282462        2.5147238831824502E-006  -6.7086336485999709E-012 (-1.01973926818290606E-006,-1.01628215500203610E-017)  (-2.49248556090535962E-006,1.48870151429272328E-007)             (-0.49999792508479485,0.0000000000000000)
        1393        2000   433.20909223210765        1.0000000000067029        56.790882352048492       0.99999748527829757        2.5147284058068881E-006  -6.7028604888719201E-012 (-3.37219701354226387E-006,-3.45160796260894848E-018)  (-2.36426839934098730E-006,1.33172538776904776E-007)             (-0.49999792508263124,0.0000000000000000)
        1394        2000   434.31140544389382        1.0000000000067073        42.702571739618826       0.99999748527529908        2.5147314086116118E-006  -6.7073013809704207E-012 (-5.08071891145689212E-006,-3.99610726322341862E-018)  (-8.36344724608032192E-007,3.22223476801472732E-007)             (-0.49999792508090091,0.0000000000000000)
        1395        2000   435.41371865567999        1.0000000000067146        30.383485812572090       0.99999748527556820        2.5147311447275765E-006  -6.7146288529329468E-012  (-4.77447221555886926E-006,1.44640393822751442E-018)   (1.25487246320303507E-006,2.03365471387798718E-007)             (-0.49999792508124768,0.0000000000000000)
        1396        2000   436.51603186746615        1.0000000000067235        20.027903915045655       0.99999748527891863        2.5147278047185583E-006  -6.7235106371299480E-012 (-3.33199178602475082E-006,-5.25636553461456238E-018)   (1.63794170938252476E-006,1.79017774690498608E-007)             (-0.49999792508289503,0.0000000000000000)
        1397        2000   437.61834507925232        1.0000000000067319        11.799139759691226       0.99999748528447685        2.5147222568423977E-006  -6.7319483321170992E-012 (-1.11859959909668045E-006,-5.07738143950699826E-018)   (2.95364351267542773E-006,2.29779569988671688E-007)             (-0.49999792508546370,0.0000000000000000)
        1398        2000   438.72065829103849        1.0000000000067373        5.8269658728587306       0.99999748529093058        2.5147158078181619E-006  -6.7372774026352999E-012  (1.92410830876971450E-006,-9.33928321363487752E-018)   (2.89842228193187844E-006,5.26528170649005657E-009)             (-0.49999792508898688,0.0000000000000000)
        1399        2000   439.82297150282466        1.0000000000067437        2.2055670043445823       0.99999748529575427        2.5147109873075441E-006  -6.7437166961781259E-012   (3.93505898106927288E-006,2.31378302120387064E-018)   (1.26284861385838579E-006,3.28940614469590761E-008)             (-0.49999792509127600,0.0000000000000000)
        1400        2000   440.92528471461083        1.0000000000067442       0.99205477762868621       0.99999748529784882        2.5147088946891660E-006  -6.7441607853879759E-012  (4.85185366106579118E-006,-8.39390460500981056E-020)   (6.08190710193090401E-007,2.65192552099826698E-008)             (-0.49999792509228469,0.0000000000000000)
        1401        2000   442.02759792639699        1.0000000000067457        2.2055670054430045       0.99999748529693822        2.5147098075577017E-006  -6.7457150976224511E-012   (4.56092490021958306E-006,2.54532691942288844E-018) (-1.36294461924840774E-006,-7.59137990495827142E-008)             (-0.49999792509199226,0.0000000000000000)
        1402        2000   443.12991113818316        1.0000000000067513        5.8269658750351843       0.99999748529339816        2.5147133526376218E-006  -6.7512662127455769E-012   (2.51053815321544299E-006,9.87294251995345131E-019)  (-2.49087156138463069E-006,1.19112377220676798E-007)             (-0.49999792509000235,0.0000000000000000)
        1403        2000   444.23222434996933        1.0000000000067575        11.799139762913700       0.99999748528909516        2.5147176617650815E-006  -6.7574834616834778E-012   (3.14823380875955193E-007,7.80806165158671382E-018)  (-2.02065481102948020E-006,8.11334116484557719E-008)             (-0.49999792508803609,0.0000000000000000)
        1404        2000   445.33453756175550        1.0000000000067586        20.027903919265988       0.99999748528517962        2.5147215806540955E-006  -6.7585936847081030E-012 (-1.95957149181618387E-006,-6.62932391114044474E-018)  (-2.60122626601733322E-006,7.79188133676527526E-008)             (-0.49999792508620122,0.0000000000000000)
        1405        2000   446.43685077354166        1.0000000000067635        30.383485817719343       0.99999748528259791        2.5147241670013933E-006  -6.7634786660164536E-012 (-3.97758266270012338E-006,-5.61695910760914935E-019)  (-1.18114327789751969E-006,2.77021255953882370E-007)             (-0.49999792508474628,0.0000000000000000)
        1406        2000   447.53916398532783        1.0000000000067657        42.702571745609525       0.99999748528214161        2.5147246251610850E-006  -6.7656991120657040E-012 (-4.06558313093538112E-006,-2.70824453328389838E-018)   (8.00064865894509142E-007,1.38782568125757235E-007)             (-0.49999792508467739,0.0000000000000000)
        1407        2000   448.64147719711400        1.0000000000067730        56.790882358790910       0.99999748528319077        2.5147235811923778E-006  -6.7730265840282300E-012 (-3.03416339533208264E-006,-5.82680181959651833E-021)   (1.32781772477879443E-006,1.35268176802054512E-007)             (-0.49999792508521507,0.0000000000000000)
        1408        2000   449.74379040890017        1.0000000000067777        72.426236582943062       0.99999748528499821        2.5147217768498261E-006  -6.7776895207316556E-012 (-9.66687603397339790E-007,-6.77952235790807305E-019)   (2.95122630034597814E-006,1.54335200843239877E-007)             (-0.49999792508608837,0.0000000000000000)
        1409        2000   450.84610362068634        1.0000000000067761        89.362055541841940       0.99999748528682320        2.5147199525131099E-006  -6.7761352084971804E-012   (2.06972321125572166E-006,7.98417684412026691E-018)  (2.88740236570437067E-006,-8.36813568333648805E-008)             (-0.49999792508709928,0.0000000000000000)
        1410        2000   451.94841683247250        1.0000000000067790        107.33125125353743       0.99999748528796295        2.5147188186220133E-006  -6.7790217883612058E-012   (4.19623357633945225E-006,3.35763150655439545E-018)  (1.56184634589447579E-006,-2.39610181369658176E-008)             (-0.49999792508762431,0.0000000000000000)
        1411        2000   453.05073004425867        1.0000000000067846        126.05043876738019       0.99999748528842858        2.5147183529698221E-006  -6.7845729034843316E-012   (5.64464316997959056E-006,3.94860646974233925E-018)  (1.36108251522514811E-006,-5.39728316405714113E-008)             (-0.49999792508785151,0.0000000000000000)
        1412        2000   454.15304325604484        1.0000000000067886        145.22440531397669       0.99999748528848786        2.5147183001832129E-006  -6.7885697063729822E-012   (6.12629819566052097E-006,5.09139874137109425E-018) (-5.80357044846014404E-007,-1.97387192707798810E-007)             (-0.49999792508790120,0.0000000000000000)
        1413        2000   455.25535646783101        1.0000000000067957        164.55076598691267       0.99999748528850940        2.5147182857910301E-006  -6.7956751337305832E-012  (4.67231340728791345E-006,-5.25551870817988801E-018) (-2.10197807645218011E-006,-3.48476819888575065E-008)             (-0.49999792508791241,0.0000000000000000)
        1414        2000   456.35766967961717        1.0000000000068012        183.72473253337026       0.99999748528881183        2.5147179909539349E-006  -6.8012262488537090E-012  (2.58023547781253089E-006,-7.24547742956377177E-019) (-2.18789844788193349E-006,-4.90263376351182310E-008)             (-0.49999792508805690,0.0000000000000000)
        1415        2000   457.45998289140334        1.0000000000068026        202.44392004693825       0.99999748528943511        2.5147173670077993E-006  -6.8025585164832592E-012  (1.12720537582560444E-007,-6.70653690465815558E-018) (-2.77108315723991131E-006,-5.16182662278555138E-009)             (-0.49999792508836616,0.0000000000000000)
        1416        2000   458.56229610318951        1.0000000000068086        220.41311575822596       0.99999748529015919        2.5147166498742337E-006  -6.8085537208162350E-012  (-2.06211375479154365E-006,4.66651695246298065E-018)  (-1.39990440283314501E-006,1.48518878488812988E-007)             (-0.49999792508874602,0.0000000000000000)
        1417        2000   459.66460931497568        1.0000000000068137        237.34893471658901       0.99999748529053756        2.5147162760724726E-006  -6.8136607467295107E-012  (-2.64525697967597910E-006,9.79234979391532871E-018)   (1.31674495648310571E-008,1.69076780559745526E-008)             (-0.49999792508887053,0.0000000000000000)
        1418        2000   460.76692252676185        1.0000000000068183        252.98428894008751       0.99999748529037169        2.5147164458475578E-006  -6.8183236834329364E-012  (-2.42042393604406874E-006,1.35699819332317553E-018)   (5.49673017243309642E-007,8.03303822784313513E-008)             (-0.49999792508881452,0.0000000000000000)
        1419        2000   461.86923573854801        1.0000000000068192        267.07259955250544       0.99999748528950594        2.5147173159778039E-006  -6.8192118618526365E-012  (-9.59356670860179984E-007,1.27637375054747191E-021)   (2.45802104238842591E-006,9.78072787025095516E-008)             (-0.49999792508840607,0.0000000000000000)
        1420        2000   462.97154895033418        1.0000000000068312        279.39168547953875       0.99999748528806798        2.5147187625708717E-006  -6.8312022705185882E-012  (1.70570787224944146E-006,-1.17748753856710943E-018)  (2.65651823993475685E-006,-1.04118654339412557E-007)             (-0.49999792508762053,0.0000000000000000)
        1421        2000   464.07386216212035        1.0000000000068325        289.74726737705265       0.99999748528659937        2.5147202352203908E-006  -6.8325345381481384E-012  (3.92243132154938423E-006,-1.53644725802422554E-018)  (1.97714244558224940E-006,-3.92531449877228703E-008)             (-0.49999792508694063,0.0000000000000000)
        1422        2000   465.17617537390652        1.0000000000068325        297.97603153239970       0.99999748528546450        2.5147213715257715E-006  -6.8325345381481384E-012   (5.83097245746686009E-006,5.56525525143435236E-019)  (1.76788217273011208E-006,-1.35467286088450764E-007)             (-0.49999792508634411,0.0000000000000000)
        1423        2000   466.27848858569268        1.0000000000068308        303.94820541922189       0.99999748528507371        2.5147217578356796E-006  -6.8307581813087381E-012   (6.53692586537064992E-006,9.06868172969379527E-018) (-4.87241438804773139E-007,-2.27928674985753820E-007)             (-0.49999792508612134,0.0000000000000000)
        1424        2000   467.38080179747885        1.0000000000068372        307.56960428771816       0.99999748528559929        2.5147212388330777E-006  -6.8371974748515640E-012  (5.36284428049808188E-006,-9.16190363628556170E-018) (-1.60362155003477940E-006,-2.86148415716083333E-008)             (-0.49999792508648078,0.0000000000000000)
        1425        2000   468.48311500926502        1.0000000000068356        308.78311651441874       0.99999748528664045        2.5147201979447930E-006  -6.8356431626170888E-012   (3.80052807790738486E-006,1.07414965428097043E-020) (-1.71325021980995865E-006,-1.08980121778191472E-007)             (-0.49999792508693924,0.0000000000000000)
        1426        2000   469.58542822105119        1.0000000000068463        307.56960428658982       0.99999748528797294        2.5147188748676314E-006  -6.8463013036534903E-012  (1.48515487025981525E-006,-1.06101550163831214E-017) (-2.94356748920856639E-006,-6.94983638509699940E-008)             (-0.49999792508758606,0.0000000000000000)
        1427        2000   470.68774143283736        1.0000000000068545        303.94820541698141       0.99999748528919863        2.5147176547940313E-006  -6.8545169540357165E-012  (-1.08186040345668417E-006,7.71903260795604998E-018)  (-2.00397883618259880E-006,1.20470364512245520E-007)             (-0.49999792508825530,0.0000000000000000)
        1428        2000   471.79005464462352        1.0000000000068687        297.97603152908533       0.99999748528989341        2.5147169746076176E-006  -6.8687278087509185E-012  (-2.32008233006620842E-006,3.16069278082398581E-019)  (-6.90742712254021205E-007,2.73373128186078570E-008)             (-0.49999792508855861,0.0000000000000000)
        1429        2000   472.89236785640969        1.0000000000068758        289.74726737271857       0.99999748529001864        2.5147168586522376E-006  -6.8758332361085195E-012 (-2.68010129741415413E-006,-1.85045389953446821E-017)   (8.25562016691437623E-008,1.09138201910478596E-007)             (-0.49999792508864194,0.0000000000000000)
        1430        2000   473.99468106819586        1.0000000000068858        279.39168547425282       0.99999748528962495        2.5147172583694982E-006  -6.8858252433301459E-012  (-1.61011193835950677E-006,5.42617544144588015E-019)   (2.09590419108130307E-006,1.06595521936414213E-007)             (-0.49999792508844709,0.0000000000000000)
        1431        2000   475.09699427998203        1.0000000000068843        267.07259954635123       0.99999748528894683        2.5147179377388156E-006  -6.8842709310956707E-012  (6.92166192997499126E-007,-6.34060221957958317E-019)  (2.30537511176781675E-006,-7.40258461380374930E-008)             (-0.49999792508807206,0.0000000000000000)
        1432        2000   476.19930749176820        1.0000000000068878        252.98428893316250       0.99999748528832622        2.5147185622324428E-006  -6.8878236447744712E-012  (2.71446531159214471E-006,-1.26200243016289059E-018)   (1.94378717638436025E-006,1.08950837226797037E-008)             (-0.49999792508779678,0.0000000000000000)
        1433        2000   477.30162070355436        1.0000000000068905        237.34893470900141       0.99999748528788124        2.5147190128620603E-006  -6.8904881800335716E-012   (4.75760994841029097E-006,9.15946797324595332E-018)  (2.06142590706758172E-006,-8.12365421701606020E-008)             (-0.49999792508757113,0.0000000000000000)
        1434        2000   478.40393391534053        1.0000000000069014        220.41311575009601       0.99999748528769072        2.5147192090686659E-006  -6.9013683656748981E-012  (5.95754861770257549E-006,-5.05686806777569411E-021)  (2.39580582276451833E-007,-1.69780295796271547E-007)             (-0.49999792508746682,0.0000000000000000)
        1435        2000   479.50624712712670        1.0000000000069063        202.44392003839479       0.99999748528772314        2.5147191844584320E-006  -6.9062533469832488E-012  (5.54970882426144373E-006,-1.44417240427069717E-018) (-8.65710401463817308E-007,-4.35946349403963631E-008)             (-0.49999792508749380,0.0000000000000000)
        1436        2000   480.60856033891287        1.0000000000069060        183.72473252454853       0.99999748528782662        2.5147190798997685E-006  -6.9060313023783237E-012   (4.36697600329667091E-006,2.27208319646741422E-022) (-1.69452841715138501E-006,-1.28447947988883496E-007)             (-0.49999792508753893,0.0000000000000000)
        1437        2000   481.71087355069903        1.0000000000069185        164.55076597794945       0.99999748528792254        2.5147189961570197E-006  -6.9184658002541255E-012  (1.99013028476592697E-006,-4.53935494365740665E-018) (-2.98969578586522362E-006,-1.42295023815050398E-008)             (-0.49999792508758856,0.0000000000000000)
        1438        2000   482.81318676248520        1.0000000000069229        145.22440530501325       0.99999748528792876        2.5147189944912816E-006  -6.9229066923526261E-012  (-5.08637364422004520E-007,7.89393103091274362E-018)  (-1.88309759603279773E-006,1.29327562673974512E-007)             (-0.49999792508759255,0.0000000000000000)
        1439        2000   483.91549997427137        1.0000000000069287        126.05043875855894       0.99999748528787813        2.5147190489337203E-006  -6.9286798520806769E-012 (-1.88493448447682078E-006,-2.22339088108798288E-018)  (-1.11363079980916490E-006,8.63637924410214565E-009)             (-0.49999792508757263,0.0000000000000000)
        1440        2000   485.01781318605754        1.0000000000069291        107.33125124499716       0.99999748528783439        2.5147190952678976E-006  -6.9291239412905270E-012 (-2.80927313453497976E-006,-2.44442194037171817E-018)  (-5.65665241491616497E-007,1.38982125691396808E-007)             (-0.49999792508754470,0.0000000000000000)
        1441        2000   486.12012639784371        1.0000000000069365        89.362055533715917       0.99999748528788879        2.5147190461421204E-006  -6.9364514132530530E-012 (-2.32039150629747220E-006,-8.07170011846103730E-018)   (1.55365978388707702E-006,1.38720111850519884E-007)             (-0.49999792508757118,0.0000000000000000)
        1442        2000   487.22243960962987        1.0000000000069389        72.426236575360363       0.99999748528807597        2.5147188596245480E-006  -6.9388939039072284E-012 (-4.73359926829540229E-007,-1.24444304438433867E-019)  (1.96596588105896165E-006,-1.36681039142803141E-008)             (-0.49999792508767332,0.0000000000000000)
        1443        2000   488.32475282141604        1.0000000000069453        56.790882351872476       0.99999748528836374        2.5147185822849471E-006  -6.9453331974500543E-012   (1.49251078832552351E-006,7.88499915840239129E-018)   (2.18827403863889824E-006,7.28095222325451546E-008)             (-0.49999792508780483,0.0000000000000000)
        1444        2000   489.42706603320221        1.0000000000069496        42.702571739463885       0.99999748528868149        2.5147182698912738E-006  -6.9495520449436299E-012  (3.88400025293393351E-006,-1.43149818797323431E-021)  (2.45981665571101820E-006,-7.58835628233233361E-008)             (-0.49999792508797403,0.0000000000000000)
        1445        2000   490.52937924498838        1.0000000000069549        30.383485812441787       0.99999748528890331        2.5147180513175325E-006  -6.9548811154618306E-012   (5.39499850308512362E-006,1.13154740315183866E-018)  (5.03421072788762178E-007,-1.49938196714064417E-007)             (-0.49999792508808827,0.0000000000000000)
        1446        2000   491.63169245677454        1.0000000000069602        20.027903914940435       0.99999748528894394        2.5147180160315596E-006  -6.9602101859800314E-012  (5.35077960304292456E-006,-8.36690502203814466E-020) (-3.71168232507422922E-007,-6.81791939385282401E-009)             (-0.49999792508808660,0.0000000000000000)
        1447        2000   492.73400566856071        1.0000000000069660        11.799139759608362       0.99999748528882249        2.5147181446970226E-006  -6.9659833457080822E-012  (4.73096704302895591E-006,-1.35490459816077403E-018) (-1.07363074293414764E-006,-1.19974420237042965E-007)             (-0.49999792508804197,0.0000000000000000)
        1448        2000   493.83631888034688        1.0000000000069784        5.8269658728007521       0.99999748528855026        2.5147184290142578E-006  -6.9784178435838840E-012   (2.86798841427034582E-006,4.30717841569351079E-018) (-2.58777919725753852E-006,-4.09711318026747935E-008)             (-0.49999792508790458,0.0000000000000000)
        1449        2000   494.93863209213305        1.0000000000069862        2.2055670043159004       0.99999748528821564        2.5147187734161668E-006  -6.9861894047562600E-012  (4.86969000233927893E-007,-1.70466308351685263E-017)  (-2.06970580264850911E-006,8.25765978045551775E-008)             (-0.49999792508773028,0.0000000000000000)
        1450        2000   496.04094530391922        1.0000000000069871       0.99205477762940986       0.99999748528793320        2.5147190561809939E-006  -6.9870775831759602E-012  (-1.29368136130873360E-006,7.71608285885093392E-018)  (-1.68037631889345046E-006,1.33646958004899969E-008)             (-0.49999792508760038,0.0000000000000000)
        1451        2000   497.14325851570538        1.0000000000069880        2.2055670054732746       0.99999748528776844        2.5147192213804317E-006  -6.9879657615956603E-012  (-2.67842788573208114E-006,2.98182883152359819E-021)  (-9.06010829372689931E-007,1.60577720308058220E-007)             (-0.49999792508750607,0.0000000000000000)
        1452        2000   498.24557172749155        1.0000000000070026        5.8269658750968389       0.99999748528779064        2.5147192123239321E-006  -7.0026207055207124E-012 (-2.51331326786331132E-006,-6.54132358078978916E-018)   (1.19556694023283069E-006,1.24454073570665060E-007)             (-0.49999792508752156,0.0000000000000000)
        1453        2000   499.34788493927772        1.0000000000070046        11.799139763007538       0.99999748528793986        2.5147190657677128E-006  -7.0046191069650376E-012  (-1.07287629977706297E-006,3.94795057344936016E-018)  (1.55167954761359038E-006,-3.69369919963818647E-010)             (-0.49999792508760621,0.0000000000000000)
        1454        2000   500.45019815106389        1.0000000000070117        20.027903919389363       0.99999748528814658        2.5147188654266653E-006  -7.0117245343226386E-012  (6.28282714365119756E-007,-4.45097445227596189E-018)   (2.06780194829201186E-006,9.01898534371675991E-008)             (-0.49999792508769847,0.0000000000000000)
        1455        2000   501.55251136285005        1.0000000000070148        30.383485817870767       0.99999748528835597        2.5147186605074513E-006  -7.0148331587915891E-012  (2.98312222170007305E-006,-7.89044513000400177E-018)  (2.49418199501556020E-006,-5.97002068207883772E-008)             (-0.49999792508780827,0.0000000000000000)
        1456        2000   502.65482457463622        1.0000000000070148        42.702571745787509       0.99999748528849719        2.5147185206973682E-006  -7.0148331587915891E-012   (4.73031096980003673E-006,1.99360151510956326E-018)  (1.00122994313497378E-006,-1.04982975526689477E-007)             (-0.49999792508787871,0.0000000000000000)
        1457        2000   503.75713778642239        1.0000000000070248        56.790882358991453       0.99999748528855714        2.5147184686254528E-006  -7.0248251660132155E-012   (5.36299099359879553E-006,7.80682359591855660E-018)  (4.22523816197016925E-007,-2.99602138624131631E-008)             (-0.49999792508790319,0.0000000000000000)
        1458        2000   504.85945099820856        1.0000000000070315        72.426236583163288       0.99999748528854560        2.5147184841340666E-006  -7.0314865041609664E-012   (5.28096030412617225E-006,1.26019533068766977E-018) (-8.09187038924144084E-007,-1.69419737492769374E-007)             (-0.49999792508790430,0.0000000000000000)
        1459        2000   505.96176420999473        1.0000000000070335        89.362055542079119       0.99999748528848653        2.5147185462532192E-006  -7.0334849056052917E-012   (3.57680939675355226E-006,9.64212333650350506E-019) (-2.45254159437368905E-006,-3.20141739925818382E-008)             (-0.49999792508787166,0.0000000000000000)
        1460        2000   507.06407742178089        1.0000000000070370        107.33125125379034       0.99999748528842836        2.5147186091527559E-006  -7.0370376192840922E-012  (1.40597126786936881E-006,-9.16244465942786653E-018)  (-1.82824446216692802E-006,6.02811967841466324E-008)             (-0.49999792508783997,0.0000000000000000)
        1461        2000   508.16639063356706        1.0000000000070408        126.05043876764525       0.99999748528839305        2.5147186475139409E-006  -7.0408123775678177E-012  (-3.35955671576827391E-007,1.44789455095674173E-018) (-1.86824600104540336E-006,-3.41144284431611937E-008)             (-0.49999792508782603,0.0000000000000000)
        1462        2000   509.26870384535323        1.0000000000070430        145.22440531424979       0.99999748528838195        2.5147186621257204E-006  -7.0430328236170681E-012 (-2.07297510200741661E-006,-1.06529185475232847E-018)  (-1.39710120995406570E-006,1.38734171581649837E-007)             (-0.49999792508781937,0.0000000000000000)
        1463        2000   510.37101705713940        1.0000000000070561        164.55076598719199       0.99999748528839194        2.5147186630853431E-006  -7.0561334553076449E-012  (-2.44236403165816300E-006,1.68782716788441856E-017)   (5.94720145554342212E-007,1.11727161196856724E-007)             (-0.49999792508782454,0.0000000000000000)
        1464        2000   511.47333026892557        1.0000000000070604        183.72473253364939       0.99999748528839061        2.5147186697778012E-006  -7.0603523028012205E-012 (-1.55799288467027429E-006,-9.33727471930024682E-018)   (1.06119365077186549E-006,2.01578219220788422E-008)             (-0.49999792508782320,0.0000000000000000)
        1465        2000   512.57564348071173        1.0000000000070639        202.44392004721232       0.99999748528836885        2.5147186944353856E-006  -7.0639050164800210E-012  (-1.31968744484637451E-007,4.50927098555046490E-020)   (1.99934333412563355E-006,1.13005746204976763E-007)             (-0.49999792508781360,0.0000000000000000)
        1466        2000   513.67795669249790        1.0000000000070708        220.41311575849269       0.99999748528833088        2.5147187403577880E-006  -7.0707883992326970E-012  (2.26360532172592920E-006,-5.59762327767328256E-021)  (2.61088496540511368E-006,-6.04338727478105244E-008)             (-0.49999792508779201,0.0000000000000000)
        1467        2000   514.78026990428407        1.0000000000070788        237.34893471684342       0.99999748528828802        2.5147187898330286E-006  -7.0787820050099981E-012   (4.17359273972561095E-006,1.05275932306618853E-017)  (1.22347130687629382E-006,-9.81056737370507981E-008)             (-0.49999792508777102,0.0000000000000000)
        1468        2000   515.88258311607024        1.0000000000070814        252.98428894032563       0.99999748528826005        2.5147188226508704E-006  -7.0814465402690985E-012  (5.10639105152112069E-006,-4.58024656815662245E-018)  (7.86985331851734389E-007,-2.51363250948126349E-008)             (-0.49999792508776042,0.0000000000000000)
        1469        2000   516.98489632785640        1.0000000000070803        267.07259955273014       0.99999748528825361        2.5147188272077992E-006  -7.0803363172444733E-012  (5.44644443043118941E-006,-2.62988950948385918E-017) (-3.12432892995784805E-007,-1.56337054303835049E-007)             (-0.49999792508775359,0.0000000000000000)
        1470        2000   518.08720953964257        1.0000000000070832        279.39168547974322       0.99999748528829224        2.5147187909858701E-006  -7.0832228971084987E-012   (4.29708785814386570E-006,1.26721708739897076E-018) (-1.85839732713602058E-006,-4.94833648452571665E-008)             (-0.49999792508777524,0.0000000000000000)
        1471        2000   519.18952275142874        1.0000000000070950        289.74726737723472       0.99999748528836840        2.5147187260652641E-006  -7.0949912611695254E-012  (2.48483162940107537E-006,-7.80303509160224699E-018) (-1.76376582672150825E-006,-2.67179524259970108E-010)             (-0.49999792508781260,0.0000000000000000)
        1472        2000   520.29183596321491        1.0000000000070937        297.97603153255835       0.99999748528844057        2.5147186519797328E-006  -7.0936589935399752E-012  (5.54526306149455758E-007,-7.62603950964789760E-018) (-2.24744033914750758E-006,-3.64400617696588668E-008)             (-0.49999792508784657,0.0000000000000000)
        1473        2000   521.39414917500108        1.0000000000070957        303.94820541935491       0.99999748528850652        2.5147185875956349E-006  -7.0956573949843005E-012  (-1.46637697500788976E-006,6.80977872601684982E-019)  (-1.58963981795144279E-006,1.47520538695095863E-007)             (-0.49999792508788315,0.0000000000000000)
        1474        2000   522.49646238678724        1.0000000000071010        307.56960428782901       0.99999748528853827        2.5147185594943542E-006  -7.1009864655025012E-012 (-2.10158625578270136E-006,-5.97946463737239831E-018)   (1.84981363636775944E-007,8.00267074547340864E-008)             (-0.49999792508789681,0.0000000000000000)
        1475        2000   523.59877559857341        1.0000000000071012        308.78311651450360       0.99999748528853205        2.5147185685452616E-006  -7.1012085101074263E-012 (-1.73753345848379909E-006,-7.80830136285918972E-018)   (4.80264952572583053E-007,3.49044101624150846E-008)             (-0.49999792508789193,0.0000000000000000)
        1476        2000   524.70108881035958        1.0000000000071052        307.56960428664632       0.99999748528850052        2.5147186061926968E-006  -7.1052053129960768E-012  (-7.21175656014941206E-007,6.84482695163743225E-018)   (1.74673282007547697E-006,1.35600024583608775E-007)             (-0.49999792508787855,0.0000000000000000)
        1477        2000   525.80340202214575        1.0000000000071172        303.94820541700716       0.99999748528845456        2.5147186636406067E-006  -7.1171957216620285E-012  (1.49391083305919809E-006,-7.62381821240605873E-018)  (2.47072874376241191E-006,-4.82592512609498997E-008)             (-0.49999792508785290,0.0000000000000000)
        1478        2000   526.90571523393191        1.0000000000071183        297.97603152908300       0.99999748528840282        2.5147187159150383E-006  -7.1183059446866537E-012   (3.41778429536061582E-006,7.62538171386502632E-018)  (1.44376797242160823E-006,-5.18678558035308721E-008)             (-0.49999792508782798,0.0000000000000000)
        1479        2000   528.00802844571808        1.0000000000071296        289.74726737268838       0.99999748528837995        2.5147187504046792E-006  -7.1296302195378303E-012   (4.78435633901136591E-006,6.81998984249998265E-020)  (1.38906214130192930E-006,-2.19122415878596444E-008)             (-0.49999792508781743,0.0000000000000000)
        1480        2000   529.11034165750425        1.0000000000071341        279.39168547419598       0.99999748528837129        2.5147187630892961E-006  -7.1340711116363309E-012   (5.61382448002892979E-006,1.18391401256958026E-018)  (4.32558634487573272E-008,-1.80380977288559589E-007)             (-0.49999792508781093,0.0000000000000000)
        1481        2000   530.21265486929042        1.0000000000071358        267.07259954626829       0.99999748528838350        2.5147187518485383E-006  -7.1358474684757311E-012   (4.75093171864889985E-006,1.26628645277086602E-018) (-1.59064326976353478E-006,-3.99449914478552359E-008)             (-0.49999792508781837,0.0000000000000000)
        1482        2000   531.31496808107659        1.0000000000071341        252.98428893305663       0.99999748528840682        2.5147187296898337E-006  -7.1340711116363309E-012   (3.24720040253736955E-006,1.13261289312911918E-018) (-1.43249877017352003E-006,-5.15161489077844585E-009)             (-0.49999792508783059,0.0000000000000000)
        1483        2000   532.41728129286275        1.0000000000071407        237.34893470887567       0.99999748528843257        2.5147187068969805E-006  -7.1407324497840818E-012  (1.53101399299153907E-006,-1.26601233789530137E-018) (-2.16193394826231246E-006,-6.33536269222972833E-008)             (-0.49999792508784163,0.0000000000000000)
        1484        2000   533.51959450464892        1.0000000000071425        220.41311574995174       0.99999748528845389        2.5147186889829469E-006  -7.1425088066234821E-012 (-5.92727305303652847E-007,-9.07296525266362563E-018)  (-1.88642529891141330E-006,1.15965593094766443E-007)             (-0.49999792508785385,0.0000000000000000)
        1485        2000   534.62190771643509        1.0000000000071454        202.44392003823316       0.99999748528846388        2.5147186808350155E-006  -7.1453953864875075E-012 (-1.68493208293954702E-006,-2.67413084748500467E-018)  (-4.21196634370412860E-007,7.45879248666680129E-008)             (-0.49999792508785817,0.0000000000000000)
        1486        2000   535.72422092822126        1.0000000000071458        183.72473252437405       0.99999748528846677        2.5147186797856687E-006  -7.1458394756973576E-012 (-1.86381190338572518E-006,-9.25663093918056602E-018)   (3.59676606248701869E-008,6.62515216668534084E-008)             (-0.49999792508785973,0.0000000000000000)
        1487        2000   536.82653414000742        1.0000000000071518        164.55076597776736       0.99999748528847121        2.5147186812552628E-006  -7.1518346800303334E-012 (-1.15851320814443421E-006,-1.99662174875422493E-018)   (1.52891425875479311E-006,1.42341414475959946E-007)             (-0.49999792508786101,0.0000000000000000)
        1488        2000   537.92884735179359        1.0000000000071572        145.22440530482501       0.99999748528847499        2.5147186811806642E-006  -7.1571637505485342E-012  (8.23784836578594444E-007,-3.94600305658835205E-018)  (2.23169708237908405E-006,-3.55084074219400230E-008)             (-0.49999792508786289,0.0000000000000000)
        1489        2000   539.03116056357976        1.0000000000071638        126.05043875836803       0.99999748528848831        2.5147186778152164E-006  -7.1638250886962851E-012  (2.65162079040805429E-006,-9.42868855836683382E-018)  (1.53011640634612453E-006,-1.50522381860019016E-008)             (-0.49999792508787005,0.0000000000000000)
        1490        2000   540.13347377536593        1.0000000000071767        107.33125124480712       0.99999748528850163        2.5147186724216617E-006  -7.1767036757819369E-012  (4.23725198848590381E-006,-4.54790337428667537E-020)  (1.70446610270749254E-006,-1.50797559720165246E-008)             (-0.49999792508787622,0.0000000000000000)
        1491        2000   541.23578698715210        1.0000000000071849        89.362055533530992       0.99999748528851629        2.5147186680752709E-006  -7.1849193261641631E-012   (5.39376609125667285E-006,4.70978375769516634E-018)  (4.26484777606845382E-007,-1.58902454907093971E-007)             (-0.49999792508788471,0.0000000000000000)
        1492        2000   542.33810019893826        1.0000000000071882        72.426236575185101       0.99999748528852095        2.5147186691243606E-006  -7.1882499952380385E-012   (5.03492700519736999E-006,1.83133243559587818E-017) (-9.52850048915744658E-007,-3.64984146531032319E-008)             (-0.49999792508788599,0.0000000000000000)
        1493        2000   543.44041341072443        1.0000000000071947        56.790882351709634       0.99999748528851962        2.5147186761965322E-006  -7.1946892887808644E-012   (4.00809135129644064E-006,2.35751616521215152E-018) (-1.17089709646572469E-006,-5.91482279218909705E-008)             (-0.49999792508788593,0.0000000000000000)
        1494        2000   544.54272662251060        1.0000000000071989        42.702571739317207       0.99999748528850940        2.5147186886556999E-006  -7.1989081362744400E-012  (2.29150401790542916E-006,-1.11716452222839112E-017) (-2.34883484134592098E-006,-6.99890423564870233E-008)             (-0.49999792508788099,0.0000000000000000)
        1495        2000   545.64503983429677        1.0000000000072082        30.383485812313978       0.99999748528850296        2.5147187034312440E-006  -7.2082340096812914E-012   (5.20804100224664162E-008,1.04269225485920308E-017)  (-1.90805092954210085E-006,1.22428968377447550E-007)             (-0.49999792508787649,0.0000000000000000)
        1496        2000   546.74735304608294        1.0000000000072051        20.027903914834383       0.99999748528848920        2.5147187141316227E-006  -7.2051253852123409E-012 (-1.14271659891986079E-006,-1.63651922784893346E-018)  (-6.57240044530147362E-007,3.37947740111242888E-008)             (-0.49999792508787128,0.0000000000000000)
        1497        2000   547.84966625786910        1.0000000000072069        11.799139759526652       0.99999748528848964        2.5147187187920603E-006  -7.2069017420517412E-012  (-1.74911278254879741E-006,8.78910277863465261E-020)  (-5.36821448174833606E-007,5.33771184080854855E-008)             (-0.49999792508787172,0.0000000000000000)
        1498        2000   548.95197946965527        1.0000000000072109        5.8269658727453315       0.99999748528849719        2.5147187160604408E-006  -7.2108985449403917E-012 (-1.57219024470170659E-006,-6.71114710585215332E-018)   (1.05803941762949797E-006,1.51292397306985638E-007)             (-0.49999792508787450,0.0000000000000000)
        1499        2000   550.05429268144144        1.0000000000072191        2.2055670042888478       0.99999748528851184        2.5147187058217323E-006  -7.2191141953226179E-012  (2.81295890953323860E-008,-1.45239339564916420E-019)  (1.94030231764583183E-006,-1.81235399231311443E-008)             (-0.49999792508788243,0.0000000000000000)
        1500        2000   551.15660589322761        1.0000000000072244       0.99205477763163508       0.99999748528853227        2.5147186930650896E-006  -7.2244432658408186E-012   (1.73833131921560180E-006,8.79247510559746368E-020)   (1.61568076017579272E-006,1.46740227781666887E-008)             (-0.49999792508789176,0.0000000000000000)
        1501        2000   552.25891910501377        1.0000000000072333        2.2055670055051988       0.99999748528855315        2.5147186811106743E-006  -7.2333250500378199E-012   (3.54425212215696056E-006,4.74898623987604498E-021)  (2.03390354893377958E-006,-1.61043157082215660E-008)             (-0.49999792508790208,0.0000000000000000)
        1502        2000   553.36123231679994        1.0000000000072349        5.8269658751589226       0.99999748528856203        2.5147186732421901E-006  -7.2348793622722951E-012   (5.00147363756532278E-006,1.15663639825245849E-018)  (7.16001143037145276E-007,-1.61807147718829685E-007)             (-0.49999792508790686,0.0000000000000000)
        1503        2000   554.46354552858611        1.0000000000072418        11.799139763099429       0.99999748528857091        2.5147186720080991E-006  -7.2417627450249711E-012  (4.96123512782694988E-006,-9.33812418137147296E-018) (-5.82116469171343678E-007,-3.09759712316206296E-008)             (-0.49999792508791091,0.0000000000000000)
        1504        2000   555.56585874037228        1.0000000000072495        20.027903919510432       0.99999748528857135        2.5147186754094755E-006  -7.2495343061973472E-012   (4.30644085870519956E-006,1.75287397779376414E-019) (-7.99617967900448109E-007,-6.41038644193505530E-008)             (-0.49999792508791047,0.0000000000000000)
        1505        2000   556.66817195215845        1.0000000000072515        30.383485818019910       0.99999748528857113        2.5147186817055871E-006  -7.2515327076416725E-012   (2.91140026959646515E-006,2.36007819384825069E-018) (-2.05688304245136761E-006,-8.17819793088580711E-008)             (-0.49999792508791102,0.0000000000000000)
        1506        2000   557.77048516394461        1.0000000000072533        42.702571745963048       0.99999748528856625        2.5147186887217215E-006  -7.2533090644810727E-012   (8.14648200095512746E-007,7.80150715726897494E-018)  (-1.94824257253396798E-006,7.74203734209829625E-008)             (-0.49999792508790836,0.0000000000000000)
        1507        2000   558.87279837573078        1.0000000000072586        56.790882359190768       0.99999748528856336        2.5147186937226828E-006  -7.2586381349992735E-012  (-6.84378122369051840E-007,4.53308183940419968E-018)  (-1.20384564301533415E-006,1.54898625636428091E-008)             (-0.49999792508790747,0.0000000000000000)
        1508        2000   559.97511158751695        1.0000000000072606        72.426236583384636       0.99999748528856380        2.5147186962314593E-006  -7.2606365364435987E-012 (-1.78731787020234669E-006,-9.79272122146773568E-018)  (-9.24980670695787919E-007,8.62564219219930670E-008)             (-0.49999792508790725,0.0000000000000000)
        1509        2000   561.07742479930312        1.0000000000072649        89.362055542319865       0.99999748528856891        2.5147186963004442E-006  -7.2648553839371743E-012  (-1.87297193777495919E-006,2.70941796741271730E-018)   (8.59461149279423656E-007,1.41677873778823550E-007)             (-0.49999792508791036,0.0000000000000000)
        1510        2000   562.17973801108928        1.0000000000072722        107.33125125404689       0.99999748528857668        2.5147186949029135E-006  -7.2721828558997004E-012 (-5.84483404133660651E-007,-4.62594487238350825E-018)  (1.52222559150616676E-006,-2.36905461799686215E-008)             (-0.49999792508791369,0.0000000000000000)
        1511        2000   563.28205122287545        1.0000000000072742        126.05043876791375       0.99999748528858445        2.5147186935549342E-006  -7.2741812573440257E-012   (8.10790713872865561E-007,3.17819949631565983E-018)   (1.45074880092379354E-006,4.82442026862682743E-008)             (-0.49999792508791863,0.0000000000000000)
        1512        2000   564.38436443466162        1.0000000000072862        145.22440531452688       0.99999748528859178        2.5147186928174625E-006  -7.2861716660099773E-012  (2.62270281142929031E-006,-6.34833334263537979E-018)  (2.16905151119058208E-006,-4.74158126719297805E-009)             (-0.49999792508792174,0.0000000000000000)
        1513        2000   565.48667764644779        1.0000000000072902        164.55076598747280       0.99999748528859844        2.5147186927916373E-006  -7.2901684688986279E-012  (4.28593013072899016E-006,-2.70326140537834328E-019)  (1.02399180742353542E-006,-1.36570323827774904E-007)             (-0.49999792508792523,0.0000000000000000)
        1514        2000   566.58899085823396        1.0000000000072857        183.72473253393005       0.99999748528859445        2.5147186929892827E-006  -7.2857275768001273E-012   (4.71789938992023054E-006,7.80223190426242282E-018)  (5.38267355615600612E-008,-2.31987937829930262E-008)             (-0.49999792508792273,0.0000000000000000)
        1515        2000   567.69130407002012        1.0000000000072964        202.44392004749022       0.99999748528860333        2.5147186928006252E-006  -7.2963857178365288E-012   (4.59731360946111768E-006,1.25598323581759267E-018) (-4.25032261407208162E-007,-1.08410675421055991E-007)             (-0.49999792508792734,0.0000000000000000)
        1516        2000   568.79361728180629        1.0000000000073070        220.41311575876486       0.99999748528861421        2.5147186916775636E-006  -7.3070438588729303E-012   (3.36292919020763512E-006,9.52501943599809802E-019) (-2.06107353163604494E-006,-8.93796129581914159E-008)             (-0.49999792508793317,0.0000000000000000)
        1517        2000   569.89593049359246        1.0000000000073179        237.34893471710723       0.99999748528862820        2.5147186896514308E-006  -7.3179240445142568E-012  (1.30890269159677431E-006,-5.82947329855817089E-021)  (-1.84913945679742518E-006,8.54843977260264794E-008)             (-0.49999792508794000,0.0000000000000000)
        1518        2000   570.99824370537863        1.0000000000073230        252.98428894057693       0.99999748528863530        2.5147186875303472E-006  -7.3230310704275325E-012 (-1.34568831969806788E-007,-1.05158551593160235E-017) (-1.23694459368508263E-006,-9.51175530120711045E-009)             (-0.49999792508794305,0.0000000000000000)
        1519        2000   572.10055691716479        1.0000000000073221        267.07259955296297       0.99999748528863597        2.5147186857918595E-006  -7.3221428920078324E-012  (-1.43842084098613446E-006,5.75353609493171500E-021)  (-1.29300961270673727E-006,6.38711393463225938E-008)             (-0.49999792508794355,0.0000000000000000)
        1520        2000   573.20287012895096        1.0000000000073230        279.39168547995973       0.99999748528863819        2.5147186851655705E-006  -7.3230310704275325E-012 (-1.98363023575029251E-006,-1.71472940634781744E-017)   (2.98979464742058151E-007,1.37979566983029973E-007)             (-0.49999792508794483,0.0000000000000000)
        1521        2000   574.30518334073713        1.0000000000073297        289.74726737742964       0.99999748528864441        2.5147186861001143E-006  -7.3296924085752835E-012 (-1.20132616996507948E-006,-5.04269575837576612E-021)   (1.08897674415774696E-006,1.01402227770124787E-008)             (-0.49999792508794727,0.0000000000000000)
        1522        2000   575.40749655252330        1.0000000000073370        297.97603153272752       0.99999748528864729        2.5147186881092582E-006  -7.3370198805378095E-012  (-1.64436463535965156E-008,2.29115001318927318E-018)   (1.44968593430089498E-006,8.03155961507453084E-008)             (-0.49999792508794916,0.0000000000000000)
        1523        2000   576.50980976430947        1.0000000000073306        303.94820541949599       0.99999748528864152        2.5147186907760902E-006  -7.3305805869949836E-012  (1.87175432266718723E-006,-7.71520838107602464E-018)  (2.27634278383523759E-006,-4.07246953948236042E-009)             (-0.49999792508794677,0.0000000000000000)
        1524        2000   577.61212297609563        1.0000000000073432        307.56960428794167       0.99999748528864862        2.5147186931596430E-006  -7.3432371294757104E-012   (3.65375323686465022E-006,7.98935051168288395E-018)  (1.18198336977393167E-006,-1.16817007866745050E-007)             (-0.49999792508794960,0.0000000000000000)
        1525        2000   578.71443618788180        1.0000000000073435        308.78311651458313       0.99999748528865018        2.5147186944290545E-006  -7.3434591740806354E-012  (4.36221213238482898E-006,-6.30465489675650810E-019)  (4.32150643192079456E-007,-1.07726136214000864E-008)             (-0.49999792508795060,0.0000000000000000)
        1526        2000   579.81674939966797        1.0000000000073530        307.56960428669640       0.99999748528865662        2.5147186946042916E-006  -7.3530070920924118E-012  (4.62359329705989520E-006,-6.37320145612252209E-022) (-5.41504779968747184E-008,-1.05350632641302372E-007)             (-0.49999792508795404,0.0000000000000000)
        1527        2000   580.91906261145414        1.0000000000073559        303.94820541702887       0.99999748528866328        2.5147186936435483E-006  -7.3558936719564372E-012   (3.79488367685784400E-006,6.61156467020131008E-018) (-1.59550366004393767E-006,-8.10902540665039201E-008)             (-0.49999792508795737,0.0000000000000000)
        1528        2000   582.02137582324031        1.0000000000073521        297.97603152907294       0.99999748528866217        2.5147186920090250E-006  -7.3521189136727116E-012   (2.13279116108179941E-006,4.62490152396198817E-018)  (-1.60179176024172502E-006,3.70352606210428866E-008)             (-0.49999792508795660,0.0000000000000000)
        1529        2000   583.12368903502647        1.0000000000073552        289.74726737264814       0.99999748528866550        2.5147186904056785E-006  -7.3552275381416621E-012   (6.08509862882709197E-007,9.06788784509629496E-018) (-1.64318322104445887E-006,-4.25694289282215115E-008)             (-0.49999792508795859,0.0000000000000000)
        1530        2000   584.22600224681264        1.0000000000073561        279.39168547412930       0.99999748528866550        2.5147186891444578E-006  -7.3561157165613622E-012  (-1.09876055476044228E-006,2.75786224014425016E-022)  (-1.63176955156797981E-006,9.47110788217623399E-008)             (-0.49999792508795843,0.0000000000000000)
        1531        2000   585.32831545859881        1.0000000000073657        267.07259954617456       0.99999748528867616        2.5147186886156979E-006  -7.3656636345731386E-012  (-1.83944140046256550E-006,1.26221241817062377E-018)   (1.74579254935708601E-007,1.28345773420189567E-007)             (-0.49999792508796365,0.0000000000000000)
        1532        2000   586.43062867038498        1.0000000000073699        252.98428893293470       0.99999748528867971        2.5147186887695039E-006  -7.3698824820667141E-012 (-1.31030936886978094E-006,-1.56925274610667560E-017)  (6.88166338448219453E-007,-8.76235473956748635E-009)             (-0.49999792508796537,0.0000000000000000)
        1533        2000   587.53294188217114        1.0000000000073763        237.34893470873124       0.99999748528868881        2.5147186892262503E-006  -7.3763217756095401E-012 (-5.10020061804459503E-007,-6.21123835932744162E-018)   (1.10911666789772374E-006,9.86605233046435416E-008)             (-0.49999792508796992,0.0000000000000000)
        1534        2000   588.63525509395731        1.0000000000073865        220.41311574978775       0.99999748528869525        2.5147186897986061E-006  -7.3865358274360915E-012   (1.17702980463307372E-006,1.70469415734222661E-017)   (2.18094557268495349E-006,1.31156347132224366E-008)             (-0.49999792508797297,0.0000000000000000)
        1535        2000   589.73756830574348        1.0000000000073928        202.44392003805314       0.99999748528870103        2.5147186902372150E-006  -7.3927530763739924E-012   (2.99626105881455727E-006,1.16722294316110690E-018)  (1.36432875822541975E-006,-8.58383599699350152E-008)             (-0.49999792508797580,0.0000000000000000)
        1536        2000   590.83988151752965        1.0000000000073903        183.72473252418172       0.99999748528869681        2.5147186904381529E-006  -7.3903105857198170E-012   (4.06534695255085678E-006,6.84059873810072731E-020)   (9.52352084695635354E-007,6.71396933656719765E-010)             (-0.49999792508797408,0.0000000000000000)
        1537        2000   591.94219472931582        1.0000000000073950        164.55076597756468       0.99999748528870391        2.5147186904852970E-006  -7.3949735224232427E-012  (4.81077305076463869E-006,-9.34035721010194654E-018)  (3.55633750220619167E-007,-1.28554451767612116E-007)             (-0.49999792508797819,0.0000000000000000)
        1538        2000   593.04450794110198        1.0000000000074021        145.22440530461756       0.99999748528871080        2.5147186904928924E-006  -7.4020789497808437E-012   (4.27806939683566080E-006,1.04228418130894118E-017) (-1.39066881729824172E-006,-8.86856214823611817E-008)             (-0.49999792508798163,0.0000000000000000)
        1539        2000   594.14682115288815        1.0000000000074065        126.05043875816035       0.99999748528871635        2.5147186905831035E-006  -7.4065198418793443E-012   (2.80808802659087518E-006,1.16916256930918482E-018)  (-1.42891105942077567E-006,3.38331211824138241E-008)             (-0.49999792508798380,0.0000000000000000)
        1540        2000   595.24913436467432        1.0000000000074145        107.33125124460209       0.99999748528872479        2.5147186907795194E-006  -7.4145134476566454E-012  (1.41838399637376770E-006,-1.83970682798032369E-017) (-1.55218266943746082E-006,-5.07355258215878816E-008)             (-0.49999792508798768,0.0000000000000000)
        1541        2000   596.35144757646049        1.0000000000074172        89.362055533332978       0.99999748528872634        2.5147186910491101E-006  -7.4171779829157458E-012  (-2.75555018199738357E-007,6.62378964666474435E-018)  (-1.71782310833487835E-006,6.67422984202072999E-008)             (-0.49999792508798840,0.0000000000000000)
        1542        2000   597.45376078824665        1.0000000000074156        72.426236574998129       0.99999748528872456        2.5147186912604389E-006  -7.4156236706812706E-012  (-1.30743187939486780E-006,1.50024597066065112E-018)  (-3.53383920927117303E-007,9.52801584836168966E-008)             (-0.49999792508798746,0.0000000000000000)
        1543        2000   598.55607400003282        1.0000000000074194        56.790882351537341       0.99999748528872567        2.5147186912972713E-006  -7.4193984289649961E-012  (-1.35399492538925229E-006,6.02572601570806745E-021)   (1.22128436512553864E-007,2.23765838574530723E-008)             (-0.49999792508798824,0.0000000000000000)
        1544        2000   599.65838721181899        1.0000000000074269        42.702571739162281       0.99999748528873567        2.5147186911287841E-006  -7.4269479455324472E-012  (-8.62989496508497647E-007,4.48836427683037674E-021)   (1.03922748326061319E-006,1.27124492811157401E-007)             (-0.49999792508799318,0.0000000000000000)
        1545        2000   600.76070042360516        1.0000000000074234        30.383485812179721       0.99999748528873611        2.5147186907372609E-006  -7.4233952318536467E-012  (7.93474627684985671E-007,-2.88157480910595454E-021)  (2.13261393796070029E-006,-4.02724154264124495E-010)             (-0.49999792508799362,0.0000000000000000)
        1546        2000   601.86301363539133        1.0000000000074338        20.027903914723144       0.99999748528874388        2.5147186902779251E-006  -7.4338313282851232E-012   (2.54542301803083631E-006,6.54097192638810859E-018)  (1.32593124072544699E-006,-6.67903673006239167E-008)             (-0.49999792508799762,0.0000000000000000)
        1547        2000   602.96532684717749        1.0000000000074352        11.799139759440619       0.99999748528874699        2.5147186899048948E-006  -7.4351635959146734E-012  (3.73426224557995512E-006,-2.64190534649325322E-018)   (1.21550588471579600E-006,1.51595363302528744E-008)             (-0.49999792508799901,0.0000000000000000)
        1548        2000   604.06764005896366        1.0000000000074463        5.8269658726864710       0.99999748528875632        2.5147186896795967E-006  -7.4462658261609249E-012  (4.77061498993297266E-006,-3.89493851606538851E-018)  (6.61418391515096765E-007,-1.24416323844527081E-007)             (-0.49999792508800389,0.0000000000000000)
        1549        2000   605.16995327074983        1.0000000000074516        2.2055670042585795       0.99999748528876142        2.5147186897044372E-006  -7.4515948966791257E-012   (4.61325057371546216E-006,1.05235068611173729E-017) (-9.04871558677047162E-007,-7.16579153628530475E-008)             (-0.49999792508800600,0.0000000000000000)
        1550        2000   606.27226648253600        1.0000000000074576       0.99205477763101346       0.99999748528876453        2.5147186899332073E-006  -7.4575901010121015E-012   (3.62580659875764311E-006,4.17316130762055237E-020) (-1.00338665480950925E-006,-3.21021648412542572E-009)             (-0.49999792508800761,0.0000000000000000)
        1551        2000   607.37457969432216        1.0000000000074598        2.2055670055347778       0.99999748528876720        2.5147186902621508E-006  -7.4598105470613518E-012   (2.36951207644495753E-006,1.91578887129800258E-018) (-1.70811607275462405E-006,-8.93001857531980103E-008)             (-0.49999792508800889,0.0000000000000000)
        1552        2000   608.47689290610833        1.0000000000074614        5.8269658752187752       0.99999748528876986        2.5147186906192849E-006  -7.4613648592958270E-012   (4.37124940607556258E-007,1.05130077276594606E-017)  (-1.97860795189034824E-006,8.01381410109499866E-008)             (-0.49999792508801044,0.0000000000000000)
        1553        2000   609.57920611789450        1.0000000000074742        11.799139763189309       0.99999748528877808        2.5147186908574905E-006  -7.4742434463814789E-012  (-7.83537409116908611E-007,3.37051611023542327E-019)  (-5.01454010641170081E-007,9.15273211737899016E-008)             (-0.49999792508801461,0.0000000000000000)
        1554        2000   610.68151932968067        1.0000000000074678        20.027903919629299       0.99999748528877674        2.5147186909363590E-006  -7.4678041528386530E-012 (-1.06085162239547199E-006,-1.17909991860618494E-018)  (-1.97239148470239649E-007,7.47844005950130391E-009)             (-0.49999792508801355,0.0000000000000000)
        1555        2000   611.78383254146684        1.0000000000074667        30.383485818166179       0.99999748528877519        2.5147186908948302E-006  -7.4666939298140278E-012  (-9.40943822787968070E-007,6.62374634581424186E-018)   (6.27053650400637160E-007,1.25009860558064296E-007)             (-0.49999792508801255,0.0000000000000000)
        1556        2000   612.88614575325300        1.0000000000074691        42.702571746134929       0.99999748528877985        2.5147186907544138E-006  -7.4691364204682031E-012   (3.31662577850273931E-007,1.36188954440402276E-019)   (1.78651384820095794E-006,1.82888624574493462E-008)             (-0.49999792508801522,0.0000000000000000)
        1557        2000   613.98845896503917        1.0000000000074720        56.790882359386757       0.99999748528878096        2.5147186905955921E-006  -7.4720230003322285E-012  (1.91292299922446757E-006,-6.44691849782391195E-018)  (1.36432032275251512E-006,-2.64885267572823595E-008)             (-0.49999792508801616,0.0000000000000000)
        1558        2000   615.09077217682534        1.0000000000074769        72.426236583601309       0.99999748528878563        2.5147186904727004E-006  -7.4769079816405792E-012  (3.31179271545916019E-006,-1.05112391361267740E-017)   (1.57096377844765053E-006,2.16254655840024357E-008)             (-0.49999792508801832,0.0000000000000000)
        1559        2000   616.19308538861151        1.0000000000074825        89.362055542554685       0.99999748528879184        2.5147186904014590E-006  -7.4824590967637050E-012  (4.65903435726280446E-006,-1.36005452901238342E-018)  (9.34620210535158230E-007,-1.31655237298922013E-007)             (-0.49999792508802160,0.0000000000000000)
        1560        2000   617.29539860039768        1.0000000000074905        107.33125125429656       0.99999748528879895        2.5147186903898999E-006  -7.4904527025410061E-012  (4.76624297176760023E-006,-1.96777052379691769E-017) (-6.12804673387706136E-007,-6.65925761439831503E-008)             (-0.49999792508802487,0.0000000000000000)
        1561        2000   618.39771181218384        1.0000000000074913        126.05043876817527       0.99999748528880295        2.5147186904063396E-006  -7.4913408809607063E-012  (4.05678630704907904E-006,-8.97848747860655405E-018) (-7.51975291224899005E-007,-1.31918112054216802E-008)             (-0.49999792508802710,0.0000000000000000)
        1562        2000   619.50002502397001        1.0000000000074978        145.22440531479637       0.99999748528880583        2.5147186904215629E-006  -7.4977801745035322E-012   (2.98659368651210817E-006,2.94644884401927810E-018) (-1.54804435062984755E-006,-8.73143612389080080E-008)             (-0.49999792508802843,0.0000000000000000)
        1563        2000   620.60233823575618        1.0000000000075004        164.55076598774644       0.99999748528880983        2.5147186904214125E-006  -7.5004447097626326E-012   (1.20151591325379931E-006,2.50323048910602391E-017)  (-1.84772810401208313E-006,5.91068946147722254E-008)             (-0.49999792508803031,0.0000000000000000)
        1564        2000   621.70465144754235        1.0000000000075064        183.72473253420688       0.99999748528881494        2.5147186904059834E-006  -7.5064399140956084E-012  (-1.27764572053142201E-007,3.44970406892820167E-018)  (-8.82729466746178943E-007,4.36157838373539533E-008)             (-0.49999792508803292,0.0000000000000000)
        1565        2000   622.80696465932851        1.0000000000075071        202.44392004776560       0.99999748528881671        2.5147186903886078E-006  -7.5071060479103835E-012  (-9.41147327066319634E-007,4.62843076082959418E-018)  (-8.04242636144902707E-007,2.71949820757910561E-008)             (-0.49999792508803381,0.0000000000000000)
        1566        2000   623.90927787111468        1.0000000000075133        220.41311575903134       0.99999748528882337        2.5147186903865114E-006  -7.5133232968482844E-012 (-1.22195030459614904E-006,-1.08731803543745462E-018)   (4.39577462841574906E-007,1.52279424613966656E-007)             (-0.49999792508803714,0.0000000000000000)
        1567        2000   625.01159108290085        1.0000000000075238        237.34893471736370       0.99999748528883470        2.5147186904178499E-006  -7.5237593932797608E-012 (-1.05972910995285375E-007,-3.85250575195798127E-018)   (1.61955147894091435E-006,5.76932084799987144E-009)             (-0.49999792508804275,0.0000000000000000)
        1568        2000   626.11390429468702        1.0000000000075300        252.98428894081806       0.99999748528883781        2.5147186904733530E-006  -7.5299766422176617E-012   (1.27277614645663333E-006,9.25067096061108407E-018)  (1.18006785211907419E-006,-1.12522879968446331E-008)             (-0.49999792508804441,0.0000000000000000)
        1569        2000   627.21621750647319        1.0000000000075357        267.07259955318551       0.99999748528884624        2.5147186905385877E-006  -7.5357498019457125E-012  (2.61710800429071412E-006,-2.89740662417478459E-018)   (1.64917102779168364E-006,3.84788745501420258E-008)             (-0.49999792508804852,0.0000000000000000)
        1570        2000   628.31853071825935        1.0000000000075437        279.39168548015749       0.99999748528885735        2.5147186905986914E-006  -7.5437434077230137E-012   (4.10128899718624372E-006,4.09381452247437350E-019)  (1.13808875096959799E-006,-1.18039434988663541E-007)             (-0.49999792508805391,0.0000000000000000)
        1571        2000   629.42084393004552        1.0000000000075515        289.74726737760409       0.99999748528885934        2.5147186906254848E-006  -7.5515149688953898E-012  (4.51230416185331384E-006,-8.06692413526848200E-018) (-1.69090781118916850E-007,-4.73293196500409024E-008)             (-0.49999792508805524,0.0000000000000000)
        1572        2000   630.52315714183169        1.0000000000075613        297.97603153287582       0.99999748528887045        2.5147186906155656E-006  -7.5612849315120911E-012   (4.26011049232030088E-006,1.71353424038018670E-017) (-3.09384616423506836E-007,-3.69590149511821313E-008)             (-0.49999792508806085,0.0000000000000000)
        1573        2000   631.62547035361786        1.0000000000075664        303.94820541961917       0.99999748528887711        2.5147186905727222E-006  -7.5663919574253669E-012   (3.43197063397677173E-006,1.16774978323913450E-018) (-1.48803919962531718E-006,-1.13810451762537063E-007)             (-0.49999792508806418,0.0000000000000000)
        1574        2000   632.72778356540402        1.0000000000075695        307.56960428803046       0.99999748528887777        2.5147186905051849E-006  -7.5695005818943173E-012  (1.61951338322949539E-006,-7.70761216685652684E-018)  (-1.92443580865792186E-006,5.76046724571426890E-008)             (-0.49999792508806429,0.0000000000000000)
        1575        2000   633.83009677719019        1.0000000000075728        308.78311651464253       0.99999748528888177        2.5147186904438504E-006  -7.5728312509681928E-012  (1.96082688760928557E-007,-9.01005577639242198E-020)  (-9.97571411781159342E-007,3.81642276276214234E-008)             (-0.49999792508806595,0.0000000000000000)
        1576        2000   634.93240998897636        1.0000000000075695        307.56960428672409       0.99999748528888044        2.5147186904031183E-006  -7.5695005818943173E-012 (-7.81680122284003650E-007,-4.88627449945240889E-019)  (-1.00687402779411262E-006,1.72756280156516030E-008)             (-0.49999792508806545,0.0000000000000000)
        1577        2000   636.03472320076253        1.0000000000075746        303.94820541702717       0.99999748528888510        2.5147186903889229E-006  -7.5746076078075930E-012  (-1.35232068181046411E-006,1.53758052340113668E-018)   (4.44728591693929727E-008,1.29802541799805716E-007)             (-0.49999792508806801,0.0000000000000000)
        1578        2000   637.13703641254870        1.0000000000075802        297.97603152904207       0.99999748528888754        2.5147186904054548E-006  -7.5801587229307188E-012 (-7.14218706318886163E-007,-6.52998092962799736E-018)   (1.08932591764628020E-006,1.83019608528042339E-008)             (-0.49999792508806895,0.0000000000000000)
        1579        2000   638.23934962433486        1.0000000000075826        289.74726737259056       0.99999748528889154        2.5147186904381795E-006  -7.5826012135848941E-012  (3.33651155212427427E-007,-1.97211558970138723E-018)   (1.09198094083731852E-006,3.48340420697876926E-008)             (-0.49999792508807123,0.0000000000000000)
        1580        2000   639.34166283612103        1.0000000000075859        279.39168547404103       0.99999748528889643        2.5147186904752660E-006  -7.5859318826587696E-012  (1.77209656847394605E-006,-9.24883434820563333E-018)   (1.87403259827500836E-006,3.83079520451259574E-008)             (-0.49999792508807356,0.0000000000000000)
        1581        2000   640.44397604790720        1.0000000000075859        267.07259954605928       0.99999748528889687        2.5147186905054733E-006  -7.5859318826587696E-012  (3.42244285631539534E-006,-6.39102000186106673E-019)  (1.26231617830336485E-006,-1.19226728631940371E-007)             (-0.49999792508807389,0.0000000000000000)
        1582        2000   641.54628925969337        1.0000000000075930        252.98428893279652       0.99999748528890087        2.5147186905185193E-006  -7.5930373100163706E-012  (4.02551701708648211E-006,-7.80417023087116298E-018)  (1.23458053897381856E-007,-3.17404447745704442E-008)             (-0.49999792508807583,0.0000000000000000)
        1583        2000   642.64860247147953        1.0000000000075986        237.34893470857256       0.99999748528890842        2.5147186905185244E-006  -7.5985884251394964E-012  (4.09244162827390992E-006,-1.54212514490957252E-017)  (1.07275806677392965E-009,-4.81089186975384790E-008)             (-0.49999792508807966,0.0000000000000000)
        1584        2000   643.75091568326570        1.0000000000076110        220.41311574960974       0.99999748528891885        2.5147186905107948E-006  -7.6110229230152981E-012  (3.51474520244590213E-006,-6.36397543734516000E-019) (-1.25821923621235919E-006,-1.07748449800143381E-007)             (-0.49999792508808483,0.0000000000000000)
        1585        2000   644.85322889505187        1.0000000000076115        202.44392003786106       0.99999748528891952        2.5147186905007274E-006  -7.6114670122251482E-012  (1.97041630416919914E-006,-4.62728263909985892E-018)  (-1.62518519304613057E-006,4.48750947854857003E-008)             (-0.49999792508808510,0.0000000000000000)
        1586        2000   645.95554210683804        1.0000000000076150        183.72473252397776       0.99999748528892396        2.5147186904942086E-006  -7.6150197259039487E-012  (6.45788273106599252E-007,-2.88701791887099593E-018) (-1.14854823495203999E-006,-1.15000734333218417E-008)             (-0.49999792508808732,0.0000000000000000)
        1587        2000   647.05785531862421        1.0000000000076199        164.55076597735521       0.99999748528892929        2.5147186904918365E-006  -7.6199047072122994E-012 (-6.77263214470005801E-007,-3.94547257786940815E-018)  (-1.48817563312524803E-006,2.10717859464558409E-008)             (-0.49999792508808999,0.0000000000000000)
        1588        2000   648.16016853041037        1.0000000000076257        145.22440530440457       0.99999748528893262        2.5147186904922368E-006  -7.6256778669403502E-012 (-1.60436051239806902E-006,-5.89117612612454375E-018)  (-1.87303151792399890E-007,1.48836656944995796E-007)             (-0.49999792508809165,0.0000000000000000)
        1589        2000   649.26248174219654        1.0000000000076290        126.05043875794674       0.99999748528893928        2.5147186904922452E-006  -7.6290085360142257E-012 (-1.16319608510654428E-006,-9.16734180109122496E-018)   (8.84565982009802946E-007,9.30602170781029829E-009)             (-0.49999792508809515,0.0000000000000000)
        1590        2000   650.36479495398271        1.0000000000076348        107.33125124439310       0.99999748528894461        2.5147186904895779E-006  -7.6347816957422765E-012 (-3.52190640658023287E-007,-2.01781405589470156E-018)   (8.37209561758063107E-007,3.82272260168447868E-008)             (-0.49999792508809782,0.0000000000000000)
        1591        2000   651.46710816576888        1.0000000000076399        89.362055533131539       0.99999748528895060        2.5147186904833937E-006  -7.6398887216555522E-012  (8.97809484171659695E-007,-1.84097638753360102E-017)   (1.74448304475991571E-006,5.20029695184586357E-008)             (-0.49999792508810070,0.0000000000000000)
        1592        2000   652.56942137755505        1.0000000000076468        72.426236574806225       0.99999748528895616        2.5147186904748688E-006  -7.6467721044082282E-012   (2.53436955419489437E-006,1.05999525029826737E-017)  (1.37532749451829351E-006,-9.05607598033130360E-008)             (-0.49999792508810331,0.0000000000000000)
        1593        2000   653.67173458934121        1.0000000000076512        56.790882351359365       0.99999748528896015        2.5147186904680197E-006  -7.6512129965067288E-012   (3.42078057948296621E-006,8.00835689595784774E-020)  (5.69798520164481898E-007,-1.58810531808053951E-008)             (-0.49999792508810514,0.0000000000000000)
        1594        2000   654.77404780112738        1.0000000000076579        42.702571739002195       0.99999748528896748        2.5147186904648755E-006  -7.6578743346544798E-012   (3.92806368754309192E-006,1.04263668878723087E-017)  (3.97302027915168739E-007,-6.79448862423503411E-008)             (-0.49999792508810909,0.0000000000000000)
        1595        2000   655.87636101291355        1.0000000000076636        30.383485812040547       0.99999748528897237        2.5147186904673933E-006  -7.6636474943825306E-012   (3.63561464813849429E-006,7.98321572480232710E-018) (-1.06382721631313699E-006,-1.16868404974949422E-007)             (-0.49999792508811147,0.0000000000000000)
        1596        2000   656.97867422469972        1.0000000000076656        20.027903914607617       0.99999748528897614        2.5147186904754083E-006  -7.6656458958268558E-012  (2.25858612368058252E-006,-1.05339711499799693E-020)  (-1.49633265531022365E-006,3.55050107187029518E-008)             (-0.49999792508811330,0.0000000000000000)
        1597        2000   658.08098743648588        1.0000000000076639        11.799139759351156       0.99999748528897392        2.5147186904848659E-006  -7.6638695389874556E-012  (9.88310010287476441E-007,-1.68692363089956430E-017) (-1.17801253399358217E-006,-1.96911652658884799E-008)             (-0.49999792508811225,0.0000000000000000)
        1598        2000   659.18330064827205        1.0000000000076654        5.8269658726250464       0.99999748528897570        2.5147186904936839E-006  -7.6654238512219308E-012  (-3.72891374738479859E-007,7.80264824678767705E-018)  (-1.52100412369173068E-006,2.01918747616626829E-008)             (-0.49999792508811314,0.0000000000000000)
        1599        2000   660.28561386005822        1.0000000000076723        2.2055670042266811       0.99999748528897991        2.5147186904994823E-006  -7.6723072339746068E-012 (-1.40933735080055409E-006,-4.66934546179631570E-018)  (-4.34636079908212493E-007,1.11620468694372894E-007)             (-0.49999792508811536,0.0000000000000000)
        1600        2000   661.38792707184439        1.0000000000076756       0.99205477762961991       0.99999748528898413        2.5147186905004187E-006  -7.6756379030484823E-012 (-1.40385945565009059E-006,-9.63232505946267492E-020)   (2.77977634478347085E-007,7.16801119856315038E-009)             (-0.49999792508811763,0.0000000000000000)
        1601        2000   662.49024028363056        1.0000000000076796        2.2055670055643941       0.99999748528898746        2.5147186904977429E-006  -7.6796347059371328E-012  (-1.02984791149848304E-006,7.24273269191054435E-019)   (6.13649991307831268E-007,8.68382424366047250E-008)             (-0.49999792508811924,0.0000000000000000)
        1602        2000   663.59255349541672        1.0000000000076852        5.8269658752794404       0.99999748528899390        2.5147186904919589E-006  -7.6851858210602586E-012  (2.08090217969252839E-007,-7.80134367021726127E-018)   (1.86994658213251436E-006,5.30680675523942577E-008)             (-0.49999792508812230,0.0000000000000000)
        1603        2000   664.69486670720289        1.0000000000076896        11.799139763280566       0.99999748528899879        2.5147186904851772E-006  -7.6896267131587592E-012   (1.91080599899628305E-006,2.50317243799647956E-017)  (1.37889485535250982E-006,-9.39554206721609950E-008)             (-0.49999792508812468,0.0000000000000000)
        1604        2000   665.79717991898906        1.0000000000076947        20.027903919750120       0.99999748528900323        2.5147186904802339E-006  -7.6947337390720350E-012  (2.87380824911635700E-006,-3.85440522375971701E-018)   (7.45117411436571815E-007,5.47860198244299255E-009)             (-0.49999792508812679,0.0000000000000000)
        1605        2000   666.89949313077523        1.0000000000076967        30.383485818315190       0.99999748528900612        2.5147186904773980E-006  -7.6967321405163602E-012   (3.64806019264861492E-006,1.35355716508275734E-018)  (7.19773368919278115E-007,-6.55047150666420129E-008)             (-0.49999792508812824,0.0000000000000000)
        1606        2000   668.00180634256139        1.0000000000076963        42.702571746310674       0.99999748528900678        2.5147186904770867E-006  -7.6962880513065102E-012  (3.68105599352100587E-006,-9.07591098149183828E-018) (-7.19678453517241565E-007,-1.10399866095339513E-007)             (-0.49999792508812868,0.0000000000000000)
        1607        2000   669.10411955434756        1.0000000000076967        56.790882359586590       0.99999748528900345        2.5147186904787490E-006  -7.6967321405163602E-012   (2.66582352502520903E-006,2.27108195936130634E-018)  (-1.13573131380808231E-006,2.10176785153947561E-008)             (-0.49999792508812702,0.0000000000000000)
        1608        2000   670.20643276613373        1.0000000000076994        72.426236583822373       0.99999748528900989        2.5147186904807023E-006  -7.6993966757754606E-012  (1.58885755513118002E-006,-3.26953069827555508E-018) (-1.18373260501265742E-006,-5.52457856779993879E-008)             (-0.49999792508813029,0.0000000000000000)
        1609        2000   671.30874597791990        1.0000000000077043        89.362055542794764       0.99999748528901367        2.5147186904823519E-006  -7.7042816570838113E-012   (8.21175399349887457E-008,9.25054661935390137E-018)  (-1.77503254032734142E-006,1.75985926554316196E-008)             (-0.49999792508813207,0.0000000000000000)
        1610        2000   672.41105918970607        1.0000000000077027        107.33125125455204       0.99999748528901145        2.5147186904833044E-006  -7.7027273448493361E-012  (-1.17759185294697102E-006,1.97137848036719250E-018)  (-6.41324233561261531E-007,1.14530461809159231E-007)             (-0.49999792508813096,0.0000000000000000)
        1611        2000   673.51337240149223        1.0000000000076998        126.05043876844334       0.99999748528900989        2.5147186904838211E-006  -7.6998407649853107E-012 (-1.38409270942452712E-006,-6.59083259101737613E-021)   (4.64016847773180521E-008,4.82455638553667939E-009)             (-0.49999792508813018,0.0000000000000000)
        1612        2000   674.61568561327840        1.0000000000077036        145.22440531507260       0.99999748528901367        2.5147186904844885E-006  -7.7036155232690362E-012 (-1.24416512118530570E-006,-6.63214348784808914E-018)   (3.69421038244680543E-007,8.32421681891391476E-008)             (-0.49999792508813207,0.0000000000000000)
        1613        2000   675.71799882506457        1.0000000000077085        164.55076598802663       0.99999748528901766        2.5147186904853415E-006  -7.7085005045773869E-012 (-2.70683949104886201E-007,-1.44612961572352842E-021)   (1.56708757703001348E-006,5.33048300800848528E-008)             (-0.49999792508813407,0.0000000000000000)
        1614        2000   676.82031203685074        1.0000000000077116        183.72473253448564       0.99999748528902055        2.5147186904861080E-006  -7.7116091290463373E-012   (1.22179095513932549E-006,9.33725223197851057E-018)  (1.29762740955255567E-006,-5.64261883975045671E-008)             (-0.49999792508813551,0.0000000000000000)
        1615        2000   677.92262524863690        1.0000000000077165        202.44392004803970       0.99999748528902610        2.5147186904864299E-006  -7.7164941103546880E-012  (2.33365812523384528E-006,-9.24415649226768954E-018)   (1.10229826610902571E-006,2.56167141523021837E-008)             (-0.49999792508813834,0.0000000000000000)
        1616        2000   679.02493846042307        1.0000000000077351        220.41311575929976       0.99999748528904120        2.5147186904862542E-006  -7.7351458571683906E-012  (3.46712068181546463E-006,-8.15983482481006287E-019)  (1.04391570856249562E-006,-7.95499660427759216E-008)             (-0.49999792508814589,0.0000000000000000)
        1617        2000   680.12725167220924        1.0000000000077391        237.34893471762251       0.99999748528904875        2.5147186904855414E-006  -7.7391426600570412E-012  (3.77386313710023321E-006,-8.99090224897869448E-018) (-4.59125043811683484E-007,-1.05918095793367093E-007)             (-0.49999792508814966,0.0000000000000000)
        1618        2000   681.22956488399541        1.0000000000077400        252.98428894106203       0.99999748528905097        2.5147186904843238E-006  -7.7400308384767413E-012  (3.03385135150852481E-006,-5.22230194722058371E-021)  (-8.72973975981345355E-007,7.40041708434318479E-009)             (-0.49999792508815072,0.0000000000000000)
        1619        2000   682.33187809578158        1.0000000000077574        267.07259955341198       0.99999748528906651        2.5147186904829795E-006  -7.7573503176608938E-012   (2.09821225723607780E-006,3.67504834515156040E-018) (-1.16501178566460549E-006,-6.67825102599890001E-008)             (-0.49999792508815849,0.0000000000000000)
        1620        2000   683.43419130756774        1.0000000000077676        279.39168548036298       0.99999748528907517        2.5147186904817255E-006  -7.7675643694874452E-012   (6.18714269512343641E-007,1.72081771985864837E-019)  (-1.70258107571329880E-006,2.75569627553402619E-008)             (-0.49999792508816282,0.0000000000000000)
        1621        2000   684.53650451935391        1.0000000000077707        289.74726737778343       0.99999748528907895        2.5147186904809712E-006  -7.7706729939563957E-012 (-6.00493524755492638E-007,-5.26178334709816564E-018)  (-6.97160959316595308E-007,7.70186709500448628E-008)             (-0.49999792508816476,0.0000000000000000)
        1622        2000   685.63881773114008        1.0000000000077840        297.97603153302686       0.99999748528909294        2.5147186904810102E-006  -7.7839956702518975E-012  (-1.11225570470498231E-006,5.30239697403547715E-018) (-5.01752441767456919E-007,-1.70417734304461578E-008)             (-0.49999792508817176,0.0000000000000000)
        1623        2000   686.74113094292625        1.0000000000077902        303.94820541974434       0.99999748528909982        2.5147186904816340E-006  -7.7902129191897984E-012  (-1.47004085313004007E-006,1.19582803720077943E-017)  (-2.34372346705520132E-008,1.20530815170897367E-007)             (-0.49999792508817520,0.0000000000000000)
        1624        2000   687.84344415471242        1.0000000000077942        307.56960428812914       0.99999748528910204        2.5147186904826513E-006  -7.7942097220784490E-012  (-6.77935314423501746E-007,3.89756343157240171E-018)   (1.55575638924741417E-006,6.90395848363799077E-008)             (-0.49999792508817625,0.0000000000000000)
        1625        2000   688.94575736649858        1.0000000000078029        308.78311651471199       0.99999748528911248        2.5147186904833997E-006  -7.8028694616705252E-012   (8.19153823274419852E-007,1.26440682289399129E-023)  (1.30304961697753811E-006,-6.08705515042766070E-008)             (-0.49999792508818147,0.0000000000000000)
        1626        2000   690.04807057828475        1.0000000000078091        307.56960428676285       0.99999748528911847        2.5147186904833150E-006  -7.8090867106084261E-012  (1.92777940429388002E-006,-1.45179744990908411E-017)   (1.09472470734155844E-006,2.62934307922824918E-008)             (-0.49999792508818447,0.0000000000000000)
        1627        2000   691.15038379007092        1.0000000000078204        303.94820541703314       0.99999748528912580        2.5147186904826522E-006  -7.8204109854596027E-012  (3.09258668255557231E-006,-4.26709902326655098E-018)  (1.12316975951606095E-006,-6.10092459747347074E-008)             (-0.49999792508818819,0.0000000000000000)
        1628        2000   692.25269700185709        1.0000000000078269        297.97603152901769       0.99999748528913490        2.5147186904820262E-006  -7.8268502790024286E-012  (3.64051323718418750E-006,-3.03979253812055712E-022) (-2.87011095792142501E-008,-7.46276873858811200E-008)             (-0.49999792508819274,0.0000000000000000)
        1629        2000   693.35501021364325        1.0000000000078269        289.74726737253752       0.99999748528913668        2.5147186904820660E-006  -7.8268502790024286E-012  (3.40815116730565462E-006,-5.09622174333573202E-018) (-3.37942095829165366E-007,-1.52144144590980276E-008)             (-0.49999792508819363,0.0000000000000000)
        1630        2000   694.45732342542942        1.0000000000078328        279.39168547395951       0.99999748528914312        2.5147186904828631E-006  -7.8328454833354044E-012   (2.77028413464295541E-006,3.28110338438932390E-019) (-1.11828525990704433E-006,-1.08080519726412983E-007)             (-0.49999792508819679,0.0000000000000000)
        1631        2000   695.55963663721559        1.0000000000078384        267.07259954595054       0.99999748528915000        2.5147186904838130E-006  -7.8383965984585302E-012   (1.20020671088683222E-006,9.15766147066035831E-018)  (-1.88503332336829482E-006,2.88603214599475110E-008)             (-0.49999792508820023,0.0000000000000000)
        1632        2000   696.66194984900176        1.0000000000078462        252.98428893266467       0.99999748528915644        2.5147186904841827E-006  -7.8461681596309063E-012 (-1.50924406284930156E-007,-1.35844496953407206E-018)  (-7.89420439758351392E-007,8.35087414086091937E-008)             (-0.49999792508820345,0.0000000000000000)
        1633        2000   697.76426306078793        1.0000000000078468        237.34893470841794       0.99999748528915733        2.5147186904835754E-006  -7.8468342934456814E-012 (-7.49367685960360939E-007,-7.92178155670130790E-020) (-5.90340769714746479E-007,-2.21411418676712440E-008)             (-0.49999792508820395,0.0000000000000000)
        1634        2000   698.86657627257409        1.0000000000078557        220.41311574943802       0.99999748528916466        2.5147186904823078E-006  -7.8557160776426826E-012  (-1.26570963961896121E-006,1.09101509898100148E-018)  (-2.79220452615421721E-007,9.44554094151526146E-008)             (-0.49999792508820762,0.0000000000000000)
        1635        2000   699.96888948436026        1.0000000000078544        202.44392003767425       0.99999748528916554        2.5147186904811055E-006  -7.8543838100131325E-012  (-8.66824254471073564E-007,1.44310616752359588E-017)   (1.02558604799334547E-006,6.49513137463232917E-008)             (-0.49999792508820806,0.0000000000000000)
        1636        2000   701.07120269614643        1.0000000000078559        183.72473252377850       0.99999748528916732        2.5147186904804435E-006  -7.8559381222476077E-012  (2.50888945729815475E-007,-2.26452023812846623E-020)  (1.13987409817103982E-006,-3.85835743399100566E-009)             (-0.49999792508820889,0.0000000000000000)
        1637        2000   702.17351590793260        1.0000000000078577        164.55076597714705       0.99999748528916776        2.5147186904803470E-006  -7.8577144790870079E-012   (1.49051996942915928E-006,1.82251134425168881E-017)   (1.46288042600629826E-006,3.55995693193265038E-008)             (-0.49999792508820912,0.0000000000000000)
        1638        2000   703.27582911971876        1.0000000000078617        145.22440530419163       0.99999748528917021        2.5147186904806604E-006  -7.8617112819756585E-012  (2.90914326824869360E-006,-1.36945133388061218E-017)  (1.21628946953886407E-006,-9.21718090993981336E-008)             (-0.49999792508821034,0.0000000000000000)
        1639        2000   704.37814233150493        1.0000000000078655        126.05043875773390       0.99999748528917665        2.5147186904812194E-006  -7.8654860402593840E-012  (3.49994931045778794E-006,-3.17910014015767228E-018)  (4.43472710949645401E-008,-4.47899730681289782E-008)             (-0.49999792508821356,0.0000000000000000)
        1640        2000   705.48045554329110        1.0000000000078721        107.33125124418298       0.99999748528918020        2.5147186904819127E-006  -7.8721473784071350E-012   (3.55202731396343297E-006,6.37027523553695874E-018)  (1.35700532985026236E-007,-1.09631506882804364E-009)             (-0.49999792508821533,0.0000000000000000)
        1641        2000   706.58276875507727        1.0000000000078706        89.362055532928338       0.99999748528918198        2.5147186904825602E-006  -7.8705930661726597E-012  (3.31916215195175623E-006,-9.16464751516999595E-018) (-8.26345053410787354E-007,-1.39538880363689165E-007)             (-0.49999792508821628,0.0000000000000000)
        1642        2000   707.68508196686344        1.0000000000078839        72.426236574614734       0.99999748528919152        2.5147186904828482E-006  -7.8839157424681616E-012  (1.87516762716683971E-006,-9.78818107646318444E-018)  (-1.89343989499938625E-006,1.50456734165939045E-008)             (-0.49999792508822105,0.0000000000000000)
        1643        2000   708.78739517864960        1.0000000000078895        56.790882351182340       0.99999748528919752        2.5147186904825772E-006  -7.8894668575912874E-012  (4.73583756714095205E-007,-9.25977206258865757E-018)  (-8.84923010118231637E-007,7.74252414406500915E-008)             (-0.49999792508822405,0.0000000000000000)
        1644        2000   709.88970839043577        1.0000000000078968        42.702571738842884       0.99999748528920329        2.5147186904818009E-006  -7.8967943295538134E-012 (-2.56494828717870355E-007,-9.20046324032092582E-018) (-7.60360028725615337E-007,-2.78947906234219652E-008)             (-0.49999792508822688,0.0000000000000000)
        1645        2000   710.99202160222194        1.0000000000078995        30.383485811902041       0.99999748528920862        2.5147186904809153E-006  -7.8994588648129138E-012  (-9.83717721072055625E-007,9.71128521663570730E-018)  (-5.49452373171449440E-007,7.99949170657430703E-008)             (-0.49999792508822954,0.0000000000000000)
        1646        2000   712.09433481400811        1.0000000000079086        20.027903914492814       0.99999748528921750        2.5147186904803770E-006  -7.9085626936148401E-012  (-9.31087014545741928E-007,6.53095978238437581E-018)   (5.98751391078441446E-007,6.46390447026022904E-008)             (-0.49999792508823399,0.0000000000000000)
        1647        2000   713.19664802579427        1.0000000000079108        11.799139759262145       0.99999748528921995        2.5147186904803296E-006  -7.9107831396640904E-012 (-1.25643578922281092E-007,-2.05084092061967745E-020)   (9.87029849297708575E-007,3.65672973999341346E-008)             (-0.49999792508823521,0.0000000000000000)
        1648        2000   714.29896123758044        1.0000000000079099        5.8269658725637443       0.99999748528921906        2.5147186904806032E-006  -7.9098949612443903E-012  (1.16621175586783938E-006,-9.06274653968982464E-018)   (1.67815804388416500E-006,4.00661718114924055E-008)             (-0.49999792508823482,0.0000000000000000)
        1649        2000   715.40127444936661        1.0000000000079159        2.2055670041945397       0.99999748528922483        2.5147186904809310E-006  -7.9158901655773661E-012  (2.71197586264381824E-006,-8.25895658010854420E-020)  (1.22191264651362662E-006,-1.15355354603394048E-007)             (-0.49999792508823770,0.0000000000000000)
        1650        2000   716.50358766115278        1.0000000000079194       0.99205477762764038       0.99999748528922972        2.5147186904811588E-006  -7.9194428792561666E-012  (3.27828552842622787E-006,-5.10716041233676503E-019)  (4.47765241695960982E-008,-1.89506736186236181E-008)             (-0.49999792508824009,0.0000000000000000)
        1651        2000   717.60590087293895        1.0000000000079272        2.2055670055931262       0.99999748528923904        2.5147186904812914E-006  -7.9272144404285427E-012  (3.54088869134679817E-006,-9.14979386568610046E-018)   (5.59201508461002177E-007,3.09732168835081164E-008)             (-0.49999792508824475,0.0000000000000000)
        1652        2000   718.70821408472511        1.0000000000079372        5.8269658753389653       0.99999748528924637        2.5147186904814328E-006  -7.9372064476501691E-012   (3.81162307392836273E-006,1.45159930372855708E-018) (-2.69282909054056747E-007,-1.51778958650090169E-007)             (-0.49999792508824842,0.0000000000000000)
        1653        2000   719.81052729651128        1.0000000000079470        11.799139763370365       0.99999748528925347        2.5147186904814760E-006  -7.9469764102668705E-012  (2.72868879162628083E-006,-1.15142641184629860E-020) (-1.76735086084962789E-006,-4.16687471197208109E-008)             (-0.49999792508825197,0.0000000000000000)
        1654        2000   720.91284050829745        1.0000000000079485        20.027903919869349       0.99999748528925902        2.5147186904812291E-006  -7.9485307225013457E-012   (1.13953366104222976E-006,9.16119561869105972E-018)  (-1.37102089247870793E-006,5.66793821797107421E-008)             (-0.49999792508825480,0.0000000000000000)
        1655        2000   722.01515372008362        1.0000000000079605        30.383485818462891       0.99999748528927079        2.5147186904806506E-006  -7.9605211311672974E-012  (3.18935946857331155E-008,-6.53507178635734064E-018)  (-9.32090082625853967E-007,3.85493720885567150E-008)             (-0.49999792508826069,0.0000000000000000)
        1656        2000   723.11746693186979        1.0000000000079625        42.702571746484807       0.99999748528927257        2.5147186904799416E-006  -7.9625195326116227E-012 (-5.54424091370253852E-007,-1.31665804300022745E-018)  (-1.66915006593104571E-007,7.33334394118562478E-008)             (-0.49999792508826152,0.0000000000000000)
        1657        2000   724.21978014365595        1.0000000000079747        56.790882359784966       0.99999748528928611        2.5147186904794258E-006  -7.9747319858824994E-012 (-4.63860529713698353E-007,-1.97670013666181637E-017)  (1.89028427667688257E-007,-2.74322088057408328E-008)             (-0.49999792508826829,0.0000000000000000)
        1658        2000   725.32209335544212        1.0000000000079821        72.426236584043423       0.99999748528929278        2.5147186904793491E-006  -7.9820594578450255E-012 (-3.93149546669219282E-007,-1.98536648428777513E-018)   (5.01594315740980679E-008,6.83198253420055595E-008)             (-0.49999792508827162,0.0000000000000000)
        1659        2000   726.42440656722829        1.0000000000079907        89.362055543034685       0.99999748528929833        2.5147186904796528E-006  -7.9907191974371017E-012  (4.43495196616808451E-007,-5.30408175615965649E-018)   (1.76696052398204431E-006,1.43024018865793281E-007)             (-0.49999792508827440,0.0000000000000000)
        1660        2000   727.52671977901446        1.0000000000080003        107.33125125480780       0.99999748528930943        2.5147186904801339E-006  -8.0002671154488780E-012  (2.45229176871828522E-006,-9.24812303733280889E-018)  (1.95371159549345117E-006,-1.23750068830934174E-007)             (-0.49999792508827995,0.0000000000000000)
        1661        2000   728.62903299080062        1.0000000000080058        126.05043876871105       0.99999748528931653        2.5147186904806121E-006  -8.0058182305720038E-012   (3.45288183749674044E-006,7.66117450569579745E-019)  (1.35860478999593044E-007,-9.26211704380204841E-008)             (-0.49999792508828350,0.0000000000000000)
        1662        2000   729.73134620258679        1.0000000000080220        145.22440531534886       0.99999748528932852        2.5147186904809517E-006  -8.0220274867315311E-012  (3.52154356180574858E-006,-1.27031077065698325E-018)   (1.57246820540402190E-007,4.02361616637243688E-008)             (-0.49999792508828950,0.0000000000000000)
        1663        2000   730.83365941437296        1.0000000000080287        164.55076598830851       0.99999748528933696        2.5147186904809971E-006  -8.0286888248792820E-012   (3.70176464911334217E-006,1.74501721179380232E-019)  (3.95230061224953087E-008,-6.39392440654612069E-008)             (-0.49999792508829372,0.0000000000000000)
        1664        2000   731.93597262615913        1.0000000000080280        183.72473253476895       0.99999748528933963        2.5147186904807705E-006  -8.0280226910645069E-012   (3.28064563142495730E-006,2.31039865145183904E-018) (-8.36269277552325179E-007,-5.59072198255421722E-008)             (-0.49999792508829505,0.0000000000000000)
        1665        2000   733.03828583794530        1.0000000000080311        202.44392004832014       0.99999748528934185        2.5147186904803359E-006  -8.0311313155334574E-012  (2.19878879272207952E-006,-3.53016574333191753E-018) (-1.37943377734865390E-006,-5.44595199619529726E-008)             (-0.49999792508829616,0.0000000000000000)
        1666        2000   734.14059904973146        1.0000000000080351        220.41311575957343       0.99999748528934607        2.5147186904798963E-006  -8.0351281184221079E-012   (6.19689362790969028E-007,8.96751276401884034E-020)  (-1.74861688631072634E-006,3.84591305157239795E-008)             (-0.49999792508829827,0.0000000000000000)
        1667        2000   735.24291226151763        1.0000000000080433        237.34893471788419       0.99999748528935206        2.5147186904794639E-006  -8.0433437688043341E-012  (-4.92796546309537321E-007,1.93104564860070977E-018)  (-3.41922559569474755E-007,1.47290716644485552E-007)             (-0.49999792508830126,0.0000000000000000)
        1668        2000   736.34522547330380        1.0000000000080522        252.98428894131254       0.99999748528936250        2.5147186904789557E-006  -8.0522255530013354E-012 (-3.14314787680072338E-007,-7.88593456433484534E-018)  (4.52008482499554391E-007,-3.69341382465147409E-008)             (-0.49999792508830648,0.0000000000000000)
        1669        2000   737.44753868508997        1.0000000000080569        267.07259955364401       0.99999748528936561        2.5147186904784187E-006  -8.0568884897047610E-012 (-2.30037481797915262E-007,-2.62468983225425886E-018)  (-2.20462449846029868E-007,1.12886474290848196E-008)             (-0.49999792508830804,0.0000000000000000)
        1670        2000   738.54985189687613        1.0000000000080582        279.39168548057796       0.99999748528936894        2.5147186904781565E-006  -8.0582207573343112E-012   (1.13118944146062683E-007,4.12361693682089319E-019)   (1.10419626200151698E-006,1.52821325178692536E-007)             (-0.49999792508830976,0.0000000000000000)
        1671        2000   739.65216510866230        1.0000000000080524        289.74726737797681       0.99999748528936228        2.5147186904785796E-006  -8.0524475976062604E-012  (1.73548647934162525E-006,-1.35011275267318265E-018)  (1.92338128022888010E-006,-3.71810711092883731E-008)             (-0.49999792508830637,0.0000000000000000)
        1672        2000   740.75447832044847        1.0000000000080600        297.97603153319591       0.99999748528936938        2.5147186904798226E-006  -8.0599971141737115E-012  (3.10252131403085865E-006,-4.31401598907145676E-021)  (8.37487578660782544E-007,-8.11010420639203219E-008)             (-0.49999792508830992,0.0000000000000000)
        1673        2000   741.85679153223464        1.0000000000080547        303.94820541988054       0.99999748528936605        2.5147186904813600E-006  -8.0546680436555107E-012   (3.62197705793268227E-006,1.17986183652363532E-018)  (2.69817980046241164E-007,-3.19949307555570621E-008)             (-0.49999792508830826,0.0000000000000000)
        1674        2000   742.95910474402081        1.0000000000080593        307.56960428823754       0.99999748528936738        2.5147186904822828E-006  -8.0593309803589364E-012   (3.66112220387894888E-006,1.70460771384020445E-017) (-2.11823276073558352E-007,-2.32314759504361558E-008)             (-0.49999792508830893,0.0000000000000000)
        1675        2000   744.06141795580697        1.0000000000080607        308.78311651479015       0.99999748528937160        2.5147186904819123E-006  -8.0606632479884865E-012  (3.40620904548797249E-006,-9.15716946264391973E-018)  (-2.11301854161479468E-007,3.42240664725769582E-009)             (-0.49999792508831103,0.0000000000000000)
        1676        2000   745.16373116759314        1.0000000000080722        307.56960428681367       0.99999748528938115        2.5147186904803889E-006  -8.0722095674445882E-012  (2.92495720152293106E-006,-2.70504286357243479E-019) (-9.51907902493296442E-007,-1.39355576650189020E-007)             (-0.49999792508831586,0.0000000000000000)
        1677        2000   746.26604437937931        1.0000000000080773        303.94820541705246       0.99999748528938470        2.5147186904785479E-006  -8.0773165933578639E-012  (1.21396259699614526E-006,-7.62290414068092951E-018) (-2.37860864613591935E-006,-7.51065045224598773E-009)             (-0.49999792508831759,0.0000000000000000)
        1678        2000   747.36835759116548        1.0000000000080795        297.97603152900581       0.99999748528938825        2.5147186904773480E-006  -8.0795370394071142E-012  (-4.47851048207185602E-007,3.18147648109478537E-018)  (-6.82392237236612857E-007,2.16832135575859219E-007)             (-0.49999792508831936,0.0000000000000000)
        1679        2000   748.47067080295164        1.0000000000080842        289.74726737249381       0.99999748528939292        2.5147186904771841E-006  -8.0841999761105399E-012  (-2.34844238743745510E-007,3.85764894891690162E-018)  (8.06997899590618884E-007,-2.66027373862579615E-008)             (-0.49999792508832169,0.0000000000000000)
        1680        2000   749.57298401473781        1.0000000000080904        279.39168547388670       0.99999748528940180        2.5147186904778465E-006  -8.0904172250484407E-012  (1.76912695813180160E-009,-9.24655877111090186E-018) (-3.54000721333760510E-007,-7.62690046724856958E-008)             (-0.49999792508832613,0.0000000000000000)
        1681        2000   750.67529722652398        1.0000000000080937        267.07259954585311       0.99999748528940313        2.5147186904789252E-006  -8.0937478941223162E-012  (-2.27484377223180283E-007,8.57481994583285311E-018)   (1.32757560772095435E-007,1.22230713603300959E-007)             (-0.49999792508832686,0.0000000000000000)
        1682        2000   751.77761043831015        1.0000000000080986        252.98428893254334       0.99999748528940824        2.5147186904800437E-006  -8.0986328754306669E-012   (6.54754514170976591E-007,9.30684464469307503E-020)   (1.55874640174938262E-006,8.04677025858700916E-008)             (-0.49999792508832941,0.0000000000000000)
        1683        2000   752.87992365009632        1.0000000000081026        237.34893470827512       0.99999748528941135        2.5147186904809882E-006  -8.1026296783193175E-012   (2.39854835462294853E-006,2.70277764657942490E-019)  (1.93045776023625153E-006,-1.62827195899867347E-008)             (-0.49999792508833091,0.0000000000000000)
        1684        2000   753.98223686188248        1.0000000000081044        220.41311574927249       0.99999748528941512        2.5147186904815692E-006  -8.1044060351587177E-012  (3.88135034275264243E-006,-3.63612812210158463E-019)  (9.09034938960160868E-007,-1.67007402985759590E-007)             (-0.49999792508833280,0.0000000000000000)
        1685        2000   755.08455007366865        1.0000000000081073        202.44392003749252       0.99999748528942023        2.5147186904816090E-006  -8.1072926150227431E-012   (3.74010224976884841E-006,1.70849989951315170E-019) (-1.15145636714448235E-006,-8.91099006946448145E-008)             (-0.49999792508833535,0.0000000000000000)
        1686        2000   756.18686328545482        1.0000000000081162        183.72473252358466       0.99999748528942667        2.5147186904810123E-006  -8.1161743992197444E-012   (2.74004295384579954E-006,2.61558862488229731E-018)  (-5.52878983487906570E-007,1.56637932470072972E-007)             (-0.49999792508833857,0.0000000000000000)
        1687        2000   757.28917649724099        1.0000000000081242        164.55076597694475       0.99999748528943311        2.5147186904798616E-006  -8.1241680049970455E-012   (2.81025911129860709E-006,2.92721799345053894E-019)  (4.39245052882713168E-007,-5.29322587651014851E-008)             (-0.49999792508834179,0.0000000000000000)
        1688        2000   758.39148970902716        1.0000000000081282        145.22440530398501       0.99999748528943799        2.5147186904784805E-006  -8.1281648078856961E-012  (2.32571798524986873E-006,-9.15569906669316232E-018) (-1.52432222555518267E-006,-1.61554547508508227E-007)             (-0.49999792508834429,0.0000000000000000)
        1689        2000   759.49380292081332        1.0000000000081288        126.05043875752612       0.99999748528943844        2.5147186904773696E-006  -8.1288309417004712E-012  (4.12343708932841093E-007,-6.53487846587382205E-018)  (-2.03336325548128761E-006,8.40546126307347621E-008)             (-0.49999792508834451,0.0000000000000000)
        1690        2000   760.59611613259949        1.0000000000081326        107.33125124397702       0.99999748528944266        2.5147186904770816E-006  -8.1326056999841967E-012  (-8.90391870856204754E-007,4.14244598128357638E-019)  (-6.25458023319935639E-007,1.20260419288519119E-007)             (-0.49999792508834656,0.0000000000000000)
        1691        2000   761.69842934438566        1.0000000000081382        89.362055532729443       0.99999748528944732        2.5147186904778287E-006  -8.1381568151073225E-012 (-9.59267600980983229E-007,-8.16529318938487552E-020)   (5.10314314606768823E-007,1.01560610425976489E-007)             (-0.49999792508834889,0.0000000000000000)
        1692        2000   762.80074255617183        1.0000000000081477        72.426236574426312       0.99999748528945709        2.5147186904793987E-006  -8.1477047331190988E-012  (-2.04710985526473445E-008,1.70532627080601923E-017)   (1.33687831963334970E-006,2.05371015925417904E-009)             (-0.49999792508835378,0.0000000000000000)
        1693        2000   763.90305576795799        1.0000000000081515        56.790882351008207       0.99999748528946131        2.5147186904812084E-006  -8.1514794914028244E-012   (9.42412754402291910E-007,4.24027219803378146E-018)  (4.81822171053019441E-007,-9.20086094772649341E-008)             (-0.49999792508835589,0.0000000000000000)
        1694        2000   765.00536897974416        1.0000000000081539        42.702571738685677       0.99999748528946331        2.5147186904825293E-006  -8.1539219820569997E-012   (1.24716967246589924E-006,2.53316796977872365E-018)   (3.99044371499436810E-007,9.53472361410494178E-008)             (-0.49999792508835694,0.0000000000000000)
        1695        2000   766.10768219153033        1.0000000000081550        30.383485811765183       0.99999748528946575        2.5147186904828368E-006  -8.1550322050816249E-012  (2.30151435314266595E-006,-4.62344173148420391E-018)   (1.66589554991879364E-006,3.03622219373125892E-008)             (-0.49999792508835811,0.0000000000000000)
        1696        2000   767.20999540331650        1.0000000000081619        20.027903914378783       0.99999748528946997        2.5147186904820334E-006  -8.1619155878343008E-012  (3.57236350394452405E-006,-9.24962905234195593E-020)  (7.22585363359235065E-007,-1.40202616304059879E-007)             (-0.49999792508836022,0.0000000000000000)
        1697        2000   768.31230861510267        1.0000000000081632        11.799139759173737       0.99999748528947285        2.5147186904805092E-006  -8.1632478554638510E-012  (3.64207812048064596E-006,-6.53268386313511896E-018) (-3.96134103041066641E-007,-4.93408777194591135E-008)             (-0.49999792508836166,0.0000000000000000)
        1698        2000   769.41462182688883        1.0000000000081661        5.8269658725027025       0.99999748528947596        2.5147186904789781E-006  -8.1661344353278764E-012  (3.04822818976155289E-006,-5.26051664413714428E-018) (-8.79380113006669289E-007,-8.38200884524087215E-008)             (-0.49999792508836322,0.0000000000000000)
        1699        2000   770.51693503867500        1.0000000000081730        2.2055670041624884       0.99999748528948063        2.5147186904779723E-006  -8.1730178180805524E-012   (1.69124478254655355E-006,9.97245161265944270E-018) (-1.82383622374014609E-006,-2.58405917947018637E-008)             (-0.49999792508836560,0.0000000000000000)
        1700        2000   771.61924825046117        1.0000000000081739       0.99205477762562577       0.99999748528948529        2.5147186904777483E-006  -8.1739059965002525E-012  (2.04190585903410357E-007,-9.06167773195372343E-018)  (-9.87518528135499594E-007,1.25269821698978174E-007)             (-0.49999792508836793,0.0000000000000000)
        1701        2000   772.72156146224734        1.0000000000081799        2.2055670056217362       0.99999748528949106        2.5147186904782861E-006  -8.1799012008332284E-012 (-1.89257249949280321E-007,-3.99097366472544645E-018)   (4.29891883701736034E-008,1.63889111070333101E-008)             (-0.49999792508837082,0.0000000000000000)
        1702        2000   773.82387467403350        1.0000000000081888        5.8269658753983045       0.99999748528949883        2.5147186904794004E-006  -8.1887829850302296E-012 (-2.95411033930952430E-007,-7.97850371310340896E-018) (-2.72280734790315584E-007,-2.56279523033419876E-008)             (-0.49999792508837465,0.0000000000000000)
        1703        2000   774.92618788581967        1.0000000000081963        11.799139763460158       0.99999748528950549        2.5147186904808789E-006  -8.1963325015976807E-012 (-5.92096827824854494E-007,-1.84063310590619042E-017)  (-2.86681565470988947E-007,2.40606020354942854E-008)             (-0.49999792508837798,0.0000000000000000)
        1704        2000   776.02850109760584        1.0000000000081992        20.027903919988720       0.99999748528950816        2.5147186904822778E-006  -8.1992190814617061E-012  (-6.55373569413635676E-007,1.65483010572822263E-018)   (1.95376607118297065E-007,1.06011636482983890E-007)             (-0.49999792508837931,0.0000000000000000)
        1705        2000   777.13081430939201        1.0000000000082125        30.383485818610154       0.99999748528952348        2.5147186904830985E-006  -8.2125417577572080E-012   (3.30253444274038116E-007,7.97143956388613516E-018)   (1.93886519424198750E-006,1.74968392156056981E-007)             (-0.49999792508838703,0.0000000000000000)
        1706        2000   778.23312752117818        1.0000000000082174        42.702571746658322       0.99999748528952748        2.5147186904829495E-006  -8.2174267390655586E-012  (2.67580151531946267E-006,-1.05180089423998643E-017)  (2.52313040894534236E-006,-1.08732294921890852E-007)             (-0.49999792508838903,0.0000000000000000)
        1707        2000   779.33544073296434        1.0000000000082256        56.790882359982739       0.99999748528953258        2.5147186904817988E-006  -8.2256423894477848E-012   (3.86047100245692619E-006,5.66964193720467337E-019) (-2.61289635318374570E-007,-2.41419161414648225E-007)             (-0.49999792508839158,0.0000000000000000)
        1708        2000   780.43775394475051        1.0000000000082248        72.426236584262014       0.99999748528953392        2.5147186904800971E-006  -8.2247542110280847E-012   (2.75138061756990867E-006,9.24514949304299092E-018)  (-1.65051155752472231E-006,4.54745203312813101E-008)             (-0.49999792508839219,0.0000000000000000)
        1709        2000   781.54006715653668        1.0000000000082347        89.362055543272007       0.99999748528954235        2.5147186904786495E-006  -8.2347462182497111E-012   (1.79960609864642377E-006,1.04274334267438513E-017)  (-1.89831199826044485E-007,1.52622115700065368E-007)             (-0.49999792508839641,0.0000000000000000)
        1710        2000   782.64238036832285        1.0000000000082372        107.33125125506051       0.99999748528954857        2.5147186904781472E-006  -8.2371887089038864E-012  (2.14786960987310969E-006,-1.55151514697781352E-019)  (7.98517461480464068E-007,-7.72953145363153044E-009)             (-0.49999792508839952,0.0000000000000000)
        1711        2000   783.74469358010901        1.0000000000082474        126.05043876897389       0.99999748528955790        2.5147186904788384E-006  -8.2474027607304379E-012   (2.33141647003591341E-006,1.17656543986439812E-018) (-6.26385113618279147E-007,-2.40490417450528442E-007)             (-0.49999792508840418,0.0000000000000000)
        1712        2000   784.84700679189518        1.0000000000082518        145.22440531561929       0.99999748528956323        2.5147186904802851E-006  -8.2518436528289385E-012  (3.73724927547388497E-007,-1.35662560193614303E-018) (-3.25013217253935272E-006,-1.14380314577983278E-007)             (-0.49999792508840685,0.0000000000000000)
        1713        2000   785.94932000368135        1.0000000000082589        164.55076598858483       0.99999748528957033        2.5147186904816391E-006  -8.2589490801865395E-012 (-2.29859579112774949E-006,-4.08914181093195384E-019)  (-1.64354818552745991E-006,3.36966126923302714E-007)             (-0.49999792508841040,0.0000000000000000)
        1714        2000   787.05163321546752        1.0000000000082674        183.72473253504552       0.99999748528957699        2.5147186904823383E-006  -8.2673867751736907E-012  (-1.78826140972930487E-006,1.45290052764091538E-017)   (2.52077403073499388E-006,1.91110895573674649E-007)             (-0.49999792508841373,0.0000000000000000)
        1715        2000   788.15394642725369        1.0000000000082703        202.44392004859404       0.99999748528957988        2.5147186904823925E-006  -8.2702733550377161E-012  (7.30223020149916871E-007,-2.64053626823409376E-018)  (2.16441060079611388E-006,-2.25937666441010272E-007)             (-0.49999792508841517,0.0000000000000000)
        1716        2000   789.25625963903985        1.0000000000082716        220.41311575984008       0.99999748528958099        2.5147186904822278E-006  -8.2716056226672663E-012   (1.57977840097991177E-006,9.20717594778428516E-018) (-3.18786646190767563E-007,-1.73828964055599523E-007)             (-0.49999792508841573,0.0000000000000000)
        1717        2000   790.35857285082602        1.0000000000082720        237.34893471813820       0.99999748528958232        2.5147186904822155E-006  -8.2720497118771164E-012  (9.15234051136320002E-007,-1.95869217342570988E-017)  (-9.16505360484600356E-007,3.48868847072669418E-008)             (-0.49999792508841640,0.0000000000000000)
        1718        2000   791.46088606261219        1.0000000000082827        252.98428894155026       0.99999748528959365        2.5147186904821914E-006  -8.2827078529135179E-012   (7.92271970412670097E-007,2.04535754951421660E-018)   (8.69452178601988175E-007,2.45407210059134827E-007)             (-0.49999792508842206,0.0000000000000000)
        1719        2000   792.56319927439836        1.0000000000082920        267.07259955386326       0.99999748528960009        2.5147186904817789E-006  -8.2920337263203692E-012   (2.93394962177755368E-006,4.62434146990173234E-018)   (3.31255711367231548E-006,3.04657642660330646E-008)             (-0.49999792508842528,0.0000000000000000)
        1720        2000   793.66551248618453        1.0000000000082965        279.39168548077532       0.99999748528960741        2.5147186904809064E-006  -8.2964746184188698E-012   (5.07057872835760388E-006,1.06993808371510987E-017)  (4.34470167587494292E-007,-4.58531557638380357E-007)             (-0.49999792508842894,0.0000000000000000)
        1721        2000   794.76782569797069        1.0000000000083025        289.74726737815132       0.99999748528960986        2.5147186904800700E-006  -8.3024698227518456E-012   (3.05832503914796723E-006,3.90535607990398296E-018) (-4.18347610408871440E-006,-1.46350784381990414E-007)             (-0.49999792508843016,0.0000000000000000)
        1722        2000   795.87013890975686        1.0000000000083014        297.97603153334722       0.99999748528961363        2.5147186904799620E-006  -8.3013595997272205E-012  (-4.81524662932703299E-007,1.91729223297548161E-018)  (-2.50986358874160736E-006,3.56655824661265716E-007)             (-0.49999792508843205,0.0000000000000000)
        1723        2000   796.97245212154303        1.0000000000083036        303.94820542000315       0.99999748528961230        2.5147186904808344E-006  -8.3035800457764708E-012  (-1.04565753320934822E-006,1.69672600907413558E-017)   (1.17029918104224718E-006,2.34854498604634432E-007)             (-0.49999792508843138,0.0000000000000000)
        1724        2000   798.07476533332920        1.0000000000083080        307.56960428832957       0.99999748528961740        2.5147186904823218E-006  -8.3080209378749714E-012  (5.74214708212488310E-007,-3.56156908717099211E-018)  (1.92905813561506890E-006,-7.50130454988199419E-008)             (-0.49999792508843399,0.0000000000000000)
        1725        2000   799.17707854511536        1.0000000000083107        308.78311651485240       0.99999748528962296        2.5147186904835847E-006  -8.3106854731340718E-012   (1.28030228326574893E-006,7.98324805060514250E-018) (-7.85486572474531184E-007,-3.38362260494128594E-007)             (-0.49999792508843671,0.0000000000000000)
        1726        2000   800.27939175690153        1.0000000000083171        307.56960428684113       0.99999748528962762        2.5147186904839862E-006  -8.3171247666768977E-012  (-1.07509811575288558E-006,1.99499830270131365E-017)  (-3.69442031334401443E-006,3.00035027833570356E-008)             (-0.49999792508843904,0.0000000000000000)
        1727        2000   801.38170496868770        1.0000000000083176        303.94820541705184       0.99999748528962762        2.5147186904835199E-006  -8.3175688558867478E-012 (-2.88581946902615698E-006,-1.43438874098011833E-019)   (7.28412168113575126E-007,6.18564694953755216E-007)             (-0.49999792508843904,0.0000000000000000)
        1728        2000   802.48401818047387        1.0000000000083267        297.97603152897784       0.99999748528963606        2.5147186904827449E-006  -8.3266726846886741E-012  (7.17715100612442471E-007,-1.82296441404312840E-017)   (5.99283333792352907E-006,6.73348604842142413E-008)             (-0.49999792508844326,0.0000000000000000)
        1729        2000   803.58633139226004        1.0000000000083258        289.74726737243526       0.99999748528963561        2.5147186904821901E-006  -8.3257845062689739E-012  (4.98234715913969373E-006,-1.45243003049878245E-018)  (2.00975742457422009E-006,-5.83890761898441260E-007)             (-0.49999792508844304,0.0000000000000000)
        1730        2000   804.68864460404620        1.0000000000083249        279.39168547380348       0.99999748528963450        2.5147186904820567E-006  -8.3248963278492738E-012  (4.11255865049520675E-006,-4.96384832681449543E-019) (-3.33302195131369675E-006,-2.28944322301150354E-007)             (-0.49999792508844254,0.0000000000000000)
        1731        2000   805.79095781583237        1.0000000000083236        267.07259954574408       0.99999748528963361        2.5147186904821651E-006  -8.3235640602197236E-012   (9.67256886857550688E-007,1.97554460637343786E-017)  (-2.67211503638420495E-006,2.62359678666632106E-007)             (-0.49999792508844204,0.0000000000000000)
        1732        2000   806.89327102761854        1.0000000000083278        252.98428893241118       0.99999748528963761        2.5147186904822621E-006  -8.3277829077132992E-012  (3.29141239073390365E-007,-2.36774755462718869E-017)   (1.49703981715856747E-006,3.60164608107163171E-007)             (-0.49999792508844404,0.0000000000000000)
        1733        2000   807.99558423940471        1.0000000000083373        237.34893470812366       0.99999748528964560        2.5147186904822795E-006  -8.3373308257250756E-012   (3.02312583892273592E-006,3.58101290836291536E-018)  (3.54720250173848204E-006,-1.57902740429958547E-007)             (-0.49999792508844804,0.0000000000000000)
        1734        2000   809.09789745119087        1.0000000000083400        220.41311574910557       0.99999748528965093        2.5147186904823383E-006  -8.3399953609841759E-012  (4.15385112391627704E-006,-1.72423120035273113E-017) (-1.83479203494060351E-006,-6.49914264756720266E-007)             (-0.49999792508845070,0.0000000000000000)
        1735        2000   810.20021066297704        1.0000000000083533        202.44392003731008       0.99999748528966337        2.5147186904825687E-006  -8.3533180372796778E-012 (-2.96733656681625953E-007,-3.90306485601789856E-018)  (-6.51969821621235191E-006,2.46285653575823855E-008)             (-0.49999792508845692,0.0000000000000000)
        1736        2000   811.30252387476321        1.0000000000083580        183.72473252339029       0.99999748528966670        2.5147186904830261E-006  -8.3579809739831035E-012 (-4.32580996875581925E-006,-8.47750778830977283E-018)  (-9.64109745637793254E-007,7.19708298130325757E-007)             (-0.49999792508845864,0.0000000000000000)
        1737        2000   812.40483708654938        1.0000000000083569        164.55076597674275       0.99999748528966648        2.5147186904836703E-006  -8.3568707509584783E-012 (-1.80503994261407445E-006,-9.06717860165016597E-018)   (5.49576887780852475E-006,2.12202957668582018E-007)             (-0.49999792508845847,0.0000000000000000)
        1738        2000   813.50715029833555        1.0000000000083644        145.22440530377699       0.99999748528967092        2.5147186904842484E-006  -8.3644202675259294E-012  (2.86614184816267707E-006,-1.24736673854399998E-017)  (3.34393598950330430E-006,-4.75457652933567160E-007)             (-0.49999792508846069,0.0000000000000000)
        1739        2000   814.60946351012171        1.0000000000083651        126.05043875731687       0.99999748528967536        2.5147186904844470E-006  -8.3650864013407045E-012  (3.19859885888940921E-006,-5.88742478293420152E-018) (-2.61100004209255361E-006,-3.88593412752609053E-007)             (-0.49999792508846291,0.0000000000000000)
        1740        2000   815.71177672190788        1.0000000000083697        107.33125124377109       0.99999748528967802        2.5147186904841548E-006  -8.3697493380441301E-012  (-1.49534030413345934E-007,7.71268524880430302E-018)  (-3.61028724889256847E-006,2.94533927515267594E-007)             (-0.49999792508846425,0.0000000000000000)
        1741        2000   816.81408993369405        1.0000000000083740        89.362055532530661       0.99999748528968069        2.5147186904835767E-006  -8.3739681855377057E-012 (-9.03240436395193095E-007,-3.99072098061626741E-018)   (2.42108343908735467E-006,6.24433526114406801E-007)             (-0.49999792508846558,0.0000000000000000)
        1742        2000   817.91640314548022        1.0000000000083715        72.426236574237763       0.99999748528968180        2.5147186904830689E-006  -8.3715256948835304E-012   (3.71259434964985636E-006,1.35763208706821860E-018)  (6.29563424046509735E-006,-7.61884025249583929E-008)             (-0.49999792508846613,0.0000000000000000)
        1743        2000   819.01871635726638        1.0000000000083853        56.790882350833691       0.99999748528969401        2.5147186904829486E-006  -8.3852924603888823E-012   (7.26265994807609481E-006,6.45160805567935457E-018)  (1.99472130358764798E-007,-7.90546519815126877E-007)             (-0.49999792508847224,0.0000000000000000)
        1744        2000   820.12102956905255        1.0000000000083855        42.702571738528945       0.99999748528969401        2.5147186904832328E-006  -8.3855145049938073E-012  (3.46564389949604029E-006,-9.74448411814932879E-019) (-7.38699949252517570E-006,-2.58075505368434866E-007)             (-0.49999792508847224,0.0000000000000000)
        1745        2000   821.22334278083872        1.0000000000083922        30.383485811628471       0.99999748528970223        2.5147186904837732E-006  -8.3921758431415583E-012  (-2.69855228572208025E-006,5.34481846593607453E-021)  (-4.11519821688803050E-006,7.28266303298732458E-007)             (-0.49999792508847635,0.0000000000000000)
        1746        2000   822.32565599262489        1.0000000000083982        20.027903914264883       0.99999748528970911        2.5147186904843204E-006  -8.3981710474745341E-012 (-2.29518692025368557E-006,-1.44198641170419013E-018)   (4.72362854277027690E-006,4.95050657743819948E-007)             (-0.49999792508847979,0.0000000000000000)
        1747        2000   823.42796920441106        1.0000000000083977        11.799139759084945       0.99999748528970800        2.5147186904847452E-006  -8.3977269582646841E-012   (2.73033684768558876E-006,5.76208798289555272E-019)  (4.48038684215194483E-006,-5.31241110394575622E-007)             (-0.49999792508847923,0.0000000000000000)
        1748        2000   824.53028241619722        1.0000000000083911        5.8269658724411055       0.99999748528970200        2.5147186904849370E-006  -8.3910656201169331E-012  (3.29074251638725601E-006,-6.52984113783653865E-018) (-3.36555434437336110E-006,-6.21775222774476560E-007)             (-0.49999792508847629,0.0000000000000000)
        1749        2000   825.63259562798339        1.0000000000084037        2.2055670041295139       0.99999748528971311        2.5147186904849980E-006  -8.4037221625976599E-012 (-1.57218474455090016E-006,-7.80951639390892755E-018)  (-5.75211946214150112E-006,2.12115555648359218E-007)             (-0.49999792508848179,0.0000000000000000)
        1750        2000   826.73490883976956        1.0000000000084133       0.99205477762240590       0.99999748528972066        2.5147186904850298E-006  -8.4132700806094363E-012 (-4.15117554459227124E-006,-2.31294844265723862E-018)   (1.01042968795167763E-006,7.72364075776657772E-007)             (-0.49999792508848556,0.0000000000000000)
        1751        2000   827.83722205155573        1.0000000000084148        2.2055670056488772       0.99999748528972332        2.5147186904851471E-006  -8.4148243928439115E-012  (6.83876068206359074E-007,-1.26054192556671427E-018)   (8.35790714642877182E-006,2.15106083588493138E-007)             (-0.49999792508848689,0.0000000000000000)
        1752        2000   828.93953526334190        1.0000000000084128        5.8269658754558629       0.99999748528972199        2.5147186904853648E-006  -8.4128259913995862E-012   (7.42427842464271578E-006,5.79906649578346104E-018)  (4.12868816541044010E-006,-9.22004022875960184E-007)             (-0.49999792508848623,0.0000000000000000)
        1753        2000   830.04184847512806        1.0000000000084144        11.799139763547739       0.99999748528972465        2.5147186904854012E-006  -8.4143803036340614E-012  (5.97739356596782323E-006,-3.17797401685058580E-018) (-6.81332456655145489E-006,-6.07500553881769346E-007)             (-0.49999792508848756,0.0000000000000000)
        1754        2000   831.14416168691423        1.0000000000084242        20.027903920105526       0.99999748528973176        2.5147186904852009E-006  -8.4241502662507628E-012 (-7.78643831208033532E-007,-1.97662010515411054E-017)  (-5.53122401677573433E-006,7.19873432663321833E-007)             (-0.49999792508849111,0.0000000000000000)
        1755        2000   832.24647489870040        1.0000000000084273        30.383485818754689       0.99999748528973731        2.5147186904847829E-006  -8.4272588907197132E-012  (-1.27829762616765362E-006,3.81410441618328048E-018)   (4.27387164950679657E-006,6.18723554202798639E-007)             (-0.49999792508849389,0.0000000000000000)
        1756        2000   833.34878811048657        1.0000000000084428        42.702571746828951       0.99999748528975063        2.5147186904844009E-006  -8.4428020130644654E-012   (3.97553894992696748E-006,3.99272252738142841E-018)  (5.45245144901141404E-006,-3.69382494152661156E-007)             (-0.49999792508850055,0.0000000000000000)
        1757        2000   834.45110132227273        1.0000000000084484        56.790882360177307       0.99999748528975752        2.5147186904843488E-006  -8.4483531281875912E-012  (5.92667510888499555E-006,-6.52815884070069714E-018) (-1.74541015402797161E-006,-7.39117812375478133E-007)             (-0.49999792508850399,0.0000000000000000)
        1758        2000   835.55341453405890        1.0000000000084508        72.426236584478787       0.99999748528976173        2.5147186904847757E-006  -8.4507956188417666E-012  (8.24547043782304571E-007,-3.94719679237159250E-018) (-8.29153290570279888E-006,-1.96333226880709298E-007)             (-0.49999792508850610,0.0000000000000000)
        1759        2000   836.65572774584507        1.0000000000084557        89.362055543507012       0.99999748528976529        2.5147186904854491E-006  -8.4556806001501172E-012  (-5.74927663272520006E-006,4.71396521564809983E-018)  (-3.87049279065015532E-006,9.77783933031153486E-007)             (-0.49999792508850793,0.0000000000000000)
        1760        2000   837.75804095763124        1.0000000000084590        107.33125125531041       0.99999748528976884        2.5147186904860327E-006  -8.4590112692239927E-012  (-3.40537402561060164E-006,7.98030418178752923E-018)   (8.48681163728268324E-006,7.26742735028099342E-007)             (-0.49999792508850971,0.0000000000000000)
        1761        2000   838.86035416941741        1.0000000000084612        126.05043876923739       0.99999748528977328        2.5147186904863456E-006  -8.4612317152732430E-012   (5.17157036635614520E-006,2.30993121744343695E-020)  (7.19084788194836030E-006,-8.82452270968362046E-007)             (-0.49999792508851187,0.0000000000000000)
        1762        2000   839.96266738120357        1.0000000000084599        145.22440531589083       0.99999748528977017        2.5147186904863799E-006  -8.4598994476436928E-012   (6.00654589547961308E-006,7.98170498020973739E-018) (-5.30886495183235273E-006,-7.91463627424060953E-007)             (-0.49999792508851032,0.0000000000000000)
        1763        2000   841.06498059298974        1.0000000000084648        164.55076598885967       0.99999748528977639        2.5147186904862745E-006  -8.4647844289520435E-012 (-4.69934071913652483E-007,-1.54257422174875478E-018)  (-6.52707776067407427E-006,5.32773952729620590E-007)             (-0.49999792508851343,0.0000000000000000)
        1764        2000   842.16729380477591        1.0000000000084734        183.72473253532127       0.99999748528978127        2.5147186904861267E-006  -8.4734441685441197E-012 (-2.42759079801648086E-006,-9.85768753887670079E-019)   (2.68983244100498596E-006,8.30888550449543498E-007)             (-0.49999792508851593,0.0000000000000000)
        1765        2000   843.26960701656208        1.0000000000084748        202.44392004886654       0.99999748528978305        2.5147186904859569E-006  -8.4747764361736699E-012   (3.35270814929592231E-006,1.35593176322524031E-018)   (8.42486553668629313E-006,2.82094965661589335E-008)             (-0.49999792508851681,0.0000000000000000)
        1766        2000   844.37192022834824        1.0000000000084803        220.41311576010401       0.99999748528979038        2.5147186904856663E-006  -8.4803275512967957E-012  (9.08418456733582042E-006,-1.17229727595481002E-018)  (2.15497396976034720E-006,-1.04153912346060195E-006)             (-0.49999792508852048,0.0000000000000000)
        1767        2000   845.47423344013441        1.0000000000084801        237.34893471839285       0.99999748528979016        2.5147186904852809E-006  -8.4801055066918707E-012  (5.21050308650654846E-006,-1.47104513444490608E-018) (-9.69615789584434686E-006,-5.89064935788943709E-007)             (-0.49999792508852037,0.0000000000000000)
        1768        2000   846.57654665192058        1.0000000000084974        252.98428894178991       0.99999748528980503        2.5147186904849938E-006  -8.4974249858760231E-012  (-3.72705022952398352E-006,9.15391888523880529E-018)  (-6.74948004062361524E-006,1.00845777372725739E-006)             (-0.49999792508852781,0.0000000000000000)
        1769        2000   847.67885986370675        1.0000000000084921        267.07259955408762       0.99999748528980170        2.5147186904849874E-006  -8.4920959153578224E-012  (-3.78646939827431102E-006,1.18305769615379223E-018)   (6.29590975497933585E-006,7.67518318733545904E-007)             (-0.49999792508852614,0.0000000000000000)
        1770        2000   848.78117307549292        1.0000000000084934        279.39168548098024       0.99999748528980614        2.5147186904854270E-006  -8.4934281829873726E-012   (3.22356807677998242E-006,1.99441269375671105E-018)  (6.52854143888564835E-006,-6.16786323335329023E-007)             (-0.49999792508852836,0.0000000000000000)
        1771        2000   849.88348628727908        1.0000000000084945        289.74726737833362       0.99999748528980392        2.5147186904863054E-006  -8.4945384060119977E-012   (5.00647721850804316E-006,7.89672635592240797E-018) (-2.85473860632790342E-006,-7.28938579956072340E-007)             (-0.49999792508852725,0.0000000000000000)
        1772        2000   850.98579949906525        1.0000000000084999        297.97603153350161       0.99999748528980903        2.5147186904874972E-006  -8.4998674765301985E-012  (-9.22438781613321382E-008,2.64039972938196849E-018)  (-6.83522437829416811E-006,9.48177024349921422E-008)             (-0.49999792508852980,0.0000000000000000)
        1773        2000   852.08811271085142        1.0000000000085061        303.94820542013457       0.99999748528981747        2.5147186904886229E-006  -8.5060847254680994E-012 (-4.25428136255969144E-006,-8.56840698003518412E-018)  (-9.37178570797866052E-007,8.66902174288054159E-007)             (-0.49999792508853402,0.0000000000000000)
        1774        2000   853.19042592263759        1.0000000000085101        307.56960428843041       0.99999748528981836        2.5147186904891197E-006  -8.5100815283567499E-012 (-3.83552150103722924E-007,-1.83565721478535161E-019)   (8.55035784991483899E-006,4.96386361545121706E-007)             (-0.49999792508853447,0.0000000000000000)
        1775        2000   854.29273913442375        1.0000000000085139        308.78311651492402       0.99999748528982124        2.5147186904886424E-006  -8.5138562866404754E-012   (7.63372250715703639E-006,8.57091358188868457E-018)  (6.34401142283992114E-006,-8.39865373111027557E-007)             (-0.49999792508853591,0.0000000000000000)
        1776        2000   855.39505234620992        1.0000000000085139        307.56960428688404       0.99999748528982635        2.5147186904873113E-006  -8.5138562866404754E-012  (7.91284755003055648E-006,-3.89173312188824809E-018) (-5.76855556793816225E-006,-8.21866958140546499E-007)             (-0.49999792508853846,0.0000000000000000)
        1777        2000   856.49736555799609        1.0000000000085227        303.94820541706122       0.99999748528983146        2.5147186904857112E-006  -8.5227380708374767E-012  (5.74646398584194108E-007,-2.61174091789231008E-017)  (-7.79128165892470969E-006,5.13934932029569544E-007)             (-0.49999792508854102,0.0000000000000000)
        1778        2000   857.59967876978226        1.0000000000085270        297.97603152895647       0.99999748528983767        2.5147186904847024E-006  -8.5269569183310523E-012 (-2.47714142994396550E-006,-2.22504019589951593E-018)   (1.86762006769035194E-006,8.79528543649363724E-007)             (-0.49999792508854413,0.0000000000000000)
        1779        2000   858.70199198156843        1.0000000000085454        289.74726737238535       0.99999748528985433        2.5147186904848129E-006  -8.5453866205398299E-012   (2.39990511485791839E-006,4.44567770081374279E-018)  (7.18093678183274059E-006,-5.61195480394730229E-008)             (-0.49999792508855245,0.0000000000000000)
        1780        2000   859.80430519335459        1.0000000000085456        279.39168547372179       0.99999748528985610        2.5147186904860504E-006  -8.5456086651447549E-012   (6.66042730128984921E-006,9.24627324953343444E-018)  (7.12691651199761780E-007,-8.94881392564629672E-007)             (-0.49999792508855329,0.0000000000000000)
        1781        2000   860.90661840514076        1.0000000000085489        267.07259954563716       0.99999748528985788        2.5147186904877661E-006  -8.5489393342186304E-012   (2.64758935385356832E-006,2.31217023242622340E-018) (-8.44601385162485415E-006,-4.00960802754863384E-007)             (-0.49999792508855417,0.0000000000000000)
        1782        2000   862.00893161692693        1.0000000000085514        252.98428893227737       0.99999748528986010        2.5147186904891891E-006  -8.5513818248728057E-012  (-4.83173249229661947E-006,9.25055339164713615E-018)  (-5.47377985479209776E-006,8.79414487630510185E-007)             (-0.49999792508855534,0.0000000000000000)
        1783        2000   863.11124482871310        1.0000000000085567        237.34893470796823       0.99999748528986565        2.5147186904898634E-006  -8.5567108953910065E-012 (-4.21607173547904438E-006,-9.25144304332837217E-018)   (6.72947672485584247E-006,8.45035572256714014E-007)             (-0.49999792508855812,0.0000000000000000)
        1784        2000   864.21355804049927        1.0000000000085632        220.41311574893169       0.99999748528987187        2.5147186904897139E-006  -8.5631501889338324E-012  (4.06985035691399313E-006,-1.40751121551567360E-019)  (8.67385911799023393E-006,-5.72434671059868184E-007)             (-0.49999792508856122,0.0000000000000000)
        1785        2000   865.31587125228543        1.0000000000085640        202.44392003712210       0.99999748528987409        2.5147186904889930E-006  -8.5640383673535325E-012   (7.35126619277536337E-006,9.43211814244533139E-018) (-2.39258316150320065E-006,-9.77899089396766080E-007)             (-0.49999792508856228,0.0000000000000000)
        1786        2000   866.41818446407160        1.0000000000085714        183.72473252319168       0.99999748528988142        2.5147186904880211E-006  -8.5713658393160586E-012  (1.85694974244754318E-006,-1.84962837724966357E-017)  (-7.59256725840783236E-006,1.88353640193440684E-007)             (-0.49999792508856594,0.0000000000000000)
        1787        2000   867.52049767585777        1.0000000000085827        164.55076597653476       0.99999748528989296        2.5147186904871563E-006  -8.5826901141672352E-012  (-2.09386184002205593E-006,4.75335043113421152E-019)   (1.49514313604370020E-007,8.72019295892816116E-007)             (-0.49999792508857172,0.0000000000000000)
        1788        2000   868.62281088764394        1.0000000000085862        145.22440530356519       0.99999748528989496        2.5147186904865942E-006  -8.5862428278460357E-012   (1.90244529908391120E-006,7.71365102372372376E-018)   (7.28694337584865921E-006,1.93502884934911198E-007)             (-0.49999792508857271,0.0000000000000000)
        1789        2000   869.72512409943010        1.0000000000085918        126.05043875710420       0.99999748528990251        2.5147186904863431E-006  -8.5917939429691614E-012   (7.73524097038428639E-006,9.24996005465554716E-018)  (3.75912854663488945E-006,-7.32617096477725688E-007)             (-0.49999792508857649,0.0000000000000000)
        1790        2000   870.82743731121627        1.0000000000086013        107.33125124356302       0.99999748528990851        2.5147186904863952E-006  -8.6013418609809378E-012   (6.66664253967952634E-006,3.62897073285283570E-019) (-5.99519481636925093E-006,-7.31469307423704037E-007)             (-0.49999792508857949,0.0000000000000000)
        1791        2000   871.92975052300244        1.0000000000086098        89.362055532329222       0.99999748528991805        2.5147186904867412E-006  -8.6097795559680890E-012  (-1.02445196095648115E-006,9.24829369111234068E-018)  (-8.54684682023011605E-006,4.18080276656830366E-007)             (-0.49999792508858426,0.0000000000000000)
        1792        2000   873.03206373478861        1.0000000000086118        72.426236574047522       0.99999748528992138        2.5147186904875844E-006  -8.6117779574124143E-012 (-4.74906384287864666E-006,-1.25143162502704944E-017)   (1.65711780109311716E-006,1.02065361393470149E-006)             (-0.49999792508858593,0.0000000000000000)
        1793        2000   874.13437694657478        1.0000000000086156        56.790882350657803       0.99999748528992538        2.5147186904889405E-006  -8.6155527156961398E-012  (6.78514623286878777E-007,-7.97948404623604197E-018)  (8.17261329937110755E-006,-1.08052854276069989E-007)             (-0.49999792508858792,0.0000000000000000)
        1794        2000   875.23669015836094        1.0000000000086224        42.702571738370274       0.99999748528993115        2.5147186904904910E-006  -8.6224360984488158E-012  (5.41099924135779905E-006,-9.06911113252577532E-018)  (7.29811569943851906E-007,-8.60405584760599887E-007)             (-0.49999792508859081,0.0000000000000000)
        1795        2000   876.33900337014711        1.0000000000086222        30.383485811490456       0.99999748528993271        2.5147186904915070E-006  -8.6222140538438907E-012  (2.53774580724904813E-006,-1.98630714550600297E-018) (-5.74520041511877179E-006,-1.38336073892336480E-007)             (-0.49999792508859164,0.0000000000000000)
        1796        2000   877.44131658193328        1.0000000000086200        20.027903914150130       0.99999748528993049        2.5147186904913990E-006  -8.6199936077946404E-012  (-1.88783055996096518E-006,1.90241172597789470E-018)  (-2.78912628024912864E-006,5.13952604444888587E-007)             (-0.49999792508859048,0.0000000000000000)
        1797        2000   878.54362979371945        1.0000000000086240        11.799139758995675       0.99999748528993382        2.5147186904899676E-006  -8.6239904106832910E-012  (-1.39946134534929666E-006,2.62170317593717164E-017)   (3.81944838266470887E-006,5.54762078242745501E-007)             (-0.49999792508859214,0.0000000000000000)
        1798        2000   879.64594300550561        1.0000000000086293        5.8269658723791844       0.99999748528993937        2.5147186904877585E-006  -8.6293194812014917E-012  (4.29297963147468037E-006,-2.40242000212745914E-018)  (7.21346577503279933E-006,-1.23566897880848548E-007)             (-0.49999792508859492,0.0000000000000000)
        1799        2000   880.74825621729178        1.0000000000086331        2.2055670040964417       0.99999748528994248        2.5147186904857489E-006  -8.6330942394852173E-012   (8.50469678967822285E-006,1.26406684275945267E-018)  (4.69465989166436935E-007,-8.89250138274566017E-007)             (-0.49999792508859647,0.0000000000000000)
        1800        2000   881.85056942907795        1.0000000000086413       0.99205477761914240       0.99999748528994847        2.5147186904849917E-006  -8.6413098898674434E-012   (4.70377986670961391E-006,7.98422493841550997E-018) (-7.47276427430707533E-006,-2.00546661565969062E-007)             (-0.49999792508859947,0.0000000000000000)
        1801        2000   882.95288264086412        1.0000000000086458        2.2055670056759586       0.99999748528995291        2.5147186904859954E-006  -8.6457507819659440E-012  (-1.04128664379270555E-006,3.58653341775651016E-020)  (-3.26869809641724252E-006,7.09421742614333331E-007)             (-0.49999792508860169,0.0000000000000000)
        1802        2000   884.05519585265029        1.0000000000086562        5.8269658755134053       0.99999748528996557        2.5147186904882858E-006  -8.6561868783974205E-012  (-5.84798834370892753E-007,4.61057637021696976E-021)   (3.66908157793746656E-006,3.11936855661177877E-007)             (-0.49999792508860802,0.0000000000000000)
        1803        2000   885.15750906443645        1.0000000000086613        11.799139763635353       0.99999748528997112        2.5147186904909455E-006  -8.6612939043106962E-012  (3.05732271453404872E-006,-6.26628354240972761E-018)  (3.25963609857069265E-006,-2.96480128761784911E-007)             (-0.49999792508861080,0.0000000000000000)
        1804        2000   886.25982227622262        1.0000000000086744        20.027903920222613       0.99999748528998289        2.5147186904928509E-006  -8.6743945360012731E-012   (3.99978203863056910E-006,1.99501092202851820E-019) (-1.49130543138775763E-006,-4.74575789163752462E-007)             (-0.49999792508861668,0.0000000000000000)
        1805        2000   887.36213548800879        1.0000000000086808        30.383485818899935       0.99999748528999133        2.5147186904931655E-006  -8.6808338295440990E-012  (5.48009254833789152E-007,-7.89314049018862057E-018) (-5.20368165192392604E-006,-2.50909119835016655E-008)             (-0.49999792508862090,0.0000000000000000)
        1806        2000   888.46444869979496        1.0000000000086928        42.702571747000093       0.99999748529000199        2.5147186904920000E-006  -8.6928242382100507E-012  (-2.81215857988282320E-006,1.35089978699979782E-018)  (-8.37867492318105955E-007,6.76705348982303409E-007)             (-0.49999792508862623,0.0000000000000000)
        1807        2000   889.56676191158112        1.0000000000086973        56.790882360372393       0.99999748529000598        2.5147186904900561E-006  -8.6972651303085513E-012  (-1.13693250539829573E-007,2.31653310430695285E-020)   (5.81379165887989375E-006,2.11436281010963970E-007)             (-0.49999792508862823,0.0000000000000000)
        1808        2000   890.66907512336729        1.0000000000086957        72.426236584694280       0.99999748529000509        2.5147186904883400E-006  -8.6957108180740761E-012  (4.56482331177167441E-006,-1.35826119443684000E-018)  (2.86361169070339082E-006,-5.49030660078247314E-007)             (-0.49999792508862778,0.0000000000000000)
        1809        2000   891.77138833515346        1.0000000000086988        89.362055543740851       0.99999748529000643        2.5147186904875548E-006  -8.6988194425430265E-012  (4.54292818428583287E-006,-1.17955306763993855E-018) (-2.44801908965305584E-006,-1.94579830162802914E-007)             (-0.49999792508862845,0.0000000000000000)
        1810        2000   892.87370154693963        1.0000000000087046        107.33125125556006       0.99999748529001042        2.5147186904877365E-006  -8.7045926022710773E-012   (2.49049708123052893E-006,6.30146611330867050E-019)  (-1.30421287545560987E-006,2.71184570905804518E-007)             (-0.49999792508863045,0.0000000000000000)
        1811        2000   893.97601475872580        1.0000000000086995        126.05043876949848       0.99999748529000998        2.5147186904883730E-006  -8.6994855763578016E-012   (2.66802963392542028E-006,1.56048730886779823E-017)   (1.47687386920485298E-006,1.28442448678785063E-007)             (-0.49999792508863022,0.0000000000000000)
        1812        2000   895.07832797051196        1.0000000000087095        145.22440531616144       0.99999748529001686        2.5147186904891099E-006  -8.7094775835794280E-012  (3.96185157397370727E-006,-3.90407623268407975E-018)  (8.30017546534986971E-007,-2.18217534516444649E-007)             (-0.49999792508863367,0.0000000000000000)
        1813        2000   896.18064118229813        1.0000000000087090        164.55076598913436       0.99999748529001953        2.5147186904898062E-006  -8.7090334943695780E-012  (3.23617580055136161E-006,-3.80887983800206090E-018) (-2.30850089917821741E-006,-2.00351580139813381E-007)             (-0.49999792508863500,0.0000000000000000)
        1814        2000   897.28295439408430        1.0000000000087124        183.72473253559656       0.99999748529002419        2.5147186904907007E-006  -8.7123641634434534E-012   (7.87778357038998191E-007,1.44251280383013095E-018)  (-2.18510565091615804E-006,2.20321221378031425E-007)             (-0.49999792508863733,0.0000000000000000)
        1815        2000   898.38526760587047        1.0000000000087212        202.44392004913664       0.99999748529003329        2.5147186904919026E-006  -8.7212459476404547E-012  (2.14811271253602069E-007,-3.85890289454427109E-018)   (9.44616334551777048E-007,1.80708930635141003E-007)             (-0.49999792508864188,0.0000000000000000)
        1816        2000   899.48758081765664        1.0000000000087252        220.41311576036725       0.99999748529003618        2.5147186904930431E-006  -8.7252427505291053E-012   (1.32952018220019463E-006,7.22835762123467645E-019)  (9.92202706636060201E-007,-1.17049508491103795E-007)             (-0.49999792508864332,0.0000000000000000)
        1817        2000   900.58989402944280        1.0000000000087275        237.34893471864490       0.99999748529003729        2.5147186904935107E-006  -8.7274631965783556E-012  (1.60345326117988645E-006,-1.07926810106928351E-017) (-2.98410000282274137E-007,-7.88069949942993563E-008)             (-0.49999792508864388,0.0000000000000000)
        1818        2000   901.69220724122897        1.0000000000087379        252.98428894202914       0.99999748529004462        2.5147186904927581E-006  -8.7378992930098320E-012   (1.04084274335092892E-006,4.53352026737902514E-018) (-9.07167022696865216E-007,-4.80376859039027181E-008)             (-0.49999792508864754,0.0000000000000000)
        1819        2000   902.79452045301514        1.0000000000087379        267.07259955430914       0.99999748529004751        2.5147186904907485E-006  -8.7378992930098320E-012   (2.18475444657984271E-007,6.53699871550763719E-018)  (-5.73840305736141726E-007,1.87459329155279787E-007)             (-0.49999792508864899,0.0000000000000000)
        1820        2000   903.89683366480131        1.0000000000087441        279.39168548118130       0.99999748529005217        2.5147186904883315E-006  -8.7441165419477329E-012  (1.31662145485942221E-006,-1.35412723777112020E-018)   (3.01922150505202033E-006,3.13802274256290314E-007)             (-0.49999792508865132,0.0000000000000000)
        1821        2000   904.99914687658747        1.0000000000087492        289.74726737850841       0.99999748529005927        2.5147186904866485E-006  -8.7492235678610086E-012  (5.02493011784078252E-006,-5.78162099869581058E-019)  (3.90962126814748821E-006,-2.30149184271971490E-007)             (-0.49999792508865487,0.0000000000000000)
        1822        2000   906.10146008837364        1.0000000000087528        297.97603153365554       0.99999748529006527        2.5147186904868547E-006  -8.7527762815398091E-012  (6.58824625920059695E-006,-1.17583065932765111E-018) (-9.09414759847167301E-007,-4.46639466884867953E-007)             (-0.49999792508865787,0.0000000000000000)
        1823        2000   907.20377330015981        1.0000000000087634        303.94820542025951       0.99999748529007193        2.5147186904889867E-006  -8.7634344225762106E-012  (3.90841291244687252E-006,-9.16176329030547041E-018) (-4.17805030253637027E-006,-1.01077069725996781E-007)             (-0.49999792508866120,0.0000000000000000)
        1824        2000   908.30608651194598        1.0000000000087625        307.56960428852932       0.99999748529007104        2.5147186904922329E-006  -8.7625462441565105E-012  (9.92487557372601000E-008,-9.75624318161350427E-019)  (-3.34293978431968517E-006,2.63468259683301797E-007)             (-0.49999792508866076,0.0000000000000000)
        1825        2000   909.40839972373215        1.0000000000087623        308.78311651499160       0.99999748529007304        2.5147186904950646E-006  -8.7623241995515855E-012  (-9.87059198009588891E-007,1.25637773887286328E-018)   (1.48744242609722847E-006,5.18512650892623470E-007)             (-0.49999792508866175,0.0000000000000000)
        1826        2000   910.51071293551831        1.0000000000087645        307.56960428692071       0.99999748529007304        2.5147186904962038E-006  -8.7645446456008358E-012  (2.61631382031054768E-006,-1.82850461346107856E-019)  (5.33932277383952928E-006,-5.03844004428796516E-008)             (-0.49999792508866175,0.0000000000000000)
        1827        2000   911.61302614730448        1.0000000000087690        303.94820541706764       0.99999748529007748        2.5147186904952319E-006  -8.7689855376993364E-012  (5.55317769470192288E-006,-3.99489531234026058E-018) (-1.38487498550363861E-007,-7.39780145113238744E-007)             (-0.49999792508866397,0.0000000000000000)
        1828        2000   912.71533935909065        1.0000000000087736        297.97603152893225       0.99999748529008414        2.5147186904928233E-006  -8.7736484744027621E-012  (1.95520624998437473E-006,-1.59616184295984206E-017) (-6.53037532420311769E-006,-1.57880020590857628E-007)             (-0.49999792508866731,0.0000000000000000)
        1829        2000   913.81765257087682        1.0000000000087834        289.74726737233300       0.99999748529009169        2.5147186904903267E-006  -8.7834184370194635E-012  (-3.11417480958338269E-006,1.69771150993653749E-017)  (-3.07309831474180592E-006,6.07534043828906167E-007)             (-0.49999792508867108,0.0000000000000000)
        1830        2000   914.91996578266298        1.0000000000087850        279.39168547364523       0.99999748529009258        2.5147186904888808E-006  -8.7849727492539387E-012  (-2.53227659559180477E-006,4.58056223088620731E-018)   (4.06263045202352105E-006,5.15308575505972953E-007)             (-0.49999792508867152,0.0000000000000000)
        1831        2000   916.02227899444915        1.0000000000087907        267.07259954553336       0.99999748529010013        2.5147186904889825E-006  -8.7907459089819895E-012  (3.14289524420538444E-006,-2.90276677979435823E-018)  (7.05168552037228174E-006,-3.20811686000274015E-008)             (-0.49999792508867530,0.0000000000000000)
        1832        2000   917.12459220623532        1.0000000000087972        252.98428893214964       0.99999748529010390        2.5147186904902725E-006  -8.7971852025248154E-012   (8.36501325625497574E-006,1.37345134611158634E-017)  (2.97498576735664495E-006,-6.50893985528649968E-007)             (-0.49999792508867719,0.0000000000000000)
        1833        2000   918.22690541802149        1.0000000000087941        237.34893470781714       0.99999748529010501        2.5147186904919848E-006  -8.7940765780558650E-012  (7.32368503329814299E-006,-3.99052800769492740E-018) (-5.04841149073047421E-006,-5.47378324837527415E-007)             (-0.49999792508867774,0.0000000000000000)
        1834        2000   919.32921862980766        1.0000000000088034        220.41311574876329       0.99999748529011234        2.5147186904933985E-006  -8.8034024514627163E-012  (1.16118681538020781E-006,-6.79758602587435185E-021)  (-6.65197297936697145E-006,3.01147857741146075E-007)             (-0.49999792508868141,0.0000000000000000)
        1835        2000   920.43153184159382        1.0000000000088052        202.44392003693719       0.99999748529011656        2.5147186904942446E-006  -8.8051788083021165E-012  (-2.32294219154369952E-006,2.31026134307071401E-018)  (-1.35099276008519411E-007,6.73003724037267346E-007)             (-0.49999792508868351,0.0000000000000000)
        1836        2000   921.53384505337999        1.0000000000088163        183.72473252299443       0.99999748529012655        2.5147186904945580E-006  -8.8162810385483681E-012   (5.55433498272499897E-007,1.26071877215447622E-018)   (5.59265813829949330E-006,2.44983218440398992E-007)             (-0.49999792508868851,0.0000000000000000)
        1837        2000   922.63615826516616        1.0000000000088221        164.55076597632896       0.99999748529013166        2.5147186904945890E-006  -8.8220541982764189E-012  (5.80204072688476173E-006,-1.83207545194835396E-017)  (4.52983883331358003E-006,-4.27102982587015667E-007)             (-0.49999792508869106,0.0000000000000000)
        1838        2000   923.73847147695233        1.0000000000088241        145.22440530335444       0.99999748529013655        2.5147186904944272E-006  -8.8240525997207442E-012  (6.86936068399911648E-006,-1.29857021532200245E-018) (-2.64681971896219170E-006,-7.13952087714645202E-007)             (-0.49999792508869351,0.0000000000000000)
        1839        2000   924.84078468873849        1.0000000000088267        126.05043875689374       0.99999748529013655        2.5147186904939795E-006  -8.8267171349798446E-012   (1.23409144829209240E-006,7.80359050578867349E-018) (-8.30374111655619431E-006,-1.18824388059723192E-007)             (-0.49999792508869351,0.0000000000000000)
        1840        2000   925.94309790052466        1.0000000000088294        107.33125124335446       0.99999748529013877        2.5147186904930965E-006  -8.8293816702389449E-012 (-5.28962472666914697E-006,-7.71522139028024704E-018)  (-4.10042812587585580E-006,7.95380757839679549E-007)             (-0.49999792508869462,0.0000000000000000)
        1841        2000   927.04541111231083        1.0000000000088349        89.362055532127982       0.99999748529014454        2.5147186904920618E-006  -8.8349327853620707E-012 (-4.20685648669871603E-006,-1.03242796149388101E-019)   (6.28650327967111988E-006,7.79141617720211326E-007)             (-0.49999792508869750,0.0000000000000000)
        1842        2000   928.14772432409700        1.0000000000088383        72.426236573856798       0.99999748529014787        2.5147186904911267E-006  -8.8382634544359462E-012  (4.22280393922912541E-006,-6.72086189290002520E-018)  (9.89504482603751922E-006,-2.26633175568780680E-007)             (-0.49999792508869917,0.0000000000000000)
        1843        2000   929.25003753588317        1.0000000000088454        56.790882350480935       0.99999748529015520        2.5147186904909120E-006  -8.8453688817935472E-012  (1.05385442855373759E-005,-1.35451463806314291E-018)  (2.32270180209626973E-006,-9.27883510878895622E-007)             (-0.49999792508870283,0.0000000000000000)
        1844        2000   930.35235074766933        1.0000000000088505        42.702571738210771       0.99999748529015808        2.5147186904918717E-006  -8.8504759077068229E-012  (7.97357485033069375E-006,-1.31548289337760769E-018) (-7.21191662707732628E-006,-5.70618702738479389E-007)             (-0.49999792508870428,0.0000000000000000)
        1845        2000   931.45466395945550        1.0000000000088576        30.383485811351676       0.99999748529016408        2.5147186904937377E-006  -8.8575813350644239E-012  (-1.26079163973889349E-007,1.76392626055762772E-019)  (-8.43236263499716331E-006,3.95745701702314353E-007)             (-0.49999792508870727,0.0000000000000000)
        1846        2000   932.55697717124167        1.0000000000088562        20.027903914034766       0.99999748529016719        2.5147186904957964E-006  -8.8562490674348737E-012  (-4.41239523203278352E-006,9.06324674858679257E-020)   (2.75164275531407222E-007,9.68795493639021351E-007)             (-0.49999792508870883,0.0000000000000000)
        1847        2000   933.65929038302784        1.0000000000088634        11.799139758905902       0.99999748529017340        2.5147186904971466E-006  -8.8633544947924747E-012  (3.94734195688003953E-007,-1.67621834363708045E-018)   (8.91338152676614572E-006,3.29008652193989801E-007)             (-0.49999792508871194,0.0000000000000000)
        1848        2000   934.76160359481401        1.0000000000088707        5.8269658723169702       0.99999748529018007        2.5147186904969789E-006  -8.8706819667550008E-012  (8.25786231664975416E-006,-7.80815129948901719E-018)  (6.08047527069640839E-006,-7.34543095236542172E-007)             (-0.49999792508871527,0.0000000000000000)
        1849        2000   935.86391680660017        1.0000000000088753        2.2055670040632536       0.99999748529018606        2.5147186904954728E-006  -8.8753449034584264E-012  (9.24185991722317937E-006,-7.25904197273399113E-018) (-4.08617267573266235E-006,-8.57231648321263771E-007)             (-0.49999792508871826,0.0000000000000000)
        1850        2000   936.96623001838634        1.0000000000088844       0.99205477761602145       0.99999748529019716        2.5147186904933514E-006  -8.8844487322603527E-012  (1.87683703944570108E-006,-4.62225644323186145E-018) (-1.03426867554163578E-005,-1.72012639408475823E-007)             (-0.49999792508872382,0.0000000000000000)
        1851        2000   938.06854323017251        1.0000000000088916        2.2055670057034917       0.99999748529020138        2.5147186904917823E-006  -8.8915541596179537E-012  (-6.94503977194353198E-006,2.71361740528479284E-018)  (-6.74957747948050218E-006,8.42954460250431637E-007)             (-0.49999792508872593,0.0000000000000000)
        1852        2000   939.17085644195868        1.0000000000088987        5.8269658755716884       0.99999748529020693        2.5147186904914164E-006  -8.8986595869755547E-012  (-7.31828840998888775E-006,8.48248815936092747E-018)   (6.46161456367110388E-006,1.20431079177101632E-006)             (-0.49999792508872870,0.0000000000000000)
        1853        2000   940.27316965374484        1.0000000000088998        11.799139763723925       0.99999748529021004        2.5147186904923761E-006  -8.8997698100001799E-012  (3.49850457964467279E-006,-4.71868982432568117E-018)  (1.42620648823157320E-005,-9.42855126253006109E-008)             (-0.49999792508873026,0.0000000000000000)
        1854        2000   941.37548286553101        1.0000000000089024        20.027903920340222       0.99999748529021204        2.5147186904940113E-006  -8.9024343452592802E-012   (1.33947223661601501E-005,5.71049985622042893E-021)  (4.71110686396524285E-006,-1.30977774202905353E-006)             (-0.49999792508873125,0.0000000000000000)
        1855        2000   942.47779607731718        1.0000000000089124        30.383485819045614       0.99999748529022003        2.5147186904954652E-006  -8.9124263524809066E-012  (1.09496237931308661E-005,-3.21777855696914106E-018) (-9.17825340474431392E-006,-8.87422049754793822E-007)             (-0.49999792508873525,0.0000000000000000)
        1856        2000   943.58010928910335        1.0000000000089153        42.702571747172456       0.99999748529022625        2.5147186904963059E-006  -8.9153129323449321E-012  (-2.87332852162632167E-007,6.80589934421404628E-018)  (-1.27579845433934993E-005,3.07098921098600770E-007)             (-0.49999792508873836,0.0000000000000000)
        1857        2000   944.68242250088952        1.0000000000089277        56.790882360568183       0.99999748529023624        2.5147186904964135E-006  -8.9277474302207338E-012  (-8.32590737171592489E-006,1.06120940561558761E-017)  (-2.55787643504267931E-006,1.41152000981408549E-006)             (-0.49999792508874336,0.0000000000000000)
        1858        2000   945.78473571267568        1.0000000000089295        72.426236584913099       0.99999748529023869        2.5147186904960378E-006  -8.9295237870601341E-012  (-2.86185570347154113E-006,2.16600304622065309E-020)   (1.33976719710324428E-005,9.48717557529742313E-007)             (-0.49999792508874458,0.0000000000000000)
        1859        2000   946.88704892446185        1.0000000000089331        89.362055543978570       0.99999748529024379        2.5147186904955423E-006  -8.9330765007389346E-012   (1.10786766515821027E-005,1.04330026913472130E-017)  (1.29313580070375966E-005,-1.06850814636175965E-006)             (-0.49999792508874713,0.0000000000000000)
        1860        2000   947.98936213624802        1.0000000000089428        107.33125125581233       0.99999748529025112        2.5147186904950654E-006  -8.9428464633556359E-012  (1.51110329401828281E-005,-7.79516434021359931E-018) (-5.12953171972618691E-006,-1.61427085795366465E-006)             (-0.49999792508875079,0.0000000000000000)
        1861        2000   949.09167534803419        1.0000000000089444        126.05043876976313       0.99999748529025423        2.5147186904947219E-006  -8.9444007755901112E-012  (3.80684634819602048E-006,-2.87876144264923621E-019) (-1.65524486551993908E-005,-2.71983506276153748E-007)             (-0.49999792508875235,0.0000000000000000)
        1862        2000   950.19398855982035        1.0000000000089468        145.22440531643377       0.99999748529025512        2.5147186904943565E-006  -8.9468432662442865E-012 (-1.02989910554115261E-005,-7.89436976182662184E-018)  (-1.10470738051218578E-005,1.18055561192563230E-006)             (-0.49999792508875279,0.0000000000000000)
        1863        2000   951.29630177160652        1.0000000000089460        164.55076598941210       0.99999748529025556        2.5147186904940947E-006  -8.9459550878245864E-012 (-1.25103856846171633E-005,-1.06046642432163844E-017)   (7.24702039330722732E-006,1.78132875798058359E-006)             (-0.49999792508875301,0.0000000000000000)
        1864        2000   952.39861498339269        1.0000000000089526        183.72473253587532       0.99999748529026466        2.5147186904941760E-006  -8.9526164259723373E-012  (2.14585970349751254E-006,-2.01192412888431109E-020)   (2.11789368208479536E-005,2.04035149197961365E-007)             (-0.49999792508875757,0.0000000000000000)
        1865        2000   953.50092819517886        1.0000000000089686        202.44392004941531       0.99999748529027754        2.5147186904947071E-006  -8.9686036375269396E-012   (1.83194397349760206E-005,1.62491611864017810E-018)  (9.51271737641963868E-006,-1.98868838734591431E-006)             (-0.49999792508876401,0.0000000000000000)
        1866        2000   954.60324140696503        1.0000000000089762        220.41311576064064       0.99999748529028509        2.5147186904956833E-006  -8.9761531540943906E-012  (1.59287818465316159E-005,-5.88030698796975629E-018) (-1.38325894587087752E-005,-1.55284780821756399E-006)             (-0.49999792508876778,0.0000000000000000)
        1867        2000   955.70555461875119        1.0000000000089762        237.34893471890715       0.99999748529028465        2.5147186904967747E-006  -8.9761531540943906E-012 (-1.43770013339335000E-006,-4.57701790119420024E-018)  (-1.96149233328938183E-005,5.55904677019407398E-007)             (-0.49999792508876756,0.0000000000000000)
        1868        2000   956.80786783053736        1.0000000000089686        252.98428894227754       0.99999748529028043        2.5147186904976840E-006  -8.9686036375269396E-012 (-1.35894328223509255E-005,-9.24963199287039248E-018)  (-3.94244650489398130E-006,1.97715203083478882E-006)             (-0.49999792508876545,0.0000000000000000)
        1869        2000   957.91018104232353        1.0000000000089790        267.07259955454151       0.99999748529028953        2.5147186904979504E-006  -8.9790397339584160E-012 (-6.58322878132718938E-006,-5.42146133393903548E-019)   (1.78535302633957571E-005,1.40212776148653731E-006)             (-0.49999792508877000,0.0000000000000000)
        1870        2000   959.01249425410970        1.0000000000089815        279.39168548139236       0.99999748529029242        2.5147186904972211E-006  -8.9814822246125914E-012  (1.33084515533282833E-005,-3.18268609379202670E-018)  (2.01835019290940212E-005,-1.16911029821406390E-006)             (-0.49999792508877144,0.0000000000000000)
        1871        2000   960.11480746589586        1.0000000000089886        289.74726737869634       0.99999748529029842        2.5147186904958006E-006  -8.9885876519701924E-012   (2.19683313327494996E-005,1.44357964978840193E-018) (-3.79300931210915358E-006,-2.45573004741722333E-006)             (-0.49999792508877444,0.0000000000000000)
        1872        2000   961.21712067768203        1.0000000000089984        297.97603153381647       0.99999748529030774        2.5147186904943865E-006  -8.9983576145868938E-012   (7.49642563001412505E-006,1.24724788675340068E-017) (-2.38789740208153452E-005,-6.81057057476627243E-007)             (-0.49999792508877910,0.0000000000000000)
        1873        2000   962.31943388946820        1.0000000000090083        303.94820542039315       0.99999748529031618        2.5147186904937559E-006  -9.0083496218085202E-012 (-1.36680973415991522E-005,-1.32394792125223424E-017)  (-1.71594601479314052E-005,1.68765325425246156E-006)             (-0.49999792508878332,0.0000000000000000)
        1874        2000   963.42174710125437        1.0000000000090057        307.56960428863272       0.99999748529031551        2.5147186904942472E-006  -9.0056850865494198E-012 (-1.84001979331866696E-005,-6.38596110308788130E-021)   (8.14359591386613962E-006,2.36223119519280692E-006)             (-0.49999792508878299,0.0000000000000000)
        1875        2000   964.52406031304054        1.0000000000090115        308.78311651506732       0.99999748529032018        2.5147186904956719E-006  -9.0114582462774706E-012  (-3.83766103973066262E-007,3.16729636354101875E-019)   (2.69062044374948696E-005,4.80636709259004326E-007)             (-0.49999792508878532,0.0000000000000000)
        1876        2000   965.62637352482670        1.0000000000090141        307.56960428696459       0.99999748529032395        2.5147186904973350E-006  -9.0141227815365710E-012  (2.18463871934704660E-005,-1.36097462086881439E-018)  (1.56717319262588789E-005,-2.28305230944998785E-006)             (-0.49999792508878721,0.0000000000000000)
        1877        2000   966.72868673661287        1.0000000000090163        303.94820541708282       0.99999748529032684        2.5147186904985230E-006  -9.0163432275858213E-012  (2.23848230702128878E-005,-9.25042229169140209E-018) (-1.46253099386259639E-005,-2.36306975196291038E-006)             (-0.49999792508878865,0.0000000000000000)
        1878        2000   967.83099994839904        1.0000000000090248        297.97603152891861       0.99999748529033305        2.5147186904986924E-006  -9.0247809225729725E-012  (3.98484761892703923E-007,-1.07479759075153317E-018)  (-2.76642156313628814E-005,3.03377335049633829E-007)             (-0.49999792508879176,0.0000000000000000)
        1879        2000   968.93331316018521        1.0000000000090306        289.74726737228713       0.99999748529034016        2.5147186904980766E-006  -9.0305540823010233E-012 (-1.87501820179535168E-005,-1.45184404329250593E-017)  (-9.30000943960219378E-006,2.60103259679811577E-006)             (-0.49999792508879531,0.0000000000000000)
        1880        2000   970.03562637197138        1.0000000000090330        279.39168547357229       0.99999748529034460        2.5147186904967730E-006  -9.0329965729551986E-012 (-1.28739861915206689E-005,-1.35543805793422747E-018)   (2.09026655359471986E-005,2.11375206980627422E-006)             (-0.49999792508879753,0.0000000000000000)
        1881        2000   971.13793958375754        1.0000000000090328        267.07259954543309       0.99999748529034438        2.5147186904954085E-006  -9.0327745283502736E-012   (1.28889656027650818E-005,4.26116778515025146E-018)  (2.86558344092119038E-005,-1.00579964624877946E-006)             (-0.49999792508879742,0.0000000000000000)
        1882        2000   972.24025279554371        1.0000000000090399        252.98428893202527       0.99999748529034838        2.5147186904944945E-006  -9.0398799557078746E-012  (2.88250194754008378E-005,-8.85423747941353196E-020)  (1.75829204593349215E-006,-3.14838223866280153E-006)             (-0.49999792508879942,0.0000000000000000)
        1883        2000   973.34256600732988        1.0000000000090430        237.34893470767346       0.99999748529035348        2.5147186904946584E-006  -9.0429885801768251E-012  (1.48541668169791929E-005,-6.52340482961944832E-018) (-2.86571664655746657E-005,-1.56855502505346315E-006)             (-0.49999792508880198,0.0000000000000000)
        1884        2000   974.44487921911605        1.0000000000090434        220.41311574860075       0.99999748529035637        2.5147186904957511E-006  -9.0434326693866751E-012  (-1.41207601661433825E-005,1.95044690025874424E-018)  (-2.73225275509486455E-005,1.76152909959965887E-006)             (-0.49999792508880342,0.0000000000000000)
        1885        2000   975.54719243090221        1.0000000000090536        202.44392003675915       0.99999748529036236        2.5147186904972711E-006  -9.0536467212132266E-012 (-2.60331751298564205E-005,-1.86792655354260233E-017)   (4.42006051461014150E-006,3.25440073102964862E-006)             (-0.49999792508880642,0.0000000000000000)
        1886        2000   976.64950564268838        1.0000000000090639        183.72473252280443       0.99999748529037014        2.5147186904984845E-006  -9.0638607730397780E-012  (-6.65056419612818450E-006,4.45363171474976994E-018)   (3.32140015554171423E-005,1.19081986616512310E-006)             (-0.49999792508881030,0.0000000000000000)
        1887        2000   977.75181885447455        1.0000000000090679        164.55076597613012       0.99999748529037591        2.5147186904989533E-006  -9.0678575759284286E-012   (2.38513565678965290E-005,3.90204574639792564E-018)  (2.54426195674925332E-005,-2.46499762903157346E-006)             (-0.49999792508881319,0.0000000000000000)
        1888        2000   978.85413206626072        1.0000000000090747        145.22440530315038       0.99999748529038412        2.5147186904986429E-006  -9.0747409586811045E-012   (3.07810501611861472E-005,1.78101901345434313E-019) (-1.21693971609756445E-005,-3.34917003865697315E-006)             (-0.49999792508881730,0.0000000000000000)
        1889        2000   979.95644527804689        1.0000000000090805        126.05043875668727       0.99999748529039278        2.5147186904977243E-006  -9.0805141184091553E-012   (5.80114068865299848E-006,1.30602650097649331E-017) (-3.58904598616058366E-005,-3.44024255782763379E-007)             (-0.49999792508882163,0.0000000000000000)
        1890        2000   981.05875848983305        1.0000000000090856        107.33125124315082       0.99999748529039501        2.5147186904965456E-006  -9.0856211443224311E-012  (-2.25047788665992337E-005,2.63671986013916067E-018)  (-1.86911987651589080E-005,3.03755540241340771E-006)             (-0.49999792508882274,0.0000000000000000)
        1891        2000   982.16107170161922        1.0000000000090916        89.362055531930864       0.99999748529040033        2.5147186904956151E-006  -9.0916163486554069E-012 (-2.16714522308990430E-005,-1.86832658348369267E-017)   (2.04574378726971371E-005,3.09379581342090664E-006)             (-0.49999792508882540,0.0000000000000000)
        1892        2000   983.26338491340539        1.0000000000090914        72.426236573669584       0.99999748529040011        2.5147186904953208E-006  -9.0913943040504819E-012   (8.61437559305100233E-006,8.79423096401004083E-020)  (3.80010096796804149E-005,-4.24647727881844302E-007)             (-0.49999792508882529,0.0000000000000000)
        1893        2000   984.36569812519156        1.0000000000090896        56.790882350307164       0.99999748529039767        2.5147186904958328E-006  -9.0896179472110816E-012   (3.45274463038783587E-005,2.61979813312499891E-018)  (1.16805884839516884E-005,-3.70585192594949551E-006)             (-0.49999792508882407,0.0000000000000000)
        1894        2000   985.46801133697772        1.0000000000090896        42.702571738054218       0.99999748529039967        2.5147186904970733E-006  -9.0896179472110816E-012   (2.50500766135229046E-005,8.65841046017941519E-020) (-3.00779015985067566E-005,-2.74973526257162942E-006)             (-0.49999792508882507,0.0000000000000000)
        1895        2000   986.57032454876389        1.0000000000090996        30.383485811215117       0.99999748529040944        2.5147186904983642E-006  -9.0996099544327080E-012  (-1.05724843019788403E-005,3.15124558790131040E-019)  (-3.85556160998450092E-005,1.42644244285626500E-006)             (-0.49999792508882995,0.0000000000000000)
        1896        2000   987.67263776055006        1.0000000000091023        20.027903913921172       0.99999748529041121        2.5147186904992769E-006  -9.1022744896918084E-012  (-3.25225320186533934E-005,1.45204610278459191E-018)  (-3.83473503127598749E-006,3.98465638291889660E-006)             (-0.49999792508883084,0.0000000000000000)
        1897        2000   988.77495097233623        1.0000000000091036        11.799139758817622       0.99999748529041432        2.5147186904991545E-006  -9.1036067573213586E-012 (-1.61729648998456318E-005,-7.80670105277472034E-018)   (3.54559208732500148E-005,2.18181556412193266E-006)             (-0.49999792508883240,0.0000000000000000)
        1898        2000   989.87726418412240        1.0000000000091092        5.8269658722558857       0.99999748529041987        2.5147186904983739E-006  -9.1091578724444844E-012   (2.11085944493657373E-005,2.22795356172511089E-020)  (3.66037423771078347E-005,-2.04855192317103284E-006)             (-0.49999792508883517,0.0000000000000000)
        1899        2000   990.97957739590856        1.0000000000091145        2.2055670040310038       0.99999748529042387        2.5147186904972372E-006  -9.1144869429626851E-012  (3.85512061716950633E-005,-9.24934429708113795E-018) (-3.13345932039691072E-006,-4.19325355181702586E-006)             (-0.49999792508883717,0.0000000000000000)
        1900        2000   992.08189060769473        1.0000000000091198       0.99205477761369198       0.99999748529043053        2.5147186904964359E-006  -9.1198160134808859E-012   (1.59165392627256077E-005,1.35665692307844129E-018) (-4.05756092274522559E-005,-1.58308381316220488E-006)             (-0.49999792508884050,0.0000000000000000)
        1901        2000   993.18420381948090        1.0000000000091236        2.2055670057316723       0.99999748529043275        2.5147186904962301E-006  -9.1235907717646114E-012 (-2.16964900961566107E-005,-1.79310385697248072E-021)  (-3.17712835322605272E-005,2.96373938664873537E-006)             (-0.49999792508884161,0.0000000000000000)
        1902        2000   994.28651703126707        1.0000000000091325        5.8269658756304761       0.99999748529044230        2.5147186904965994E-006  -9.1324725559616127E-012  (-3.10517822762270500E-005,1.85920712693184378E-019)   (1.37240214610317172E-005,4.11843117761498504E-006)             (-0.49999792508884638,0.0000000000000000)
        1903        2000   995.38883024305323        1.0000000000091334        11.799139763812988       0.99999748529044208        2.5147186904972262E-006  -9.1333607343813128E-012 (-9.91806473224865280E-007,-1.26845105037869145E-018)   (4.43310665520704880E-005,6.78407653555351813E-007)             (-0.49999792508884627,0.0000000000000000)
        1904        2000   996.49114345483940        1.0000000000091380        20.027903920458794       0.99999748529044918        2.5147186904977200E-006  -9.1380236710847385E-012  (3.54032251934377292E-005,-4.21581573920774490E-018)  (2.58473261747255770E-005,-3.63371898836753722E-006)             (-0.49999792508884983,0.0000000000000000)
        1905        2000   997.59345666662557        1.0000000000091451        30.383485819192149       0.99999748529045474        2.5147186904979885E-006  -9.1451290984423395E-012  (3.67535143804800489E-005,-1.70516895869427251E-017) (-2.35902219139839127E-005,-4.07173662303897780E-006)             (-0.49999792508885260,0.0000000000000000)
        1906        2000   998.69576987841174        1.0000000000091473        42.702571747345054       0.99999748529045984        2.5147186904981876E-006  -9.1473495444915898E-012  (-6.08946188761462343E-007,3.90431646773937202E-018)  (-4.84064836418516349E-005,2.76898935780218299E-007)             (-0.49999792508885516,0.0000000000000000)
        1907        2000   999.79808309019791        1.0000000000091558        56.790882360765529       0.99999748529046228        2.5147186904984493E-006  -9.1557872394787410E-012 (-3.52333453249741954E-005,-3.94304736181735419E-018)  (-1.82914368895083369E-005,4.36111796405951253E-006)             (-0.49999792508885638,0.0000000000000000)
        1908        2000   1000.9003963019841        1.0000000000091607        72.426236585130894       0.99999748529047028        2.5147186904987314E-006  -9.1606722207870916E-012 (-2.81788844679203108E-005,-2.53174970913654381E-018)   (3.17154850737704004E-005,3.46913107043310934E-006)             (-0.49999792508886037,0.0000000000000000)
        1909        2000   1002.0027095137702        1.0000000000091689        89.362055544215551       0.99999748529047494        2.5147186904987398E-006  -9.1688878711693178E-012  (1.23969753055822248E-005,-3.17861703376612867E-018)  (4.68033899089018360E-005,-1.07454986644593520E-006)             (-0.49999792508886270,0.0000000000000000)
        1910        2000   1003.1050227255564        1.0000000000091676        107.33125125606503       0.99999748529047849        2.5147186904983756E-006  -9.1675556035397676E-012   (4.25311293198498962E-005,5.26133923378717620E-018)  (1.13291454582702518E-005,-4.56068330844390056E-006)             (-0.49999792508886448,0.0000000000000000)
        1911        2000   1004.2073359373426        1.0000000000091751        126.05043877002738       0.99999748529048360        2.5147186904977450E-006  -9.1751051201072187E-012  (2.88421087455228669E-005,-6.44203135936123313E-018) (-3.79449144658372702E-005,-3.07518735549677401E-006)             (-0.49999792508886703,0.0000000000000000)
        1912        2000   1005.3096491491287        1.0000000000091769        145.22440531670586       0.99999748529048782        2.5147186904972042E-006  -9.1768814769466189E-012 (-1.40104604631378726E-005,-1.91020927269741620E-018)  (-4.44313260305473289E-005,2.09158746924300929E-006)             (-0.49999792508886914,0.0000000000000000)
        1913        2000   1006.4119623609149        1.0000000000091880        164.55076598968873       0.99999748529049493        2.5147186904970534E-006  -9.1879837071928705E-012 (-3.70504650611331305E-005,-1.03428031151541989E-017)  (-9.57404645331633382E-008,4.75732450215786271E-006)             (-0.49999792508887270,0.0000000000000000)
        1914        2000   1007.5142755727011        1.0000000000091935        183.72473253615249       0.99999748529050203        2.5147186904977594E-006  -9.1935348223159963E-012 (-1.45364533921205133E-005,-1.57071617948805900E-017)   (4.34585242926667186E-005,2.13250581237463148E-006)             (-0.49999792508887625,0.0000000000000000)
        1915        2000   1008.6165887844872        1.0000000000091991        202.44392004968850       0.99999748529050669        2.5147186904987598E-006  -9.1990859374391221E-012  (2.85548455977922450E-005,-9.60524007410323654E-019)  (3.99597582072472256E-005,-2.72057701463804249E-006)             (-0.49999792508887858,0.0000000000000000)
        1916        2000   1009.7189019962734        1.0000000000091971        220.41311576090689       0.99999748529050825        2.5147186904995555E-006  -9.1970875359947968E-012   (4.51327245316725535E-005,1.54611970341410311E-018) (-8.32552149962894940E-006,-4.89716892555942643E-006)             (-0.49999792508887936,0.0000000000000000)
        1917        2000   1010.8212152080596        1.0000000000092015        237.34893471916163       0.99999748529051158        2.5147186904998461E-006  -9.2015284280932974E-012   (1.49155212718817676E-005,1.81302511311123721E-019) (-5.00714626696903631E-005,-1.50859691985605701E-006)             (-0.49999792508888102,0.0000000000000000)
        1918        2000   1011.9235284198458        1.0000000000092095        252.98428894251819       0.99999748529051691        2.5147186904993997E-006  -9.2095220338705985E-012  (-2.95319828848289484E-005,4.88869336524349138E-019)  (-3.54691045625488816E-005,3.73121385394420215E-006)             (-0.49999792508888369,0.0000000000000000)
        1919        2000   1013.0258416316319        1.0000000000092095        267.07259955476388       0.99999748529051913        2.5147186904988466E-006  -9.2095220338705985E-012 (-3.84699149863126423E-005,-1.85934159153053663E-017)   (1.78995290564079826E-005,4.58970066291744631E-006)             (-0.49999792508888480,0.0000000000000000)
        1920        2000   1014.1281548434181        1.0000000000092155        279.39168548159478       0.99999748529052357        2.5147186904983849E-006  -9.2155172382035744E-012  (-3.03964022983485495E-006,1.56949079592833391E-017)   (5.06658366604662873E-005,6.35198929852167029E-007)             (-0.49999792508888702,0.0000000000000000)
        1921        2000   1015.2304680552043        1.0000000000092222        289.74726737887812       0.99999748529053090        2.5147186904982045E-006  -9.2221785763513253E-012   (3.85047335208607333E-005,2.28881090299370104E-018)  (2.96935148884923686E-005,-4.02706883478592733E-006)             (-0.49999792508889068,0.0000000000000000)
        1922        2000   1016.3327812669904        1.0000000000092275        297.97603153397296       0.99999748529053600        2.5147186904981728E-006  -9.2275076468695261E-012   (4.11338262042395728E-005,9.24265850514282342E-018) (-2.49477719001655174E-005,-4.48400496099631908E-006)             (-0.49999792508889324,0.0000000000000000)
        1923        2000   1017.4350944787766        1.0000000000092284        303.94820542052184       0.99999748529054178        2.5147186904983523E-006  -9.2283958252892262E-012  (1.15621563110640713E-006,-9.11017984040607032E-020)  (-5.18529576723817217E-005,3.56829828997580094E-007)             (-0.49999792508889612,0.0000000000000000)
        1924        2000   1018.5374076905628        1.0000000000092382        307.56960428873282       0.99999748529054666        2.5147186904984464E-006  -9.2381657879059276E-012 (-3.56327119494128560E-005,-2.02625384612537234E-021)  (-1.91302132496351217E-005,4.62056150461081703E-006)             (-0.49999792508889856,0.0000000000000000)
        1925        2000   1019.6397209023489        1.0000000000092479        308.78311651513491       0.99999748529055665        2.5147186904985946E-006  -9.2479357505226290E-012  (-2.83595585145587736E-005,6.70642869995226391E-018)   (3.28198590586205365E-005,3.58858949433807885E-006)             (-0.49999792508890356,0.0000000000000000)
        1926        2000   1020.7420341141351        1.0000000000092528        307.56960428700410       0.99999748529056243        2.5147186904986230E-006  -9.2528207318309796E-012   (1.37494665323380080E-005,4.52704429745123399E-018)  (4.88564026894303048E-005,-1.03033425150674228E-006)             (-0.49999792508890645,0.0000000000000000)
        1927        2000   1021.8443473259213        1.0000000000092586        303.94820541709242       0.99999748529056687        2.5147186904984849E-006  -9.2585938915590305E-012  (4.56104764672287888E-005,-1.35799727824259611E-018)  (1.25045307708281787E-005,-4.79059159284022653E-006)             (-0.49999792508890867,0.0000000000000000)
        1928        2000   1022.9466605377074        1.0000000000092624        297.97603152889957       0.99999748529057131        2.5147186904984980E-006  -9.2623686498427560E-012   (3.13856910218662729E-005,1.68803678553095134E-017) (-4.02503780465364338E-005,-3.36037794775041888E-006)             (-0.49999792508891089,0.0000000000000000)
        1929        2000   1024.0489737494936        1.0000000000092688        289.74726737223767       0.99999748529057753        2.5147186904987720E-006  -9.2688079433855819E-012 (-1.47184608846061890E-005,-4.53520513868268874E-018)  (-4.84253927715588053E-005,2.07530065600522715E-006)             (-0.49999792508891400,0.0000000000000000)
        1930        2000   1025.1512869612798        1.0000000000092752        279.39168547349243       0.99999748529058508        2.5147186904990524E-006  -9.2752472369284078E-012  (-4.12412402618043757E-005,4.61955270664379559E-018)  (-3.06017791621270933E-006,4.92716244267419920E-006)             (-0.49999792508891777,0.0000000000000000)
        1931        2000   1026.2536001730659        1.0000000000092837        267.07259954532645       0.99999748529059196        2.5147186904990520E-006  -9.2836849319155590E-012  (-2.03128520084540752E-005,1.26076064013157785E-018)   (4.33609058797856586E-005,2.45940558130507070E-006)             (-0.49999792508892121,0.0000000000000000)
        1932        2000   1027.3559133848521        1.0000000000092859        252.98428893189615       0.99999748529059596        2.5147186904987771E-006  -9.2859053779648093E-012  (2.45596951463543042E-005,-2.33481813737856141E-018)  (4.36130127803179457E-005,-2.45161837671980745E-006)             (-0.49999792508892321,0.0000000000000000)
        1933        2000   1028.4582265966383        1.0000000000092908        237.34893470752118       0.99999748529060151        2.5147186904983744E-006  -9.2907903592731600E-012   (4.56378167439614813E-005,7.80106703083978520E-018) (-3.08417574156621530E-006,-4.89322797056336292E-006)             (-0.49999792508892599,0.0000000000000000)
        1934        2000   1029.5605398084244        1.0000000000092943        220.41311574842820       0.99999748529060484        2.5147186904981135E-006  -9.2943430729519605E-012  (1.99263642637786782E-005,-7.98338679392582915E-018) (-4.63831191241771224E-005,-1.81032458596544009E-006)             (-0.49999792508892765,0.0000000000000000)
        1935        2000   1030.6628530202106        1.0000000000093032        202.44392003657163       0.99999748529061305        2.5147186904981550E-006  -9.3032248571489617E-012 (-2.32556514846512232E-005,-6.75685934415937023E-020)  (-3.68726653786701392E-005,3.19929366023769978E-006)             (-0.49999792508893176,0.0000000000000000)
        1936        2000   1031.7651662319968        1.0000000000093123        183.72473252260448       0.99999748529062282        2.5147186904984646E-006  -9.3123286859508880E-012 (-3.60488605112256345E-005,-2.47659261956956534E-017)   (1.18343610621380369E-005,4.45369080827083363E-006)             (-0.49999792508893665,0.0000000000000000)
        1937        2000   1032.8674794437829        1.0000000000093192        164.55076597592284       0.99999748529062926        2.5147186904984984E-006  -9.3192120687035640E-012  (-5.77975982687544993E-006,1.26495007625671347E-018)   (4.68260089171792528E-005,1.10367187446265761E-006)             (-0.49999792508893987,0.0000000000000000)
        1938        2000   1033.9697926555691        1.0000000000093290        145.22440530293855       0.99999748529063837        2.5147186904983511E-006  -9.3289820313202654E-012  (3.49565099717201420E-005,-8.15681966903183032E-019)  (3.18566759996893054E-005,-3.53138998543606248E-006)             (-0.49999792508894442,0.0000000000000000)
        1939        2000   1035.0721058673553        1.0000000000093276        126.05043875647566       0.99999748529063681        2.5147186904981884E-006  -9.3276497636907152E-012  (4.16217513404230780E-005,-1.57020352667693742E-017) (-1.91780523956705507E-005,-4.40579585580947055E-006)             (-0.49999792508894364,0.0000000000000000)
        1940        2000   1036.1744190791414        1.0000000000093336        107.33125124294295       0.99999748529064303        2.5147186904979784E-006  -9.3336449680236910E-012  (6.18291742560491252E-006,-6.61761107516964369E-018) (-4.90308151541452437E-005,-2.72131415906156310E-007)             (-0.49999792508894675,0.0000000000000000)
        1941        2000   1037.2767322909276        1.0000000000093412        89.362055531729681       0.99999748529065080        2.5147186904978670E-006  -9.3411944845911421E-012 (-3.21690519134896778E-005,-4.89685135475316781E-018)  (-2.52704903294895390E-005,3.90759890888381740E-006)             (-0.49999792508895063,0.0000000000000000)
        1942        2000   1038.3790455027138        1.0000000000093459        72.426236573479812       0.99999748529065635        2.5147186904981334E-006  -9.3458574212945678E-012  (-3.29157836152173033E-005,9.15958956375740072E-018)   (2.36584511377757770E-005,3.85247225688218493E-006)             (-0.49999792508895341,0.0000000000000000)
        1943        2000   1039.4813587144999        1.0000000000093556        56.790882350132414       0.99999748529066590        2.5147186904986818E-006  -9.3556273839112691E-012  (3.68353351838924320E-006,-2.62911667585171683E-018)  (4.72854514028845865E-005,-1.54737365698169069E-007)             (-0.49999792508895818,0.0000000000000000)
        1944        2000   1040.5836719262861        1.0000000000093610        42.702571737897358       0.99999748529066945        2.5147186904993086E-006  -9.3609564544294699E-012  (3.86610669232549165E-005,-3.85635700810176091E-018)  (2.01740700986079116E-005,-4.11745441790091620E-006)             (-0.49999792508895996,0.0000000000000000)
        1945        2000   1041.6859851380723        1.0000000000093623        30.383485811079161       0.99999748529067278        2.5147186904994238E-006  -9.3622887220590201E-012   (3.42599770861775702E-005,1.70450846795957323E-017) (-2.84866401292837183E-005,-3.43585786710047563E-006)             (-0.49999792508896163,0.0000000000000000)
        1946        2000   1042.7882983498585        1.0000000000093654        20.027903913808604       0.99999748529067434        2.5147186904990211E-006  -9.3653973465279705E-012 (-3.20688342077207831E-006,-4.62360461237582586E-018)  (-4.36765197753606103E-005,9.63049336255930540E-007)             (-0.49999792508896240,0.0000000000000000)
        1947        2000   1043.8906115616446        1.0000000000093687        11.799139758730607       0.99999748529067656        2.5147186904980313E-006  -9.3687280156018460E-012  (-3.18183748540081508E-005,5.55122498492731143E-019)  (-1.19083115971330227E-005,3.99585083335483649E-006)             (-0.49999792508896351,0.0000000000000000)
        1948        2000   1044.9929247734308        1.0000000000093727        5.8269658721963999       0.99999748529068144        2.5147186904966036E-006  -9.3727248184904965E-012  (-2.18521637980859551E-005,2.88474722135503168E-018)   (3.12002129335500777E-005,2.83927825426673339E-006)             (-0.49999792508896596,0.0000000000000000)
        1949        2000   1046.0952379852170        1.0000000000093767        2.2055670040004367       0.99999748529068699        2.5147186904956207E-006  -9.3767216213791471E-012   (1.54311121031941881E-005,5.90029265250666172E-019)  (4.08759711803757274E-005,-1.36228580367610755E-006)             (-0.49999792508896873,0.0000000000000000)
        1950        2000   1047.1975511970031        1.0000000000093874       0.99205477761304439       0.99999748529069765        2.5147186904956194E-006  -9.3873797624155486E-012  (3.95493128541739606E-005,-1.05950826244041259E-017)  (5.61507173440009939E-006,-4.12432484713459404E-006)             (-0.49999792508897406,0.0000000000000000)
        1951        2000   1048.2998644087893        1.0000000000093934        2.2055670057614991       0.99999748529070365        2.5147186904969979E-006  -9.3933749667485245E-012  (2.42041047136198728E-005,-1.54168293889196201E-018) (-3.50175333021973727E-005,-2.24646837565800500E-006)             (-0.49999792508897706,0.0000000000000000)
        1952        2000   1049.4021776205755        1.0000000000093934        5.8269658756908473       0.99999748529070431        2.5147186904990715E-006  -9.3933749667485245E-012  (-1.30233987225004973E-005,2.60791435965388352E-018)  (-3.70545864860927920E-005,1.82209697250378144E-006)             (-0.49999792508897739,0.0000000000000000)
        1953        2000   1050.5044908323616        1.0000000000094069        11.799139763903522       0.99999748529071564        2.5147186905006927E-006  -9.4069196876489514E-012  (-3.28232240304802977E-005,7.79710647757362952E-018)  (-1.49552416836843341E-006,3.80907274591504610E-006)             (-0.49999792508898305,0.0000000000000000)
        1954        2000   1051.6068040441478        1.0000000000094098        20.027903920578531       0.99999748529072008        2.5147186905008587E-006  -9.4098062675129768E-012  (-1.56430036527951370E-005,6.62073753869371131E-018)   (3.48412662738432802E-005,1.93052761571926935E-006)             (-0.49999792508898527,0.0000000000000000)
        1955        2000   1052.7091172559340        1.0000000000094154        30.383485819339850       0.99999748529072208        2.5147186904994865E-006  -9.4153573826361026E-012   (2.01420332991949118E-005,1.48457267225103725E-019)  (3.43291250259648173E-005,-2.03536223000731373E-006)             (-0.49999792508898627,0.0000000000000000)
        1956        2000   1053.8114304677201        1.0000000000094202        42.702571747518874       0.99999748529073007        2.5147186904971555E-006  -9.4202423639444532E-012  (3.64578173877400533E-005,-2.63138716215671878E-018) (-2.69764059025554166E-006,-3.72929501217047441E-006)             (-0.49999792508899027,0.0000000000000000)
        1957        2000   1054.9137436795063        1.0000000000094258        56.790882360963167       0.99999748529073562        2.5147186904951561E-006  -9.4257934790675790E-012   (1.69509615166767596E-005,1.82340771700577324E-017) (-3.47672040164014571E-005,-1.34047547277895530E-006)             (-0.49999792508899304,0.0000000000000000)
        1958        2000   1056.0160568912925        1.0000000000094347        72.426236585348946       0.99999748529074295        2.5147186904943353E-006  -9.4346752632645803E-012 (-1.57496117063575113E-005,-9.80762817179623582E-019)  (-2.85436290409766875E-005,2.26538164164482686E-006)             (-0.49999792508899671,0.0000000000000000)
        1959        2000   1057.1183701030786        1.0000000000094380        89.362055544451152       0.99999748529074894        2.5147186904950057E-006  -9.4380059323384558E-012  (-2.67262551242757411E-005,1.35310793901030311E-018)   (7.22082497320315601E-006,3.37588579497505740E-006)             (-0.49999792508899971,0.0000000000000000)
        1960        2000   1058.2206833148648        1.0000000000094449        107.33125125631582       0.99999748529075294        2.5147186904965630E-006  -9.4448893150911317E-012 (-5.16098476128639063E-006,-1.26168067885754257E-018)   (3.44445294943170350E-005,9.05458324178466207E-007)             (-0.49999792508900170,0.0000000000000000)
        1961        2000   1059.3229965266510        1.0000000000094462        126.05043877029118       0.99999748529075538        2.5147186904981495E-006  -9.4462215827206819E-012  (2.51672109565362885E-005,-1.90516595147349963E-018)  (2.41601622083391364E-005,-2.49704132363671473E-006)             (-0.49999792508900293,0.0000000000000000)
        1962        2000   1060.4253097384371        1.0000000000094424        145.22440531697853       0.99999748529075227        2.5147186904991108E-006  -9.4424468244369564E-012  (3.15788653110463490E-005,-1.35897205010615751E-018) (-1.16442090556922239E-005,-3.12432771510071449E-006)             (-0.49999792508900137,0.0000000000000000)
        1963        2000   1061.5276229502233        1.0000000000094451        164.55076598996536       0.99999748529075516        2.5147186904991363E-006  -9.4451113596960568E-012   (7.83371635844611140E-006,3.81507291062243298E-018) (-3.42635599969307446E-005,-4.77370681916627955E-007)             (-0.49999792508900281,0.0000000000000000)
        1964        2000   1062.6299361620095        1.0000000000094500        183.72473253642963       0.99999748529075827        2.5147186904986996E-006  -9.4499963410044074E-012 (-2.05859240463019934E-005,-4.58590482134021687E-018)  (-2.07904724293206012E-005,2.57702463380943776E-006)             (-0.49999792508900437,0.0000000000000000)
        1965        2000   1063.7322493737956        1.0000000000094513        202.44392004996359       0.99999748529076138        2.5147186904980923E-006  -9.4513286086339576E-012  (-2.41360122678028055E-005,1.44652426368953226E-018)   (1.38398752371822418E-005,2.85058083966724462E-006)             (-0.49999792508900592,0.0000000000000000)
        1966        2000   1064.8345625855818        1.0000000000094549        220.41311576117357       0.99999748529076449        2.5147186904976061E-006  -9.4548813223127581E-012 (-1.15575794649616470E-007,-1.30166888937684562E-017)   (3.25044134251057198E-005,1.05077149306412110E-007)             (-0.49999792508900748,0.0000000000000000)
        1967        2000   1065.9368757973680        1.0000000000094620        237.34893471942030       0.99999748529077248        2.5147186904969865E-006  -9.4619867496703591E-012   (2.52227065573746671E-005,2.54421032267465090E-018)  (1.66537274224307942E-005,-2.54308424418578383E-006)             (-0.49999792508901147,0.0000000000000000)
        1968        2000   1067.0391890091541        1.0000000000094695        252.98428894276276       0.99999748529077803        2.5147186904960285E-006  -9.4695362662378102E-012  (2.61868762273316788E-005,-9.24412129382550733E-018) (-1.45225584176452874E-005,-2.39213215747044423E-006)             (-0.49999792508901425,0.0000000000000000)
        1969        2000   1068.1415022209403        1.0000000000094738        267.07259955499035       0.99999748529078403        2.5147186904949096E-006  -9.4737551137313858E-012  (3.87655903358823158E-006,-6.36216727806196576E-019)  (-2.86354024800390965E-005,1.14503897172026516E-007)             (-0.49999792508901725,0.0000000000000000)
        1970        2000   1069.2438154327265        1.0000000000094733        279.39168548179981       0.99999748529078314        2.5147186904941574E-006  -9.4733110245215357E-012 (-1.74889167340908192E-005,-3.79745316293406214E-021)  (-1.28002816735397404E-005,2.37494783133273264E-006)             (-0.49999792508901680,0.0000000000000000)
        1971        2000   1070.3461286445126        1.0000000000094800        289.74726737905934       0.99999748529078913        2.5147186904944047E-006  -9.4799723626692867E-012  (-1.59812787780239554E-005,9.15919187379331213E-018)   (1.56514037644290733E-005,2.11261016256657496E-006)             (-0.49999792508901980,0.0000000000000000)
        1972        2000   1071.4484418562988        1.0000000000094815        297.97603153412496       0.99999748529079113        2.5147186904957680E-006  -9.4815266749037619E-012  (5.91227646611047183E-006,-1.14465884809286569E-018)  (2.66462971314253757E-005,-3.63260686135798637E-007)             (-0.49999792508902080,0.0000000000000000)
        1973        2000   1072.5507550680850        1.0000000000094882        303.94820542064730       0.99999748529079646        2.5147186904977437E-006  -9.4881880130515128E-012   (2.43894196440207315E-005,1.22735077191917982E-020)  (9.13754956567010416E-006,-2.36317879087453105E-006)             (-0.49999792508902346,0.0000000000000000)
        1974        2000   1073.6530682798711        1.0000000000094911        307.56960428883212       0.99999748529079979        2.5147186904994315E-006  -9.4910745929155382E-012  (2.01109165241690511E-005,-7.88582177415078848E-018) (-1.73104569702767181E-005,-1.80974697105862700E-006)             (-0.49999792508902513,0.0000000000000000)
        1975        2000   1074.7553814916573        1.0000000000094957        308.78311651520551       0.99999748529080512        2.5147186905001239E-006  -9.4957375296189639E-012 (-1.76698253150906472E-006,-1.34003500554107595E-018)  (-2.50674275857382455E-005,5.44081346036658101E-007)             (-0.49999792508902779,0.0000000000000000)
        1976        2000   1075.8576947034435        1.0000000000095042        307.56960428704309       0.99999748529081289        2.5147186904992591E-006  -9.5041752246061151E-012  (-1.85023634442775524E-005,1.82304245374498673E-017)  (-7.48212178094885873E-006,2.22971018195905390E-006)             (-0.49999792508903168,0.0000000000000000)
        1977        2000   1076.9600079152297        1.0000000000095071        303.94820541709993       0.99999748529081667        2.5147186904970454E-006  -9.5070618044701405E-012  (-1.35958720330997434E-005,1.71411497014612595E-017)   (1.69708211828760508E-005,1.65470271770719778E-006)             (-0.49999792508903357,0.0000000000000000)
        1978        2000   1078.0623211270158        1.0000000000095148        297.97603152887478       0.99999748529082400        2.5147186904944433E-006  -9.5148333656425166E-012   (7.38398562360462397E-006,3.40673511173267097E-019)  (2.36730798203492525E-005,-5.98967831561065191E-007)             (-0.49999792508903723,0.0000000000000000)
        1979        2000   1079.1646343388020        1.0000000000095148        289.74726737218657       0.99999748529082400        2.5147186904925277E-006  -9.5148333656425166E-012  (2.26529495190960732E-005,-1.45214063118633693E-018)  (5.92729378532363413E-006,-2.16875771393743774E-006)             (-0.49999792508903723,0.0000000000000000)
        1980        2000   1080.2669475505882        1.0000000000095202        279.39168547341251       0.99999748529083021        2.5147186904920839E-006  -9.5201624361607173E-012  (1.70792281859931690E-005,-7.98434343681163704E-018) (-1.65077482994250957E-005,-1.36299690290476258E-006)             (-0.49999792508904034,0.0000000000000000)
        1981        2000   1081.3692607623743        1.0000000000095244        267.07259954522181       0.99999748529083266        2.5147186904932651E-006  -9.5243812836542929E-012 (-1.85114563578286131E-006,-1.26540742082623700E-018)  (-2.01145017901037626E-005,7.39144061024308364E-007)             (-0.49999792508904156,0.0000000000000000)
        1982        2000   1082.4715739741605        1.0000000000095237        252.98428893176583       0.99999748529083221        2.5147186904953831E-006  -9.5237151498395178E-012 (-1.38484378964321974E-005,-3.51816851673879367E-019)  (-3.25206668088165500E-006,1.92503505196293202E-006)             (-0.49999792508904134,0.0000000000000000)
        1983        2000   1083.5738871859467        1.0000000000095255        237.34893470737029       0.99999748529083510        2.5147186904976196E-006  -9.5254915066789181E-012  (-7.24298516365787653E-006,1.75086116627327639E-019)   (1.60087635320746221E-005,1.12515222681123941E-006)             (-0.49999792508904278,0.0000000000000000)
        1984        2000   1084.6762003977328        1.0000000000095297        220.41311574826014       0.99999748529083798        2.5147186904990511E-006  -9.5297103541724937E-012   (1.01995181834148648E-005,1.26351119314790867E-018)  (1.76574316195728468E-005,-8.55511789939615336E-007)             (-0.49999792508904423,0.0000000000000000)
        1985        2000   1085.7785136095190        1.0000000000095315        202.44392003639024       0.99999748529084109        2.5147186904993307E-006  -9.5314867110118939E-012   (1.95010915563259381E-005,1.44906752734143781E-018)  (4.03077455977261629E-007,-1.81296522168758767E-006)             (-0.49999792508904578,0.0000000000000000)
        1986        2000   1086.8808268213052        1.0000000000095342        183.72473252241122       0.99999748529084354        2.5147186904985103E-006  -9.5341512462709943E-012  (1.13299084705805515E-005,-3.35467147274886551E-018) (-1.60743345829991870E-005,-8.21042315128439979E-007)             (-0.49999792508904700,0.0000000000000000)
        1987        2000   1087.9831400330913        1.0000000000095404        164.55076597572091       0.99999748529084953        2.5147186904968560E-006  -9.5403684952088952E-012 (-5.02104974737350427E-006,-2.54315841375529200E-018)  (-1.57488252654794032E-005,8.35124284218864266E-007)             (-0.49999792508905000,0.0000000000000000)
        1988        2000   1089.0854532448775        1.0000000000095477        145.22440530273312       0.99999748529085686        2.5147186904949938E-006  -9.5476959671714212E-012 (-1.32851629326398217E-005,-1.84931446904731461E-017)  (-3.28532227624872163E-007,1.63790531346680338E-006)             (-0.49999792508905366,0.0000000000000000)
        1989        2000   1090.1877664566637        1.0000000000095548        126.05043875626920       0.99999748529086152        2.5147186904933989E-006  -9.5548013945290222E-012 (-5.64293545921181985E-006,-2.31150009702820075E-018)   (1.51398954295999728E-005,7.99805325971015378E-007)             (-0.49999792508905599,0.0000000000000000)
        1990        2000   1091.2900796684498        1.0000000000095555        107.33125124273978       0.99999748529086463        2.5147186904925112E-006  -9.5554675283437973E-012  (9.75463250451181280E-006,-6.53736278850528114E-018)  (1.46395758002509461E-005,-8.37126982009423708E-007)             (-0.49999792508905755,0.0000000000000000)
        1991        2000   1092.3923928802360        1.0000000000095624        89.362055531533258       0.99999748529087151        2.5147186904923896E-006  -9.5623509110964733E-012  (1.72443169980057863E-005,-4.21137569245828318E-021)  (1.09927628378504869E-007,-1.42236990041509062E-006)             (-0.49999792508906099,0.0000000000000000)
        1992        2000   1093.4947060920222        1.0000000000095670        72.426236573292996       0.99999748529087706        2.5147186904932502E-006  -9.5670138477998989E-012  (1.08100097854072256E-005,-2.00177282623453453E-021) (-1.24941152692918932E-005,-6.27998919168498949E-007)             (-0.49999792508906377,0.0000000000000000)
        1993        2000   1094.5970193038083        1.0000000000095679        56.790882349959560       0.99999748529087795        2.5147186904948545E-006  -9.5679020262195991E-012  (-1.94513166501397838E-006,1.30781916929236879E-017)  (-1.23415876079645589E-005,6.64304834426339527E-007)             (-0.49999792508906421,0.0000000000000000)
        1994        2000   1095.6993325155945        1.0000000000095712        42.702571737742055       0.99999748529088106        2.5147186904967510E-006  -9.5712326952934745E-012 (-8.28252092217211051E-006,-6.53614160993467583E-018)   (8.96581482709007395E-008,1.30620384227554749E-006)             (-0.49999792508906576,0.0000000000000000)
        1995        2000   1096.8016457273807        1.0000000000095755        30.383485810943863       0.99999748529088439        2.5147186904983303E-006  -9.5754515427870501E-012  (-2.12075011567087220E-006,1.12399249173971993E-018)   (1.16961551391953943E-005,5.15136043569945744E-007)             (-0.49999792508906743,0.0000000000000000)
        1996        2000   1097.9039589391668        1.0000000000095777        20.027903913696047       0.99999748529088728        2.5147186904989190E-006  -9.5776719888363004E-012  (9.13019156521495161E-006,-1.65636138204208990E-021)  (1.00876749546095643E-005,-7.09697475098457318E-007)             (-0.49999792508906887,0.0000000000000000)
        1997        2000   1099.0062721509530        1.0000000000095888        11.799139758643442       0.99999748529089816        2.5147186904980842E-006  -9.5887742190825520E-012  (1.36291643540157920E-005,-6.72136709056831110E-018) (-1.24207723744658737E-006,-1.11335058520376331E-006)             (-0.49999792508907431,0.0000000000000000)
        1998        2000   1100.1085853627392        1.0000000000095974        5.8269658721365278       0.99999748529090748        2.5147186904959972E-006  -9.5974339586746282E-012   (7.20080314479678369E-006,1.94982000956403529E-018) (-1.13680379103348837E-005,-5.03510410819169155E-007)             (-0.49999792508907898,0.0000000000000000)
        1999        2000   1101.2108985745253        1.0000000000095983        2.2055670039694597       0.99999748529091015        2.5147186904935302E-006  -9.5983221370943284E-012 (-3.94652872771600198E-006,-8.89152225355465919E-018)  (-1.01437281781673181E-005,7.32525185083502691E-007)             (-0.49999792508908031,0.0000000000000000)
        2000        2000   1102.3132117863115        1.0000000000096056       0.99205477761207406       0.99999748529091392        2.5147186904917374E-006  -9.6056496090568544E-012 (-8.03822023486626472E-006,-9.79473001671658500E-018)   (2.22039332924325410E-006,1.14357828427073899E-006)             (-0.49999792508908220,0.0000000000000000)
 data/dyn__20260408_001529_4104141/                                                                                                                                                                                                                             
