 Check the initial condition
     # t        Re[psi(1)]        Im[psi(1)]      ||psi||Re[phi(2)]        Im[phi(2)]        ||phi||
-1102.3132     0.1000000000E+01    0.0000000000E+00    0.1000000000E+01    0.0000000000E+00    0.2367367120E-03    0.1403868665E+01
 Saving the dynamic parameters
 Saving the initial conditions
 Starting propagation
 nt =       10000
           1        1000  -1100.1085853623199       0.99999999999999778        6.8059492052546826       0.99999999999999778        9.9924576720342651E-029   2.2204460492503131E-015   (8.19502916405951364E-016,2.27315456622706098E-019)  (2.14390154800435660E-016,-5.49205375440173389E-016)             (-0.49999999999995237,0.0000000000000000)
           2        1000  -1097.9039589387476       0.99999999999999678        21.007447893689335       0.99999999999999689        1.5579763947770660E-028   3.2196467714129540E-015  (9.75136086957604702E-016,-1.46770700330317646E-018)  (1.70791540094144168E-016,-2.22349794767899413E-016)             (-0.49999999999995193,0.0000000000000000)
           3        1000  -1095.6993325151752       0.99999999999999456        43.683010902557086       0.99999999999999512        1.2491811236829426E-028   5.4400928206632670E-015   (8.89721320047466302E-016,3.88339836484688204E-018)  (3.55531809083897064E-016,-9.59077341139418693E-017)             (-0.49999999999995104,0.0000000000000000)
           4        1000  -1093.4947060916029       0.99999999999999289        73.407849213122304       0.99999999999999312        8.0798699179193493E-029   7.1054273576010019E-015  (1.15934009922471382E-015,-4.54449067376533440E-018)  (3.54484974670783148E-017,-4.35555420594795066E-016)             (-0.49999999999995004,0.0000000000000000)
           5        1000  -1091.2900796680306       0.99999999999999178        108.31424191402471       0.99999999999999201        6.2161491858575007E-029   8.2156503822261584E-015   (9.03385922347847878E-016,7.41088981077046026E-018)  (1.62045253323771114E-016,-1.14934568475187674E-016)             (-0.49999999999994948,0.0000000000000000)
           6        1000  -1089.0854532444582       0.99999999999999034        146.20889197513250       0.99999999999999067        7.9673924041174699E-029   9.6589403142388619E-015   (8.31269605767838520E-016,8.84796064760912331E-019)  (2.62547316534958634E-016,-2.66367209334721440E-016)             (-0.49999999999994882,0.0000000000000000)
           7        1000  -1086.8808268208859       0.99999999999998890        184.71073916633040       0.99999999999998912        1.1671927521153112E-028   1.1102230246251565E-014  (9.56838204912020228E-016,-1.14785472840559679E-018) (-2.46546169951367102E-016,-9.53980403144417958E-017)             (-0.49999999999994804,0.0000000000000000)
           8        1000  -1084.6762003973136       0.99999999999998590        221.40057082870464       0.99999999999998623        1.3076331308950669E-028   1.4099832412739488E-014  (9.12452817018257191E-016,-7.56742612564979570E-018)  (3.23042562067669898E-017,-1.38929734794526775E-016)             (-0.49999999999994660,0.0000000000000000)
           9        1000  -1082.4715739737412       0.99999999999998179        253.97302990314739       0.99999999999998224        1.1247605304437507E-028   1.8207657603852567E-014  (9.29922917561029632E-016,-2.34060561766708244E-018)  (5.15424264684313838E-017,-5.25679563640118553E-016)             (-0.49999999999994460,0.0000000000000000)
          10        1000  -1080.2669475501689       0.99999999999998013        280.38146899288142       0.99999999999998046        8.0579015967495906E-029   1.9872992140790302E-014   (1.12217557339946496E-015,4.44072233721321428E-019)  (5.12119643352676096E-016,-3.17378401041785177E-016)             (-0.49999999999994371,0.0000000000000000)
          11        1000  -1078.0623211265965       0.99999999999997979        298.96654874645543       0.99999999999998002        7.5141389591478462E-029   2.0206059048177849E-014  (9.55710167361979981E-016,-2.63930765308784226E-018) (-4.12470777156703569E-017,-2.95887841834806113E-016)             (-0.49999999999994349,0.0000000000000000)
          12        1000  -1075.8576947030242       0.99999999999997768        308.56050025181162       0.99999999999997802        9.5253143038471771E-029   2.2315482794965646E-014   (7.60045324318654573E-016,3.91063551359698550E-018)  (2.15760332393597104E-016,-3.43205684073697582E-016)             (-0.49999999999994249,0.0000000000000000)
          13        1000  -1073.6530682794519       0.99999999999997480        308.56050025178462       0.99999999999997535        1.2461289128633660E-028   2.5202062658991053E-014   (6.57824712869486816E-016,6.78248149110921452E-018) (-1.98870983629462502E-017,-2.85174673127992400E-016)             (-0.49999999999994116,0.0000000000000000)
          14        1000  -1071.4484418558795       0.99999999999997280        298.96654874636590       0.99999999999997291        1.1810073928025876E-028   2.7200464103316335E-014  (1.11050960581752224E-015,-2.05494886721566230E-018)  (1.98627170826099333E-016,-2.17022543829475897E-016)             (-0.49999999999993994,0.0000000000000000)
          15        1000  -1069.2438154323072       0.99999999999997036        280.38146899273369       0.99999999999997047        1.0485529474940079E-028   2.9642954757491680E-014  (1.02877334315298705E-015,-1.39801258893035569E-017) (-1.19270630021296433E-016,-2.41324640062509385E-016)             (-0.49999999999993872,0.0000000000000000)
          16        1000  -1067.0391890087349       0.99999999999996891        253.97302990295293       0.99999999999996914        8.4398768687719193E-029   3.1086244689504383E-014   (6.61885972524166388E-016,1.20852786833448823E-018) (-3.41450160104036975E-016,-5.61914634582854936E-016)             (-0.49999999999993805,0.0000000000000000)
          17        1000  -1064.8345625851625       0.99999999999996736        221.40057082848000       0.99999999999996758        7.9806831232705771E-029   3.2640556923979602E-014   (8.68337818870060906E-016,3.79380813034288622E-018)  (8.00360322872222237E-016,-3.34407917046389276E-016)             (-0.49999999999993727,0.0000000000000000)
          18        1000  -1062.6299361615902       0.99999999999996392        184.71073916608671       0.99999999999996447        1.0392098215894786E-028   3.6082248300317588E-014  (1.03563235233869411E-015,-1.26738048942775981E-017)  (1.76904814819991330E-016,-5.97589351205110296E-016)             (-0.49999999999993572,0.0000000000000000)
          19        1000  -1060.4253097380179       0.99999999999996181        146.20889197488631       0.99999999999996203        1.2346297151569743E-028   3.8191672047105385E-014   (9.80896550418485833E-016,5.29391426630548565E-018)  (2.04819811726878376E-016,-2.01730079145165165E-016)             (-0.49999999999993450,0.0000000000000000)
          20        1000  -1058.2206833144455       0.99999999999995914        108.31424191379213       0.99999999999995959        1.2054942155333612E-028   4.0856207306205761E-014  (1.02473022405461523E-015,-3.27390223828593481E-020)  (1.30601223077045460E-016,-3.00152861812360533E-016)             (-0.49999999999993328,0.0000000000000000)
          21        1000  -1056.0160568908732       0.99999999999995792        73.407849212917085       0.99999999999995803        9.4938665371552693E-029   4.2077452633293433E-014   (9.76093731335244279E-016,2.23958952069824349E-018) (-2.26896070687687810E-017,-2.11615637888313030E-016)             (-0.49999999999993250,0.0000000000000000)
          22        1000  -1053.8114304673009       0.99999999999995659        43.683010902390443       0.99999999999995692        7.8121150994677598E-029   4.3409720262843621E-014   (8.67691998414495129E-016,1.88871331288989755E-018)  (2.41904344487353715E-017,-4.07372894599589461E-016)             (-0.49999999999993194,0.0000000000000000)
          23        1000  -1051.6068040437285       0.99999999999995459        21.007447893571825       0.99999999999995492        9.1830233035523605E-029   4.5408121707168903E-014  (7.68847388590794593E-016,-8.74001855680628471E-019)  (2.94213833063121753E-017,-3.47303808883973724E-016)             (-0.49999999999993094,0.0000000000000000)
          24        1000  -1049.4021776201562       0.99999999999995393        6.8059492051935635       0.99999999999995426        1.1094573503476008E-028   4.6074255521943996E-014   (1.19423449003087470E-015,5.81030037834488677E-018) (-1.10505641164462792E-016,-4.37102051245250730E-016)             (-0.49999999999993061,0.0000000000000000)
          25        1000  -1047.1975511965838       0.99999999999995348        1.9708472293050572       0.99999999999995337        1.2558897833135262E-028   4.6518344731794059E-014  (9.66415337543893685E-016,-8.41153960772093363E-018)  (3.03089844331695125E-016,-4.99369718066753389E-016)             (-0.49999999999993017,0.0000000000000000)
          26        1000  -1044.9929247730115       0.99999999999994971        6.8059492053127482       0.99999999999995004        1.1295451314015815E-028   5.0293103015519591E-014  (8.15350513990935014E-016,-2.83690753184323451E-018) (-2.72989491394522293E-016,-2.40626045722365304E-016)             (-0.49999999999992850,0.0000000000000000)
          27        1000  -1042.7882983494392       0.99999999999994704        21.007447893802716       0.99999999999994738        8.6698375224559181E-029   5.2957638274619967E-014   (7.83944995025505315E-016,3.60340690819092230E-022)  (2.15095094393220375E-016,-1.04251587696063566E-016)             (-0.49999999999992717,0.0000000000000000)
          28        1000  -1040.5836719258668       0.99999999999994582        43.683010902717754       0.99999999999994604        8.3216875210228096E-029   5.4178883601707639E-014   (7.82213710177494460E-016,8.35820071178021758E-018)  (3.10423617608763668E-016,-2.85030636608826204E-016)             (-0.49999999999992650,0.0000000000000000)
          29        1000  -1038.3790455022945       0.99999999999994471        73.407849213319921       0.99999999999994471        9.7039933380305089E-029   5.5289106626332796E-014  (9.70385157893958380E-016,-9.44324834585832108E-018)  (3.20661186258554212E-016,-3.24807652876551734E-016)             (-0.49999999999992584,0.0000000000000000)
          30        1000  -1036.1744190787222       0.99999999999994227        108.31424191424499       0.99999999999994249        1.1331131133730966E-028   5.7731597280508140E-014  (8.48579894077637595E-016,-2.80881770146840681E-018)  (2.51968073665741256E-016,-2.96098110992846988E-016)             (-0.49999999999992473,0.0000000000000000)
          31        1000  -1033.9697926551498       0.99999999999993938        146.20889197535814       0.99999999999993983        1.1890964150495189E-028   6.0618177144533547E-014   (9.50302329447242851E-016,7.97754049863961590E-018)  (5.80219673109538301E-017,-8.46049535138985209E-017)             (-0.49999999999992339,0.0000000000000000)
          32        1000  -1031.7651662315775       0.99999999999993761        184.71073916654785       0.99999999999993783        1.0648804395175575E-028   6.2394533983933798E-014   (8.84268486025986228E-016,3.37192271503597774E-018)  (7.56267664166424030E-017,-3.06380622529122572E-016)             (-0.49999999999992240,0.0000000000000000)
          33        1000  -1029.5605398080052       0.99999999999993650        221.40057082890175       0.99999999999993694        8.2782109546092259E-029   6.3504757008558954E-014  (9.30052392762022673E-016,-5.98925897241162763E-018)  (1.78094280751294505E-016,-5.26841918867064244E-016)             (-0.49999999999992195,0.0000000000000000)
          34        1000  -1027.3559133844328       0.99999999999993361        253.97302990331133       0.99999999999993405        8.2697161918541630E-029   6.6391336872584361E-014  (9.70694326181018859E-016,-4.85116348633019775E-018)  (1.65068112915230701E-016,-7.48380819239909611E-017)             (-0.49999999999992051,0.0000000000000000)
          35        1000  -1025.1512869608605       0.99999999999993316        280.38146899300341       0.99999999999993339        1.0503782175717001E-028   6.6835426082434424E-014  (1.00104015864704888E-015,-2.70469551084670863E-018)  (9.59117128770353689E-018,-2.33514707365175499E-016)             (-0.49999999999992017,0.0000000000000000)
          36        1000  -1022.9466605372882       0.99999999999993183        298.96654874652546       0.99999999999993205        1.1649953724737018E-028   6.8167693711984612E-014   (6.92911807399985377E-016,1.01699343229842823E-017)  (5.96664621850014061E-017,-4.48692318064372368E-016)             (-0.49999999999991951,0.0000000000000000)
          37        1000  -1020.7420341137158       0.99999999999992939        308.56050025182537       0.99999999999992939        1.1666511534653986E-028   7.0610184366159956E-014  (8.39480422545775930E-016,-2.07506425357144946E-018)  (6.49988111235556531E-016,-3.79308440608732189E-016)             (-0.49999999999991818,0.0000000000000000)
          38        1000  -1018.5374076901435       0.99999999999992784        308.56050025173744       0.99999999999992806        9.7716607493737946E-029   7.2164496600635175E-014  (1.01958902614240198E-015,-1.58068904602468348E-017)  (2.91158989077713655E-017,-3.49208537835977265E-016)             (-0.49999999999991751,0.0000000000000000)
          39        1000  -1016.3327812665711       0.99999999999992661        298.96654874625989       0.99999999999992695        8.4199814667386362E-029   7.3385741927722847E-014   (1.01442004416826886E-015,3.94796982450937836E-018)  (8.79996263605125038E-017,-5.76512826247766989E-016)             (-0.49999999999991696,0.0000000000000000)
          40        1000  -1014.1281548429988       0.99999999999992562        280.38146899257748       0.99999999999992584        9.5168127452052324E-029   7.4384942649885488E-014   (8.54992377333078296E-016,3.90790531133836960E-018)  (3.20757257180280996E-016,-2.69929833097620423E-016)             (-0.49999999999991640,0.0000000000000000)
          41        1000  -1011.9235284194265       0.99999999999992517        253.97302990275551       0.99999999999992539        1.0312789743133757E-028   7.4829031859735551E-014   (9.79978630056427665E-016,8.49363234544846641E-018)  (1.18593876751517643E-016,-3.77021207032407521E-016)             (-0.49999999999991618,0.0000000000000000)
          42        1000  -1009.7189019958541       0.99999999999992206        221.40057082825433       0.99999999999992228        1.2091482997983354E-028   7.7937656328685989E-014   (9.32446386199469964E-016,6.13972869878525182E-018)  (2.04677498296071574E-016,-3.05039836162274282E-016)             (-0.49999999999991462,0.0000000000000000)
          43        1000  -1007.5142755722818       0.99999999999991973        184.71073916584726       0.99999999999991984        1.1455096294333398E-028   8.0269124680398818E-014   (7.41372880520060919E-016,7.44946772661371490E-018)  (4.63677220781021186E-016,-3.51161590176815658E-016)             (-0.49999999999991340,0.0000000000000000)
          44        1000  -1005.3096491487095       0.99999999999991851        146.20889197464325       0.99999999999991873        8.8292236097233830E-029   8.1490370007486490E-014   (9.42260026332222229E-016,4.11587327684826861E-018)  (2.27710498637940351E-016,-4.22782469726640160E-016)             (-0.49999999999991285,0.0000000000000000)
          45        1000  -1003.1050227251371       0.99999999999991718        108.31424191356231       0.99999999999991740        8.3860495378747923E-029   8.2822637637036678E-014  (8.47175733138855229E-016,-2.08685858539411653E-017)  (2.27390847928420032E-016,-1.80041133421659432E-016)             (-0.49999999999991218,0.0000000000000000)
          46        1000  -1000.9003963015648       0.99999999999991618        73.407849212713259       0.99999999999991651        9.7520402159065360E-029   8.3821838359199319E-014   (9.43013966914994153E-016,8.19463644949974507E-018)  (1.29785654905056254E-016,-5.06870409436288789E-016)             (-0.49999999999991174,0.0000000000000000)
          47        1000  -998.69576987799246       0.99999999999991362        43.683010902225575       0.99999999999991407        1.1613178991159539E-028   8.6375351315837179E-014  (9.18253823754739854E-016,-7.22200163334081735E-019)  (3.08709268582831820E-016,-4.49478339751026981E-016)             (-0.49999999999991052,0.0000000000000000)
          48        1000  -996.49114345442013       0.99999999999991174        21.007447893455684       0.99999999999991207        1.1774285339133551E-028   8.8262730457699945E-014   (9.77793846789920421E-016,1.02070766935965227E-017) (-2.13172350108923293E-016,-6.53516143267013325E-016)             (-0.49999999999990952,0.0000000000000000)
          49        1000  -994.28651703084779       0.99999999999990929        6.8059492051330190       0.99999999999990941        1.0339210511921942E-028   9.0705221111875289E-014   (8.85100850036546516E-016,4.99391771993013228E-019)  (3.51753017304986727E-016,-3.11693319850072090E-016)             (-0.49999999999990818,0.0000000000000000)
          50        1000  -992.08189060727545       0.99999999999990830        1.9708472293037438       0.99999999999990896        8.9657496255263844E-029   9.1704421834037930E-014   (8.38468342903335704E-016,5.65216733821963993E-019)  (5.08920126590326202E-016,-2.03952659799145049E-016)             (-0.49999999999990796,0.0000000000000000)
          51        1000  -989.87726418370312       0.99999999999990830        6.8059492053704913       0.99999999999990830        8.6105781270489398E-029   9.1704421834037930E-014  (1.05864450413177886E-015,-1.27271180052290334E-017)  (5.24333228137506791E-017,-3.06958709316965325E-016)             (-0.49999999999990763,0.0000000000000000)
          52        1000  -987.67263776013078       0.99999999999990674        21.007447893915625       0.99999999999990719        1.0491734237990803E-028   9.3258734068513149E-014   (8.80739137922102063E-016,2.40907809395705905E-018)  (1.70999112600612755E-016,-2.23267819920444685E-016)             (-0.49999999999990707,0.0000000000000000)
          53        1000  -985.46801133655845       0.99999999999990397        43.683010902878323       0.99999999999990430        1.1666243787465845E-028   9.6034291630076041E-014  (6.99880464901563136E-016,-5.11431126607357183E-018) (-8.28162509787618921E-017,-8.47184894781148684E-017)             (-0.49999999999990563,0.0000000000000000)
          54        1000  -983.26338491298611       0.99999999999990175        73.407849213518006       0.99999999999990208        1.1616927008291503E-028   9.8254737679326354E-014   (9.79932210145637653E-016,1.24858937454138064E-018)  (6.01009867426030290E-016,-2.80027111050274928E-016)             (-0.49999999999990452,0.0000000000000000)
          55        1000  -981.05875848941378       0.99999999999989941        108.31424191446861       0.99999999999989986        9.4354287482871559E-029   1.0058620603103918E-013  (8.81107978591694354E-016,-6.08669419819920084E-018)  (2.85690545116914920E-016,-1.18924907171022714E-016)             (-0.49999999999990341,0.0000000000000000)
          56        1000  -978.85413206584144       0.99999999999989897        146.20889197559330       0.99999999999989941        9.5795456762785841E-029   1.0103029524088925E-013   (6.51696482919849978E-016,2.19728729726446893E-018) (-1.06257416492729564E-016,-4.07698291471483359E-016)             (-0.49999999999990319,0.0000000000000000)
          57        1000  -976.64950564226911       0.99999999999989975        184.71073916678188       0.99999999999990008        9.3962772176943137E-029   1.0025313912365164E-013   (8.68107657358569711E-016,1.32133475687516975E-028)  (7.41813467284633168E-016,-2.89748609815855734E-016)             (-0.49999999999990352,0.0000000000000000)
          58        1000  -974.44487921869677       0.99999999999989764        221.40057082911591       0.99999999999989786        1.0247055169618564E-028   1.0236256287043943E-013   (1.05146159086966338E-015,1.17142582266807618E-017)  (1.03121574741758901E-016,-3.30612511698994239E-016)             (-0.49999999999990241,0.0000000000000000)
          59        1000  -972.24025279512443       0.99999999999989531        253.97302990349101       0.99999999999989586        1.2270013564912666E-028   1.0469403122215226E-013   (1.05712315837845256E-015,1.55982958828891244E-017)  (7.20590726696313743E-017,-2.46872255809507559E-016)             (-0.49999999999990141,0.0000000000000000)
          60        1000  -970.03562637155210       0.99999999999989242        280.38146899313693       0.99999999999989253        1.1518891877037902E-028   1.0758061108617767E-013   (5.26897579199147605E-016,2.28337339421399446E-018) (-1.45447773820064563E-016,-2.01925951359278287E-016)             (-0.49999999999989975,0.0000000000000000)
          61        1000  -967.83099994797976       0.99999999999989087        298.96654874660646       0.99999999999989120        9.4762337800966393E-029   1.0913492332065289E-013  (8.13063208972719451E-016,-2.34831387251354858E-018)  (3.48871762122093585E-016,-2.20976253401423224E-016)             (-0.49999999999989908,0.0000000000000000)
          62        1000  -965.62637352440743       0.99999999999989087        308.56050025184527       0.99999999999989098        8.6453089484761250E-029   1.0913492332065289E-013  (1.02819448815108717E-015,-1.11579404469225872E-018)  (1.39776801189766757E-016,-1.93882274146328888E-016)             (-0.49999999999989897,0.0000000000000000)
          63        1000  -963.42174710083509       0.99999999999988887        308.56050025169640       0.99999999999988898        9.9253035763633836E-029   1.1113332476497817E-013  (7.34035417955716099E-016,-2.85995403883703052E-018) (-1.77820085498643694E-016,-3.56541485101932317E-016)             (-0.49999999999989797,0.0000000000000000)
          64        1000  -961.21712067726276       0.99999999999988454        298.96654874616331       0.99999999999988454        1.2148314097551579E-028   1.1546319456101628E-013  (7.73800529114957204E-016,-1.17643297905597928E-021)  (4.09240586372998367E-016,-4.06075081406896330E-016)             (-0.49999999999989575,0.0000000000000000)
          65        1000  -959.01249425369042       0.99999999999988176        280.38146899242628       0.99999999999988165        1.1944256446572548E-028   1.1823875212257917E-013   (9.52471440661165240E-016,2.05374244081996434E-018) (-8.98116747993413767E-017,-3.21056894804815106E-016)             (-0.49999999999989431,0.0000000000000000)
          66        1000  -956.80786783011808       0.99999999999987932        253.97302990256208       0.99999999999987921        1.0560652061215599E-028   1.2068124277675452E-013  (7.95046784590518731E-016,-3.96923691424127477E-018) (-2.95134317538018153E-016,-5.86343587911688681E-016)             (-0.49999999999989309,0.0000000000000000)
          67        1000  -954.60324140654575       0.99999999999987732        221.40057082802994       0.99999999999987743        9.5285744685852389E-029   1.2267964422107980E-013   (8.21322980903404947E-016,4.96139853356181932E-019)  (8.08083874663866665E-016,-2.18001972075168532E-016)             (-0.49999999999989220,0.0000000000000000)
          68        1000  -952.39861498297341       0.99999999999987477        184.71073916560118       0.99999999999987499        9.4117122668644578E-029   1.2523315717771766E-013   (9.99749887201044343E-016,9.91340165539673288E-018)  (4.04971556660912461E-017,-1.82838055822792879E-016)             (-0.49999999999989098,0.0000000000000000)
          69        1000  -950.19398855940108       0.99999999999987454        146.20889197439678       0.99999999999987477        1.0662868019618334E-028   1.2545520178264269E-013   (8.55304595883121870E-016,9.97108176933519610E-024)  (1.57137989281792363E-018,-3.25044759682647108E-016)             (-0.49999999999989087,0.0000000000000000)
          70        1000  -947.98936213582874       0.99999999999987332        108.31424191332560       0.99999999999987343        1.1724462044943810E-028   1.2667644710973036E-013  (8.24523173738810359E-016,-2.28884671510405570E-018)  (1.65355164538693171E-016,-1.86515202318117318E-016)             (-0.49999999999989020,0.0000000000000000)
          71        1000  -945.78473571225641       0.99999999999987077        73.407849212504118       0.99999999999987144        1.1149951525352679E-028   1.2922996006636822E-013  (8.42335997617808613E-016,-3.09617233085784547E-018)  (3.58426393402431383E-016,-2.15570149185976939E-016)             (-0.49999999999988920,0.0000000000000000)
          72        1000  -943.58010928868407       0.99999999999986844        43.683010902056317       0.99999999999986855        1.0487760157688160E-028   1.3156142841808105E-013   (9.63522988055726259E-016,7.44920775422124639E-018)  (2.47442873719933857E-016,-3.05908038121871213E-016)             (-0.49999999999988776,0.0000000000000000)
          73        1000  -941.37548286511174       0.99999999999986666        21.007447893336820       0.99999999999986700        1.0066608194449647E-028   1.3333778525748130E-013   (7.68439350678629365E-016,5.07382337108670821E-018) (-3.32247666300163321E-016,-2.54631212185961018E-016)             (-0.49999999999988698,0.0000000000000000)
          74        1000  -939.17085644153940       0.99999999999986522        6.8059492050708750       0.99999999999986566        9.5476920083970639E-029   1.3478107518949400E-013   (1.01723734252810379E-015,1.21634311214068153E-019)  (4.23088223516860948E-016,-3.44335279074875800E-016)             (-0.49999999999988631,0.0000000000000000)
          75        1000  -936.96623001796706       0.99999999999986411        1.9708472293016590       0.99999999999986477        1.0621740147369221E-028   1.3589129821411916E-013   (7.41916377123344551E-016,9.44325902469527488E-018)  (2.24012281779885758E-016,-3.20873828047470629E-016)             (-0.49999999999988587,0.0000000000000000)
          76        1000  -934.76160359439473       0.99999999999986300        6.8059492054280248       0.99999999999986322        1.2078297011312302E-028   1.3700152123874432E-013   (8.88631279627364169E-016,2.23941311701114220E-018)  (1.37238951459852782E-016,-2.64875916514997727E-016)             (-0.49999999999988509,0.0000000000000000)
          77        1000  -932.55697717082239       0.99999999999985956        21.007447894028623       0.99999999999985967        1.1353620203751489E-028   1.4044321261508230E-013  (1.05338147221718518E-015,-6.66335356060851296E-019)  (2.63092204245278528E-016,-3.17310282157762529E-016)             (-0.49999999999988332,0.0000000000000000)
          78        1000  -930.35235074725006       0.99999999999985834        43.683010903039786       0.99999999999985856        1.0422598165349704E-028   1.4166445794216997E-013   (8.57232691400410469E-016,4.47128654016916774E-018)  (1.20579370040424432E-016,-2.80473488733195007E-016)             (-0.49999999999988276,0.0000000000000000)
          79        1000  -928.14772432367772       0.99999999999985689        73.407849213716290       0.99999999999985700        9.2613624320242718E-029   1.4310774787418268E-013  (1.05499096905309893E-015,-1.17188839516842581E-018)  (1.74197412246071096E-016,-2.19932604579837625E-016)             (-0.49999999999988198,0.0000000000000000)
          80        1000  -925.94309790010539       0.99999999999985434        108.31424191469077       0.99999999999985434        9.7434232137420664E-029   1.4566126083082054E-013   (7.57408630729956627E-016,2.83086287798697590E-018)  (4.93892029268071338E-016,-5.17496698518262771E-016)             (-0.49999999999988065,0.0000000000000000)
          81        1000  -923.73847147653305       0.99999999999985223        146.20889197582542       0.99999999999985256        1.1595801360483761E-028   1.4777068457760834E-013  (9.51016240451058937E-016,-5.00175954213037501E-018)  (2.66684661460389913E-017,-1.34579578870218075E-016)             (-0.49999999999987976,0.0000000000000000)
          82        1000  -921.53384505296071       0.99999999999984979        184.71073916700507       0.99999999999985012        1.1836256615037722E-028   1.5021317523178368E-013   (1.06847066787961117E-015,2.94297185847540178E-018) (-8.36608263597880271E-017,-2.45164026430175869E-016)             (-0.49999999999987854,0.0000000000000000)
          83        1000  -919.32921862938838       0.99999999999984768        221.40057082931958       0.99999999999984790        1.1418992933796020E-028   1.5232259897857148E-013  (8.09205566595198924E-016,-5.52357692587783286E-018)  (3.38656217097392835E-018,-4.57349017727130613E-016)             (-0.49999999999987743,0.0000000000000000)
          84        1000  -917.12459220581604       0.99999999999984668        253.97302990366319       0.99999999999984701        9.9371035019838575E-029   1.5332179970073412E-013   (6.56037776475578042E-016,4.32643632338351846E-019)  (1.42691902451489058E-016,-2.61122410544057892E-016)             (-0.49999999999987699,0.0000000000000000)
          85        1000  -914.91996578224371       0.99999999999984279        280.38146899326375       0.99999999999984324        9.1585172261453639E-029   1.5720758028692217E-013   (8.85550841306060804E-016,2.03388309040514785E-018)  (3.65968468156195493E-016,-2.18970956811068604E-016)             (-0.49999999999987510,0.0000000000000000)
          86        1000  -912.71533935867137       0.99999999999984168        298.96654874667894       0.99999999999984190        1.0675662855147750E-028   1.5831780331154732E-013   (9.18627603726901499E-016,2.34076111996975391E-018)  (1.64715840197958064E-016,-2.77722670773972356E-016)             (-0.49999999999987443,0.0000000000000000)
          87        1000  -910.51071293509904       0.99999999999983991        308.56050025185891       0.99999999999984013        1.2119257494289539E-028   1.6009416015094757E-013   (8.64685864500185925E-016,1.11750000345816420E-018)  (5.13930545883858051E-016,-2.44816779361156221E-016)             (-0.49999999999987355,0.0000000000000000)
          88        1000  -908.30608651152670       0.99999999999983735        308.56050025164842       0.99999999999983746        1.1638233506632451E-028   1.6264767310758543E-013  (8.69594347473169758E-016,-2.88357589657510679E-018)  (5.02064676466244290E-016,-1.83705318455547768E-016)             (-0.49999999999987221,0.0000000000000000)
          89        1000  -906.10146008795437       0.99999999999983435        298.96654874605866       0.99999999999983480        1.0539662730358333E-028   1.6564527527407336E-013  (9.64045521764400788E-016,-1.35303659285710329E-017)  (1.24436868909710440E-016,-3.48665423697077678E-016)             (-0.49999999999987088,0.0000000000000000)
          90        1000  -903.89683366438203       0.99999999999983225        280.38146899227490       0.99999999999983213        1.0077306573427982E-028   1.6775469902086115E-013  (8.27132150608985827E-016,-4.24154946998175555E-019)  (8.72924271438894186E-017,-4.51096577707308897E-016)             (-0.49999999999986955,0.0000000000000000)
          91        1000  -901.69220724080969       0.99999999999983191        253.97302990236571       0.99999999999983213        1.0055247286872278E-028   1.6808776592824870E-013   (9.15110874703405097E-016,1.15531130589532899E-018)  (5.97390830572837833E-016,-1.09959101015798875E-016)             (-0.49999999999986955,0.0000000000000000)
          92        1000  -899.48758081723736       0.99999999999983080        221.40057082779643       0.99999999999983102        1.1164710012337588E-028   1.6919798895287386E-013  (8.66959421722130881E-016,-1.06239754888478875E-017)  (2.07059572701964646E-016,-3.52802097550837304E-016)             (-0.49999999999986899,0.0000000000000000)
          93        1000  -897.28295439366502       0.99999999999982903        184.71073916535218       0.99999999999982903        1.2367890276671985E-028   1.7097434579227411E-013  (8.55969850807285748E-016,-2.19727666017028407E-018)  (1.48963690799711179E-016,-3.63551927188305732E-016)             (-0.49999999999986799,0.0000000000000000)
          94        1000  -895.07832797009269       0.99999999999982769        146.20889197414522       0.99999999999982814        1.1424840220894737E-028   1.7230661342182430E-013   (9.14955676550716707E-016,2.96749178909810888E-018)  (6.93303324886494293E-016,-1.90356518946381584E-016)             (-0.49999999999986755,0.0000000000000000)
          95        1000  -892.87370154652035       0.99999999999982447        108.31424191309108       0.99999999999982481        1.0663053682907024E-028   1.7552626019323725E-013   (9.63452733064464695E-016,2.79150331798640002E-017)  (4.21760313116311601E-016,-3.77638889612143433E-016)             (-0.49999999999986589,0.0000000000000000)
          96        1000  -890.66907512294802       0.99999999999982148        73.407849212296853       0.99999999999982170        9.9735869822178872E-029   1.7852386235972517E-013   (9.19329722062724877E-016,6.91711755687660153E-018)  (7.08777897004634337E-017,-2.93024477604161104E-016)             (-0.49999999999986433,0.0000000000000000)
          97        1000  -888.46444869937568       0.99999999999982092        43.683010901888181       0.99999999999982125        1.0838799527734866E-028   1.7907897387203775E-013  (8.83049842530831002E-016,-2.04928744829569189E-018)  (3.89286099919511411E-016,-3.30400204846750770E-016)             (-0.49999999999986411,0.0000000000000000)
          98        1000  -886.25982227580334       0.99999999999982014        21.007447893218355       0.99999999999982059        1.1394988061285124E-028   1.7985612998927536E-013   (1.17811256243340422E-015,3.40452895137716447E-018)  (3.02737954307343185E-016,-1.97986350574006754E-016)             (-0.49999999999986378,0.0000000000000000)
          99        1000  -884.05519585223101       0.99999999999981837        6.8059492050088508       0.99999999999981859        1.1600832536589037E-028   1.8163248682867561E-013  (1.17624167043126163E-015,-1.25951066482111137E-017)  (3.47435995455815972E-017,-3.07875487597877680E-016)             (-0.49999999999986278,0.0000000000000000)
         100        1000  -881.85056942865867       0.99999999999981659        1.9708472292997401       0.99999999999981704        1.2147134965136009E-028   1.8340884366807586E-013   (5.97277531228379556E-016,4.24566056520778678E-018) (-4.53850283954144597E-016,-1.85366859190144785E-016)             (-0.49999999999986200,0.0000000000000000)
         101        1000  -879.64594300508634       0.99999999999981459        6.8059492054859074       0.99999999999981504        1.0758514684187009E-028   1.8540724511240114E-013   (6.53343830688374011E-016,2.86764106839920367E-018)  (6.71893696805672027E-016,-3.21103612630556107E-016)             (-0.49999999999986100,0.0000000000000000)
         102        1000  -877.44131658151400       0.99999999999981404        21.007447894142317       0.99999999999981459        1.0111930740369532E-028   1.8596235662471372E-013  (8.06446658079975398E-016,-3.91063416252284950E-018)  (1.97883585378266637E-016,-4.03339435170196312E-017)             (-0.49999999999986078,0.0000000000000000)
         103        1000  -875.23669015794167       0.99999999999981248        43.683010903201172       0.99999999999981282        1.0810654214854126E-028   1.8751666885918894E-013  (7.74884008225338817E-016,-6.94209947251170465E-018)  (5.38930407908460000E-017,-2.99816118090482521E-016)             (-0.49999999999985989,0.0000000000000000)
         104        1000  -873.03206373436933       0.99999999999981215        73.407849213916236       0.99999999999981259        1.1813248244177184E-028   1.8784973576657649E-013  (7.51097095083327622E-016,-2.44517066268013828E-020)  (3.21266798527367652E-016,-4.32883668328722762E-016)             (-0.49999999999985978,0.0000000000000000)
         105        1000  -870.82743731079700       0.99999999999981204        108.31424191491482       0.99999999999981215        1.2677988117561082E-028   1.8796075806903900E-013  (6.01663161923364590E-016,-5.33573045486731297E-018)  (5.83905954383392587E-016,-4.40469384816050800E-016)             (-0.49999999999985956,0.0000000000000000)
         106        1000  -868.62281088722466       0.99999999999980860        146.20889197606161       0.99999999999980860        1.1580563286850323E-028   1.9140244944537699E-013   (1.31953617661702822E-015,9.91323586835159023E-018)  (2.47892949509242169E-016,-2.42602323363734715E-016)             (-0.49999999999985778,0.0000000000000000)
         107        1000  -866.41818446365232       0.99999999999980660        184.71073916723901       0.99999999999980682        1.0362473025261090E-028   1.9340085088970227E-013   (1.05514535260603695E-015,4.27642135947182235E-018)  (2.81765553182477592E-016,-2.67505268217015247E-016)             (-0.49999999999985689,0.0000000000000000)
         108        1000  -864.21355804007999       0.99999999999980627        221.40057082953675       0.99999999999980660        1.0298741602368060E-028   1.9373391779708982E-013  (1.13411970385864353E-015,-1.22024386621065665E-018)  (1.12745957553760990E-016,-2.67602034264914242E-016)             (-0.49999999999985678,0.0000000000000000)
         109        1000  -862.00893161650765       0.99999999999980371        253.97302990384435       0.99999999999980393        1.1434899521443264E-028   1.9628743075372768E-013  (8.70677118774353424E-016,-9.34629222124826837E-018)  (1.53153813941715226E-016,-2.24920878066570063E-016)             (-0.49999999999985545,0.0000000000000000)
         110        1000  -859.80430519293532       0.99999999999980171        280.38146899339790       0.99999999999980216        1.2385987139419735E-028   1.9828583219805296E-013   (9.19465102687389396E-016,3.42569652673035222E-018)  (2.09904172967543025E-016,-2.68034428366446046E-016)             (-0.49999999999985456,0.0000000000000000)
         111        1000  -857.59967876936298       0.99999999999979805        298.96654874676113       0.99999999999979861        1.2870148422776403E-028   2.0194956817931597E-013  (1.02214947004774891E-015,-6.88095608722505934E-019)  (5.26977877956203807E-016,-3.40180031091887457E-016)             (-0.49999999999985278,0.0000000000000000)
         112        1000  -855.39505234579065       0.99999999999979561        308.56050025187966       0.99999999999979594        1.1115644429222727E-028   2.0439205883349132E-013   (1.11962220537216785E-015,5.23325711997910377E-019)  (2.76069989651989051E-016,-3.64759797395740664E-016)             (-0.49999999999985145,0.0000000000000000)
         113        1000  -853.19042592221831       0.99999999999979494        308.56050025160806       0.99999999999979527        1.0477044679837149E-028   2.0505819264826641E-013  (8.57193085641248235E-016,-9.09653824364098406E-018) (-3.96496652326362983E-016,-5.80833180701714783E-016)             (-0.49999999999985112,0.0000000000000000)
         114        1000  -850.98579949864597       0.99999999999979383        298.96654874595725       0.99999999999979416        1.1293683441824138E-028   2.0616841567289157E-013   (7.44319005334165537E-016,5.68763391615811577E-029)  (1.01595616348444767E-015,-3.08961322120840173E-016)             (-0.49999999999985056,0.0000000000000000)
         115        1000  -848.78117307507364       0.99999999999979261        280.38146899211921       0.99999999999979261        1.2203266580692530E-028   2.0738966099997924E-013  (1.06849418378948916E-015,-1.06240830382059606E-019)  (2.94998854203134790E-016,-5.27226998812498332E-016)             (-0.49999999999984979,0.0000000000000000)
         116        1000  -846.57654665150130       0.99999999999978995        253.97302990216750       0.99999999999979039        1.2921588052997760E-028   2.1005419625907962E-013   (1.00606012877772175E-015,4.51544893697173914E-018) (-1.47229296903188546E-016,-4.60048259606924681E-016)             (-0.49999999999984868,0.0000000000000000)
         117        1000  -844.37192022792897       0.99999999999978839        221.40057082757170       0.99999999999978861        1.3165515676746269E-028   2.1160850849355484E-013  (9.04303723205015682E-016,-1.50602058769930428E-019)  (1.28818283114396333E-016,-1.80912030910141016E-016)             (-0.49999999999984779,0.0000000000000000)
         118        1000  -842.16729380435663       0.99999999999978784        184.71073916510952       0.99999999999978773        1.1538815481139180E-028   2.1216362000586741E-013  (7.04601566806557506E-016,-2.48000824383667030E-018)  (4.71585432592780861E-016,-1.86290764590043410E-016)             (-0.49999999999984734,0.0000000000000000)
         119        1000  -839.96266738078430       0.99999999999978684        146.20889197389789       0.99999999999978706        1.1972317064293679E-028   2.1316282072803006E-013  (8.77571736213203349E-016,-2.21277809069728369E-018)  (1.74463388117892965E-016,-3.90007852777330454E-016)             (-0.49999999999984701,0.0000000000000000)
         120        1000  -837.75804095721196       0.99999999999978517        108.31424191285306       0.99999999999978550        1.1906139144646362E-028   2.1482815526496779E-013   (8.91320820207560847E-016,3.26509989344334179E-018)  (6.71852571744816052E-017,-4.98384426039899240E-016)             (-0.49999999999984623,0.0000000000000000)
         121        1000  -835.55341453363963       0.99999999999978229        73.407849212085054       0.99999999999978240        1.2419278268322092E-028   2.1771473512899320E-013   (9.88748640190350551E-016,1.96269554212351127E-018)  (5.69921047129910648E-016,-2.73341400521098306E-016)             (-0.49999999999984468,0.0000000000000000)
         122        1000  -833.34878811006729       0.99999999999978140        43.683010901716720       0.99999999999978173        1.3244888959599031E-028   2.1860291354869332E-013   (9.10901084985730564E-016,2.01476685784094763E-018)  (3.44081191546455747E-016,-1.75320792776760003E-016)             (-0.49999999999984435,0.0000000000000000)
         123        1000  -831.14416168649495       0.99999999999977873        21.007447893097432       0.99999999999977884        1.2555811558403733E-028   2.2126744880779370E-013  (9.43811830217442323E-016,-1.23727562801852059E-017)  (2.10921375667506348E-016,-3.94197565647167012E-016)             (-0.49999999999984290,0.0000000000000000)
         124        1000  -828.93953526292262       0.99999999999977651        6.8059492049459447       0.99999999999977662        1.1629650072772456E-028   2.2348789485704401E-013   (8.37485897040867645E-016,6.17268885348681954E-019)  (1.34403493477443367E-016,-2.53228225528272833E-016)             (-0.49999999999984179,0.0000000000000000)
         125        1000  -826.73490883935028       0.99999999999977529        1.9708472292979502       0.99999999999977551        1.1044954962473617E-028   2.2470914018413168E-013   (8.20201350430415180E-016,1.32711444905878425E-017)  (1.13136174569951047E-016,-2.81490229462132618E-016)             (-0.49999999999984124,0.0000000000000000)
         126        1000  -824.53028241577795       0.99999999999977351        6.8059492055447715       0.99999999999977396        1.1370477168677842E-028   2.2648549702353193E-013  (9.25880130293353060E-016,-6.08652774901142542E-018)  (2.79888448254456210E-017,-2.07671725833418964E-016)             (-0.49999999999984046,0.0000000000000000)
         127        1000  -822.32565599220561       0.99999999999977207        21.007447894257485       0.99999999999977240        1.2903373563783916E-028   2.2792878695554464E-013  (8.56092750478497063E-016,-3.42045332032644484E-018)  (3.38537079924450799E-016,-3.25357840321665794E-016)             (-0.49999999999983968,0.0000000000000000)
         128        1000  -820.12102956863328       0.99999999999977185        43.683010903365485       0.99999999999977174        1.3823742323495806E-028   2.2815083156046967E-013   (1.10295477515583280E-015,6.65116532076317930E-019)  (2.99708599513638161E-016,-2.42074545679830839E-016)             (-0.49999999999983935,0.0000000000000000)
         129        1000  -817.91640314506094       0.99999999999976996        73.407849214117775       0.99999999999976996        1.2057512027311499E-028   2.3003821070233244E-013   (6.08251309941807145E-016,9.70468384065758571E-018)  (1.26066855426012592E-016,-2.78827436634413107E-016)             (-0.49999999999983846,0.0000000000000000)
         130        1000  -815.71177672148860       0.99999999999976885        108.31424191514107       0.99999999999976907        1.0616683335856598E-028   2.3114843372695759E-013   (1.02604976254207352E-015,2.46024953614832370E-018)  (2.76611091035651083E-016,-5.11320012655758310E-016)             (-0.49999999999983802,0.0000000000000000)
         131        1000  -813.50715029791627       0.99999999999976796        146.20889197629697       0.99999999999976841        1.1088507783960188E-028   2.3203661214665772E-013   (8.37877535997149736E-016,1.63879843627074419E-018)   (6.31604564745077838E-016,5.95112468325689365E-017)             (-0.49999999999983769,0.0000000000000000)
         132        1000  -811.30252387434393       0.99999999999976630        184.71073916746900       0.99999999999976641        1.2172983521561645E-028   2.3370194668359545E-013   (7.69825115612229742E-016,9.96894425916249128E-018)  (2.65961352078908849E-016,-1.77653879285727401E-016)             (-0.49999999999983669,0.0000000000000000)
         133        1000  -809.09789745077160       0.99999999999976452        221.40057082974511       0.99999999999976508        1.2937281067936135E-028   2.3547830352299570E-013   (9.45005095174520923E-016,5.21110615115643460E-018)  (9.31445569101984202E-017,-5.31725692976559403E-016)             (-0.49999999999983602,0.0000000000000000)
         134        1000  -806.89327102719926       0.99999999999976263        253.97302990401820       0.99999999999976286        1.2494593776831378E-028   2.3736568266485847E-013   (7.68524424137830255E-016,4.43679913698657062E-019)  (1.07470311274670986E-015,-1.81774786676082727E-016)             (-0.49999999999983491,0.0000000000000000)
         135        1000  -804.68864460362693       0.99999999999975864        280.38146899352603       0.99999999999975886        1.1113926228343345E-028   2.4136248555350903E-013  (1.09438634614841728E-015,-2.61746061021227482E-019)  (3.69837093002251706E-016,-2.77214452024553640E-016)             (-0.49999999999983291,0.0000000000000000)
         136        1000  -802.48401818005459       0.99999999999975764        298.96654874683463       0.99999999999975775        1.0793351382789047E-028   2.4236168627567167E-013  (1.02742456817514503E-015,-7.40100091584493843E-018)  (6.95840735195478400E-017,-2.97726646182809384E-016)             (-0.49999999999983236,0.0000000000000000)
         137        1000  -800.27939175648226       0.99999999999975464        308.56050025189359       0.99999999999975531        1.1261471682563693E-028   2.4535928844215960E-013   (6.14807243719585299E-016,7.86649523925750799E-018)  (2.19226738403818164E-016,-2.25789682626706912E-016)             (-0.49999999999983114,0.0000000000000000)
         138        1000  -798.07476533290992       0.99999999999975397        308.56050025155980       0.99999999999975420        1.2566862206273266E-028   2.4602542225693469E-013   (6.63577323972694759E-016,1.78552947755374805E-018)   (9.93248572139028864E-016,7.21857390710362255E-017)             (-0.49999999999983058,0.0000000000000000)
         139        1000  -795.87013890933758       0.99999999999975364        298.96654874585226       0.99999999999975375        1.2903783842116779E-028   2.4635848916432224E-013   (1.08370446816237004E-015,1.47870425702936928E-017)  (1.87765716903126859E-016,-3.86311554262992821E-016)             (-0.49999999999983036,0.0000000000000000)
         140        1000  -793.66551248576525       0.99999999999975187        280.38146899195999       0.99999999999975220        1.1848267572915185E-028   2.4813484600372249E-013  (1.11365548785887714E-015,-9.49597495159278242E-018)  (1.46452741005170207E-016,-4.05973717852858557E-016)             (-0.49999999999982958,0.0000000000000000)
         141        1000  -791.46088606219291       0.99999999999975109        253.97302990196729       0.99999999999975131        1.1608361895895856E-028   2.4891200212096010E-013   (8.90648298533847278E-016,8.75708693950980334E-019)  (7.85457614840874215E-016,-2.37722720507307720E-016)             (-0.49999999999982914,0.0000000000000000)
         142        1000  -789.25625963862058       0.99999999999974876        221.40057082733833       0.99999999999974909        1.0847670835574877E-028   2.5124347047267293E-013  (8.55045090531949672E-016,-1.00063753201646242E-017)  (4.39325135970554869E-016,-4.27225202804739352E-016)             (-0.49999999999982803,0.0000000000000000)
         143        1000  -787.05163321504824       0.99999999999974654        184.71073916485886       0.99999999999974709        1.1600910891619172E-028   2.5346391652192324E-013   (1.04536699455745536E-015,8.35888457404330744E-018)  (3.04690339951456966E-016,-3.49845647257483844E-016)             (-0.49999999999982703,0.0000000000000000)
         144        1000  -784.84700679147591       0.99999999999974554        146.20889197364650       0.99999999999974576        1.2773049921255357E-028   2.5446311724408588E-013   (9.29376398112337288E-016,1.16907321733483667E-019)  (8.56224757358857272E-016,-4.09559331554254594E-016)             (-0.49999999999982636,0.0000000000000000)
         145        1000  -782.64238036790357       0.99999999999974343        108.31424191261564       0.99999999999974354        1.2832420189888935E-028   2.5657254099087368E-013  (8.56368803458690400E-016,-7.06409163418016124E-018)  (1.57630659212328267E-016,-8.73301757356825212E-017)             (-0.49999999999982525,0.0000000000000000)
         146        1000  -780.43775394433123       0.99999999999974110        73.407849211875288       0.99999999999974154        1.1967008335109118E-028   2.5890400934258651E-013   (7.36936016301449930E-016,6.20340942634380656E-018)  (2.18271481706697067E-016,-1.07115490935765765E-016)             (-0.49999999999982425,0.0000000000000000)
         147        1000  -778.23312752075890       0.99999999999973932        43.683010901547540       0.99999999999973976        1.0617516852715544E-028   2.6068036618198676E-013   (9.80481210546645196E-016,3.79325557603699517E-018)  (8.56898128518649798E-016,-3.39179445210410278E-016)             (-0.49999999999982336,0.0000000000000000)
         148        1000  -776.02850109718656       0.99999999999973677        21.007447892978085       0.99999999999973732        1.1251075051524887E-028   2.6323387913862462E-013   (8.39648313245440378E-016,3.01156210072616449E-018)  (8.48433050649727048E-016,-2.23646102251616501E-016)             (-0.49999999999982214,0.0000000000000000)
         149        1000  -773.82387467361423       0.99999999999973677        6.8059492048837980       0.99999999999973688        1.2696915755125060E-028   2.6323387913862462E-013  (9.26770501544540130E-016,-7.39598551381610674E-018) (-1.91170996843878773E-017,-3.93792791488704799E-016)             (-0.49999999999982192,0.0000000000000000)
         150        1000  -771.61924825004189       0.99999999999973421        1.9708472292964705       0.99999999999973466        1.3325619751896939E-028   2.6578739209526248E-013  (6.86802660790795441E-016,-2.61912512739488325E-019) (-1.46736272572366377E-016,-3.04357508085786892E-016)             (-0.49999999999982081,0.0000000000000000)
         151        1000  -769.41462182646956       0.99999999999973210        6.8059492056036186       0.99999999999973244        1.2611031875103221E-028   2.6789681584205027E-013  (9.27785196481483849E-016,-1.46583189438757983E-018)  (3.84450221688085300E-017,-5.67222156801246023E-016)             (-0.49999999999981970,0.0000000000000000)
         152        1000  -767.20999540289722       0.99999999999973044        21.007447894372287       0.99999999999973066        1.1871262723025377E-028   2.6956215037898801E-013   (1.03886389785384846E-015,9.70500543956257113E-018) (-2.42169080654112928E-016,-1.17872612836601972E-016)             (-0.49999999999981881,0.0000000000000000)
         153        1000  -765.00536897932489       0.99999999999972933        43.683010903528185       0.99999999999972933        1.1733919376955206E-028   2.7067237340361316E-013  (7.12908185256012987E-016,-9.44042408329533773E-018) (-3.20556206283579362E-016,-3.73366745784305317E-016)             (-0.49999999999981815,0.0000000000000000)
         154        1000  -762.80074255575255       0.99999999999972766        73.407849214318091       0.99999999999972777        1.1926311828173544E-028   2.7233770794055090E-013   (5.41035138089383817E-016,1.39814858587025775E-018)  (6.56200993620788663E-017,-3.36445281356273552E-016)             (-0.49999999999981737,0.0000000000000000)
         155        1000  -760.59611613218021       0.99999999999972544        108.31424191536587       0.99999999999972577        1.3213935261405749E-028   2.7455815398980121E-013   (9.26385986421412557E-016,6.20468435649714991E-018) (-2.34210083741920337E-016,-2.18831781095896365E-016)             (-0.49999999999981637,0.0000000000000000)
         156        1000  -758.39148970860788       0.99999999999972311        146.20889197653128       0.99999999999972333        1.3059946466322001E-028   2.7688962234151404E-013   (9.05079478743437665E-016,1.80638059538142450E-018)  (3.90679771638215719E-016,-3.24233228301937069E-016)             (-0.49999999999981515,0.0000000000000000)
         157        1000  -756.18686328503554       0.99999999999972178        184.71073916769544       0.99999999999972200        1.3092943063234650E-028   2.7822188997106423E-013   (8.97552222648031676E-016,1.89420307887333931E-018)  (4.64519509898254882E-016,-3.87462828450000312E-016)             (-0.49999999999981448,0.0000000000000000)
         158        1000  -753.98223686146321       0.99999999999971934        221.40057082994983       0.99999999999971934        1.3353959294137581E-028   2.8066438062523957E-013   (1.06453480438218572E-015,1.11853792290209171E-018)  (1.33939559914296518E-015,-3.33544784506077048E-016)             (-0.49999999999981315,0.0000000000000000)
         159        1000  -751.77761043789087       0.99999999999971778        253.97302990418973       0.99999999999971823        1.1882438044250036E-028   2.8221869285971479E-013   (1.20940950559917511E-015,2.24773316551214534E-018)  (7.41877227786724358E-016,-2.15905975366052391E-016)             (-0.49999999999981259,0.0000000000000000)
         160        1000  -749.57298401431854       0.99999999999971700        280.38146899365398       0.99999999999971734        1.3171540499623327E-028   2.8299584897695240E-013  (1.65358124813474245E-015,-4.70308746261356940E-019)  (1.52754502342331756E-015,-4.40831895760868630E-016)             (-0.49999999999981215,0.0000000000000000)
         161        1000  -747.36835759074620       0.99999999999971723        298.96654874690483       0.99999999999971734        1.4877385905717352E-028   2.8277380437202737E-013   (1.67446332550283433E-015,1.68884844761574516E-018)  (3.90862523109874267E-015,-2.74647051017134645E-016)             (-0.49999999999981215,0.0000000000000000)
         162        1000  -745.16373116717386       0.99999999999971434        308.56050025190677       0.99999999999971489        1.6605962475598899E-028   2.8566038423605278E-013  (2.65553811632611709E-015,-7.32981336247815847E-018)  (1.90494298502487989E-015,-1.66921406065102444E-016)             (-0.49999999999981093,0.0000000000000000)
         163        1000  -742.95910474360153       0.99999999999971156        308.56050025151461       0.99999999999971179        1.8434266959706447E-028   2.8843594179761567E-013   (4.15017177333475548E-015,8.89496000543019985E-018)   (3.14260390155926554E-015,3.84387082752315734E-016)             (-0.49999999999980937,0.0000000000000000)
         164        1000  -740.75447832002919       0.99999999999971034        298.96654874575222       0.99999999999971045        1.8170983951748786E-028   2.8965718712470334E-013  (4.25312212283029526E-015,-8.08179079648285972E-019)  (1.00607148086562094E-014,-1.37422695859382931E-016)             (-0.49999999999980871,0.0000000000000000)
         165        1000  -738.54985189645686       0.99999999999970768        280.38146899180958       0.99999999999970801        1.7564782652912410E-028   2.9232172238380372E-013  (4.19021196683095045E-015,-9.46787105559499984E-019)   (3.42596278645152581E-015,9.03411961719518912E-018)             (-0.49999999999980749,0.0000000000000000)
         166        1000  -736.34522547288452       0.99999999999970446        253.97302990177161       0.99999999999970468        2.0044900609213932E-028   2.9554136915521667E-013   (3.30583874844033198E-015,9.66821691051265283E-018)   (2.29675823611620051E-015,1.49366051067911359E-015)             (-0.49999999999980582,0.0000000000000000)
         167        1000  -734.14059904931219       0.99999999999970390        221.40057082711087       0.99999999999970401        2.2863478662867735E-028   2.9609648066752925E-013  (3.73440604865260013E-015,-2.40871127944412206E-020)  (9.14499828797088923E-015,-1.16764328561832942E-016)             (-0.49999999999980549,0.0000000000000000)
         168        1000  -731.93597262573985       0.99999999999970191        184.71073916461387       0.99999999999970224        2.1442809781280240E-028   2.9809488211185453E-013   (2.67876250625080179E-015,2.23681688233827761E-018)  (5.73396685840873674E-015,-2.68230386339579250E-016)             (-0.49999999999980460,0.0000000000000000)
         169        1000  -729.73134620216752       0.99999999999970013        146.20889197339918       0.99999999999970024        1.9841062553515030E-028   2.9987123895125478E-013   (6.91673141102282549E-017,7.89358752330431938E-018)   (1.77237567596520327E-015,5.14903846515188849E-016)             (-0.49999999999980360,0.0000000000000000)
         170        1000  -727.52671977859518       0.99999999999969802        108.31424191238141       0.99999999999969824        2.1549224765853768E-028   3.0198066269804258E-013  (-8.98455935720566014E-016,4.14698654433566537E-018) (-6.17778384117189318E-015,-8.13960245671855254E-016)             (-0.49999999999980260,0.0000000000000000)
         171        1000  -725.32209335502284       0.99999999999969469        73.407849211667198       0.99999999999969513        3.3277989019305570E-028   3.0531133177191805E-013  (-3.11291711317002673E-015,2.15719827461214871E-028) (-1.32970585916452028E-014,-2.31695631040080510E-016)             (-0.49999999999980105,0.0000000000000000)
         172        1000  -723.11746693145051       0.99999999999969413        43.683010901378772       0.99999999999969447        8.1080787597499829E-028   3.0586644328423063E-013 (-1.83169375141365423E-014,-6.09701315436813280E-018) (-1.99781472435958358E-014,-2.36278697355694625E-015)             (-0.49999999999980071,0.0000000000000000)
         173        1000  -720.91284050787817       0.99999999999969358        21.007447892859201       0.99999999999969358        1.6791398999812079E-027   3.0642155479654321E-013 (-3.88637894452905088E-014,-5.33305097402756108E-018)  (-6.57484718785247178E-014,1.27764614803507061E-015)             (-0.49999999999980027,0.0000000000000000)
         174        1000  -718.70821408430584       0.99999999999968903        6.8059492048220083       0.99999999999968958        2.7252296021569402E-027   3.1097346919750635E-013  (-4.48950853052338157E-014,3.10109082612006136E-018)  (-7.61980396557747056E-014,9.28830879127569722E-016)             (-0.49999999999979827,0.0000000000000000)
         175        1000  -716.50358766073350       0.99999999999968536        1.9708472292951003       0.99999999999968558        5.7500977161426059E-027   3.1463720517876936E-013 (-9.63178064511409727E-014,-5.23321702948644966E-019)  (-2.67007366375281445E-014,1.02160674196625056E-014)             (-0.49999999999979627,0.0000000000000000)
         176        1000  -714.29896123716117       0.99999999999968636        6.8059492056622579       0.99999999999968647        6.4521409147501422E-027   3.1363800445660672E-013 (-8.64613740185511026E-014,-8.98657127416094348E-019)   (9.55423748404709791E-015,5.50932260300555500E-015)             (-0.49999999999979672,0.0000000000000000)
         177        1000  -712.09433481358883       0.99999999999968359        21.007447894487019       0.99999999999968359        4.5483514261928802E-027   3.1641356201816961E-013 (-6.74412732922057218E-014,-1.02569278000277756E-018) (-4.21562198171706929E-014,-3.69519787247195497E-015)             (-0.49999999999979527,0.0000000000000000)
         178        1000  -709.88970839001649       0.99999999999968092        43.683010903691468       0.99999999999968092        4.0085601139593992E-027   3.1907809727726999E-013 (-6.38689428808064157E-014,-1.53225303141896144E-018) (-1.80997285236578674E-014,-9.27485967451311767E-015)             (-0.49999999999979394,0.0000000000000000)
         179        1000  -707.68508196644416       0.99999999999968037        73.407849214519132       0.99999999999968048        5.1509194663758254E-027   3.1963320878958257E-013 (-7.95905390924623638E-014,-1.37874072360066301E-017)  (-1.82510878860629523E-014,1.07214480844890969E-014)             (-0.49999999999979372,0.0000000000000000)
         180        1000  -705.48045554287182       0.99999999999967770        108.31424191559134       0.99999999999967804        4.4274390250651380E-027   3.2229774404868294E-013  (-6.18967001667550421E-014,1.41786391839437082E-017)  (9.44138914434310007E-015,-5.97804383629553730E-015)             (-0.49999999999979250,0.0000000000000000)
         181        1000  -703.27582911929949       0.99999999999967670        146.20889197676749       0.99999999999967693        2.8057464613306656E-027   3.2329694477084558E-013 (-8.02638978068360309E-015,-8.59718140283078839E-019)  (4.94013615543168731E-014,-4.25634188970540829E-015)             (-0.49999999999979194,0.0000000000000000)
         182        1000  -701.07120269572715       0.99999999999967537        184.71073916792832       0.99999999999967559        3.4230223136100832E-027   3.2462921240039577E-013  (2.01775691778477677E-014,-4.43685454781383834E-018)   (4.90728531803693952E-014,5.11400258551869912E-015)             (-0.49999999999979128,0.0000000000000000)
         183        1000  -698.86657627215482       0.99999999999967348        221.40057083016276       0.99999999999967337        9.0891442635530548E-027   3.2651659154225854E-013   (8.83783763299435350E-014,1.56638711163081595E-017)   (8.22324648735644520E-014,9.92940853110975772E-015)             (-0.49999999999979017,0.0000000000000000)
         184        1000  -696.66194984858248       0.99999999999967193        253.97302990436626       0.99999999999967182        2.3857398283935422E-026   3.2807090377673376E-013  (1.79702190986656484E-013,-1.11718789866448600E-018)   (8.67534435752782048E-014,2.37927078072554926E-015)             (-0.49999999999978939,0.0000000000000000)
         185        1000  -694.45732342501015       0.99999999999966949        280.38146899378614       0.99999999999966960        4.8981851892298843E-026   3.3051339443090910E-013   (2.74563566031208822E-013,3.92539643378189020E-018)  (9.32251689439261161E-014,-2.26041526667991636E-014)             (-0.49999999999978828,0.0000000000000000)
         186        1000  -692.25269700143781       0.99999999999966627        298.96654874698692       0.99999999999966649        8.8559256262318622E-026   3.3373304120232206E-013  (3.81647657337171451E-013,-1.18746247272773452E-017)  (7.94063573501361326E-014,-3.31513803026981791E-014)             (-0.49999999999978673,0.0000000000000000)
         187        1000  -690.04807057786547       0.99999999999966493        308.56050025193321       0.99999999999966516        1.3678357212538221E-025   3.3506530883187224E-013   (4.82353765607789163E-013,7.63704423637445302E-018)  (5.01647156907297081E-014,-8.11872397610183097E-014)             (-0.49999999999978606,0.0000000000000000)
         188        1000  -687.84344415429314       0.99999999999966394        308.56050025147971       0.99999999999966382        1.8732093287153043E-025   3.3606450955403488E-013  (5.74200307563742640E-013,-7.32958465168532177E-019)  (8.81558090836724350E-014,-9.53802922301454147E-014)             (-0.49999999999978539,0.0000000000000000)
         189        1000  -685.63881773072080       0.99999999999966227        298.96654874565712       0.99999999999966249        2.2892678432212484E-025   3.3772984409097262E-013   (6.31297984167132293E-013,2.49882327806863047E-018)  (2.48844223102338824E-014,-8.80097583519087559E-014)             (-0.49999999999978473,0.0000000000000000)
         190        1000  -683.43419130714847       0.99999999999966072        280.38146899166145       0.99999999999966094        2.4269886726942795E-025   3.3928415632544784E-013  (6.50047778857649450E-013,-2.23689977572073561E-018)  (1.38724492524838431E-014,-1.25702541248069593E-013)             (-0.49999999999978395,0.0000000000000000)
         191        1000  -681.22956488357613       0.99999999999965916        253.97302990158101       0.99999999999965916        2.2120070418619364E-025   3.4083846855992306E-013   (6.21210917752046638E-013,2.74994509887383607E-019)  (5.84861179947739450E-014,-1.11964120532008754E-013)             (-0.49999999999978306,0.0000000000000000)
         192        1000  -679.02493846000380       0.99999999999965661        221.40057082688742       0.99999999999965672        1.5133386860845814E-025   3.4339198151656092E-013   (4.94861034480300299E-013,2.93607441726854676E-018) (-5.87320043647957235E-014,-3.89033693615554596E-014)             (-0.49999999999978184,0.0000000000000000)
         193        1000  -676.82031203643146       0.99999999999965405        184.71073916437362       0.99999999999965428        6.8268192233589480E-026   3.4594549447319878E-013   (2.78487571143895395E-013,5.56197798251104785E-021) (-2.16766555044866485E-013,-4.22390548596588222E-014)             (-0.49999999999978062,0.0000000000000000)
         194        1000  -674.61568561285912       0.99999999999965239        146.20889197315509       0.99999999999965250        4.2117890827629314E-026   3.4761082901013651E-013  (-4.12970478987431832E-014,1.03272925841836658E-018) (-1.47267928723327776E-013,-1.59933187539465705E-014)             (-0.49999999999977973,0.0000000000000000)
         195        1000  -672.41105918928679       0.99999999999965139        108.31424191214919       0.99999999999965183        1.8743461704295077E-025   3.4861002973229915E-013 (-4.68039378626880262E-013,-2.23690510442348274E-018)  (-2.88775800362361711E-013,1.19407170285459136E-013)             (-0.49999999999977940,0.0000000000000000)
         196        1000  -670.20643276571445       0.99999999999964995        73.407849211462818       0.99999999999965028        6.7996049714316670E-025   3.5005331966431186E-013 (-1.01536022538325882E-012,-1.00737894110177602E-017)  (-5.05912951382399243E-013,1.75692813577909703E-013)             (-0.49999999999977862,0.0000000000000000)
         197        1000  -668.00180634214212       0.99999999999964895        43.683010901213102       0.99999999999964895        1.6873957659493876E-024   3.5105252038647450E-013 (-1.66162732207515653E-012,-3.66910415315515416E-018)  (-4.63532620070668813E-013,2.12838842325832874E-013)             (-0.49999999999977796,0.0000000000000000)
         198        1000  -665.79717991856978       0.99999999999964639        21.007447892742675       0.99999999999964650        3.3276352756342131E-024   3.5360603334311236E-013 (-2.37770347786180889E-012,-9.59383941921936963E-021)  (-3.36024388226671074E-013,3.94016530965593847E-013)             (-0.49999999999977673,0.0000000000000000)
         199        1000  -663.59255349499745       0.99999999999964440        6.8059492047611680       0.99999999999964451        5.5226382651026956E-024   3.5560443478743764E-013 (-3.09224905248720824E-012,-3.82584787482059079E-018)  (-4.89981202184818545E-013,5.37505091120656167E-013)             (-0.49999999999977573,0.0000000000000000)
         200        1000  -661.38792707142511       0.99999999999964351        1.9708472292937267       0.99999999999964340        8.0440909718324596E-024   3.5649261320713777E-013  (-3.75711430762900923E-012,1.10343781972191525E-017)  (-4.15915650250942962E-013,5.81202627801194222E-013)             (-0.49999999999977518,0.0000000000000000)
         201        1000  -659.18330064785278       0.99999999999964173        6.8059492057202151       0.99999999999964206        1.0391434271454457E-023   3.5826897004653802E-013 (-4.28369224162402403E-012,-9.91359173176367283E-019)  (-1.20702735876123587E-013,6.91960822817312988E-013)             (-0.49999999999977451,0.0000000000000000)
         202        1000  -656.97867422428044       0.99999999999963962        21.007447894600389       0.99999999999963962        1.1747977181679001E-023   3.6037839379332581E-013  (-4.55850991811531607E-012,1.79046833996538282E-019)  (-6.28138666511756195E-014,8.31329180349181617E-013)             (-0.49999999999977329,0.0000000000000000)
         203        1000  -654.77404780070810       0.99999999999963740        43.683010903852619       0.99999999999963762        1.1388545355322202E-023   3.6259883984257613E-013  (-4.47750257705061601E-012,6.16143710979988448E-018)   (2.54288633415109919E-014,7.23365591020234566E-013)             (-0.49999999999977229,0.0000000000000000)
         204        1000  -652.56942137713577       0.99999999999963562        73.407849214718539       0.99999999999963562        8.9091460681240376E-024   3.6437519668197638E-013 (-3.91065757154469859E-012,-1.29460971906301528E-018)   (5.76798593028274033E-013,5.79922100775063203E-013)             (-0.49999999999977129,0.0000000000000000)
         205        1000  -650.36479495356343       0.99999999999963329        108.31424191581604       0.99999999999963340        4.9454635703137960E-024   3.6670666503368921E-013 (-2.74373755705222523E-012,-2.81594843755634493E-018)   (1.00769463001294672E-012,4.81260899128933201E-013)             (-0.49999999999977018,0.0000000000000000)
         206        1000  -648.16016852999110       0.99999999999963118        146.20889197700274       0.99999999999963118        1.8182132608780607E-024   3.6881608878047700E-013  (-9.04714376760497717E-013,1.18770523481883640E-018)   (1.24363379410540493E-012,1.75489291274485275E-013)             (-0.49999999999976907,0.0000000000000000)
         207        1000  -645.95554210641876       0.99999999999962974        184.71073916815502       0.99999999999962985        3.8928471948633713E-024   3.7025937871248971E-013  (1.68152638270062512E-012,-1.61374328098519700E-018)  (1.84442857775009284E-012,-3.71963969996517796E-013)             (-0.49999999999976841,0.0000000000000000)
         208        1000  -643.75091568284643       0.99999999999962774        221.40057083037118       0.99999999999962808        1.7533451932460813E-023   3.7225778015681499E-013  (5.01164214221511514E-012,-5.13442439879191283E-019)  (2.47651082232215745E-012,-8.50218909107966229E-013)             (-0.49999999999976752,0.0000000000000000)
         209        1000  -641.54628925927409       0.99999999999962630        253.97302990454614       0.99999999999962608        4.9997825626974832E-023   3.7370107008882769E-013  (8.99704369325911366E-012,-1.20454562612011051E-017)  (2.67958413712352109E-012,-1.46561196760804705E-012)             (-0.49999999999976652,0.0000000000000000)
         210        1000  -639.34166283570175       0.99999999999962408        280.38146899392200       0.99999999999962430        1.0721329956585156E-022   3.7592151613807800E-013  (1.34707789903105714E-011,-1.34908876353636228E-017)  (2.84987269805620613E-012,-2.29703832073362123E-012)             (-0.49999999999976563,0.0000000000000000)
         211        1000  -637.13703641212942       0.99999999999962197        298.96654874706906       0.99999999999962208        1.9053643842756403E-022   3.7803093988486580E-013   (1.81546007592183607E-011,5.69759141242638302E-019)  (3.09024336560600937E-012,-3.07817368468504713E-012)             (-0.49999999999976452,0.0000000000000000)
         212        1000  -634.93240998855708       0.99999999999962152        308.56050025195566       0.99999999999962186        2.9314965146488319E-022   3.7847502909471586E-013  (2.26563768590493816E-011,-4.00490532327349493E-018)  (2.79528663634443229E-012,-3.71902153101881101E-012)             (-0.49999999999976441,0.0000000000000000)
         213        1000  -632.72778356498475       0.99999999999962197        308.56050025143975       0.99999999999962186        3.9709607683722652E-022   3.7803093988486580E-013   (2.64681724970644411E-011,7.32744453142635325E-018)  (1.93901837729128285E-012,-4.37058390613369164E-012)             (-0.49999999999976441,0.0000000000000000)
         214        1000  -630.52315714141241       0.99999999999961908        298.96654874556111       0.99999999999961964        4.7419498466295878E-022   3.8091751974889121E-013   (2.89824449367326828E-011,1.93115805474734267E-018)  (9.99634091707474774E-013,-4.85688399540009959E-012)             (-0.49999999999976330,0.0000000000000000)
         215        1000  -628.31853071784008       0.99999999999961697        280.38146899151371       0.99999999999961697        4.9184336237060245E-022   3.8302694349567901E-013  (2.94994998129286362E-011,-1.08024907376812544E-018) (-3.50298271200361048E-013,-4.85996653224440333E-012)             (-0.49999999999976197,0.0000000000000000)
         216        1000  -626.11390429426774       0.99999999999961608        253.97302990138766       0.99999999999961608        4.2639861194742580E-022   3.8391512191537913E-013   (2.72982845147174887E-011,9.71003210430122571E-018) (-2.49341159351099154E-012,-4.43212469944348010E-012)             (-0.49999999999976152,0.0000000000000000)
         217        1000  -623.90927787069540       0.99999999999961586        221.40057082666226       0.99999999999961608        2.8362975312457797E-022   3.8413716652030416E-013  (2.16857123956164612E-011,-7.38996091181958711E-020) (-4.91405504498198206E-012,-3.57625634423642952E-012)             (-0.49999999999976152,0.0000000000000000)
         218        1000  -621.70465144712307       0.99999999999961553        184.71073916412922       0.99999999999961564        1.2227883117741327E-022   3.8447023342769171E-013   (1.20668136048839870E-011,1.75001004444364606E-019) (-7.38382198635310870E-012,-1.94808875153505064E-012)             (-0.49999999999976130,0.0000000000000000)
         219        1000  -619.50002502355073       0.99999999999961431        146.20889197290978       0.99999999999961453        7.3684356687836636E-023   3.8569147875477938E-013  (-1.95055015044679112E-012,3.69546244601193136E-020)  (-1.02815322424706626E-011,4.88208814243296387E-013)             (-0.49999999999976075,0.0000000000000000)
         220        1000  -617.29539859997840       0.99999999999961220        108.31424191191545       0.99999999999961231        3.4563649578639352E-022   3.8780090250156718E-013  (-2.04606879127241342E-011,1.74999134901953055E-017)  (-1.32758752777060207E-011,3.54715642627162173E-012)             (-0.49999999999975964,0.0000000000000000)
         221        1000  -615.09077217640606       0.99999999999961098        73.407849211255169       0.99999999999961120        1.1961506335979994E-021   3.8902214782865485E-013 (-4.31293957502887046E-011,-5.14100063603241131E-019)  (-1.55639593086825436E-011,7.24730807078721139E-012)             (-0.49999999999975908,0.0000000000000000)
         222        1000  -612.88614575283373       0.99999999999960854        43.683010901045215       0.99999999999960854        2.8681358226067851E-021   3.9146463848283020E-013  (-6.91284242776352169E-011,6.16523733312987182E-018)  (-1.71687383471256516E-011,1.16671900347854975E-011)             (-0.49999999999975775,0.0000000000000000)
         223        1000  -610.68151932926139       0.99999999999960720        21.007447892624544       0.99999999999960743        5.4847741276167703E-021   3.9279690611238038E-013  (-9.70201232213687359E-011,7.93574558786998076E-018)  (-1.80175065115655469E-011,1.63158459172932134E-011)             (-0.49999999999975719,0.0000000000000000)
         224        1000  -608.47689290568906       0.99999999999960476        6.8059492046996057       0.99999999999960520        8.9211263652372822E-021   3.9523939676655573E-013  (-1.24719819122216933E-010,2.81594843872394651E-018)  (-1.71098199787196437E-011,2.07713303871338053E-011)             (-0.49999999999975608,0.0000000000000000)
         225        1000  -606.27226648211672       0.99999999999960243        1.9708472292922024       0.99999999999960254        1.2696062048298949E-020   3.9757086511826856E-013 (-1.49492096707628703E-010,-4.77158575571364493E-019)  (-1.40343503258636933E-011,2.48612002697471132E-011)             (-0.49999999999975475,0.0000000000000000)
         226        1000  -604.06764005854438       0.99999999999959943        6.8059492057783846       0.99999999999959965        1.5948381330322001E-020   4.0056846728475648E-013  (-1.67999219650882041E-010,1.73216036188242047E-018)  (-9.00003347368405617E-012,2.79419275956303704E-011)             (-0.49999999999975331,0.0000000000000000)
         227        1000  -601.86301363497205       0.99999999999959777        21.007447894714133       0.99999999999959810        1.7568440552178945E-020   4.0223380182169421E-013  (-1.76429945747249264E-010,1.40349292091514580E-017)  (-1.45841267472291305E-012,2.91555298958745536E-011)             (-0.49999999999975253,0.0000000000000000)
         228        1000  -599.65838721139971       0.99999999999959666        43.683010904015049       0.99999999999959699        1.6552826062526539E-020   4.0334402484631937E-013 (-1.70743895459328692E-010,-4.11858763482404648E-029)   (9.03421049823271975E-012,2.80454611964341017E-011)             (-0.49999999999975198,0.0000000000000000)
         229        1000  -597.45376078782738       0.99999999999959510        73.407849214917547       0.99999999999959521        1.2593848042957799E-020   4.0489833708079459E-013 (-1.46982829577389972E-010,-4.52949730621219418E-018)   (2.18028244638129811E-011,2.40712793685880998E-011)             (-0.49999999999975109,0.0000000000000000)
         230        1000  -595.24913436425504       0.99999999999959310        108.31424191603891       0.99999999999959321        6.8146492455878870E-021   4.0689673852511987E-013 (-1.01652336367663181E-010,-5.87915756468414081E-018)   (3.62232856406172260E-011,1.64207695217968730E-011)             (-0.49999999999975009,0.0000000000000000)
         231        1000  -593.04450794068271       0.99999999999958944        146.20889197723452       0.99999999999958922        2.4581179091944699E-021   4.1056047450638289E-013  (-3.22373639095506307E-011,1.68379796675972804E-018)   (5.21004507311136279E-011,4.66459880439573819E-012)             (-0.49999999999974809,0.0000000000000000)
         232        1000  -590.83988151711037       0.99999999999958700        184.71073916838563       0.99999999999958722        5.1895271032264881E-021   4.1300296516055823E-013  (6.22505663558354011E-011,-2.80218552755517475E-019)  (6.81358858095497291E-011,-1.10733313473420756E-011)             (-0.49999999999974709,0.0000000000000000)
         233        1000  -588.63525509353803       0.99999999999958633        221.40057083058022       0.99999999999958633        2.2622608415846709E-020   4.1366909897533333E-013  (1.80715804794009072E-010,-6.12950954439831239E-018)  (8.23095608661293319E-011,-3.07479641170525429E-011)             (-0.49999999999974665,0.0000000000000000)
         234        1000  -586.43062866996570       0.99999999999958655        253.97302990471869       0.99999999999958655        6.2722655314157948E-020   4.1344705437040830E-013  (3.19449062620430186E-010,-9.06463874857894513E-018)  (9.32572971480782220E-011,-5.39045808197439649E-011)             (-0.49999999999974676,0.0000000000000000)
         235        1000  -584.22600224639336       0.99999999999958522        280.38146899404757       0.99999999999958522        1.3098588135561456E-019   4.1477932199995848E-013   (4.71622855000943370E-010,1.34857116196830914E-019)  (9.91020105793450316E-011,-7.91473023045666343E-011)             (-0.49999999999974609,0.0000000000000000)
         236        1000  -582.02137582282103       0.99999999999958378        298.96654874714159       0.99999999999958389        2.2677057490422244E-019   4.1622261193197119E-013   (6.27049642745409734E-010,4.08993114633600478E-018)  (9.71758208532761558E-011,-1.04730502651252856E-010)             (-0.49999999999974543,0.0000000000000000)
         237        1000  -579.81674939924869       0.99999999999958245        308.56050025196771       0.99999999999958256        3.3977359247972681E-019   4.1755487956152137E-013  (7.72105572555760358E-010,-2.34232191484781965E-017)  (8.53107563142063110E-011,-1.28602918881707963E-010)             (-0.49999999999974476,0.0000000000000000)
         238        1000  -577.61212297567636       0.99999999999958400        308.56050025139535       0.99999999999958411        4.4828911285338851E-019   4.1600056732704616E-013  (8.89960643207268906E-010,-8.31606146954271476E-019)  (6.21637303250032723E-011,-1.47921462300520244E-010)             (-0.49999999999974554,0.0000000000000000)
         239        1000  -575.40749655210402       0.99999999999958067        298.96654874545476       0.99999999999958100        5.2135303665143648E-019   4.1933123640092163E-013  (9.61224222040256591E-010,-2.42992979868389131E-019)  (2.61333866868389018E-011,-1.59222359004761115E-010)             (-0.49999999999974398,0.0000000000000000)
         240        1000  -573.20287012853169       0.99999999999957889        280.38146899135461       0.99999999999957900        5.2658008825483335E-019   4.2110759324032188E-013  (9.65023993287856026E-010,-6.72657003671189181E-018) (-2.37039473820416022E-011,-1.59240051807203110E-010)             (-0.49999999999974298,0.0000000000000000)
         241        1000  -570.99824370495935       0.99999999999957745        253.97302990118854       0.99999999999957767        4.4446215890225201E-019   4.2255088317233458E-013   (8.80518772926946623E-010,5.46282250277000545E-018) (-8.62460217407837785E-011,-1.44665609014878001E-010)             (-0.49999999999974232,0.0000000000000000)
         242        1000  -568.79361728138701       0.99999999999957501        221.40057082643386       0.99999999999957523        2.8764990641483660E-019   4.2499337382650992E-013   (6.88876289567804251E-010,8.06529562126570963E-019) (-1.59338119132942086E-010,-1.12164436613601524E-010)             (-0.49999999999974110,0.0000000000000000)
         243        1000  -566.58899085781468       0.99999999999957301        184.71073916388647       0.99999999999957323        1.2063404175610361E-019   4.2699177527083521E-013  (3.75661851371457488E-010,-4.42289710441721675E-018) (-2.39955534319565654E-010,-5.93800904408224940E-011)             (-0.49999999999974010,0.0000000000000000)
         244        1000  -564.38436443424234       0.99999999999956946        146.20889197266280       0.99999999999956968        7.1962179433923017E-020   4.3054448894963571E-013 (-6.64883130581686687E-011,-1.73339781520162169E-018)  (-3.22532001065937909E-010,1.45712981069333964E-011)             (-0.49999999999973832,0.0000000000000000)
         245        1000  -562.17973801067001       0.99999999999956879        108.31424191168273       0.99999999999956879        3.2899942784745798E-019   4.3121062276441080E-013 (-6.35116528132726233E-010,-5.47230996128618913E-018)  (-3.99467511242852766E-010,1.09381605174744868E-010)             (-0.49999999999973788,0.0000000000000000)
         246        1000  -559.97511158709767       0.99999999999956513        73.407849211049964       0.99999999999956524        1.1058102862468154E-018   4.3487435874567382E-013 (-1.31527558914888867E-009,-4.00870490143865689E-018)  (-4.62455737058127364E-010,2.22617057569490255E-010)             (-0.49999999999973610,0.0000000000000000)
         247        1000  -557.77048516352534       0.99999999999956446        43.683010900878678       0.99999999999956457        2.5797702488247877E-018   4.3554049256044891E-013  (-2.07724732630912500E-009,5.59746587999220683E-018)  (-5.01731080697672807E-010,3.49050864766812746E-010)             (-0.49999999999973577,0.0000000000000000)
         248        1000  -555.56585873995300       0.99999999999956068        21.007447892506747       0.99999999999956057        4.8027077420735275E-018   4.3931525084417444E-013 (-2.87501230372294420E-009,-5.63549539444017982E-019)  (-5.06139739353585495E-010,4.80908066344624903E-010)             (-0.49999999999973377,0.0000000000000000)
         249        1000  -553.36123231638066       0.99999999999955647        6.8059492046377557       0.99999999999955680        7.6072117283865770E-018   4.4353409833775004E-013  (-3.64584501735945660E-009,1.58340385677260764E-017)  (-4.65274174162804840E-010,6.07977879597191445E-010)             (-0.49999999999973188,0.0000000000000000)
         250        1000  -551.15660589280833       0.99999999999955469        1.9708472292900177       0.99999999999955480        1.0544359256304548E-017   4.4531045517715029E-013  (-4.31128329073662336E-009,1.52996264426130423E-017)  (-3.70336448285054351E-010,7.17077639864329250E-010)             (-0.49999999999973088,0.0000000000000000)
         251        1000  -548.95197946923599       0.99999999999955325        6.8059492058367121       0.99999999999955325        1.2900557796060777E-017   4.4675374510916299E-013  (-4.77988876041027867E-009,2.08969479153533491E-020)  (-2.13998990133729653E-010,7.92815063734315432E-010)             (-0.49999999999973010,0.0000000000000000)
         252        1000  -546.74735304566366       0.99999999999955125        21.007447894828200       0.99999999999955125        1.3839847014978974E-017   4.4875214655348827E-013 (-4.95200747428029886E-009,-1.49901931366886979E-018)   (7.25441010457995571E-012,8.18898238980526109E-010)             (-0.49999999999972911,0.0000000000000000)
         253        1000  -544.54272662209132       0.99999999999955091        43.683010904176236       0.99999999999955080        1.2697146136976482E-017   4.4908521346087582E-013  (-4.72664851257028776E-009,1.17674990115248042E-018)   (2.91115133290485178E-010,7.78706570607842935E-010)             (-0.49999999999972888,0.0000000000000000)
         254        1000  -542.33810019851899       0.99999999999954858        73.407849215116840       0.99999999999954903        9.4022276864673281E-018   4.5141668181258865E-013  (-4.01038983893350565E-009,4.26646434590888967E-018)   (6.29531719138979849E-010,6.56627277092257816E-010)             (-0.49999999999972800,0.0000000000000000)
         255        1000  -540.13347377494665       0.99999999999954592        108.31424191626292       0.99999999999954592        4.9482151148901013E-018   4.5408121707168903E-013 (-2.72815565190251011E-009,-3.57381395747560955E-019)   (1.00761351162653706E-009,4.40488322640938568E-010)             (-0.49999999999972644,0.0000000000000000)
         256        1000  -537.92884735137432       0.99999999999954370        146.20889197747053       0.99999999999954392        1.7447443327370965E-018   4.5630166312093934E-013  (-8.35260697506649316E-010,2.23202825951625118E-018)   (1.40174818940423769E-009,1.23354048188283113E-010)             (-0.49999999999972544,0.0000000000000000)
         257        1000  -535.72422092780198       0.99999999999954348        184.71073916861531       0.99999999999954325        3.6414080832605997E-018   4.5652370772586437E-013   (1.67001291710338750E-009,6.64952003424280344E-025)  (1.78026310252962726E-009,-2.94908783429167818E-010)             (-0.49999999999972511,0.0000000000000000)
         258        1000  -533.51959450422964       0.99999999999954137        221.40057083078977       0.99999999999954148        1.5405607744300888E-017   4.5863313147265217E-013  (4.73425957678879463E-009,-6.99997405190432979E-019)  (2.10498781315814306E-009,-8.05182645127212003E-010)             (-0.49999999999972422,0.0000000000000000)
         259        1000  -531.31496808065731       0.99999999999954103        253.97302990489572       0.99999999999954103        4.1525179327577441E-017   4.5896619838003971E-013   (8.23854514206101160E-009,4.03917053636353856E-018)  (2.33163203143499074E-009,-1.38711874688950133E-009)             (-0.49999999999972400,0.0000000000000000)
         260        1000  -529.11034165708497       0.99999999999953915        280.38146899417984       0.99999999999953926        8.4400001450183575E-017   4.6085357752190248E-013  (1.19911698714338114E-008,-2.74147269736953523E-018)  (2.41205086687993605E-009,-2.00853525963323489E-009)             (-0.49999999999972311,0.0000000000000000)
         261        1000  -526.90571523351264       0.99999999999953759        298.96654874722338       0.99999999999953770        1.4227688014546027E-016   4.6240788975637770E-013  (1.57251317024645226E-008,-1.55464209228215943E-018)  (2.29896351617617735E-009,-2.62501058171101391E-009)             (-0.49999999999972233,0.0000000000000000)
         262        1000  -524.70108880994030       0.99999999999953781        308.56050025199193       0.99999999999953793        2.0760991838928955E-016   4.6218584515145267E-013  (1.91017518811327314E-008,-2.00174555804232123E-018)  (1.94990355699475088E-009,-3.17997736120306000E-009)             (-0.49999999999972244,0.0000000000000000)
         263        1000  -522.49646238636797       0.99999999999953604        308.56050025135528       0.99999999999953593        2.6678452695087520E-016   4.6396220199085292E-013  (2.17218565079331780E-008,-1.52626721101554115E-017)  (1.33137734152124961E-009,-3.60694531612121329E-009)             (-0.49999999999972145,0.0000000000000000)
         264        1000  -520.29183596279563       0.99999999999953604        298.96654874536063       0.99999999999953570        3.0218084851839533E-016   4.6396220199085292E-013   (2.31455276211726101E-008,3.96253657470651902E-019)  (4.25571188495797943E-010,-3.83321692811341392E-009)             (-0.49999999999972133,0.0000000000000000)
         265        1000  -518.08720953922329       0.99999999999953415        280.38146899121222       0.99999999999953348        2.9721769781305743E-016   4.6584958113271568E-013   (2.29207814807048000E-008,1.75898282260628469E-018) (-7.63640839074803118E-010,-3.78406843009191546E-009)             (-0.49999999999972022,0.0000000000000000)
         266        1000  -515.88258311565096       0.99999999999953526        253.97302990100027       0.99999999999953504        2.4422553059254438E-016   4.6473935810809053E-013   (2.06210592516853008E-008,2.19996675786706204E-018) (-2.20648313416178896E-009,-3.38905767418718499E-009)             (-0.49999999999972100,0.0000000000000000)
         267        1000  -513.67795669207862       0.99999999999953604        221.40057082620993       0.99999999999953593        1.5378142842806150E-016   4.6396220199085292E-013  (1.58903652232137578E-008,-7.46812762189636866E-018) (-3.84275362675156374E-009,-2.59002198575913319E-009)             (-0.49999999999972145,0.0000000000000000)
         268        1000  -511.47333026850646       0.99999999999953448        184.71073916364244       0.99999999999953459        6.2737363867494759E-017   4.6551651422532814E-013   (8.49396742559750212E-009,2.91999842497915518E-018) (-5.57812666060145632E-009,-1.34921495305322338E-009)             (-0.49999999999972078,0.0000000000000000)
         269        1000  -509.26870384493469       0.99999999999953404        146.20889197242008       0.99999999999953415        3.7030927327123364E-017   4.6596060343517820E-013 (-1.62856628796638051E-009,-6.76777387033024365E-018)  (-7.28474470009847013E-009,3.42293496966877320E-010)             (-0.49999999999972056,0.0000000000000000)
         270        1000  -507.06407742136292       0.99999999999953026        108.31424191145344       0.99999999999953060        1.6510514892087035E-016   4.6973536171890373E-013  (-1.43120434637568813E-008,3.78839551818205025E-018)  (-8.80444521610028837E-009,2.45563117415578659E-009)             (-0.49999999999971878,0.0000000000000000)
         271        1000  -504.85945099779116       0.99999999999952716        73.407849210855673       0.99999999999952638        5.3899795109341008E-016   4.7284398618785417E-013 (-2.91213070083096795E-008,-1.33363188408321199E-018)  (-9.95374418025535645E-009,4.91684126573523856E-009)             (-0.49999999999971667,0.0000000000000000)
         272        1000  -502.65482457421939       0.99999999999952538        43.683010900725158       0.99999999999952416        1.2233021960220389E-015   4.7462034302725442E-013 (-4.53196541311706557E-008,-5.00042562958992939E-018)  (-1.05341542819728292E-008,7.60221935383229845E-009)             (-0.49999999999971556,0.0000000000000000)
         273        1000  -500.45019815064762       0.99999999999953082        21.007447892390406       0.99999999999952793        2.2171102825140100E-015   4.6918025020659115E-013  (-6.18560968841909052E-008,2.32971823131519772E-018)  (-1.03470932023989477E-008,1.03361632684915868E-008)             (-0.49999999999971745,0.0000000000000000)
         274        1000  -498.24557172707586       0.99999999999954658        6.8059492045791075       0.99999999999954103        3.4198399188883814E-015   4.5341508325691393E-013  (-7.73774225886112030E-008,5.99756369883805153E-018)  (-9.21070560017092134E-009,1.28929009388517005E-008)             (-0.49999999999972400,0.0000000000000000)
         275        1000  -496.04094530350409       0.99999999999956923        1.9708472293018229       0.99999999999956168        4.6167233782262107E-015   4.3076653355456074E-013  (-9.02703872075927286E-008,1.37664661509153766E-019)  (-6.97976926058459769E-009,1.50041742814720816E-008)             (-0.49999999999973432,0.0000000000000000)
         276        1000  -493.83631887993232       0.99999999999960310        6.8059492058893518       0.99999999999959455        5.5012772859210036E-015   3.9690473130349346E-013 (-9.87378194986159225E-008,-1.18378568134611203E-017)  (-3.56936225792761055E-009,1.63721113340431906E-008)             (-0.49999999999975075,0.0000000000000000)
         277        1000  -491.63169245636055       0.99999999999964695        21.007447894905923       0.99999999999963651        5.7477175531365069E-015   3.5305092183079978E-013  (-1.00910278293973846E-007,1.16084247574333489E-017)   (1.02286913742169282E-009,1.66873855059631033E-008)             (-0.49999999999977174,0.0000000000000000)
         278        1000  -489.42706603278879       0.99999999999968514        43.683010904302392       0.99999999999967581        5.1344093419431639E-015   3.1485924978369439E-013 (-9.49922928732194688E-008,-2.49799236560804757E-018)   (6.69669702935975564E-009,1.56538151399035084E-008)             (-0.49999999999979139,0.0000000000000000)
         279        1000  -487.22243960921702       0.99999999999972600        73.407849215286845       0.99999999999972000        3.7003635016061675E-015   2.7400304247748863E-013 (-7.94387104703769379E-008,-4.00471859708994509E-018)   (1.32316020683794175E-008,1.30180719475765164E-008)             (-0.49999999999981348,0.0000000000000000)
         280        1000  -485.01781318564525       0.99999999999975031        108.31424191644327       0.99999999999974620        1.8939103553537185E-015   2.4968915823819771E-013  (-5.31528329070006223E-008,9.18133554378027129E-018)   (2.02760118696948035E-008,8.60210424503317004E-009)             (-0.49999999999982658,0.0000000000000000)
         281        1000  -482.81318676207349       0.99999999999975486        146.20889197765632       0.99999999999975420        6.5272602428102861E-016   2.4513724383723456E-013 (-1.56941176042714044E-008,-2.15344181050118645E-018)   (2.73468123387626179E-008,2.33739307089219800E-009)             (-0.49999999999983058,0.0000000000000000)
         282        1000  -480.60856033850172       0.99999999999974387        184.71073916880539       0.99999999999974465        1.3468039299684676E-015   2.5612845178102361E-013  (3.25206626689291049E-008,-2.91113948121432663E-018)  (3.38395523799397388E-008,-5.70142304537289898E-009)             (-0.49999999999982581,0.0000000000000000)
         283        1000  -478.40393391492995       0.99999999999973155        221.40057083095886       0.99999999999972644        5.5305237017093045E-015   2.6845192735436285E-013   (9.00422889597759631E-008,8.49599567521995692E-018)  (3.90507282729893976E-008,-1.52679044376463900E-008)             (-0.49999999999981670,0.0000000000000000)
         284        1000  -476.19930749135818       0.99999999999973888        253.97302990506901       0.99999999999972222        1.4493376549480547E-014   2.6112445539183682E-013  (1.54261845609776480E-007,-7.32980268616784141E-018)  (4.22159747280997117E-008,-2.59235433148572452E-008)             (-0.49999999999981459,0.0000000000000000)
         285        1000  -473.99468106778642       0.99999999999982137        280.38146899437783       0.99999999999978373        2.8670303088884279E-014   1.7863488466218769E-013  (2.21354156398750681E-007,-8.92616220928739521E-025)  (4.25631158763442600E-008,-3.70285100951061526E-008)             (-0.49999999999984535,0.0000000000000000)
         286        1000  -471.79005464421465       0.99999999999992850        298.96654874736339       0.99999999999987943        4.7059880676617358E-014   7.1498362785860081E-014   (2.86313918957743647E-007,8.51424595686764603E-018)  (3.93764713069112472E-008,-4.77480129420364627E-008)             (-0.49999999999988481,0.0000000000000000)
         287        1000  -469.58542822064288       0.99999999999996392        308.56050025205019       0.99999999999988964        6.6876958223931806E-014   3.6082248300317588E-014   (3.43103647700794075E-007,5.86273640521070658E-018)  (3.20729295512589477E-008,-5.70779727089709652E-008)             (-0.49999999999988559,0.0000000000000000)
         288        1000  -467.38080179707111        1.0000000000000278        308.56050025144629       0.99999999999993960        8.3700924383201715E-014  -2.7755575615628914E-014  (3.84926937099893295E-007,-8.65997288757033299E-019)  (2.02854485574562218E-008,-6.38908447755514954E-008)             (-0.49999999999990841,0.0000000000000000)
         289        1000  -465.17617537349935        1.0000000000000884        298.96654874549364       0.99999999999999090        9.2334917000617849E-014  -8.8373752760162461E-014   (4.04632809020666455E-007,7.42947084617950127E-018)  (3.94568508814876162E-009,-6.70028379873185428E-008)             (-0.49999999999993322,0.0000000000000000)
         290        1000  -462.97154894992758        1.0000000000001383        280.38146899125371        1.0000000000000413        8.8439248153505727E-014  -1.3833378886829450E-013  (3.95246604043895059E-007,-4.75313372729236522E-018) (-1.66402825992267180E-008,-6.52627319590623425E-008)             (-0.49999999999995892,0.0000000000000000)
         291        1000  -460.76692252635581        1.0000000000002056        253.97302990097847        1.0000000000001297        7.0745588085227965E-014  -2.0561330416057899E-013  (3.50610728121243431E-007,-3.92888311683072508E-018) (-4.07294631129461647E-008,-5.76586360304122516E-008)             (-0.50000000000001832,0.0000000000000000)
         292        1000  -458.56229610278405        1.0000000000003091        221.40057082624594        1.0000000000002611        4.3338665178889775E-014  -3.0908609005564358E-013   (2.66104743112494003E-007,1.12776885524538571E-018) (-6.71039090837928971E-008,-4.34369670860285637E-008)             (-0.50000000000008404,0.0000000000000000)
         293        1000  -456.35766967921228        1.0000000000003531        184.71073916368928        1.0000000000003326        1.7197630678217593E-014  -3.5305092183079978E-013  (1.39400603025851400E-007,-5.33304100182337809E-018) (-9.40665524780218731E-008,-2.22274611723433346E-008)             (-0.50000000000011979,0.0000000000000000)
         294        1000  -454.15304325564051        1.0000000000003137        146.20889197244531        1.0000000000003100        1.0043792910408776E-014  -3.1374902675906924E-013 (-2.88046649097572467E-008,-7.29364731029387359E-019)  (-1.19476039998757552E-007,5.83552021181025089E-009)             (-0.50000000000010847,0.0000000000000000)
         295        1000  -451.94841683206874        1.0000000000002753        108.31424191151422        1.0000000000002318        4.3677805260719312E-014  -2.7533531010703882E-013  (-2.34147678815877629E-007,1.21414672515341346E-019)  (-1.40827945025615369E-007,4.00079310281746364E-008)             (-0.50000000000006939,0.0000000000000000)
         296        1000  -449.74379040849698        1.0000000000002920        73.407849210839430        1.0000000000001483        1.3850202051844578E-013  -2.9198865547641617E-013 (-4.68125249129868860E-007,-4.00113294250294030E-018)  (-1.55387640384275375E-007,7.88590884522795220E-008)             (-0.50000000000000189,0.0000000000000000)
         297        1000  -447.53916398492521        1.0000000000003211        43.683010900601872        1.0000000000000151        3.0581403987802243E-013  -3.2107649872159527E-013  (-7.17868043950568276E-007,1.69233335712910684E-018)  (-1.60372467496631089E-007,1.20235425288808428E-007)             (-0.49999999999989964,0.0000000000000000)
         298        1000  -445.33453756135344        1.0000000000003357        21.007447892431159       0.99999999999979439        5.3958561636819747E-013  -3.3573144264664734E-013  (-9.66236581120045308E-007,1.66800256142138370E-025)  (-1.53177826607639415E-007,1.61278309901037021E-007)             (-0.49999999999973654,0.0000000000000000)
         299        1000  -443.12991113778168        1.0000000000003473        6.8059492047406174       0.99999999999953415        8.1050717486070774E-013  -3.4727776210274897E-013  (-1.19230381014183657E-006,6.54424734403693598E-018)  (-1.31640054629426468E-007,1.98506498264260116E-007)             (-0.49999999999955230,0.0000000000000000)
         300        1000  -440.92528471420991        1.0000000000003704        1.9708472291654870       0.99999999999930056        1.0656543528648168E-012  -3.7037040101495222E-013 (-1.37226915103324941E-006,-7.17333769616703550E-020)  (-9.43202923487557714E-008,2.27969593629687868E-007)             (-0.49999999999938016,0.0000000000000000)
         301        1000  -438.72065829063814        1.0000000000003979        6.8059492056117916       0.99999999999915756        1.2367593055060862E-012  -3.9790393202565610E-013 (-1.48082122237780971E-006,-5.55673267868007747E-018)  (-4.07875009742908667E-008,2.45475520741744422E-007)             (-0.49999999999927397,0.0000000000000000)
         302        1000  -436.51603186706637        1.0000000000004203        21.007447894983166       0.99999999999916001        1.2584108757947800E-012  -4.2033043712308427E-013 (-1.49293157552623956E-006,-1.54153056280900279E-018)   (2.81221242341216355E-008,2.46889917827547721E-007)             (-0.49999999999927175,0.0000000000000000)
         303        1000  -434.31140544349461        1.0000000000004456        43.683010904502062       0.99999999999934897        1.0945400404526617E-012  -4.4564352208453784E-013 (-1.38602038869688068E-006,-4.03545266991976606E-018)   (1.10096071466475948E-007,2.28496146094576744E-007)             (-0.49999999999940298,0.0000000000000000)
         304        1000  -432.10677901992284        1.0000000000004581        73.407849215212664       0.99999999999968869        7.6771960537694182E-013  -4.5807801996033959E-013 (-1.14239022426237287E-006,-1.24786545519578886E-017)   (2.01218276341960268E-007,1.87398608778477069E-007)             (-0.49999999999964329,0.0000000000000000)
         305        1000  -429.90215259635107        1.0000000000004761        108.31424191636462        1.0000000000000919        3.8210707694179649E-013  -4.7606363295926712E-013  (-7.51778271317561123E-007,8.01501074224128574E-019)   (2.95951662617152434E-007,1.21945270389959620E-007)             (-0.49999999999992900,0.0000000000000000)
         306        1000  -427.69752617277931        1.0000000000004765        146.20889197769765        1.0000000000003513        1.2870754432121101E-013  -4.7650772216911719E-013 (-2.13835073109088006E-007,-2.13968156671259153E-017)   (3.87253609947996302E-007,3.21370992463464966E-008)             (-0.50000000000011224,0.0000000000000000)
         307        1000  -425.49289974920754        1.0000000000004510        184.71073916876063        1.0000000000001896        2.6256682421253370E-013  -4.5097259260273859E-013   (4.59696994066055886E-007,3.69450024218594592E-020)  (4.66844349547580718E-007,-8.00140733683234406E-008)             (-0.50000000000000455,0.0000000000000000)
         308        1000  -423.28827332563577        1.0000000000004603        221.40057083110423       0.99999999999941136        1.0466672970329367E-012  -4.6029846600958990E-013   (1.24335487867423890E-006,5.37843630405170560E-018)  (5.25639050725225886E-007,-2.10219781758888090E-007)             (-0.49999999999944633,0.0000000000000000)
         309        1000  -421.08364690206400        1.0000000000004790        253.97302990534240       0.99999999999781131        2.6668298685836826E-012  -4.7895021282329253E-013   (2.09713056037479440E-006,7.75919308454919993E-019)  (5.54338763312492304E-007,-3.51782898851081521E-007)             (-0.49999999999830086,0.0000000000000000)
         310        1000  -418.87902047849224        1.0000000000004672        280.38146899401301       0.99999999999533684        5.1344338734925988E-012  -4.6718184876226587E-013  (2.96669124290157563E-006,-3.98742818973436847E-018)  (5.44163188392101816E-007,-4.95640167891948332E-007)             (-0.49999999999654238,0.0000000000000000)
         311        1000  -416.67439405492047        1.0000000000004501        298.96654874685498       0.99999999999224487        8.2061190463578806E-012  -4.5008441418303846E-013  (3.78484488961614686E-006,-3.86262636855241005E-018)  (4.87694689686932825E-007,-6.30611778264710711E-007)             (-0.49999999999434458,0.0000000000000000)
         312        1000  -414.46976763134870        1.0000000000004443        308.56050025261283       0.99999999998908584        1.1357284284948663E-011  -4.4431125445498765E-013   (4.47438759055167168E-006,2.49160507047528768E-018)  (3.79783003820207378E-007,-7.43879443484688193E-007)             (-0.49999999999210298,0.0000000000000000)
         313        1000  -412.26514120777694        1.0000000000004416        308.56050025215080       0.99999999998659805        1.3844191368929667E-011  -4.4164671919588727E-013  (4.95237992156909403E-006,-1.96573634196439997E-017)  (2.18445335956415731E-007,-8.21700937737110957E-007)             (-0.49999999999034178,0.0000000000000000)
         314        1000  -410.06051478420517        1.0000000000004436        298.96654874499683       0.99999999998556799        1.4874068819305958E-011  -4.4364512064021255E-013  (5.13578766637016776E-006,-4.12453858668623195E-018)  (5.68624415161919497E-009,-8.50350275980228222E-007)             (-0.49999999998962008,0.0000000000000000)
         315        1000  -407.85588836063340        1.0000000000004408        280.38146899082273       0.99999999998656852        1.3873165216813397E-011  -4.4075854077618715E-013  (4.94829333436492242E-006,-1.49069358712487060E-018) (-2.51848506966096877E-007,-8.17249829110100947E-007)             (-0.49999999999035100,0.0000000000000000)
         316        1000  -405.65126193706163        1.0000000000004352        253.97302990167324       0.99999999998963274        1.0803373714620716E-011  -4.3520742565306136E-013  (4.32794625333272689E-006,-1.70752435094287069E-018) (-5.42474928814869090E-007,-7.12238842373846156E-007)             (-0.49999999999254974,0.0000000000000000)
         317        1000  -403.44663551348987        1.0000000000004272        221.40057082673835       0.99999999999399125        6.4384336940439027E-012  -4.2721381987576024E-013   (3.23518108286863880E-006,1.41016920621574325E-017) (-8.49415144380368674E-007,-5.28900920182778255E-007)             (-0.49999999999567313,0.0000000000000000)
         318        1000  -401.24200908991810        1.0000000000004265        184.71073916358102       0.99999999999793876        2.4848390358103899E-012  -4.2654768606098514E-013   (1.66060885284138425E-006,6.63582933909738008E-018) (-1.15115460626204083E-006,-2.65850520835125247E-007)             (-0.49999999999849459,0.0000000000000000)
         319        1000  -399.03738266634633        1.0000000000004230        146.20889197250648       0.99999999999899081        1.4358361929391888E-012  -4.2299497238218464E-013  (-3.68115081217756064E-007,2.25537158302655679E-018)  (-1.42226619285992997E-006,7.21373397795483020E-008)             (-0.49999999999924505,0.0000000000000000)
         320        1000  -396.83275624277456        1.0000000000004263        108.31424191108428       0.99999999999433742        6.0911088814644468E-012  -4.2632564145606011E-013 (-2.78110236677215719E-006,-5.28706550636384594E-019)  (-1.63472491757323596E-006,4.73278662387564932E-007)             (-0.49999999999592565,0.0000000000000000)
         321        1000  -394.62812981920280        1.0000000000004177        73.407849210368127       0.99999999998165734        1.8762368338563825E-011  -4.1766590186398389E-013  (-5.46348652073890039E-006,9.91072252600106166E-018)  (-1.75969692384682841E-006,9.18339516662351013E-007)             (-0.49999999998688877,0.0000000000000000)
         322        1000  -392.42350339563103        1.0000000000004239        43.683010901945480       0.99999999996011990        4.0304164561436180E-011  -4.2388315080188477E-013  (-8.25583046907055964E-006,1.69131654470686086E-018)  (-1.76974662708101639E-006,1.38072050114081955E-006)             (-0.49999999997154554,0.0000000000000000)
         323        1000  -390.21887697205926        1.0000000000004230        21.007447893559110       0.99999999993119171        6.9231475309246714E-011  -4.2299497238218464E-013  (-1.09582701799959491E-005,6.54176077253885810E-018)  (-1.64136019489065609E-006,1.82716171467935566E-006)             (-0.49999999995095878,0.0000000000000000)
         324        1000  -388.01425054848750        1.0000000000004226        6.8059492030666986       0.99999999989915378        1.0126927725456467E-010  -4.2255088317233458E-013  (-1.33387782169179362E-005,5.52738329818697333E-018)  (-1.35763344451566933E-006,2.21912996956208920E-006)             (-0.49999999992818306,0.0000000000000000)
         325        1000  -385.80962412491573        1.0000000000004261        1.9708472284573131       0.99999999987074784        1.2967828183104442E-010  -4.2610359685113508E-013  (-1.51456611636287944E-005,1.98263545353831497E-018)  (-9.10931368265562833E-007,2.51490680550384470E-006)             (-0.49999999990802674,0.0000000000000000)
         326        1000  -383.60499770134396        1.0000000000004297        6.8059492085283138       0.99999999985384980        1.4657940822816065E-010  -4.2965631052993558E-013  (-1.61240733254584981E-005,2.49881201556571138E-018)  (-3.05293946737441571E-007,2.67233926106849937E-006)             (-0.49999999989610505,0.0000000000000000)
         327        1000  -381.40037127777219        1.0000000000004354        21.007447896440613       0.99999999985518606        1.4524865730738198E-010  -4.3542947025798640E-013 (-1.60359535944935113E-005,-9.09672565970050932E-018)   (4.41660761069341935E-007,2.65215302325838544E-006)             (-0.49999999989719934,0.0000000000000000)
         328        1000  -379.19574485420043        1.0000000000004459        43.683010902451343       0.99999999987743737        1.2300689915021331E-010  -4.4586556668946287E-013  (-1.46823954577528761E-005,8.40795398392896913E-019)   (1.29759026320722832E-006,2.42166246309381857E-006)             (-0.49999999991320404,0.0000000000000000)
         329        1000  -376.99111843062866        1.0000000000004485        73.407849214553565       0.99999999991648170        8.3966388950769077E-011  -4.4853010194856324E-013 (-1.19270722683212164E-005,-3.71558081800595322E-018)   (2.21527372376123938E-006,1.95864856689673427E-006)             (-0.49999999994115568,0.0000000000000000)
         330        1000  -374.78649200705689        1.0000000000004512        108.31424191750121       0.99999999995981348        4.0637355542300604E-011  -4.5119463720766362E-013  (-7.71899497693286164E-006,2.09623926997305348E-018)   (3.13364744247728855E-006,1.25511755226237417E-006)             (-0.49999999997212097,0.0000000000000000)
         331        1000  -372.58186558348513        1.0000000000004508        146.20889197784354       0.99999999998707434        1.3376730762656555E-011  -4.5075054799781356E-013  (-2.11261511957109778E-006,1.58367073530745887E-017)   (3.98016540131099639E-006,3.20610430500100886E-007)             (-0.49999999999158612,0.0000000000000000)
         332        1000  -370.37723915991336        1.0000000000004474        184.71073916974944       0.99999999997346478        2.6981972453091015E-011  -4.4741987892393809E-013   (4.71686126920143005E-006,4.76623132667930228E-019)  (4.67453371381629888E-006,-8.15289521303496828E-007)             (-0.49999999998188099,0.0000000000000000)
         333        1000  -368.17261273634159        1.0000000000004512        221.40057083190493       0.99999999989602628        1.0442480997975509E-010  -4.5119463720766362E-013   (1.24650790768727304E-005,2.53810387082463572E-018)  (5.13376059675009816E-006,-2.10160325165084695E-006)             (-0.49999999992667493,0.0000000000000000)
         334        1000  -365.96798631276982        1.0000000000004512        253.97302990253957       0.99999999974175702        2.5869436363783481E-010  -4.5119463720766362E-013   (2.06990071544437443E-005,5.38656762358759781E-018)  (5.27834541552292853E-006,-3.46607839867081953E-006)             (-0.49999999981676324,0.0000000000000000)
         335        1000  -363.76335988919806        1.0000000000004405        280.38146899396452       0.99999999951568630        4.8475474377092857E-010  -4.4053649617126212E-013  (2.88678502274994752E-005,-4.52890606644652595E-019)  (5.03930504626911429E-006,-4.81704491571983082E-006)             (-0.49999999965580677,0.0000000000000000)
         336        1000  -361.55873346562629        1.0000000000004476        298.96654875350481       0.99999999924605820        7.5438742103895602E-010  -4.4764192352886312E-013   (3.63253960553888111E-005,7.85577365872376691E-018)  (4.36560924628160632E-006,-6.04716531323314683E-006)             (-0.49999999946400692,0.0000000000000000)
         337        1000  -359.35410704205452        1.0000000000004505        308.56050025397059       0.99999999898363701        1.0168134996265629E-009  -4.5052850339288852E-013  (4.23640346056210654E-005,-7.29049952546952458E-018)  (3.23148819042918613E-006,-7.03911588938239346E-006)             (-0.49999999927759614,0.0000000000000000)
         338        1000  -357.14948061848276        1.0000000000004556        308.56050024473768       0.99999999879327617        1.2071801487691743E-009  -4.5563552930616424E-013  (4.62597721619789683E-005,-4.19107262154425504E-018)  (1.64299357248685777E-006,-7.67308239994227467E-006)             (-0.49999999914279614,0.0000000000000000)
         339        1000  -354.94485419491099        1.0000000000004545        298.96654874397348       0.99999999873729539        1.2631592099290275E-009  -4.5452530628153909E-013   (4.73265452472376871E-005,5.12929105894824271E-019) (-3.56854737733335874E-007,-7.83578450123405215E-006)             (-0.49999999910397025,0.0000000000000000)
         340        1000  -352.74022777133922        1.0000000000004607        280.38146899702406       0.99999999885318913        1.1472713424862409E-009  -4.6074255521943996E-013   (4.49770831637835852E-005,2.11062137808386135E-018) (-2.68500446723848120E-006,-7.43056968400891268E-006)             (-0.49999999918771415,0.0000000000000000)
         341        1000  -350.53560134776745        1.0000000000004712        253.97302990057202       0.99999999913076620        8.6970370552780220E-010  -4.7117865165091644E-013  (3.87865557779646365E-005,-1.24067002647744995E-017) (-5.21799804597318099E-006,-6.38795026876366891E-006)             (-0.49999999938659667,0.0000000000000000)
         342        1000  -348.33097492419569        1.0000000000004639        221.40057082120509       0.99999999949624763        5.0421799500327409E-010  -4.6385117968839040E-013   (2.85543662771419899E-005,1.46823290147969080E-022) (-7.79478467961984464E-006,-4.67581165020549516E-006)             (-0.49999999964787312,0.0000000000000000)
         343        1000  -346.12634850062392        1.0000000000004630        184.71073916287384       0.99999999981122079        1.8924072755592048E-010  -4.6296300126869028E-013   (1.43588032485628267E-005,1.67924259647887445E-018) (-1.02230348640210924E-005,-2.30841527031471966E-006)             (-0.49999999987278643,0.0000000000000000)
         344        1000  -343.92172207705215        1.0000000000004643        146.20889197171746       0.99999999989227550        1.0818938303682506E-010  -4.6429526889824047E-013 (-3.40105460916027210E-006,-6.43322694249966331E-018)  (-1.22890395375817661E-005,6.46731653867382632E-007)             (-0.49999999993063005,0.0000000000000000)
         345        1000  -341.71709565348038        1.0000000000004547        108.31424191203018       0.99999999955267649        4.4778012771441967E-010  -4.5474735088646412E-013 (-2.39817037602958512E-005,-1.88175958057962505E-018)  (-1.37709961070848747E-005,4.06505207137003623E-006)             (-0.49999999968850084,0.0000000000000000)
         346        1000  -339.51246922990862        1.0000000000004503        73.407849217992563       0.99999999866052791        1.3399228566469452E-009  -4.5030645878796349E-013 (-4.62948233313556558E-005,-3.07518684816028774E-018)  (-1.44551742653074995E-005,7.76494085298751965E-006)             (-0.49999999905274800,0.0000000000000000)
         347        1000  -337.30784280633685        1.0000000000004474        43.683010899556741       0.99999999720011390        2.8003343148796616E-009  -4.4741987892393809E-013 (-6.89340490849887601E-005,-5.62687087752068701E-018)  (-1.41541365895472309E-005,1.15123159434333884E-005)             (-0.49999999801265682,0.0000000000000000)
         348        1000  -335.10321638276508        1.0000000000004463        21.007447877759965       0.99999999531753536        4.6829116514805950E-009  -4.4630965589931293E-013 (-9.02312967386685599E-005,-3.32349242161059283E-018)  (-1.27258835287219837E-005,1.50300655668974078E-005)             (-0.49999999667286993,0.0000000000000000)
         349        1000  -332.89858995919332        1.0000000000004405        6.8059492032399813       0.99999999332980027        6.6706417963454770E-009  -4.4053649617126212E-013 (-1.08343029595419176E-004,-5.55251994673813080E-019)  (-1.00925319934611559E-005,1.80124484077629400E-005)             (-0.49999999525972511,0.0000000000000000)
         350        1000  -330.69396353562155        1.0000000000004388        1.9708472419314464       0.99999999168115128        8.3192875433971248E-009  -4.3876013933186186E-013  (-1.21364521053231702E-004,8.84526793929689956E-018)  (-6.25695205835274510E-006,2.01441141576616517E-005)             (-0.49999999408996837,0.0000000000000000)
         351        1000  -328.48933711204978        1.0000000000004414        6.8059491985048890       0.99999999084188906        9.1585513056669900E-009  -4.4142467459096224E-013  (-1.27467597113757153E-004,3.39249406279000900E-018)  (-1.31569503518548269E-006,2.11229858135310017E-005)             (-0.49999999349852392,0.0000000000000000)
         352        1000  -326.28471068847801        1.0000000000004352        21.007447874564928       0.99999999116222016        8.8382148289929155E-009  -4.3520742565306136E-013 (-1.25054732274957725E-004,-9.81387484635236520E-019)   (4.53342105162883292E-006,2.06858144312896198E-005)             (-0.49999999373431259,0.0000000000000000)
         353        1000  -324.08008426490625        1.0000000000004334        43.683010905195850       0.99999999271283824        7.2875951810635830E-009  -4.3343106881366111E-013 (-1.12919920140623167E-004,-5.59730011332703452E-018)   (1.09905275307752357E-005,1.86348126515257450E-005)             (-0.49999999484670810,0.0000000000000000)
         354        1000  -321.87545784133448        1.0000000000004285        73.407849225983099       0.99999999515922600        4.8412035746671989E-009  -4.2854608750531042E-013 (-9.04046751236324515E-005,-7.93053119609419158E-018)   (1.76608618949502234E-005,1.48634327243140362E-005)             (-0.49999999659621186,0.0000000000000000)
         355        1000  -319.67083141776271        1.0000000000004263        108.31424191509046       0.99999999772228598        2.2781412942170105E-009  -4.2632564145606011E-013 (-5.75360731725309000E-005,-3.08306094876181477E-018)   (2.40705439952218462E-005,9.37911836040178269E-006)             (-0.49999999842670600,0.0000000000000000)
         356        1000  -317.46620499419095        1.0000000000004239        146.20889197650507       0.99999999926765271        7.3276982366709046E-010  -4.2388315080188477E-013  (-1.51331229487585627E-005,1.86882976143971701E-018)   (2.96910574850317841E-005,2.32076246563399398E-006)             (-0.49999999952951979,0.0000000000000000)
         357        1000  -315.26157857061918        1.0000000000004217        184.71073916597058       0.99999999853890342        1.4615168975863999E-009  -4.2166270475263445E-013  (3.51318463442824779E-005,-2.37254487803454081E-018)  (3.39718318418653453E-005,-6.03132919080398797E-006)             (-0.49999999900991410,0.0000000000000000)
         358        1000  -313.05695214704741        1.0000000000004243        221.40057081682454       0.99999999450818877        5.4922349148455396E-009  -4.2432724001173483E-013  (9.07285671119634175E-005,-4.52852720252605991E-018)  (3.63795796690619220E-005,-1.52549126045873215E-005)             (-0.49999999613711210,0.0000000000000000)
         359        1000  -310.85232572347564        1.0000000000004192        253.97302990822658       0.99999998677093593        1.3229484708488413E-008  -4.1922021409845911E-013  (1.48330065192607942E-004,-3.88587828370162738E-019)  (3.64422982529212966E-005,-2.47962078845866382E-005)             (-0.49999999062540817,0.0000000000000000)
         360        1000  -308.64769929990388        1.0000000000004219        280.38146901256749       0.99999997587250455        2.4127918176219556E-008  -4.2188474935755949E-013   (2.03944979047117098E-004,1.05617435411755434E-017)  (3.37951521242190148E-005,-3.39920801756929779E-005)             (-0.49999998286647174,0.0000000000000000)
         361        1000  -306.44307287633211        1.0000000000004192        298.96654872700020       0.99999996343921616        3.6561202839549938E-008  -4.1922021409845911E-013   (2.53121367619538033E-004,4.57516880836443834E-018)  (2.82248913729413765E-005,-4.21040464777334750E-005)             (-0.49999997402196483,0.0000000000000000)
         362        1000  -304.23844645276034        1.0000000000004208        308.56050021506485       0.99999995200747283        4.7992949387251306E-008  -4.2077452633293433E-013   (2.91216819667599268E-004,2.46600683948713645E-019)  (1.97090813283429221E-005,-4.83632260957089861E-005)             (-0.49999996590085821,0.0000000000000000)
         363        1000  -302.03382002918858        1.0000000000004270        308.56050026892734       0.99999994450657226        5.5493854242251132E-008  -4.2699177527083521E-013  (3.13723671746764785E-004,-3.22801160554356005E-018)  (8.44627604262183912E-006,-5.20243566429223972E-005)             (-0.49999996059011492,0.0000000000000000)
         364        1000  -299.82919360561681        1.0000000000004270        298.96654878117374       0.99999994344783938        5.6552587788029407E-008  -4.2699177527083521E-013  (3.16632138825317792E-004,-3.27133919978630196E-019) (-5.12658108534740809E-006,-5.24260076867104829E-005)             (-0.49999995987648749,0.0000000000000000)
         365        1000  -297.62456718204504        1.0000000000004294        280.38146897724039       0.99999994998332542        5.0017104873508316E-008  -4.2943426592501055E-013  (2.96808643170671908E-004,-3.08440584258557440E-018) (-2.03327693132567462E-005,-4.90532148713380544E-005)             (-0.49999996457597101,0.0000000000000000)
         366        1000  -295.41994075847327        1.0000000000004321        253.97302987955658       0.99999996309105799        3.6909371942506397E-008  -4.3209880118411093E-013   (2.52362113749228793E-004,2.28884640289590232E-018) (-3.62728517703562745E-005,-4.15980159144547284E-005)             (-0.49999997395423218,0.0000000000000000)
         367        1000  -293.21531433490151        1.0000000000004285        221.40057083866500       0.99999997918474259        2.0815686895093565E-008  -4.2854608750531042E-013  (1.82968038340444630E-004,-8.01265016246455863E-018) (-5.18614993374094644E-005,-3.00128854490878740E-005)             (-0.49999998545013785,0.0000000000000000)
         368        1000  -291.01068791132974        1.0000000000004245        184.71073917004279       0.99999999240387072        7.5965546368900290E-009  -4.2454928461665986E-013  (9.01190536218621273E-005,-8.27246951110524789E-018) (-6.58839896590119868E-005,-1.45519077428131541E-005)             (-0.49999999488446611,0.0000000000000000)
         369        1000  -288.80606148775797        1.0000000000004270        146.20889197115534       0.99999999570372866        4.2966962109674590E-009  -4.2699177527083521E-013  (-2.27277805381132972E-005,1.42507303996664101E-018)  (-7.70707108254535035E-005,4.20524609851729078E-006)             (-0.49999999723843030,0.0000000000000000)
         370        1000  -286.60143506418621        1.0000000000004223        108.31424192063558       0.99999998264789192        1.7352532622687966E-008  -4.2232883856740955E-013 (-1.50132946113307902E-004,-1.73466377256621310E-018)  (-8.41863429118277004E-005,2.53508154005091705E-005)             (-0.49999998793202227,0.0000000000000000)
         371        1000  -284.39680864061444        1.0000000000004219        73.407849187644615       0.99999994955403193        5.0446389431819662E-008  -4.2188474935755949E-013 (-2.84805079733502686E-004,-5.65685286719195492E-018)  (-8.61287813733113493E-005,4.76711165728338493E-005)             (-0.49999996435279509,0.0000000000000000)
         372        1000  -282.19218221704267        1.0000000000004194        43.683010873416748       0.99999989742658801        1.0257383222729006E-007  -4.1944225870338414E-013 (-4.17890734656346417E-004,-2.07801779025760562E-018)  (-8.20314462479504854E-005,6.96950919841056107E-005)             (-0.49999992723114189,0.0000000000000000)
         373        1000  -279.98755579347090        1.0000000000004217        21.007447950311828       0.99999983300708084        1.6699334282563582E-007  -4.2166270475263445E-013 (-5.39422891257220058E-004,-3.70101181587972385E-018)  (-7.13615195962919195E-005,8.97691353293998272E-005)             (-0.49999988138533402,0.0000000000000000)
         374        1000  -277.78292936989914        1.0000000000004194        6.8059492732848046       0.99999976835110738        2.3164931310685959E-007  -4.1944225870338414E-013 (-6.38915494331493915E-004,-6.24323580681885831E-018)  (-5.40059700658177691E-005,1.06156028586078672E-004)             (-0.49999983541580162,0.0000000000000000)
         375        1000  -275.57830294632737        1.0000000000004192        1.9708471951327227       0.99999971862893666        2.8137148429973083E-007  -4.1922021409845911E-013 (-7.06078290596716569E-004,-1.96406191304396943E-020)  (-3.03370536250419657E-005,1.17153663051720809E-004)             (-0.49999980013380174,0.0000000000000000)
         376        1000  -273.37367652275560        1.0000000000004128        6.8059491742279929       0.99999969831415025        3.0168626317837343E-007  -4.1278092055563320E-013  (-7.31613429613749947E-004,1.80863746148292485E-018)  (-1.24942207741376224E-006,1.21227103304989207E-004)             (-0.49999978584311733,0.0000000000000000)
         377        1000  -271.16905009918383        1.0000000000004070        21.007447965712974       0.99999971647691066        2.8352349460084235E-007  -4.0700776082758239E-013 (-7.08043690164791525E-004,-2.89545084482034923E-018)   (3.18379012306224516E-005,1.17145657617712215E-004)             (-0.49999979898652841,0.0000000000000000)
         378        1000  -268.96442367561207        1.0000000000004015        43.683010953517417       0.99999977238383531        2.2761656785773559E-007  -4.0145664570445661E-013 (-6.30512926160692474E-004,-2.13351484767328250E-018)   (6.70195658489365983E-005,1.04115123767293454E-004)             (-0.49999983901423561,0.0000000000000000)
         379        1000  -266.75979725204030        1.0000000000004017        73.407849180505139       0.99999985285357751        1.4714682244821786E-007  -4.0167869030938164E-013 (-4.97493549970069162E-004,-7.97966315841439428E-019)   (1.01984280177847439E-004,8.18944622218564105E-005)             (-0.49999989650633253,0.0000000000000000)
         380        1000  -264.55517082846853        1.0000000000004008        108.31424190328597       0.99999993267945508        6.7320944857284038E-008  -4.0079051188968151E-013 (-3.11334635583205069E-004,-2.27400986081443279E-018)   (1.34136703495019865E-004,5.08859577028948713E-005)             (-0.49999995348240023,0.0000000000000000)
         381        1000  -262.35054440489677        1.0000000000003932        146.20889199503424       0.99999997884366210        2.1156732587590593E-008  -3.9324099532223045E-013 (-7.85882780713004832E-005,-1.19504164463231923E-018)   (1.60756518159001861E-004,1.21885767518583346E-005)             (-0.49999998641247401,0.0000000000000000)
         382        1000  -260.14591798132500        1.0000000000003906        184.71073918455880       0.99999995827288068        4.1727509327248850E-008  -3.9057646006313007E-013   (1.89938545420360633E-004,1.26723401038355119E-018)  (1.79186869278713941E-004,-3.23942274017829121E-005)             (-0.49999997174890176,0.0000000000000000)
         383        1000  -257.94129155775323        1.0000000000003897        221.40057090613743       0.99999984772201289        1.5227837757051986E-007  -3.8968828164342995E-013  (4.79444513058626222E-004,-6.46658594073350480E-018)  (1.87041221554106130E-004,-8.03985901077484039E-005)             (-0.49999989296990704,0.0000000000000000)
         384        1000  -255.73666513418146        1.0000000000003773        253.97302997252322       0.99999964333464830        3.5666573150136182E-007  -3.7725378376762819E-013  (7.71725517462558386E-004,-5.02360710400421334E-018)  (1.82415180968178683E-004,-1.28799316349590998E-004)             (-0.49999974738640540,0.0000000000000000)
         385        1000  -253.53203871060970        1.0000000000003608        280.38146893125946       0.99999936687086965        6.3312949084386203E-007  -3.6082248300317588E-013   (1.04609330897137941E-003,8.47607700596334911E-019)  (1.64088101649282855E-004,-1.74163270458262603E-004)             (-0.49999955056713885,0.0000000000000000)
         386        1000  -251.32741228703793        1.0000000000003593        298.96654869825306       0.99999906581397557        9.3418638560033073E-007  -3.5926817076870066E-013   (1.28059265433265977E-003,1.20842091655034357E-018)  (1.31698347699554531E-004,-2.12852159253272110E-004)             (-0.49999933639675953,0.0000000000000000)
         387        1000  -249.12278586346616        1.0000000000003495        308.56050033187756       0.99999880570470046        1.1942956494844651E-006  -3.4949820815199928E-013  (1.45346291169066479E-003,-2.12097130328962673E-017)  (8.58759118241398886E-005,-2.41265448852342584E-004)             (-0.49999915159473945,0.0000000000000000)
         388        1000  -246.91815943989440        1.0000000000003340        308.56050021957617       0.99999865499583351        1.3450045043331434E-006  -3.3395508580724709E-013  (1.54476474382878471E-003,-7.97266929650854338E-018)  (2.83168471163148742E-005,-2.56109984530256661E-004)             (-0.49999904491062763,0.0000000000000000)
         389        1000  -244.71353301632263        1.0000000000003204        298.96654850131051       0.99999866508399393        1.3349163280091436E-006  -3.2041036490682018E-013   (1.53806952046331414E-003,3.53857879105359605E-019) (-3.82140168933230683E-005,-2.54679209783669120E-004)             (-0.49999905289528945,0.0000000000000000)
         390        1000  -242.50890659275086        1.0000000000003193        280.38146881046009       0.99999885033944569        1.1496608717727202E-006  -3.1930014188219502E-013  (1.42209014688533960E-003,-2.30618559027591720E-018) (-1.09961907020358221E-004,-2.35122055605813861E-004)             (-0.49999918568560497,0.0000000000000000)
         391        1000  -240.30428016917909        1.0000000000003135        253.97302985164939       0.99999917418996520        8.2581034704250490E-007  -3.1352698215414421E-013   (1.19212058552087296E-003,1.97531949913373781E-018) (-1.82346702169105661E-004,-1.96679948436028721E-004)             (-0.49999941711429724,0.0000000000000000)
         392        1000  -238.09965374560733        1.0000000000003122        221.40057071716447       0.99999954699492810        4.5300538546067893E-007  -3.1219471452459402E-013   (8.51150221585941173E-004,6.08304706445230493E-018) (-2.50210234925058795E-004,-1.39870273913206706E-004)             (-0.49999968322463922,0.0000000000000000)
         393        1000  -235.89502732203556        1.0000000000003184        184.71073902530838       0.99999983927510927        1.6072520855544222E-007  -3.1841196346249490E-013  (4.10530496895577786E-004,-4.85241948443095662E-018) (-3.08135236669458408E-004,-6.65962553271528098E-005)             (-0.49999989172366194,0.0000000000000000)
         394        1000  -233.69040089846379        1.0000000000003146        146.20889188381838       0.99999991006733446        8.9932980450751252E-008  -3.1463720517876936E-013 (-1.09905033832781261E-004,-1.17614276757944951E-017)  (-3.50817493687120331E-004,1.98333644415709847E-005)             (-0.49999994220595173,0.0000000000000000)
         395        1000  -231.48577447489203        1.0000000000003009        108.31424178456044       0.99999964554265508        3.5445764677712578E-007  -3.0087043967341742E-013  (-6.82332180572962953E-004,3.66364434861488534E-018)  (-3.73467401716240778E-004,1.14786330397892444E-004)             (-0.49999975368187355,0.0000000000000000)
         396        1000  -229.28114805132026        1.0000000000002969        73.407849126898952       0.99999899879007692        1.0012102211366397E-006  -2.9687363678476686E-013 (-1.27206409659081873E-003,-1.28633709226504695E-018)  (-3.72214411451205678E-004,2.12495561897651093E-004)             (-0.49999929292081524,0.0000000000000000)
         397        1000  -227.07652162774849        1.0000000000002920        43.683010961664920       0.99999801918778164        1.9808125105757228E-006  -2.9198865547641617E-013  (-1.83929882825259678E-003,1.58018521219825765E-017)  (-3.44487400241505178E-004,3.06352059804085373E-004)             (-0.49999859534740237,0.0000000000000000)
         398        1000  -224.87189520417672        1.0000000000002931        21.007447841755052       0.99999686018115319        3.1398191380158583E-006  -2.9309887850104133E-013 (-2.34142805062539493E-003,-9.56199668718159642E-018)  (-2.89344292209585277E-004,3.89291673775748733E-004)             (-0.49999777051670224,0.0000000000000000)
         399        1000  -222.66726878060496        1.0000000000002984        6.8059489614350941       0.99999575808824581        4.2419120521900065E-006  -2.9842794901924208E-013  (-2.73580710874119209E-003,2.11273368701165506E-021)  (-2.07723766608612111E-004,4.54257466710025998E-004)             (-0.49999698692430400,0.0000000000000000)
         400        1000  -220.46264235703319        1.0000000000002969        1.9708471899121753       0.99999498144188803        5.0185584088810739E-006  -2.9687363678476686E-013 (-2.98284292850545946E-003,-1.40866814264562998E-018)  (-1.02590592060452726E-004,4.94711910502184824E-004)             (-0.49999643584154824,0.0000000000000000)
         401        1000  -218.25801593346142        1.0000000000003044        6.8059494090123227       0.99999475907129576        5.2409290065712454E-006  -3.0442315335221792E-013 (-3.04921059534880162E-003,-4.90727445835812226E-018)   (2.10538038723261640E-005,5.05166490756628513E-004)             (-0.49999628006647689,0.0000000000000000)
         402        1000  -216.05338950988966        1.0000000000002998        21.007447932708459       0.99999520345513793        4.7965451601320296E-006  -2.9976021664879227E-013 (-2.91096647093345333E-003,-4.48386218018413974E-018)   (1.56318970815536159E-004,4.81691108981815779E-004)             (-0.49999659938506547,0.0000000000000000)
         403        1000  -213.84876308631789        1.0000000000003033        43.683010826888598       0.99999625116241875        3.7488378854017919E-006  -3.0331293032759277E-013 (-2.55629617258230739E-003,-5.71874853030343576E-018)   (2.94742463134290431E-004,4.22362745645819468E-004)             (-0.49999734825086006,0.0000000000000000)
         404        1000  -211.64413666274612        1.0000000000003111        73.407849348116727       0.99999764198652163        2.3580137916375611E-006  -3.1108449149996886E-013  (-1.98763186621057344E-003,7.36422238110579201E-018)   (4.26768546110028622E-004,3.27612961488131537E-004)             (-0.49999834101168272,0.0000000000000000)
         405        1000  -209.43951023917435        1.0000000000003151        108.31424216612763       0.99999895141947492        1.0485808416107720E-006  -3.1508129438861943E-013  (-1.22290341360983411E-003,8.27278526716880676E-018)   (5.42359275365138639E-004,2.00437479448631301E-004)             (-0.49999927508191711,0.0000000000000000)
         406        1000  -207.23488381560259        1.0000000000003184        146.20889221758546       0.99999967814804991        3.2185226901845596E-007  -3.1841196346249490E-013 (-2.95751582207421130E-004,-1.98381604633850932E-018)   (6.31690269613355043E-004,4.64383965026774978E-005)             (-0.49999979328968658,0.0000000000000000)
         407        1000  -205.03025739203082        1.0000000000003184        184.71073951116452       0.99999937220011614        6.2780020450782690E-007  -3.1841196346249490E-013   (7.45382311575464159E-004,9.51360828906968236E-018)  (6.85874546946642219E-004,-1.26319873655512553E-004)             (-0.49999957522886179,0.0000000000000000)
         408        1000  -202.82563096845905        1.0000000000003113        221.40057115114695       0.99999777463221351        2.2253681002070333E-006  -3.1130653610489389E-013   (1.83928746594361702E-003,6.58676915046419518E-018)  (6.97662248436043048E-004,-3.07646985253796587E-004)             (-0.49999843688691542,0.0000000000000000)
         409        1000  -200.62100454488728        1.0000000000003162        253.97303007407947       0.99999493074720636        5.0692531080976947E-006  -3.1619151741324458E-013  (2.91506334139848573E-003,-2.25889275967810318E-019)  (6.62079444707565248E-004,-4.85747759133578667E-004)             (-0.49999641134978989,0.0000000000000000)
         410        1000  -198.41637812131552        1.0000000000003064        280.38146925908279       0.99999123902078091        8.7609795268598046E-006  -3.0642155479654321E-013  (3.89613520546087944E-003,-1.02394132307045159E-017)  (5.76983854173470441E-004,-6.47907314515969342E-004)             (-0.49999378346617618,0.0000000000000000)
         411        1000  -196.21175169774375        1.0000000000002949        298.96654898719657       0.99998740849955725        1.2591500737408093E-005  -2.9487523534044158E-013   (4.70506425794169850E-003,8.29964740482716662E-018)  (4.43513899792408585E-004,-7.81307618989353662E-004)             (-0.49999105904016089,0.0000000000000000)
         412        1000  -194.00712527417198        1.0000000000002793        308.56049988378811       0.99998431770762120        1.5682292656689715E-005  -2.7933211299568939E-013  (5.26896071671256912E-003,-3.08313870297918630E-018)  (2.66385442640544394E-004,-8.73931402708404375E-004)             (-0.49998886384043095,0.0000000000000000)
         413        1000  -191.80249885060022        1.0000000000002629        308.56049934387511       0.99998279512391974        1.7204876343554124E-005  -2.6290081223123707E-013   (5.52521112908027634E-003,7.36278700111674125E-018)  (5.39638939673339749E-005,-9.15497797890099077E-004)             (-0.49998778710458114,0.0000000000000000)
         414        1000  -189.59787242702845        1.0000000000002520        298.96654780196639       0.99998336918038089        1.6630819870816933E-005  -2.5202062658991053E-013   (5.42710285755328235E-003,1.39666361943952564E-018) (-1.81964254378340205E-004,-8.98363500501107685E-004)             (-0.49998820387792015,0.0000000000000000)
         415        1000  -187.39324600345668        1.0000000000002367        280.38146790075604       0.99998605574453525        1.3944255704240516E-005  -2.3669954885008337E-013  (4.94882334487449591E-003,-7.02576950869175446E-018) (-4.26763120435291060E-004,-8.18316851772102100E-004)             (-0.49999012434454138,0.0000000000000000)
         416        1000  -185.18861957988491        1.0000000000002263        253.97302843578120       0.99999025406857811        9.7459316492342767E-006  -2.2626345241860690E-013   (4.08928496540986956E-003,7.40884863895828157E-020) (-6.63847221739002880E-004,-6.75192835724207309E-004)             (-0.49999312015735592,0.0000000000000000)
         417        1000  -182.98399315631315        1.0000000000002187        221.40056934981467       0.99999480290033527        5.1970998847571176E-006  -2.1871393585115584E-013   (2.87430105306686915E-003,3.81295353922584276E-018) (-8.75834356839165886E-004,-4.73244917424375290E-004)             (-0.49999636420306004,0.0000000000000000)
         418        1000  -180.77936673274138        1.0000000000002220        184.71073796012175       0.99999820881844992        1.7911817726135071E-006  -2.2204460492503131E-013   (1.35680889344391600E-003,1.55033381628184562E-017) (-1.04582478768029587E-003,-2.21223835512165089E-004)             (-0.49999879263842212,0.0000000000000000)
         419        1000  -178.57474030916961        1.0000000000002200        146.20889094839316       0.99999900896746663        9.9103275537382109E-007  -2.2004620348070603E-013 (-3.84920305932109094E-004,-9.97772664176134556E-019)  (-1.15864593047029221E-003,6.78659402590861956E-005)             (-0.49999936309575732,0.0000000000000000)
         420        1000  -176.37011388559785        1.0000000000002240        108.31424115805844       0.99999618585549255        3.8141447315662752E-006  -2.2404300636935659E-013  (-2.25088590457663473E-003,1.39956323508440351E-017)  (-1.20192026024004282E-003,3.77334476652462620E-004)             (-0.49999735102964610,0.0000000000000000)
         421        1000  -174.16548746202608        1.0000000000002207        73.407848722759340       0.99998952728504387        1.0472715179461480E-005  -2.2071233729548112E-013 (-4.12442800879705626E-003,-4.88874831365147311E-019)  (-1.16691632597453387E-003,6.87673968503602268E-004)             (-0.49999260742032270,0.0000000000000000)
         422        1000  -171.96086103845431        1.0000000000002216        43.683010320544888       0.99997982586715994        2.0174133059227878E-005  -2.2160051571518125E-013 (-5.87848317093710594E-003,-1.67881909737464478E-018)  (-1.04927827444729850E-003,9.77681363347457366E-004)             (-0.49998570092781636,0.0000000000000000)
         423        1000  -169.75623461488254        1.0000000000002267        21.007447369219086       0.99996883725495023        3.1162745277196000E-005  -2.2670754162845697E-013 (-7.38297134664410784E-003,-3.70057305502108626E-018)  (-8.49760132375260895E-004,1.22578497497807283E-003)             (-0.49997788587543623,0.0000000000000000)
         424        1000  -167.55160819131078        1.0000000000002387        6.8059492171760594       0.99995896152596708        4.1038474269342449E-005  -2.3869795029440866E-013  (-8.51336963745676772E-003,1.50832310971411071E-017)  (-5.74930999453910989E-004,1.41151804307811340E-003)             (-0.49997087208645324,0.0000000000000000)
         425        1000  -165.34698176773901        1.0000000000002438        1.9708475112231918       0.99995267934127674        4.7320658968233673E-005  -2.4380497620768438E-013  (-9.16026815151462642E-003,1.04871184916041808E-017)  (-2.37580585603929645E-004,1.51706103650426868E-003)             (-0.49996642199758484,0.0000000000000000)
         426        1000  -163.14235534416724        1.0000000000002560        6.8059493405336289       0.99995185684898846        4.8143151264818484E-005  -2.5601742947856110E-013 (-9.23915562883251620E-003,-4.82823312836638520E-019)   (1.43509729783522998E-004,1.52873983590184350E-003)             (-0.49996585781026659,0.0000000000000000)
         427        1000  -160.93772892059548        1.0000000000002713        21.007448240694220       0.99995710326259590        4.2896737673236498E-005  -2.7133850721838826E-013 (-8.69925929975910207E-003,-7.68834673349842486E-019)   (5.44558864654580898E-004,1.43834441154503008E-003)             (-0.49996960835185822,0.0000000000000000)
         428        1000  -158.73310249702371        1.0000000000002693        43.683011810364633       0.99996738640088390        3.2613599384744990E-005  -2.6934010577406298E-013  (-7.53026732068635702E-003,4.67650556048070059E-019)   (9.38413197960243388E-004,1.24414427628325970E-003)             (-0.49997693862849046,0.0000000000000000)
         429        1000  -156.52847607345194        1.0000000000002853        73.407850440465950       0.99998006600547418        1.9933994810014463E-005  -2.8532731732866523E-013 (-5.76603570109907732E-003,-3.76247359256830413E-019)   (1.29663556027963017E-003,9.51507699211126805E-004)             (-0.49998597284452501,0.0000000000000000)
         430        1000  -154.32384964988017        1.0000000000002875        108.31424342494904       0.99999139891598920        8.6010842969663218E-006  -2.8754776337791554E-013 (-3.48463484615206326E-003,-5.29373775902900404E-018)   (1.59191565517538634E-003,5.73047408402807589E-004)             (-0.49999404901409977,0.0000000000000000)
         431        1000  -152.11922322630841        1.0000000000002907        146.20889409567644       0.99999742771313016        2.5722871597760067E-006  -2.9065638784686598E-013 (-8.04504161557449107E-004,-9.50832559795035601E-018)   (1.80042432173760391E-003,1.28226008761235744E-004)             (-0.49999834682180477,0.0000000000000000)
         432        1000  -149.91459680273664        1.0000000000002842        184.71074187482139       0.99999503355283026        4.9664474529564749E-006  -2.8421709430404007E-013  (2.12256383850764228E-003,-1.97644948261731653E-018)  (1.90340641452112409E-003,-3.57587069481086009E-004)             (-0.49999663976996939,0.0000000000000000)
         433        1000  -147.70997037916487        1.0000000000002731        221.40057394897443       0.99998287978893319        1.7120211339176728E-005  -2.7311486405778851E-013   (5.11987533692449901E-003,1.00613200565351936E-018)  (1.88762066732139520E-003,-8.54510740463473254E-004)             (-0.49998797743590301,0.0000000000000000)
         434        1000  -145.50534395559310        1.0000000000002602        253.97303325351038       0.99996201268681495        3.7987313442802740E-005  -2.6023627697213669E-013   (7.99423902134618197E-003,7.93070760983206451E-018)  (1.74529945904559978E-003,-1.32985094352825210E-003)             (-0.49997311996145205,0.0000000000000000)
         435        1000  -143.30071753202134        1.0000000000002469        280.38147163686540       0.99993595307767225        6.4046922576252457E-005  -2.4691360067663481E-013  (1.05447288228233023E-002,-5.98165394944490868E-018)  (1.47496648860350930E-003,-1.75002136863232523E-003)             (-0.49995459445716389,0.0000000000000000)
         436        1000  -141.09609110844957        1.0000000000002376        298.96654948963754       0.99991015778350922        8.9842216730804037E-005  -2.3758772726978350E-013  (1.25739506946789988E-002,-1.45975149109263902E-018)  (1.08358023937580412E-003,-2.08270473179199018E-003)             (-0.49993629249557409,0.0000000000000000)
         437        1000  -138.89146468487780        1.0000000000002356        308.56049879340736       0.99989082274403029        1.0917725620731391E-004  -2.3558932582545822E-013   (1.39031926723365354E-002,2.66817728693285916E-018)  (5.88648041463727951E-004,-2.29924429202041456E-003)             (-0.49992260853350212,0.0000000000000000)
         438        1000  -136.68683826130604        1.0000000000002331        308.56049656089300       0.99988322694847998        1.1677305175610972E-004  -2.3314683517128287E-013  (1.43896885953700635E-002,-5.77543845351732313E-018)  (1.82696960997186661E-005,-2.37706226998934305E-003)             (-0.49991727034563438,0.0000000000000000)
         439        1000  -134.48221183773427        1.0000000000002334        298.96654255241566       0.99989007459622747        1.0992540400683381E-004  -2.3336887977620790E-013  (1.39419495096656260E-002,-6.42625056680166199E-020) (-5.91253758853024390E-004,-2.30173677356215137E-003)             (-0.49992217700444685,0.0000000000000000)
         440        1000  -132.27758541416250        1.0000000000002298        280.38146078385847       0.99991036465136018        8.9635348870223337E-005  -2.2981616609740740E-013  (1.25304797152013397E-002,-3.43264818690649869E-019) (-1.19843507321506972E-003,-2.06847802225168347E-003)             (-0.49993661019834890,0.0000000000000000)
         441        1000  -130.07295899059073        1.0000000000002185        253.97302105349175       0.99993917896910811        6.0821031112323464E-005  -2.1849189124623081E-013  (1.01940674468432597E-002,-9.43839811732582643E-018) (-1.75909174209756651E-003,-1.68303758282650415E-003)             (-0.49995709106680403,0.0000000000000000)
         442        1000  -127.86833256701897        1.0000000000002149        221.40056245646525       0.99996858189718818        3.1418103027042223E-005  -2.1493917756743031E-013   (7.04131061155991844E-003,3.24053425138653595E-019) (-2.23002040108420761E-003,-1.16209901218838397E-003)             (-0.49997800598789033,0.0000000000000000)
         443        1000  -125.66370614344720        1.0000000000002063        184.71073176776090       0.99998953663452117        1.0463365684469023E-005  -2.0627943797535409E-013  (3.24394824411360690E-003,-1.31714032817222562E-018) (-2.57511715002417671E-003,-5.32838499317732340E-004)             (-0.49999293322986416,0.0000000000000000)
         444        1000  -123.45907971987543        1.0000000000001954        146.20888594042387       0.99999429548028662        5.7045199113799782E-006  -1.9539925233402755E-013  (-9.79407598047118402E-004,2.27150175459900065E-019)  (-2.77020810747456150E-003,1.68693332163029808E-004)             (-0.49999632706812663,0.0000000000000000)
         445        1000  -121.25445329630367        1.0000000000001981        108.31423722277063       0.99997847525374006        2.1524746459122669E-005  -1.9806378759312793E-013  (-5.38200503690313900E-003,7.07064158031863315E-018)  (-2.80134372807273055E-003,9.00042336896242443E-004)             (-0.49998503919970821,0.0000000000000000)
         446        1000  -119.04982687273190        1.0000000000002005        73.407845362303789       0.99994236052970564        5.7639470494158202E-005  -2.0050627824730327E-013 (-9.69953930219144382E-003,-1.26741346504130528E-019)  (-2.65837375421851957E-003,1.61484218829466330E-003)             (-0.49995930947689393,0.0000000000000000)
         447        1000  -116.84520044916013        1.0000000000002114        43.683007999169099       0.99989142158198807        1.0857841822358110E-004  -2.1138646388862981E-013  (-1.36520142721234857E-002,4.67960814919719990E-019)  (-2.33267436764264058E-003,2.26500969026006537E-003)             (-0.49992311988308052,0.0000000000000000)
         448        1000  -114.64057402558836        1.0000000000002092        21.007446221432595       0.99983586918987855        1.6413081033016616E-004  -2.0916601783937949E-013 (-1.69498198698375645E-002,-3.37607912364542536E-018)  (-1.82441958347751270E-003,2.80322918423855493E-003)             (-0.49988377970654457,0.0000000000000000)
         449        1000  -112.43594760201660        1.0000000000002158        6.8059481655076715       0.99978869574154050        2.1130425867823071E-004  -2.1582735598713043E-013 (-1.93167148567173486E-002,-1.24232201625181036E-018)  (-1.15356548391001000E-003,3.18642018718834829E-003)             (-0.49985047635891700,0.0000000000000000)
         450        1000  -110.23132117844483        1.0000000000002298        1.9708467674482628       0.99976219230590702        2.3780769432160930E-004  -2.2981616609740740E-013  (-2.05256453657574334E-002,5.29771046126195701E-018)  (-3.62311395252008404E-004,3.37993220679037951E-003)             (-0.49983185362142607,0.0000000000000000)
         451        1000  -108.02669475487306        1.0000000000002358        6.8059502267965710       0.99976418793132693        2.3581206890977322E-004  -2.3581137043038325E-013 (-2.04276549338372783E-002,-9.15888555989086226E-018)   (4.95215602799342039E-004,3.36102061869279073E-003)             (-0.49983339867284265,0.0000000000000000)
         452        1000  -105.82206833130130        1.0000000000002500        21.007450593525181       0.99979551171754033        2.0448828270793116E-004  -2.5002222514558525E-013 (-1.89614154193631854E-002,-9.16847787378761708E-019)   (1.36355678518562044E-003,3.12032821398585151E-003)             (-0.49985564188902543,0.0000000000000000)
         453        1000  -103.61744190772953        1.0000000000002582        43.683014732728331       0.99984910660917048        1.5089339108798091E-004  -2.5823787552781141E-013 (-1.61563204334769298E-002,-3.50395345963864936E-018)   (2.18283167219506923E-003,2.66223406062327927E-003)             (-0.49989357393622819,0.0000000000000000)
         454        1000  -101.41281548415776        1.0000000000002642        73.407854340690108       0.99991088865381361        8.9111346448798531E-005  -2.6423307986078726E-013  (-1.21459126747941026E-002,1.58685606622854982E-017)   (2.88307720002318937E-003,2.00607082948653457E-003)             (-0.49993731860926843,0.0000000000000000)
         455        1000  -99.208189060585994        1.0000000000002700        108.31424927802699       0.99996306423276893        3.6935767499212965E-005  -2.7000623958883807E-013 (-7.17371580234158531E-003,-7.82934183010817285E-018)   (3.40066774086067143E-003,1.18729089221814412E-003)             (-0.49997437456229166,0.0000000000000000)
         456        1000  -97.003562637014227        1.0000000000002616        146.20890192742633       0.99998940409283876        1.0595907422699062E-005  -2.6156854460168688E-013 (-1.55721844057712640E-003,-9.84716319543730021E-020)   (3.70696368913165947E-003,2.54974933085062329E-004)             (-0.49999315594962512,0.0000000000000000)
         457        1000  -94.798936213442460        1.0000000000002693        184.71075172061444       0.99997963438232351        2.0365617944211723E-005  -2.6934010577406298E-013   (4.37460467017076419E-003,9.44058149966520196E-018)  (3.80718341685297923E-003,-7.34177980526644716E-004)             (-0.49998616731752615,0.0000000000000000)
         458        1000  -92.594309789870692        1.0000000000002611        221.40058559243428       0.99993117921036123        6.8820789899878452E-005  -2.6112445539183682E-013  (1.03074257294205884E-002,-9.28419220598654868E-018)  (3.70369665700429496E-003,-1.72035374346545802E-003)             (-0.49995157177036093,0.0000000000000000)
         459        1000  -90.389683366298925        1.0000000000002496        253.97304458788381       0.99984988487051718        1.5011512973419746E-004  -2.4957813593573519E-013  (1.59088864167499129E-002,-3.03663556913614614E-018)  (3.37148609432033576E-003,-2.64139088877661868E-003)             (-0.49989382709490904,0.0000000000000000)
         460        1000  -88.185056942727158        1.0000000000002482        280.38148060372743       0.99975094168751677        2.4905831273101125E-004  -2.4824586830618500E-013  (2.07926673560140662E-002,-3.40307736382057919E-018)  (2.77959271735484219E-003,-3.43341069346611528E-003)             (-0.49982396262772621,0.0000000000000000)
         461        1000  -85.980430519155391        1.0000000000002354        298.96655551574031       0.99965736932997751        3.4263067025858980E-004  -2.3536728122053319E-013  (2.45452320004910587E-002,-1.13132297172407249E-017)  (1.93691787232594804E-003,-4.03513634548197282E-003)             (-0.49975814822529352,0.0000000000000000)
         462        1000  -83.775804095583624        1.0000000000002289        308.56049973949752       0.99959341437344096        4.0658562679063111E-004  -2.2892798767770728E-013   (2.68147204981940453E-002,3.41722747304737258E-018)  (9.12644558655822664E-004,-4.39593133002398953E-003)             (-0.49971328736506820,0.0000000000000000)
         463        1000  -81.571177672011856        1.0000000000002354        308.56048985180183       0.99957604946256173        4.2395053767285581E-004  -2.3536728122053319E-013  (2.73876896112327482E-002,-1.52928677825177541E-018) (-1.98983917466546056E-004,-4.48347056832659480E-003)             (-0.49970136515106417,0.0000000000000000)
         464        1000  -79.366551248440089        1.0000000000002216        298.96652938830636       0.99961069061056462        3.8930938965915993E-004  -2.2160051571518125E-013  (2.61810217604450182E-002,-5.76438186568915573E-018) (-1.33411533424224638E-003,-4.28480034108898698E-003)             (-0.49972613042759545,0.0000000000000000)
         465        1000  -77.161924824868322        1.0000000000002158        280.38144447243087       0.99969089396735855        3.0910603285967464E-004  -2.1582735598713043E-013   (2.31887331956930759E-002,3.15279060563580993E-019) (-2.44910698113356062E-003,-3.80117674065149833E-003)             (-0.49978270616111237,0.0000000000000000)
         466        1000  -74.957298401296555        1.0000000000002154        253.97300330689268       0.99979745808862519        2.0254191158833483E-004  -2.1538326677728037E-013  (1.85112624405368367E-002,-3.52814854886175957E-019) (-3.44572378195550245E-003,-3.04847743504462181E-003)             (-0.49985757677833703,0.0000000000000000)
         467        1000  -72.752671977724788        1.0000000000001985        221.40054447136333       0.99990023575101916        9.9764249180722323E-005  -1.9850787680297799E-013   (1.24593446731608524E-002,1.12800888992411413E-017) (-4.17686347423721661E-003,-2.06738800416957514E-003)             (-0.49993002829423022,0.0000000000000000)
         468        1000  -70.548045554153020        1.0000000000001850        184.71071593255073       0.99996869472128225        3.1305278903111990E-005  -1.8496315590255108E-013  (5.52871761370794020E-003,-1.53734380926032370E-017) (-4.57953472214936257E-003,-9.24695674526335837E-004)             (-0.49997868801826884,0.0000000000000000)
         469        1000  -68.343419130581253        1.0000000000001865        146.20887322403652       0.99998343520471011        1.6564795477537596E-005  -1.8651746813702630E-013  (-1.81060620572154004E-003,1.89358204914576246E-018)  (-4.72995742094383526E-003,3.04703971890236665E-004)             (-0.49998923728462935,0.0000000000000000)
         470        1000  -66.138792707009486        1.0000000000001874        108.31422714354348       0.99993751589014668        6.2484110040188394E-005  -1.8740564655672642E-013  (-9.24467189749102712E-003,8.84604526476252961E-019)  (-4.70454661621504643E-003,1.55183510594005805E-003)             (-0.49995629073600550,0.0000000000000000)
         471        1000  -63.934166283437719        1.0000000000001965        73.407838486660381       0.99983374436972716        1.6625563046799424E-004  -1.9650947535865271E-013 (-1.64880109914241832E-002,-1.57672474064366642E-018)  (-4.45315065227422629E-003,2.74714163572627092E-003)             (-0.49988243658968512,0.0000000000000000)
         472        1000  -61.729539859865952        1.0000000000002016        43.683003690485869       0.99968851820174587        3.1148179845773256E-004  -2.0161650127192843E-013 (-2.30954935917749016E-002,-3.15447657260710165E-018)  (-3.85854001434059093E-003,3.81175020954097185E-003)             (-0.49978023876508576,0.0000000000000000)
         473        1000  -59.524913436294185        1.0000000000002107        21.007442194335955       0.99953572704149585        4.6427295871329203E-004  -2.1072033007385471E-013 (-2.84679165640842474E-002,-1.46814086357680374E-018)  (-2.87976305538555858E-003,4.66303914995862007E-003)             (-0.49967337864448608,0.0000000000000000)
         474        1000  -57.320287012722417        1.0000000000002143        6.8059454639483494       0.99941717362917892        5.8282637103455805E-004  -2.1427304375265521E-013 (-3.20546510912189456E-002,-1.11398046587251204E-018)  (-1.62384994447947436E-003,5.22952301902783381E-003)             (-0.49959029849787973,0.0000000000000000)
         475        1000  -55.115660589150650        1.0000000000002278        1.9708479173315574       0.99936304480604943        6.3695519417734437E-004  -2.2781776465308212E-013  (-3.35655372580656169E-002,9.71490083623808295E-018)  (-2.81725660934559012E-004,5.46691398574451499E-003)             (-0.49955245869193754,0.0000000000000000)
         476        1000  -52.911034165578883        1.0000000000002327        6.8059535683938117       0.99938323884950164        6.1676115073189622E-004  -2.3270274596143281E-013 (-3.29685544593052576E-002,-2.70316342336229556E-019)   (1.04395414065531328E-003,5.36355323234109262E-003)             (-0.49956759847555449,0.0000000000000000)
         477        1000  -50.706407742007116        1.0000000000002387        21.007453797429825       0.99947499500006265        5.2500500017411814E-004  -2.3869795029440866E-013 (-3.02571756791623729E-002,-1.44582622620953622E-018)   (2.40240277936694564E-003,4.92288268830192235E-003)             (-0.49963281350757066,0.0000000000000000)
         478        1000  -48.501781318435349        1.0000000000002480        43.683019473890440       0.99962315455830808        3.7684544194056368E-004  -2.4802382370125997E-013  (-2.53702907422984937E-002,1.02906153879633495E-017)   (3.75817068073897032E-003,4.14767891615161997E-003)             (-0.49973623601531320,0.0000000000000000)
         479        1000  -46.297154894863581        1.0000000000002534        73.407862597096411       0.99978855213822992        2.1144786202221278E-004  -2.5335289421946072E-013  (-1.85382610971158678E-002,2.20039422652782546E-018)   (4.80195990981894388E-003,3.06729345681063014E-003)             (-0.49985148275338159,0.0000000000000000)
         480        1000  -44.092528471291814        1.0000000000002569        108.31426005764681       0.99991842996894365        8.1570031311150443E-005  -2.5690560789826122E-013  (-1.05159491207302679E-002,7.93551989734631785E-018)   (5.28198063680806844E-003,1.76939913412511992E-003)             (-0.49994301634069171,0.0000000000000000)
         481        1000  -41.887902047720047        1.0000000000002576        146.20891561411042       0.99997811697929762        2.1883020960574094E-005  -2.5757174171303632E-013  (-2.11024965086654146E-003,4.83953633429992867E-019)   (5.38548258061014810E-003,3.62166353326014905E-004)             (-0.49998573164227716,0.0000000000000000)
         482        1000  -39.683275624148280        1.0000000000002518        184.71076923187681       0.99995774897996270        4.2251020289767729E-005  -2.5179858198498550E-013  (6.37574812155561506E-003,-1.76433093252635423E-018)  (5.43083880048015645E-003,-1.08115697326366085E-003)             (-0.49997101148467088,0.0000000000000000)
         483        1000  -37.478649200576513        1.0000000000002389        221.40060507680860       0.99985581102329779        1.4418897694228259E-004  -2.3891999489933369E-013  (1.48963903691771253E-002,-2.86633817201002015E-018)  (5.36592468788029808E-003,-2.50215920747012301E-003)             (-0.49989803463887827,0.0000000000000000)
         484        1000  -35.274022777004745        1.0000000000002325        253.97306473863748       0.99968243113859234        3.1756886164334213E-004  -2.3248070135650778E-013  (2.30557224325224977E-002,-1.55695073168556722E-018)  (4.88503911556260363E-003,-3.81275888842068584E-003)             (-0.49977614877697973,0.0000000000000000)
         485        1000  -33.069396353432978        1.0000000000002294        280.38150072921150       0.99947697615105591        5.2302384917564751E-004  -2.2937207688755734E-013  (3.00320172936763864E-002,-2.43188268724205222E-019)  (3.84393525987805585E-003,-4.90528884118904881E-003)             (-0.49963348241146111,0.0000000000000000)
         486        1000  -30.864769929861211        1.0000000000002229        298.96657024393727       0.99930091609109384        6.9908390913256933E-004  -2.2293278334473143E-013   (3.50010518987118949E-002,1.35812821683429940E-018)  (2.39074335836370012E-003,-5.68641171191709791E-003)             (-0.49951049859358299,0.0000000000000000)
         487        1000  -28.660143506289444        1.0000000000002192        308.56050412211113       0.99920229004492700        7.9770995529269040E-004  -2.1915802506100590E-013  (3.75512189809613442E-002,-1.00957798331503661E-017)  (8.45740369522829751E-004,-6.09730131149746526E-003)             (-0.49944023932243958,0.0000000000000000)
         488        1000  -26.455517082717677        1.0000000000002005        308.56048651180549       0.99919269721427306        8.0730278592827936E-004  -2.0050627824730327E-013  (3.77628975234854947E-002,-2.41210994478466161E-019) (-5.63223922510379133E-004,-6.12649047484191498E-003)             (-0.49943417907436011,0.0000000000000000)
         489        1000  -24.250890659145909        1.0000000000001865        298.96652130850867       0.99926725066581623        7.3274933437114090E-004  -1.8651746813702630E-013   (3.57953131976235170E-002,2.66113428438771606E-023) (-1.96678951546905767E-003,-5.79235267207096980E-003)             (-0.49948909907349592,0.0000000000000000)
         490        1000  -22.046264235574142        1.0000000000001821        280.38143051706999       0.99942495757003125        5.7504243015003473E-004  -1.8207657603852567E-013  (3.14254918698509689E-002,-4.02243883371654722E-018) (-3.59186760506240502E-003,-5.09190518587769505E-003)             (-0.49959994042682798,0.0000000000000000)
         491        1000  -19.841637812002375        1.0000000000001752        253.97298520872667       0.99963854289013143        3.6145711004541400E-004  -1.7519319328584970E-013   (2.44792838248944558E-002,2.33103373330012410E-017) (-5.09090598535622864E-003,-4.01593183001826715E-003)             (-0.49974723847267222,0.0000000000000000)
         492        1000  -17.637011388430608        1.0000000000001619        221.40052772457571       0.99983531048023122        1.6468951993260279E-004  -1.6187051699034782E-013  (1.57611084394175018E-002,-1.77053298063635137E-018) (-5.77078940216910197E-003,-2.64743961610139876E-003)             (-0.49988412824922968,0.0000000000000000)
         493        1000  -15.432384964858835        1.0000000000001579        184.71070231492180       0.99995203807480770        4.7961925352178079E-005  -1.5787371410169726E-013  (6.67912229079459067E-003,-9.94779170245600125E-019) (-5.70899782630638741E-003,-1.14936466857236278E-003)             (-0.49996712247547798,0.0000000000000000)
         494        1000  -13.227758541287050        1.0000000000001579        146.20886224092550       0.99997494479012095        2.5055210037747408E-005  -1.5787371410169726E-013  (-2.20705606505938821E-003,1.76941889080266718E-018)  (-5.68131539244832225E-003,3.80493055636164056E-004)             (-0.49998369012009475,0.0000000000000000)
         495        1000  -11.023132117715265        1.0000000000001674        108.31421967368036       0.99990469860629660        9.5301393868192497E-005  -1.6742163211347361E-013  (-1.12697079555403451E-002,6.49865873151537607E-019)  (-5.86275271056497377E-003,1.92109385927114384E-003)             (-0.49993295971263235,0.0000000000000000)
         496        1000  -8.8185056941434805        1.0000000000001725        73.407832810315767       0.99974006301764096        2.5993698253015354E-004  -1.7252865802674933E-013  (-2.04379769482130463E-002,4.36056849759777882E-018)  (-5.64670133513953034E-003,3.40060519363704792E-003)             (-0.49981671076327849,0.0000000000000000)
         497        1000  -6.6138792705716956        1.0000000000001834        43.682997530397266       0.99951387742827724        4.8612257190470916E-004  -1.8340884366807586E-013 (-2.86864502975152022E-002,-2.48544282722575345E-018)  (-4.64547689080624902E-003,4.68067055122714168E-003)             (-0.49966037770609778,0.0000000000000000)
         498        1000  -4.4092528469999106        1.0000000000001867        21.007438481768077       0.99930002026884879        6.9997973133995169E-004  -1.8673951274195133E-013  (-3.48430420009310723E-002,6.26241345436971706E-018)  (-3.07302632668386266E-003,5.64260921264839697E-003)             (-0.49951226332288629,0.0000000000000000)
         499        1000  -2.2046264234281256        1.0000000000001976        6.8059459491447933       0.99916549119477771        8.3450880541750512E-004  -1.9761969838327786E-013 (-3.83436665080562136E-002,-3.90594765598481104E-018)  (-1.38525159979985854E-003,6.22065681060800582E-003)             (-0.49941538325906615,0.0000000000000000)
         500        1000   1.4365914013936276E-010   1.0000000000002016        1.9708474956968265       0.99912665291648217        8.7334708371960841E-004  -2.0161650127192843E-013  (-3.93439156493970849E-002,4.79743357165134278E-019)   (6.05408292242430899E-005,6.39779293212598514E-003)             (-0.49938581588685782,0.0000000000000000)
         501        1000   2.2046264237154438        1.0000000000002107        6.8059514203727582       0.99916738350453804        8.3261649567260203E-004  -2.1072033007385471E-013 (-3.82689769221018425E-002,-2.68237546700805979E-018)   (1.32528096003924458E-003,6.20203916181236853E-003)             (-0.49941763017201368,0.0000000000000000)
         502        1000   4.4092528472872283        1.0000000000002103        21.007454827408917       0.99929042520364897        7.0957479656087643E-004  -2.1027624086400465E-013  (-3.50219043299206112E-002,1.00889976320487455E-017)   (2.88350241596134526E-003,5.65032510262242736E-003)             (-0.49950750061507759,0.0000000000000000)
         503        1000   6.6138792708590133        1.0000000000002152        43.683023715876068       0.99950029032528509        4.9970967492921894E-004  -2.1516122217235534E-013 (-2.89796595884852584E-002,-8.05755247529139917E-020)   (4.73133927416249586E-003,4.70606931504598171E-003)             (-0.49965267656409568,0.0000000000000000)
         504        1000   8.8185056944307973        1.0000000000002141        73.407865985044410       0.99973687573874825        2.6312426146467472E-004  -2.1405099914773018E-013 (-2.03972855326312735E-002,-9.31825185541956497E-018)   (5.89519992292158231E-003,3.39357402182742431E-003)             (-0.49981523455823063,0.0000000000000000)
         505        1000   11.023132118002582        1.0000000000002265        108.31426356788066       0.99990672526928626        9.3274730939695667E-005  -2.2648549702353193E-013 (-1.10158581117905524E-002,-8.95384962591370577E-018)   (5.83082988501624263E-003,1.89535498069543797E-003)             (-0.49993445130191411,0.0000000000000000)
         506        1000   13.227758541574367        1.0000000000002172        146.20892097974809       0.99997536806926135        2.4631930959109680E-005  -2.1715962361668062E-013  (-2.19625044513962640E-003,8.66655264387915476E-019)   (5.47612025275315013E-003,3.83383591715169049E-004)             (-0.49998400563595291,0.0000000000000000)
         507        1000   15.432384965146152        1.0000000000002225        184.71077507345066       0.99995290198561526        4.7098014608813496E-005  -2.2248869413488137E-013   (6.48040087014568021E-003,2.81639307886079675E-018)  (5.69207104451852075E-003,-1.13144615896796199E-003)             (-0.49996763614434975,0.0000000000000000)
         508        1000   17.637011388717923        1.0000000000002074        221.40061215295256       0.99983494915191318        1.6505084829441068E-004  -2.0738966099997924E-013  (1.56703880207822721E-002,-5.12210445642007956E-018)  (5.88895398993949815E-003,-2.64485498807437045E-003)             (-0.49988352235671496,0.0000000000000000)
         509        1000   19.841637812289690        1.0000000000001943        253.97307358496897       0.99963327424757409        3.6672575262216455E-004  -1.9428902930940239E-013   (2.45666680818413079E-002,3.68988699328859569E-018)  (5.17127369068195487E-003,-4.02187993081436473E-003)             (-0.49974385946105881,0.0000000000000000)
         510        1000   22.046264235861457        1.0000000000001865        280.38150741573395       0.99941602429045717        5.8397570973046367E-004  -1.8651746813702630E-013  (3.15900188854068079E-002,-5.15495775958799218E-019)  (3.59781832577412558E-003,-5.10172608784806563E-003)             (-0.49959497042127421,0.0000000000000000)
         511        1000   24.250890659433225        1.0000000000001803        298.96657449264512       0.99926456993245538        7.3543006772636599E-004  -1.8030021919912542E-013  (3.58419524291409067E-002,-5.12467084935992703E-018)  (1.81860517759692549E-003,-5.80451165599768764E-003)             (-0.49948720635456295,0.0000000000000000)
         512        1000   26.455517083004992        1.0000000000001734        308.56051186005487       0.99920826778730942        7.9173221286353232E-004  -1.7341683644644945E-013  (3.74639325637627016E-002,-5.68865560106548396E-018)  (3.42639368112674237E-004,-6.11650179988706532E-003)             (-0.49944199047085830,0.0000000000000000)
         513        1000   28.660143506576759        1.0000000000001630        308.56049672714403       0.99922417919486162        7.7582080530081896E-004  -1.6298074001497298E-013  (3.70981748552722812E-002,-2.10643222826872910E-020) (-7.68411096996552919E-004,-6.06348732997419836E-003)             (-0.49945249578940010,0.0000000000000000)
         514        1000   30.864769930148526        1.0000000000001474        298.96652861120219       0.99929866659721500        7.0133340293620865E-004  -1.4743761767022079E-013   (3.50102275847176334E-002,1.40649843190851600E-017) (-1.97687395965134762E-003,-5.68012581750756106E-003)             (-0.49951005359802353,0.0000000000000000)
         515        1000   33.069396353720293        1.0000000000001330        280.38143689172574       0.99945077776954028        5.4922223059381860E-004  -1.3300471835009375E-013  (3.06034438441936223E-002,-1.45689087003204471E-017) (-3.68561828790676602E-003,-4.94856159711008336E-003)             (-0.49961892213621539,0.0000000000000000)
         516        1000   35.274022777292060        1.0000000000001232        253.97299438625112       0.99966449676985769        3.3550323026340786E-004  -1.2323475573339238E-013  (2.34012331758942163E-002,-2.23668147881621505E-018) (-5.28317599173905479E-003,-3.84053352722058114E-003)             (-0.49976583798534580,0.0000000000000000)
         517        1000   37.478649200863828        1.0000000000001099        221.40053684540447       0.99985636575581271        1.4363424429876645E-004  -1.0991207943789050E-013   (1.45214789913895408E-002,2.23452305663497357E-018) (-5.70701707567019233E-003,-2.46737622517356108E-003)             (-0.49989855739808275,0.0000000000000000)
         518        1000   39.683275624435595        1.0000000000000999        184.71070889229225       0.99996071422704358        3.9285773057173838E-005  -9.9920072216264089E-014  (5.90893896518520853E-003,-7.47734376003079406E-018) (-5.18983935659159991E-003,-1.04188824799864932E-003)             (-0.49997286289740350,0.0000000000000000)
         519        1000   41.887902048007362        1.0000000000001021        146.20886780463258       0.99997959752983445        2.0402470267457041E-005  -1.0214051826551440E-013 (-1.95308821471742349E-003,-4.24798471705927728E-018)  (-4.98615747076334558E-003,3.45903802220723930E-004)             (-0.49998665918829438,0.0000000000000000)
         520        1000   44.092528471579129        1.0000000000001006        108.31422351118778       0.99992248114032545        7.7518859775951306E-005  -1.0058620603103918E-013 (-1.00140420005902994E-002,-3.88113433823286508E-019)  (-5.31405887160471373E-003,1.72978945205209478E-003)             (-0.49994529732400400,0.0000000000000000)
         521        1000   46.297154895150896        1.0000000000001035        73.407834998682134       0.99978516423238128        2.1483576772176301E-004  -1.0347278589506459E-013  (-1.84182033487174483E-002,1.35213699536854443E-018)  (-5.16491394351051031E-003,3.05986712684713173E-003)             (-0.49984911375994884,0.0000000000000000)
         522        1000   48.501781318722664        1.0000000000001026        43.683001725746429       0.99960321535204533        3.9678464805612413E-004  -1.0258460747536446E-013  (-2.57911945553532633E-002,3.54707430765314356E-018)  (-3.97167580449376331E-003,4.17592305609530094E-003)             (-0.49972480048821599,0.0000000000000000)
         523        1000   50.706407742294431        1.0000000000001090        21.007443676150480       0.99945306434458048        5.4693565552788352E-004  -1.0902390101819037E-013  (-3.07066608418512139E-002,1.05904940584781913E-018)  (-2.21986204230448150E-003,4.95280880646460468E-003)             (-0.49962097363559199,0.0000000000000000)
         524        1000   52.911034165866198        1.0000000000001179        6.8059465611578487       0.99938498452288327        6.1501547723113851E-004  -1.1790568521519162E-013  (-3.28840724884682870E-002,6.77771411934307767E-018)  (-6.55265292637528503E-004,5.36155480525948944E-003)             (-0.49956872328913715,0.0000000000000000)
         525        1000   55.115660589437965        1.0000000000001195        1.9708461924953486       0.99938876471038929        6.1123528973059445E-004  -1.1945999744966684E-013 (-3.29792089571526864E-002,-4.02483749800051161E-018)   (4.20936488381278245E-004,5.43043255365205021E-003)             (-0.49956635063226418,0.0000000000000000)
         526        1000   57.320287013009732        1.0000000000001275        6.8059527102535657       0.99943482116517790        5.6517883494562539E-004  -1.2745360322696797E-013 (-3.16415287583875562E-002,-4.79143554365222619E-018)   (1.29390927114768676E-003,5.20083533951633085E-003)             (-0.49959990956694506,0.0000000000000000)
         527        1000   59.524913436581500        1.0000000000001308        21.007454853016178       0.99952407663828124        4.7592336184834101E-004  -1.3078427230084344E-013 (-2.87499217625817663E-002,-2.85545054278067168E-019)   (2.48097391320825471E-003,4.68430214430966014E-003)             (-0.49966684399951783,0.0000000000000000)
         528        1000   61.729539860153267        1.0000000000001332        43.683018592113719       0.99966617341230435        3.3382658783196096E-004  -1.3322676295501878E-013 (-2.36748014133759885E-002,-1.71805634585805849E-017)   (3.95205357230582911E-003,3.85691866986165180E-003)             (-0.49976749694911438,0.0000000000000000)
         529        1000   63.934166283725034        1.0000000000001446        73.407858908505077       0.99982533883378355        1.7466116636022036E-004  -1.4455103780619538E-013 (-1.65417048629986803E-002,-7.97004996453617427E-018)   (4.90614151546951444E-003,2.74967385837467755E-003)             (-0.49987759927789532,0.0000000000000000)
         530        1000   66.138792707296801        1.0000000000001539        108.31425597478665       0.99993960103959434        6.0398960558635182E-005  -1.5387691121304670E-013  (-8.73000936761752014E-003,6.98641111390333459E-019)   (4.84239661560831747E-003,1.50878596502259559E-003)             (-0.49995750266993794,0.0000000000000000)
         531        1000   68.343419130868568        1.0000000000001554        146.20891036955800       0.99998467458560414        1.5325414553403842E-005  -1.5543122344752192E-013  (-1.51138492324340919E-003,1.29961167125568085E-017)   (4.37400834013149803E-003,2.82191318163512947E-004)             (-0.49998990164541668,0.0000000000000000)
         532        1000   70.548045554440336        1.0000000000001552        184.71076214249868       0.99997147617925208        2.8523820903278203E-005  -1.5520917884259688E-013   (5.19420848572141412E-003,1.59390307238886525E-018)  (4.27555612646415058E-003,-8.96984559130919274E-004)             (-0.49998023140766401,0.0000000000000000)
         533        1000   72.752671978012103        1.0000000000001423        221.40059771399461       0.99990443502561577        9.5564974527201485E-005  -1.4233059175694507E-013  (1.19883419645083738E-002,-1.84345631647578164E-018)  (4.33146096503827117E-003,-2.03312022436993433E-003)             (-0.49993219107884912,0.0000000000000000)
         534        1000   74.957298401583870        1.0000000000001321        253.97305661808011       0.99979111418750855        2.0888581262650872E-004  -1.3211653993039363E-013   (1.85390435708201150E-002,4.85479782598291956E-018)  (3.81304170956946317E-003,-3.05195227199703831E-003)             (-0.49985360044445559,0.0000000000000000)
         535        1000   77.161924825155637        1.0000000000001237        280.38149243243180       0.99967107558242330        3.2892441769981340E-004  -1.2367884494324244E-013   (2.36664539865906881E-002,2.62885488320585315E-019)  (2.56050660371528842E-003,-3.83314662132497406E-003)             (-0.49977161706859213,0.0000000000000000)
         536        1000   79.366551248727404        1.0000000000001230        298.96656801439167       0.99959469678481905        4.0530321530680784E-004  -1.2301271112846734E-013  (2.65228212914436073E-002,-1.21182930221604853E-018)  (1.08178752681212806E-003,-4.30516362938435267E-003)             (-0.49971774152503540,0.0000000000000000)
         537        1000   81.571177672299171        1.0000000000001148        308.56051160944543       0.99957962693254077        4.2037306757429553E-004  -1.1479706074624119E-013   (2.72111156526683579E-002,5.74884597199209721E-018) (-9.75839795993809595E-005,-4.46994649097961095E-003)             (-0.49970367046897163,0.0000000000000000)
         538        1000   83.775804095870939        1.0000000000001064        308.56050019167714       0.99960826385816592        3.9173614194258887E-004  -1.0635936575909000E-013   (2.63659623396053748E-002,4.00375249297091991E-018) (-9.04156022296451287E-004,-4.36629698725984287E-003)             (-0.49972129544265348,0.0000000000000000)
         539        1000   85.980430519442706        1.0000000000000981        298.96654005778879       0.99966288622359412        3.3711377650635059E-004  -9.8143715376863838E-014  (2.43714496362097861E-002,-2.49897222589464329E-018) (-1.65576734528003898E-003,-4.02618867061079952E-003)             (-0.49976076297220168,0.0000000000000000)
         540        1000   88.185056943014473        1.0000000000000915        280.38145656949069       0.99974228197069215        2.5771802940144855E-004  -9.1482377229112899E-014  (2.10585285239390727E-002,-3.17799810683064354E-019) (-2.59863819096478989E-003,-3.45540064550762084E-003)             (-0.49981879952223901,0.0000000000000000)
         541        1000   90.389683366586240        1.0000000000000902        253.97301535583364       0.99983968282018054        1.6031717991041129E-004  -9.0150109599562711E-014  (1.62101414709218614E-002,-3.91343616974729957E-018) (-3.51350223630444774E-003,-2.66330088288174857E-003)             (-0.49988798983808436,0.0000000000000000)
         542        1000   92.594309790158007        1.0000000000000806        221.40055554801449       0.99992746618878547        7.2533811298975732E-005  -8.0602191587786365E-014   (1.02418890108215421E-002,2.08226630560874418E-019) (-3.94422108511373933E-003,-1.71291485167998549E-003)             (-0.49994946403119078,0.0000000000000000)
         543        1000   94.798936213729775        1.0000000000000744        184.71072606284955       0.99997868340938467        2.1316590691614654E-005  -7.4384942649885488E-014   (4.07683530498613358E-003,2.51610499780022006E-018) (-3.81254561508468206E-003,-7.10850039064794327E-004)             (-0.49998556667761901,0.0000000000000000)
         544        1000   97.003562637301542        1.0000000000000768        146.20888172900479       0.99998833303824752        1.1666961826923271E-005  -7.6827433304060833E-014  (-1.65895050034360809E-003,1.14708161776786705E-018)  (-3.50035300525633735E-003,2.61049415832397935E-004)             (-0.49999246533751845,0.0000000000000000)
         545        1000   99.208189060873309        1.0000000000000735        108.31423393328973       0.99996380908290250        3.6190917171528630E-005  -7.3496764230185363E-014  (-6.96247912980348192E-003,1.94718382877320738E-017)  (-3.27853416826605218E-003,1.17089239727081996E-003)             (-0.49997468818889457,0.0000000000000000)
         546        1000   101.41281548444508        1.0000000000000790        73.407844087309030       0.99991189090030919        8.8109099769991699E-005  -7.9047879353311146E-014  (-1.19193080241468789E-002,1.16547963555327639E-017)  (-2.98546658897216747E-003,1.99136342892680110E-003)             (-0.49993762623878307,0.0000000000000000)
         547        1000   103.61744190801684        1.0000000000000875        43.683007504557622       0.99984506950504337        1.5493049504436638E-004  -8.7485574340462335E-014  (-1.61890267289521925E-002,4.95529470490769477E-022)  (-2.35269246884742917E-003,2.66645196228977414E-003)             (-0.49989100776323103,0.0000000000000000)
         548        1000   105.82206833158861        1.0000000000000973        21.007444102292791       0.99978649037776934        2.1350962232884424E-004  -9.7255536957163713E-014 (-1.91820152972847213E-002,-1.49541159542273547E-017)  (-1.39460576655542150E-003,3.13519206738473557E-003)             (-0.49985056418214602,0.0000000000000000)
         549        1000   108.02669475516038        1.0000000000000999        6.8059466658472525       0.99975704561071355        2.4295438938706443E-004  -9.9920072216264089E-014 (-2.05630091038922179E-002,-2.69391693741336635E-020)  (-3.76554778324365814E-004,3.36796958884449113E-003)             (-0.49982964490596654,0.0000000000000000)
         550        1000   110.23132117873214        1.0000000000001088        1.9708478703625374       0.99976138626604505        2.3861373406334547E-004  -1.0880185641326534E-013 (-2.04440839274570227E-002,-1.49849481949686655E-019)   (4.73129358537694898E-004,3.37274185772273166E-003)             (-0.49983154084017722,0.0000000000000000)
         551        1000   112.43594760230391        1.0000000000001132        6.8059508487364182       0.99979084829545606        2.0915170465609726E-004  -1.1324274851176597E-013  (-1.91486581458498624E-002,2.98882587165026040E-019)   (1.13616056324255979E-003,3.17571123327617865E-003)             (-0.49985151688636714,0.0000000000000000)
         552        1000   114.64057402587568        1.0000000000001226        21.007448919606844       0.99983546187091765        1.6453812920389996E-004  -1.2256862191861728E-013 (-1.68939677073058209E-002,-1.84524902214067897E-018)   (1.72473888528158780E-003,2.80173836216845388E-003)             (-0.49988325628479491,0.0000000000000000)
         553        1000   116.84520044944745        1.0000000000001268        43.683013105054989       0.99988777518026128        1.1222481986390709E-004  -1.2678746941219288E-013  (-1.37383560792914521E-002,7.32509257103567327E-019)   (2.28151390357350442E-003,2.27252082505071317E-003)             (-0.49992087818428821,0.0000000000000000)
         554        1000   119.04982687301921        1.0000000000001346        73.407853306281439       0.99993834715983410        6.1652840301480483E-005  -1.3455903058456897E-013  (-9.79058307764420210E-003,4.95448627794838483E-020)   (2.70257524466926882E-003,1.62062688197652177E-003)             (-0.49995698406707734,0.0000000000000000)
         555        1000   121.25445329659098        1.0000000000001417        108.31424678541825       0.99997551387959738        2.4486120544627271E-005  -1.4166445794216997E-013 (-5.36953395339625269E-003,-1.85078789149669830E-018)   (2.86582814404678574E-003,8.97812635949667929E-004)             (-0.49998332154920239,0.0000000000000000)
         556        1000   123.45907972016275        1.0000000000001412        146.20889786970204       0.99999172219300136        8.2778071428265378E-006  -1.4122036873231991E-013  (-9.02492504028793276E-004,4.52611956970890477E-018)   (2.77553549827105981E-003,1.63149650198678229E-004)             (-0.49999480252168310,0.0000000000000000)
         557        1000   125.66370614373452        1.0000000000001406        184.71074649914121       0.99998705067253857        1.2949327603562045E-005  -1.4055423491754482E-013  (3.28274792267788541E-003,-4.50384754756764061E-018)  (2.53137397520057606E-003,-5.34499804957362505E-004)             (-0.49999146301798947,0.0000000000000000)
         558        1000   127.86833256730628        1.0000000000001328        221.40057863294700       0.99996661215001281        3.3387850120742882E-005  -1.3278267374516872E-013  (7.00927970677673630E-003,-1.12955809850652594E-017)  (2.19887115953425324E-003,-1.15924024254868488E-003)             (-0.49997681145082934,0.0000000000000000)
         559        1000   130.07295899087805        1.0000000000001201        253.97303808192049       0.99993752431587912        6.2475684242479300E-005  -1.2012613126444194E-013  (1.01430318036174593E-002,-3.40859613984160122E-018)  (1.76900437488315947E-003,-1.68014727590260599E-003)             (-0.49995600914243954,0.0000000000000000)
         560        1000   132.27758541444982        1.0000000000001006        280.38147758876983       0.99990819176751433        9.1808232589043023E-005  -1.0058620603103918E-013  (1.25150828246185439E-002,-4.54451608900381890E-019)  (1.22582285616066266E-003,-2.06850108463116312E-003)             (-0.49993520949740122,0.0000000000000000)
         561        1000   134.48221183802158        1.0000000000000944        298.96655530701736       0.99988711110236361        1.1288889773196537E-004  -9.4368957093138306E-014   (1.39635088908273437E-002,3.94290113280762727E-020)  (6.03700532631776883E-004,-2.30357786160959510E-003)             (-0.49992039883807488,0.0000000000000000)
         562        1000   136.68683826159335        1.0000000000000859        308.56050321998424       0.99988004637025751        1.1995362982985332E-004  -8.5931262105987116E-014   (1.44146261854272463E-002,8.24798267052612075E-019) (-2.62756237944987027E-005,-2.37825758006795845E-003)             (-0.49991545614575111,0.0000000000000000)
         563        1000   138.89146468516512        1.0000000000000777        308.56050124941731       0.99988800592236060        1.1199407771667195E-004  -7.7715611723760958E-014   (1.39085343057550829E-002,8.75149478779829788E-019) (-6.01401905453640773E-004,-2.29901097162488318E-003)             (-0.49992100995027117,0.0000000000000000)
         564        1000   141.09609110873689        1.0000000000000726        298.96654861301062       0.99990773188451565        9.2268115558322681E-005  -7.2608585810485238E-014  (1.25632900125864193E-002,-1.88135115423011960E-018) (-1.08854102126997639E-003,-2.08198522548920214E-003)             (-0.49993486026437467,0.0000000000000000)
         565        1000   143.30071753230865        1.0000000000000682        280.38146679890650       0.99993364420848418        6.6355791582954740E-005  -6.8167693711984612E-014   (1.05318259761114450E-002,5.23830982102976905E-019) (-1.47292340167563189E-003,-1.74965355390843767E-003)             (-0.49995318403854688,0.0000000000000000)
         566        1000   145.50534395588042        1.0000000000000586        253.97302632017764       0.99995963669592647        4.0363304132946352E-005  -5.8619775700208265E-014  (7.98676840072244480E-003,-2.20217880341860992E-018) (-1.74147389697539771E-003,-1.32976008291048700E-003)             (-0.49997167055423186,0.0000000000000000)
         567        1000   147.70997037945219        1.0000000000000484        221.40056754119905       0.99998040897208962        1.9591027960710396E-005  -4.8405723873656825E-014  (5.11965811869055307E-003,-2.21127590186120721E-018) (-1.88352599198368578E-003,-8.54491669433697252E-004)             (-0.49998649058883327,0.0000000000000000)
         568        1000   149.91459680302395        1.0000000000000473        184.71073649117079       0.99999251436130510        7.4856387416983598E-006  -4.7295500849031669E-014  (2.12947547775142569E-003,-4.04362443909626130E-018) (-1.90003632990863505E-003,-3.57818656519484754E-004)             (-0.49999513204883755,0.0000000000000000)
         569        1000   152.11922322659572        1.0000000000000491        146.20888977406449       0.99999490360300169        5.0963970475867507E-006  -4.9071857688431919E-014 (-7.95263845341457796E-004,-3.62261058997542774E-018)  (-1.80164086287663513E-003,1.27734004251733250E-004)             (-0.49999683624851848,0.0000000000000000)
         570        1000   154.32384965016749        1.0000000000000566        108.31424050561685       0.99998884299935542        1.1157000698980963E-005  -5.6621374255882984E-014 (-3.48258668165950334E-003,-1.47982185725340617E-018)  (-1.59862308734717981E-003,5.72840524733652821E-004)             (-0.49999252514457093,0.0000000000000000)
         571        1000   156.52847607373926        1.0000000000000633        73.407848179494508       0.99997742664872880        2.2573351332606507E-005  -6.3282712403633923E-014 (-5.77533830279906759E-003,-2.11375695360147114E-018)  (-1.30215560865905885E-003,9.52009332522650987E-004)             (-0.49998440880927553,0.0000000000000000)
         572        1000   158.73310249731102        1.0000000000000653        43.683009706103725       0.99996473266385300        3.5267336211354296E-005  -6.5281113847959205E-014 (-7.54171064492618632E-003,-9.97313082615140840E-018)  (-9.35147126601520713E-004,1.24493079323355436E-003)             (-0.49997536527535263,0.0000000000000000)
         573        1000   160.93772892088279        1.0000000000000728        21.007447396698311       0.99995461027397503        4.5389726098189334E-005  -7.2830630415410269E-014  (-8.69834186228391273E-003,1.56670238315728004E-018)  (-5.34574893265735802E-004,1.43850915842975687E-003)             (-0.49996811377642281,0.0000000000000000)
         574        1000   163.14235534445456        1.0000000000000819        6.8059495838389603       0.99994956950189551        5.0430498187049139E-005  -8.1934459217336553E-014 (-9.22316952336431004E-003,-1.93062250693684659E-018)  (-1.37475330953728745E-004,1.52797973492461254E-003)             (-0.49996446817962303,0.0000000000000000)
         575        1000   165.34698176802632        1.0000000000000906        1.9708472878311265       0.99995039445888356        4.9605541207403976E-005  -9.0594198809412774E-014  (-9.14363275873081999E-003,9.85262653334840416E-018)   (2.32290353397547486E-004,1.51618500385782029E-003)             (-0.49996503710266915,0.0000000000000000)
         576        1000   167.55160819159809        1.0000000000000964        6.8059490146602091       0.99995645316860882        4.3546831485428937E-005  -9.6367358537463588E-014 (-8.51270739809149683E-003,-3.23850872962659834E-018)   (5.63303015353731006E-004,1.41153376561775536E-003)             (-0.49996937734598718,0.0000000000000000)
         577        1000   169.75623461516986        1.0000000000000930        21.007448305803994       0.99996613149996127        3.3868500133002532E-005  -9.3036689463588118E-014  (-7.39812776514315543E-003,2.30963126926200054E-018)   (8.44627416580547431E-004,1.22672819058479605E-003)             (-0.49997629186411952,0.0000000000000000)
         578        1000   171.96086103874163        1.0000000000000919        43.683011621427980       0.99997714104309587        2.2858956994991082E-005  -9.1926466438962962E-014 (-5.89155774391698916E-003,-1.75841692653460401E-017)   (1.05686537636797231E-003,9.78539061941548736E-004)             (-0.49998411566154566,0.0000000000000000)
         579        1000   174.16548746231339        1.0000000000000995        73.407849798620546       0.99998698756692483        1.3012433174159076E-005  -9.9475983006414026E-014  (-4.11915158662347434E-003,1.17165639260106591E-017)   (1.17913237951485081E-003,6.87462907111162022E-004)             (-0.49999109365139299,0.0000000000000000)
         580        1000   176.37011388588516        1.0000000000001008        108.31424261553556       0.99999372346173976        6.2765383606539452E-006  -1.0080825063596421E-013 (-2.23122446451327720E-003,-7.59952022909641805E-019)   (1.20510815156118145E-003,3.76236707509845422E-004)             (-0.49999587555369995,0.0000000000000000)
         581        1000   178.57474030945693        1.0000000000001004        146.20889297020088       0.99999653943282019        3.4605672799682276E-006  -1.0036416142611415E-013 (-3.71252010614328077E-004,-3.09631942806023030E-018)   (1.14909769961175565E-003,6.70800610139701771E-005)             (-0.49999788380608023,0.0000000000000000)
         582        1000   180.77936673302870        1.0000000000000902        184.71074033593311       0.99999575352646874        4.2464736242882088E-006  -9.0150109599562711E-014   (1.35033333338543211E-003,6.84035944929581042E-018)  (1.03413152604145062E-003,-2.20815848619014543E-004)             (-0.49999732057421264,0.0000000000000000)
         583        1000   182.98399315660046        1.0000000000000908        221.40057222361546       0.99999238241340438        7.6175866877730177E-006  -9.0816243414337805E-014  (2.85568673076945934E-003,-6.91730133765027657E-018)  (8.74813184425008144E-004,-4.72117338359357005E-004)             (-0.49999490995567442,0.0000000000000000)
         584        1000   185.18861958017223        1.0000000000000844        253.97303153756548       0.99998778198142546        1.2218018659463171E-005  -8.4376949871511897E-014  (4.07966777517929872E-003,-4.78010267837177368E-018)  (6.74383136545296741E-004,-6.74648000926837297E-004)             (-0.49999164015139413,0.0000000000000000)
         585        1000   187.39324600374400        1.0000000000000795        280.38147024247320       0.99998344600909617        1.6553990984677130E-005  -7.9491968563161208E-014  (4.95878009875197825E-003,-1.99616577786574147E-018)  (4.37030684235824882E-004,-8.18945994327455727E-004)             (-0.49998857573262107,0.0000000000000000)
         586        1000   189.59787242731576        1.0000000000000728        298.96654956778571       0.99998069106294407        1.9308937128337694E-005  -7.2830630415410269E-014   (5.44538508850002378E-003,6.03352653339286660E-019)  (1.80655681465390598E-004,-8.99446818390191695E-004)             (-0.49998662228757690,0.0000000000000000)
         587        1000   191.80249885088753        1.0000000000000659        308.56050104420751       0.99998021417953220        1.9785820533478393E-005  -6.5947247662734299E-014   (5.53179865445143325E-003,8.38651294374174266E-019) (-6.50576616585581949E-005,-9.15857017262728529E-004)             (-0.49998625557530829,0.0000000000000000)
         588        1000   194.00712527445930        1.0000000000000568        308.56050067548199       0.99998189141015159        1.8108589905253552E-005  -5.6843418860808015E-014  (5.25716514076162485E-003,-2.45714738769476953E-018) (-2.74947149034245227E-004,-8.73216089540570714E-004)             (-0.49998740991038082,0.0000000000000000)
         589        1000   196.21175169803107        1.0000000000000515        298.96654864306043       0.99998502513403298        1.4974866020255139E-005  -5.1514348342607263E-014   (4.68825570289892711E-003,7.36658118866126912E-018) (-4.40500115818347670E-004,-7.80351590988110646E-004)             (-0.49998962539414893,0.0000000000000000)
         590        1000   198.41637812160283        1.0000000000000446        280.38146864999698       0.99998877115967155        1.1228840374303833E-005  -4.4630965589931293E-014   (3.89237423261999844E-003,1.22637170527004786E-018) (-5.66227059919819200E-004,-6.47740650525118204E-004)             (-0.49999230644048126,0.0000000000000000)
         591        1000   200.62100454517460        1.0000000000000351        253.97302953698176       0.99999237512817174        7.6248718655028347E-006  -3.5083047578154947E-014   (2.92753881628250766E-003,7.79665433696893103E-018) (-6.55600197422755875E-004,-4.86504000868368002E-004)             (-0.49999489029158345,0.0000000000000000)
         592        1000   202.82563096874637        1.0000000000000366        221.40057050862725       0.99999520835064215        4.7916493967220228E-006  -3.6637359812630166E-014  (1.85371784154064571E-003,-9.70430396654703715E-018) (-7.02139796565655512E-004,-3.08466686497582980E-004)             (-0.49999691085104514,0.0000000000000000)
         593        1000   205.03025739231813        1.0000000000000353        184.71073884526319       0.99999683246110849        3.1675389284386321E-006  -3.5305092183079978E-014  (7.46280970502251903E-004,-5.44524129660078740E-019) (-6.95892907344353986E-004,-1.26311849530410202E-004)             (-0.49999806257113799,0.0000000000000000)
         594        1000   207.23488381588990        1.0000000000000380        146.20889173472591       0.99999714525169414        2.8547483463004580E-006  -3.7969627442180354E-014 (-3.08371691243350041E-004,-2.81592450532870511E-018)  (-6.36167224296056754E-004,4.72278163439665400E-005)             (-0.49999828402163338,0.0000000000000000)
         595        1000   209.43951023946167        1.0000000000000375        108.31424170672551       0.99999642140099965        3.5785990406899204E-006  -3.7525538232330291E-014  (-1.23435489334497092E-003,5.94668579175382351E-018)  (-5.36703910342599400E-004,2.01135083633979317E-004)             (-0.49999776751945268,0.0000000000000000)
         596        1000   211.64413666303344        1.0000000000000329        73.407849049412121       0.99999514674645906        4.8532535760401383E-006  -3.2862601528904634E-014 (-1.98498312751960344E-003,-3.17683966539827964E-021)  (-4.17458102330958594E-004,3.27485001226465841E-004)             (-0.49999685113061315,0.0000000000000000)
         597        1000   213.84876308660520        1.0000000000000375        43.683010844902199       0.99999379588189852        6.2041181396550575E-006  -3.7525538232330291E-014 (-2.54212685445017860E-003,-1.43609034243012396E-019)  (-2.91874927020681753E-004,4.21579937481539443E-004)             (-0.49999587820532715,0.0000000000000000)
         598        1000   216.05338951017697        1.0000000000000426        21.007447852492284       0.99999273440932090        7.2655907232623183E-006  -4.2632564145606011E-014  (-2.90000069747138036E-003,3.65336747930020109E-018)  (-1.62679274409016389E-004,4.81113070609402846E-004)             (-0.49999512216686531,0.0000000000000000)
         599        1000   218.25801593374874        1.0000000000000397        6.8059491533501841       0.99999222490385031        7.7750961913487952E-006  -3.9745984281580604E-014  (-3.05218401731931948E-003,7.93079647542207436E-018)  (-2.95115967725053943E-005,5.05413146826475587E-004)             (-0.49999477045127394,0.0000000000000000)
         600        1000   220.46264235732050        1.0000000000000446        1.9708471627143977       0.99999240197679173        7.5980232528465205E-006  -4.4630965589931293E-014  (-2.99516385573263266E-003,1.25002070619742778E-018)   (1.01137851551200841E-004,4.95499138982714708E-004)             (-0.49999490416346670,0.0000000000000000)
         601        1000   222.66726878089227        1.0000000000000484        6.8059492428256245       0.99999320075973697        6.7992403105466979E-006  -4.8405723873656825E-014 (-2.74291086361900605E-003,-3.00693832688955904E-018)   (2.14675876069253248E-004,4.54722462740328600E-004)             (-0.49999546670472628,0.0000000000000000)
         602        1000   224.87189520446404        1.0000000000000462        21.007447964154029       0.99999435837647210        5.6416235765825489E-006  -4.6185277824406512E-014 (-2.33464858438193557E-003,-3.86043460611835320E-018)   (2.97096821374208289E-004,3.88939503049004129E-004)             (-0.49999627792928192,0.0000000000000000)
         603        1000   227.07652162803581        1.0000000000000491        43.683010914017551       0.99999554342403296        4.4565760174760642E-006  -4.9071857688431919E-014  (-1.82507822932060997E-003,4.57224233182158910E-018)   (3.44678734338916398E-004,3.05582055011406660E-004)             (-0.49999711542549291,0.0000000000000000)
         604        1000   229.28114805160757        1.0000000000000469        73.407849281573206       0.99999650732559109        3.4926744579489293E-006  -4.6851411639181606E-014 (-1.26476213646893425E-003,-7.53557550994000987E-019)   (3.64702709639312271E-004,2.12143735993185618E-004)             (-0.49999780496330559,0.0000000000000000)
         605        1000   231.48577447517934        1.0000000000000533        108.31424199306836       0.99999713275150448        2.8672485480121699E-006  -5.3290705182007514E-014 (-6.88644135253735161E-004,-2.23254015667953102E-017)   (3.66443106215062449E-004,1.15216723274697325E-004)             (-0.49999825507040463,0.0000000000000000)
         606        1000   233.69040089875111        1.0000000000000540        146.20889206175613       0.99999739256326936        2.6074367861058618E-006  -5.3956838996782608E-014  (-1.21800918474449145E-004,3.72245253774972616E-018)   (3.51848613645867826E-004,2.05702249599854555E-005)             (-0.49999844126272086,0.0000000000000000)
         607        1000   235.89502732232287        1.0000000000000486        184.71073926641310       0.99999731931407210        2.6806859760839041E-006  -4.8627768478581856E-014  (4.06885542303113987E-004,-8.57391672836322159E-021)  (3.15897229375473789E-004,-6.63469118360304061E-005)             (-0.49999838955731679,0.0000000000000000)
         608        1000   238.09965374589464        1.0000000000000391        221.40057095795822       0.99999701478268743        2.9852173562986948E-006  -3.9079850466805510E-014  (8.60360526509082544E-004,-1.22143339501083119E-017)  (2.56131428836483784E-004,-1.40371683428203381E-004)             (-0.49999817499687638,0.0000000000000000)
         609        1000   240.30428016946641        1.0000000000000384        253.97303002133478       0.99999663694844987        3.3630515889397841E-006  -3.8413716652030416E-014  (1.20473166340182339E-003,-5.89598442977816343E-019)  (1.80078567354434720E-004,-1.97364718011126442E-004)             (-0.49999790652537013,0.0000000000000000)
         610        1000   242.50890659303818        1.0000000000000380        280.38146910113858       0.99999633251776809        3.6674822711237373E-006  -3.7969627442180354E-014   (1.42512606081522468E-003,5.34560197083427416E-019)  (1.02068723051935951E-004,-2.35233198082486993E-004)             (-0.49999768494094565,0.0000000000000000)
         611        1000   244.71353301660994        1.0000000000000342        298.96654885685871       0.99999617474054103        3.8252594942834683E-006  -3.4194869158454821E-014  (1.52918061841337562E-003,-7.95370743531728199E-018)  (3.33406183780892088E-005,-2.54115577072881738E-004)             (-0.49999756583843175,0.0000000000000000)
         612        1000   246.91815944018171        1.0000000000000304        308.56050030171724       0.99999616835419580        3.8316458343596264E-006  -3.0420110874729289E-014  (1.53445453083503065E-003,-1.76864521354750585E-018) (-2.49581394625013725E-005,-2.55484123172043469E-004)             (-0.49999755955195685,0.0000000000000000)
         613        1000   249.12278586375348        1.0000000000000311        308.56050030958357       0.99999629512941879        3.7048706119699723E-006  -3.1086244689504383E-014   (1.45344684140629008E-003,2.05550116434200018E-018) (-7.81607103039722939E-005,-2.41236271703227956E-004)             (-0.49999765420584086,0.0000000000000000)
         614        1000   251.32741228732525        1.0000000000000333        298.96654876422741       0.99999653221766727        3.4677823676584472E-006  -3.3306690738754696E-014   (1.29116524955425068E-003,1.84266740127389045E-018) (-1.28090956834399990E-004,-2.13430626866418848E-004)             (-0.49999782757622435,0.0000000000000000)
         615        1000   253.53203871089701        1.0000000000000311        280.38146896925105       0.99999683359603397        3.1664040006393536E-006  -3.1086244689504383E-014  (1.05615744897219195E-003,-9.60119719994775200E-018) (-1.68283783698727985E-004,-1.74710586521870960E-004)             (-0.49999804201223236,0.0000000000000000)
         616        1000   255.73666513446878        1.0000000000000380        253.97302988380883       0.99999712523351092        2.8747665260723026E-006  -3.7969627442180354E-014  (7.71071082807014735E-004,-4.73550483638833217E-019) (-1.89570914836117928E-004,-1.28710748241273634E-004)             (-0.49999824644228136,0.0000000000000000)
         617        1000   257.94129155804058        1.0000000000000375        221.40057080352790       0.99999733905233068        2.6609477082790157E-006  -3.7525538232330291E-014  (4.69752021635607840E-004,-9.02201926966234234E-019) (-1.89374850481668889E-004,-7.97762179435319586E-005)             (-0.49999839668085477,0.0000000000000000)
         618        1000   260.14591798161234        1.0000000000000431        184.71073914547063       0.99999744888022335        2.5511198210009303E-006  -4.3076653355456074E-014  (1.82635807276045059E-004,-2.19991973951875502E-018) (-1.74313328165131350E-004,-3.19349425074192270E-005)             (-0.49999847504202732,0.0000000000000000)
         619        1000   262.35054440518411        1.0000000000000424        146.20889196055447       0.99999746842413773        2.5315759065593480E-006  -4.2410519540680980E-014  (-7.49611100386360970E-005,4.21272925683932843E-018)  (-1.54028660833544932E-004,1.19928759395783711E-005)             (-0.49999848918609563,0.0000000000000000)
         620        1000   264.55517082875588        1.0000000000000464        108.31424190454641       0.99999742415735493        2.5758426931422572E-006  -4.6407322429331543E-014  (-3.00241445357692376E-004,1.21928191425175528E-019)  (-1.32814479404201428E-004,5.02772096938391359E-005)             (-0.49999845719235675,0.0000000000000000)
         621        1000   266.75979725232764        1.0000000000000426        73.407849195630519       0.99999734170835741        2.6582916877327992E-006  -4.2632564145606011E-014  (-4.90279293513531662E-004,2.80880280074114219E-018)  (-1.07344430456972144E-004,8.15341245522280240E-005)             (-0.49999839887834979,0.0000000000000000)
         622        1000   268.96442367589941        1.0000000000000506        43.683010905765343       0.99999725186148214        2.7481385697856002E-006  -5.0626169922907138E-014 (-6.33992985290801744E-004,-1.40121714845527701E-017)  (-7.30594256887880859E-005,1.04374742615749859E-004)             (-0.49999833672034510,0.0000000000000000)
         623        1000   271.16905009947118        1.0000000000000497        21.007447896256316       0.99999718991539321        2.8100846574035715E-006  -4.9737991503207013E-014 (-7.17279382321586419E-004,-2.62342622051277065E-019)  (-3.19551025793821306E-005,1.17723539931903384E-004)             (-0.49999829375609672,0.0000000000000000)
         624        1000   273.37367652304295        1.0000000000000522        6.8059492049856907       0.99999717760103590        2.8223990166066913E-006  -5.2180482157382357E-014 (-7.35560273217938303E-004,-6.50905477970689107E-019)   (7.05727419571213687E-006,1.21497081604410572E-004)             (-0.49999828359546605,0.0000000000000000)
         625        1000   275.57830294661471        1.0000000000000533        1.9708472033387885       0.99999720963514271        2.7903649117298738E-006  -5.3290705182007514E-014  (-6.99606109614292113E-004,6.08417578834371236E-018)   (3.56408030269234514E-005,1.16817077909775124E-004)             (-0.49999830373963827,0.0000000000000000)
         626        1000   277.78292937018648        1.0000000000000531        6.8059491919078345       0.99999726395343413        2.7360466208391025E-006  -5.3068660577082483E-014  (-6.28261412108003072E-004,1.02098926438031874E-017)   (5.31457953007869442E-005,1.05581850077299572E-004)             (-0.49999834126971143,0.0000000000000000)
         627        1000   279.98755579375825        1.0000000000000533        21.007447908440117       0.99999732281596765        2.6771840847539278E-006  -5.3290705182007514E-014  (-5.35212404788704263E-004,1.22805448836754521E-018)   (6.53914273817547941E-005,8.95859427926862771E-005)             (-0.49999838430930116,0.0000000000000000)
         628        1000   282.19218221733001        1.0000000000000482        43.683010895911636       0.99999737971787173        2.6202821766599372E-006  -4.8183679268731794E-014 (-4.23535917345226260E-004,-3.42618123626065172E-018)   (7.74852148933381036E-005,7.00835370924994490E-005)             (-0.49999842641207992,0.0000000000000000)
         629        1000   284.39680864090178        1.0000000000000420        73.407849207603988       0.99999743018803755        2.5698120055732031E-006  -4.1966430330830917E-014 (-2.92984143101445989E-004,-9.06320961028983468E-018)   (8.79192740836975880E-005,4.81893551795406475E-005)             (-0.49999846273377074,0.0000000000000000)
         630        1000   286.60143506447355        1.0000000000000393        108.31424191690581       0.99999746571179360        2.5342882471549116E-006  -3.9301895071730542E-014  (-1.50953351591599045E-004,2.77930147361293124E-018)   (9.02607996481332114E-005,2.54394786606599617E-005)             (-0.49999848753419496,0.0000000000000000)
         631        1000   288.80606148804532        1.0000000000000393        146.20889198217301       0.99999748015595014        2.5198440928502968E-006  -3.9301895071730542E-014 (-1.44611676505741154E-005,-5.35875425270349867E-018)   (8.07118138870202724E-005,3.77456236647096842E-006)             (-0.49999849753100423,0.0000000000000000)
         632        1000   291.01068791161708        1.0000000000000391        184.71073917274708       0.99999747696821184        2.5230318303149716E-006  -3.9079850466805510E-014  (9.93380186797684288E-005,-1.02295633746847536E-017)  (6.32111978232484660E-005,-1.50378532177169698E-005)             (-0.49999849523516882,0.0000000000000000)
         633        1000   293.21531433518885        1.0000000000000422        221.40057084303973       0.99999746547232859        2.5345277153994797E-006  -4.2188474935755949E-014  (1.84107357640940332E-004,-7.93677420917281804E-018)  (4.59264031415279326E-005,-3.00214312770566759E-005)             (-0.49999848666626445,0.0000000000000000)
         634        1000   295.41994075876062        1.0000000000000380        253.97302990116688       0.99999745207808677        2.5479219519199454E-006  -3.7969627442180354E-014   (2.45318562884300271E-004,1.33284637490003252E-018)  (3.35223521227500341E-005,-4.11259545337102624E-005)             (-0.49999847651276841,0.0000000000000000)
         635        1000   297.62456718233238        1.0000000000000386        280.38146898143117       0.99999743870087343        2.5612991671178994E-006  -3.8635761256955448E-014   (2.90344619061378925E-004,2.96455884333676594E-018)  (2.36519688854644675E-005,-4.86303552403342262E-005)             (-0.49999846698063549,0.0000000000000000)
         636        1000   299.82919360590415        1.0000000000000373        298.96654874613984       0.99999742810958592        2.5718904518779048E-006  -3.7303493627405260E-014  (3.18679571710856271E-004,-3.10487500713327706E-019)  (1.08171816359386742E-005,-5.25108967784733159E-005)             (-0.49999846024606903,0.0000000000000000)
         637        1000   302.03382002947592        1.0000000000000320        308.56050026827933       0.99999742566421579        2.5743358195951081E-006  -3.1974423109204508E-014   (3.22822748965800464E-004,1.55596040555091340E-018) (-6.60078532835217651E-006,-5.25092796613225505E-005)             (-0.49999845922493102,0.0000000000000000)
         638        1000   304.23844645304769        1.0000000000000369        308.56050024924701       0.99999743404200570        2.5659580307021730E-006  -3.6859404417555197E-014  (2.98319768550913301E-004,-7.86762250255993859E-018) (-2.36431414626844828E-005,-4.87160891131776177E-005)             (-0.49999846499471484,0.0000000000000000)
         639        1000   306.44307287661945        1.0000000000000357        298.96654873428349       0.99999744916977096        2.5508302657958724E-006  -3.5749181392930041E-014   (2.51550823936238480E-004,1.57113938235849628E-017) (-3.35475698803047189E-005,-4.19514604446847252E-005)             (-0.49999847496424327,0.0000000000000000)
         640        1000   308.64769930019122        1.0000000000000309        280.38146899797761       0.99999746377826304        2.5362217684415453E-006  -3.0864200084579352E-014   (1.96552025081427750E-004,5.00079598273872829E-019) (-3.46935982215786052E-005,-3.35075575937308139E-005)             (-0.49999848488160037,0.0000000000000000)
         641        1000   310.85232572376299        1.0000000000000384        253.97302991034329       0.99999747385132487        2.5261487126781807E-006  -3.8413716652030416E-014   (1.44208803609574093E-004,1.89085461165034388E-018) (-3.20659929162689857E-005,-2.45076841526712466E-005)             (-0.49999849221593029,0.0000000000000000)
         642        1000   313.05695214733475        1.0000000000000318        221.40057082881233       0.99999747994449661        2.5200555347186474E-006  -3.1752378504279477E-014   (9.52579101329251334E-005,8.45025685389747359E-018) (-3.15914980827921091E-005,-1.54777105083713025E-005)             (-0.49999849690361597,0.0000000000000000)
         643        1000   315.26157857090652        1.0000000000000364        184.71073916172267       0.99999748344283923        2.5165571959898114E-006  -3.6415315207705135E-014   (4.42153819053721906E-005,8.01528516622615263E-018) (-3.39265187356738886E-005,-6.51377512661203549E-006)             (-0.49999849951346287,0.0000000000000000)
         644        1000   317.46620499447829        1.0000000000000357        146.20889197143265       0.99999748420388057        2.5157961550914197E-006  -3.5749181392930041E-014  (-1.04256937992836502E-005,1.87430494077137301E-019)  (-3.43528352238966356E-005,2.11159620235219569E-006)             (-0.49999850005003743,0.0000000000000000)
         645        1000   319.67083141805006        1.0000000000000351        108.31424190780167       0.99999748221720564        2.5177828289099262E-006  -3.5083047578154947E-014  (-6.11733718673692327E-005,4.24649671487163576E-018)  (-2.83117355027673845E-005,9.65634421998489665E-006)             (-0.49999849872750785,0.0000000000000000)
         646        1000   321.87545784162182        1.0000000000000346        73.407849212695851       0.99999747932138483        2.5206786507416313E-006  -3.4638958368304884E-014 (-9.72291173768245959E-005,-5.53753629645389366E-018)  (-1.68667745868193281E-005,1.53137590959640592E-005)             (-0.49999849673619151,0.0000000000000000)
         647        1000   324.08008426519359        1.0000000000000324        43.683010908082153       0.99999747771942227        2.5222806097866978E-006  -3.2418512319054571E-014  (-1.14425078596968035E-004,1.44387272462392576E-018)  (-6.11979558707141719E-006,1.87726853247718117E-005)             (-0.49999849541367364,0.0000000000000000)
         648        1000   326.28471068876536        1.0000000000000349        21.007447892610625       0.99999747762829572        2.5223717364037880E-006  -3.4861002973229915E-014  (-1.18652974443445220E-004,8.96771327930557763E-018)  (-9.75098506563624058E-007,2.03698940395027366E-005)             (-0.49999849502884691,0.0000000000000000)
         649        1000   328.48933711233713        1.0000000000000397        6.8059491988727565       0.99999747768987524        2.5223101644679366E-006  -3.9745984281580604E-014  (-1.19161931658398073E-004,3.82121468872021097E-020)  (-2.74330220586223985E-007,2.06956736925182967E-005)             (-0.49999849497857674,0.0000000000000000)
         650        1000   330.69396353590889        1.0000000000000364        1.9708472376471360       0.99999747736243227        2.5226376052351195E-006  -3.6415315207705135E-014 (-1.19105855396660289E-004,-8.63913923959531430E-019)   (1.38727794529582179E-006,2.00734633929990037E-005)             (-0.49999849498389837,0.0000000000000000)
         651        1000   332.89858995948066        1.0000000000000344        6.8059492133512478       0.99999747768677150        2.5223132655059329E-006  -3.4416913763379853E-014 (-1.13369493176409614E-004,-8.31385685324578752E-020)   (7.25035468315891366E-006,1.83756252030227343E-005)             (-0.49999849549439412,0.0000000000000000)
         652        1000   335.10321638305243        1.0000000000000391        21.007447894649651       0.99999747955237506        2.5204476654511590E-006  -3.9079850466805510E-014 (-9.58306472300353364E-005,-1.02286135171151524E-017)   (1.49290362775989911E-005,1.54163171497320334E-005)             (-0.49999849685286019,0.0000000000000000)
         653        1000   337.30784280662419        1.0000000000000426        43.683010900678859       0.99999748225268115        2.5177473619455643E-006  -4.2632564145606011E-014  (-6.79020246916674268E-005,5.63246187680468861E-018)   (1.89613933079333886E-005,1.14999963837260920E-005)             (-0.49999849860419510,0.0000000000000000)
         654        1000   339.51246923019596        1.0000000000000424        73.407849216739052       0.99999748432719981        2.5156728416519163E-006  -4.2410519540680980E-014  (-3.87652897838539350E-005,8.20036662037937568E-020)   (1.65978745242839054E-005,7.38502832706129339E-006)             (-0.49999849994922657,0.0000000000000000)
         655        1000   341.71709565376773        1.0000000000000391        108.31424191814364       0.99999748521025633        2.5147897829252777E-006  -3.9079850466805510E-014  (-1.71031764771567190E-005,3.82694302178735196E-018)   (1.09386931906645143E-005,3.73211560558773455E-006)             (-0.49999850057877121,0.0000000000000000)
         656        1000   343.92172207733950        1.0000000000000442        146.20889197752717       0.99999748539700339        2.5146030427085916E-006  -4.4186876380081230E-014 (-3.48171864074342760E-006,-3.35798579323940350E-018)   (7.66557919440548531E-006,7.18314371004723061E-007)             (-0.49999850074430208,0.0000000000000000)
         657        1000   346.12634850091126        1.0000000000000466        184.71073917002991       0.99999748534247301        2.5146575760530955E-006  -4.6629367034256575E-014   (8.67570800662613801E-006,1.47229517764250891E-018)  (8.85259711498059656E-006,-1.91452170601518922E-006)             (-0.49999850069944446,0.0000000000000000)
         658        1000   348.33097492448303        1.0000000000000515        221.40057083065605       0.99999748495633844        2.5150437141763290E-006  -5.1514348342607263E-014   (2.46802871120687872E-005,3.93299260630055811E-018)  (1.10935375152332462E-005,-4.38926286275567263E-006)             (-0.49999850043801325,0.0000000000000000)
         659        1000   350.53560134805480        1.0000000000000466        253.97302990314898       0.99999748422141077        2.5157786395121028E-006  -4.6629367034256575E-014  (4.20444443969268767E-005,-1.78076264862183404E-018)  (9.48755083001061603E-006,-6.52035928463486599E-006)             (-0.49999849999178797,0.0000000000000000)
         660        1000   352.74022777162656        1.0000000000000546        280.38146899849323       0.99999748364686369        2.5163531913533833E-006  -5.4622972811557702E-014  (5.28645853333712914E-005,-4.56674633159733832E-018)  (3.31025344181446228E-006,-7.83324993336718073E-006)             (-0.49999849964570292,0.0000000000000000)
         661        1000   354.94485419519833        1.0000000000000564        298.96654875063575       0.99999748373473729        2.5162653179210512E-006  -5.6399329650957952E-014   (5.23513607639803356E-005,1.52887413691469080E-018) (-3.28717002973166290E-006,-8.05692387882492825E-006)             (-0.49999849966585347,0.0000000000000000)
         662        1000   357.14948061877010        1.0000000000000533        308.56050024990407       0.99999748430869950        2.5156913569235191E-006  -5.3290705182007514E-014  (4.42015984535704646E-005,-7.74809075505528944E-018) (-5.54614809902935671E-006,-7.47870734015326470E-006)             (-0.49999849996331186,0.0000000000000000)
         663        1000   359.35410704234187        1.0000000000000553        308.56050024853511       0.99999748475292161        2.5152471352499027E-006  -5.5289106626332796E-014   (3.67599039635561545E-005,2.35969132131715861E-017) (-3.14592804597703155E-006,-6.64579566198565773E-006)             (-0.49999850022283615,0.0000000000000000)
         664        1000   361.55873346591363        1.0000000000000602        298.96654874745218       0.99999748478971195        2.5152103489028447E-006  -6.0174087934683484E-014  (3.45008809761497562E-005,-1.23387970202738036E-019) (-4.57336628114471832E-007,-5.88059175776689826E-006)             (-0.49999850029476117,0.0000000000000000)
         665        1000   363.76335988948540        1.0000000000000611        280.38146899259789       0.99999748470395711        2.5152961057220499E-006  -6.1062266354383610E-014   (3.39219194623395680E-005,4.36882902550331215E-018) (-1.63405689569653528E-006,-5.05046500365122642E-006)             (-0.49999850030898257,0.0000000000000000)
         666        1000   365.96798631305717        1.0000000000000608        253.97302989924592       0.99999748482335515        2.5151767070461184E-006  -6.0840221749458578E-014  (2.82229488278497907E-005,-6.06068616554970817E-018) (-6.05664971299817378E-006,-3.83762670221853110E-006)             (-0.49999850041751154,0.0000000000000000)
         667        1000   368.17261273662893        1.0000000000000542        221.40057082553068       0.99999748509158293        2.5149084730197918E-006  -5.4178883601707639E-014  (1.54556575505002420E-005,-1.85422250221964535E-018) (-9.17541860294137187E-006,-2.20269601878544757E-006)             (-0.49999850058481327,0.0000000000000000)
         668        1000   370.37723916020070        1.0000000000000524        184.71073916403992       0.99999748526303200        2.5147370195369172E-006  -5.2402526762307389E-014  (1.22411719946374110E-006,-1.62928121549260510E-018) (-7.51442334013595807E-006,-5.35946183964529390E-007)             (-0.49999850068686019,0.0000000000000000)
         669        1000   372.58186558377247        1.0000000000000506        146.20889197257387       0.99999748528692445        2.5147131269576739E-006  -5.0626169922907138E-014  (-6.96444854716593947E-006,8.46342567595024940E-018)  (-2.57535853146269764E-006,6.76809514045768070E-007)             (-0.49999850070159763,0.0000000000000000)
         670        1000   374.78649200734424        1.0000000000000469        108.31424191226317       0.99999748529951771        2.5147005324544667E-006  -4.6851411639181606E-014  (-7.39608472430675920E-006,7.70915539696358559E-020)   (9.38051236879682463E-007,1.29737358939045431E-006)             (-0.49999850070219715,0.0000000000000000)
         671        1000   376.99111843091600        1.0000000000000475        73.407849211327544       0.99999748534364452        2.5146564048875004E-006  -4.7517545453956700E-014 (-5.64257920531162833E-006,-1.40835526466999620E-018)   (8.88619457761290808E-008,1.65830375084029471E-006)             (-0.49999850071477819,0.0000000000000000)
         672        1000   379.19574485448777        1.0000000000000440        43.683010899661440       0.99999748530875521        2.5146912933919267E-006  -4.3964831775156199E-014  (-8.11031814675523623E-006,2.42637601082484515E-017)  (-3.26022515154951559E-006,2.11283169654316592E-006)             (-0.49999850068841850,0.0000000000000000)
         673        1000   381.40037127805954        1.0000000000000488        21.007447891220849       0.99999748515304743        2.5148470037099733E-006  -4.8849813083506888E-014  (-1.50509658409981489E-005,9.96894779407168851E-018)  (-4.43236810318773483E-006,2.66696705986750879E-006)             (-0.49999850060561468,0.0000000000000000)
         674        1000   383.60499770163131        1.0000000000000426        6.8059492057918893       0.99999748501816088        2.5149818846763236E-006  -4.2632564145606011E-014  (-2.04344043486583340E-005,2.10665469316255827E-019)  (-1.31004582155863055E-006,2.99380047505678907E-006)             (-0.49999850053825412,0.0000000000000000)
         675        1000   385.80962412520307        1.0000000000000420        1.9708472295660564       0.99999748505129948        2.5149487435507245E-006  -4.1966430330830917E-014  (-1.87108760404773414E-005,7.33012642504160880E-018)   (3.39473553956419397E-006,2.79550529216448775E-006)             (-0.49999850055888140,0.0000000000000000)
         676        1000   388.01425054877484        1.0000000000000415        6.8059492044706849       0.99999748521059117        2.5147894510354161E-006  -4.1522341120980855E-014 (-1.10086490534884745E-005,-2.92481546347910100E-018)   (5.17095374176386864E-006,2.15146267545413067E-006)             (-0.49999850064473222,0.0000000000000000)
         677        1000   390.21887697234661        1.0000000000000375        21.007447894188545       0.99999748533190769        2.5146681309033755E-006  -3.7525538232330291E-014 (-4.06636663642470850E-006,-3.94912847921007928E-018)   (2.66974951962940413E-006,1.48824735571950382E-006)             (-0.49999850071194896,0.0000000000000000)
         678        1000   392.42350339591837        1.0000000000000284        43.683010904958522       0.99999748533771371        2.5146623177071283E-006  -2.8421709430404007E-014  (-3.06905425979867770E-006,2.19794610736640314E-018)  (-1.02897521205289264E-006,1.14895899960772810E-006)             (-0.49999850072066288,0.0000000000000000)
         679        1000   394.62812981949014        1.0000000000000306        73.407849215435860       0.99999748529386756        2.5147061625825879E-006  -3.0642155479654321E-014  (-6.28035810171974549E-006,3.86203015357168694E-018)  (-1.77480959514548565E-006,1.04429260982222068E-006)             (-0.49999850070328883,0.0000000000000000)
         680        1000   396.83275624306191        1.0000000000000246        108.31424191611197       0.99999748527961696        2.5147204105864123E-006  -2.4646951146678475E-014  (-7.28359418605902031E-006,5.06777816881805417E-018)   (1.23631853168124098E-006,8.03371574629689288E-007)             (-0.49999850069904123,0.0000000000000000)
         681        1000   399.03738266663368        1.0000000000000251        146.20889197761090       0.99999748528922483        2.5147107992623068E-006  -2.5091040356528538E-014  (-2.28507612042992738E-006,1.76586741151118701E-018)   (4.60117851843628495E-006,2.47096198724341768E-007)             (-0.49999850070489060,0.0000000000000000)
         682        1000   401.24200909020544        1.0000000000000242        184.71073916862267       0.99999748528340371        2.5147166214339387E-006  -2.4202861936828413E-014   (5.69696527275237962E-006,2.45949039915205876E-018)  (4.36920918629954695E-006,-4.32029377732674713E-007)             (-0.49999850070176743,0.0000000000000000)
         683        1000   403.44663551377721        1.0000000000000207        221.40057083083911       0.99999748527025178        2.5147297709187542E-006  -2.0650148258027912E-014  (1.00987499427289723E-005,-5.83528729215798916E-018)  (6.32322228156825843E-007,-8.62879198477633366E-007)             (-0.49999850069439206,0.0000000000000000)
         684        1000   405.65126193734898        1.0000000000000300        253.97302990547098       0.99999748528577492        2.5147142557690614E-006  -2.9976021664879227E-014  (7.85707365337709626E-006,-1.40764383314515801E-018) (-2.77593078704865182E-006,-8.46911654461019621E-007)             (-0.49999850070128071,0.0000000000000000)
         685        1000   407.85588836092074        1.0000000000000295        280.38146899435588       0.99999748532394628        2.5146760846021857E-006  -2.9531932455029164E-014   (2.71736935703505714E-006,1.73346308963674223E-018) (-2.52903510705801438E-006,-6.10261154552488480E-007)             (-0.49999850071965363,0.0000000000000000)
         686        1000   410.06051478449251        1.0000000000000293        298.96654874694588       0.99999748533783739        2.5146621925887975E-006  -2.9309887850104133E-014   (1.03254180759878728E-006,1.11530199844609795E-017)  (7.60645769231728074E-007,-5.40974487563730579E-007)             (-0.49999850072616819,0.0000000000000000)
         687        1000   412.26514120806428        1.0000000000000246        308.56050025211874       0.99999748530782195        2.5146922063100998E-006  -2.4646951146678475E-014  (4.84299947596679657E-006,-4.10079979135873879E-018)  (3.23273536060848976E-006,-7.54466979787907088E-007)             (-0.49999850071120794,0.0000000000000000)
         688        1000   414.46976763163605        1.0000000000000326        308.56050025216291       0.99999748527001331        2.5147300196166366E-006  -3.2640556923979602E-014  (9.78676145090059568E-006,-6.76455877778673013E-018)  (1.97127993879062431E-006,-9.85815942631457311E-007)             (-0.49999850069287732,0.0000000000000000)
         689        1000   416.67439405520781        1.0000000000000298        298.96654874565837       0.99999748526617815        2.5147338542802235E-006  -2.9753977059954195E-014  (1.00498592865852862E-005,-2.29828011058147290E-018) (-1.80776017572855245E-006,-9.18903724598890793E-007)             (-0.49999850069174506,0.0000000000000000)
         690        1000   418.87902047877958        1.0000000000000273        280.38146899125286       0.99999748529270693        2.5147073240717921E-006  -2.7311486405778851E-014  (4.76545985606263767E-006,-1.44044311179672417E-017) (-4.03523159076005659E-006,-5.27062267699911716E-007)             (-0.49999850070567786,0.0000000000000000)
         691        1000   421.08364690235135        1.0000000000000211        253.97302990127605       0.99999748531559129        2.5146844316073609E-006  -2.1094237467877974E-014  (-1.05458430953030697E-006,5.51118231560153363E-019) (-2.35931505014601553E-006,-9.60148374106606385E-008)             (-0.49999850071758967,0.0000000000000000)
         692        1000   423.28827332592311        1.0000000000000209        221.40057082665831       0.99999748531810950        2.5146819144727262E-006  -2.0872192862952943E-014 (-1.95447703571069019E-006,-2.41192091823821720E-018)   (1.25600758288642474E-006,5.48003982043011727E-008)             (-0.49999850071914598,0.0000000000000000)
         693        1000   425.49289974949488        1.0000000000000251        184.71073916389648       0.99999748531234345        2.5146876819925718E-006  -2.5091040356528538E-014   (2.12572313757858767E-006,2.01479670553638731E-018)  (2.87856488180196681E-006,-1.05492544392703219E-007)             (-0.49999850071640695,0.0000000000000000)
         694        1000   427.69752617306665        1.0000000000000244        146.20889197264850       0.99999748531098898        2.5146890358433759E-006  -2.4424906541753444E-014  (5.85470858110908570E-006,-3.11086833853002260E-019)  (8.96215798335777219E-007,-2.52559523689086445E-007)             (-0.49999850071576096,0.0000000000000000)
         695        1000   429.90215259663842        1.0000000000000224        108.31424191162850       0.99999748530976196        2.5146902618955878E-006  -2.2426505097428162E-014   (4.48195007565101669E-006,1.14990811187896418E-017) (-2.47268894805626775E-006,-1.04364578707070758E-007)             (-0.49999850071508184,0.0000000000000000)
         696        1000   432.10677902021018        1.0000000000000191        73.407849210861272       0.99999748530203614        2.5146979848587340E-006  -1.9095836023552692E-014 (-9.71899854734385255E-007,-3.13697955149524138E-020)  (-3.43264178571764933E-006,2.59854598245531708E-007)             (-0.49999850071113677,0.0000000000000000)
         697        1000   434.31140544378195        1.0000000000000171        43.683010900885613       0.99999748529454813        2.5147054671990687E-006  -1.7097434579227411E-014  (-4.93825056446585164E-006,1.60171615972781018E-018)  (-8.71279833488915391E-007,5.16109341475215049E-007)             (-0.49999850070735763,0.0000000000000000)
         698        1000   436.51603186735372        1.0000000000000007        21.007447892653325       0.99999748529805332        2.5147019500977196E-006  -6.6613381477509392E-016  (-3.39091007696487527E-006,5.96011198790402431E-018)   (2.47200316103958708E-006,4.35023505143819520E-007)             (-0.49999850070911905,0.0000000000000000)
         699        1000   438.72065829092548        1.0000000000000020        6.8059492046262164       0.99999748530999844        2.5146900054506405E-006  -1.9984014443252818E-015  (1.77469207866564422E-006,-1.59030825218309088E-017)   (3.01392704326231807E-006,1.34961980407820710E-007)             (-0.49999850071510071,0.0000000000000000)
         700        1000   440.92528471449725        1.0000000000000047        1.9708472291623531       0.99999748531700972        2.5146829954881498E-006  -4.6629367034256575E-015  (4.89952337706205432E-006,-5.96001718045841865E-018)  (2.89657814046000214E-007,-5.95618986695529045E-008)             (-0.49999850071862145,0.0000000000000000)
         701        1000   443.12991113806902       0.99999999999999989        6.8059492059381501       0.99999748531263699        2.5146873662374330E-006   1.1102230246251565E-016   (2.70769841843435501E-006,1.77744796348637232E-018)  (-2.60657403585898342E-006,5.32354268805376631E-008)             (-0.49999850071646496,0.0000000000000000)
         702        1000   445.33453756164079        1.0000000000000042        21.007447895009538       0.99999748530420707        2.5146957982747580E-006  -4.2188474935755949E-015  (-2.16063474834790476E-006,2.06571965756454175E-018)  (-2.51766997564956975E-006,3.20142012475631922E-007)             (-0.49999850071231222,0.0000000000000000)
         703        1000   447.53916398521255        1.0000000000000049        43.683010904234997       0.99999748530125188        2.5146987527106454E-006  -4.8849813083506888E-015  (-4.13026975820909671E-006,1.07994438350244668E-018)   (4.39096951386997878E-007,4.02891174844644791E-007)             (-0.49999850071091190,0.0000000000000000)
         704        1000   449.74379040878432        1.0000000000000013        73.407849215159743       0.99999748530412469        2.5146958768732043E-006  -1.3322676295501878E-015 (-8.45653873372235801E-007,-5.50365255328163665E-019)   (3.07677161759261705E-006,1.76181422306492549E-007)             (-0.49999850071240276,0.0000000000000000)
         705        1000   451.94841683235609       0.99999999999999767        108.31424191639833       0.99999748530706478        2.5146929329624891E-006   2.3314683517128287E-015   (4.28801121256652769E-006,4.19520164693090016E-018)  (2.47873925733268074E-006,-1.40027496056493008E-007)             (-0.49999850071388929,0.0000000000000000)
         706        1000   454.15304325592786       0.99999999999999312        146.20889197762685       0.99999748530757482        2.5146924219860825E-006   6.8833827526759706E-015   (5.93268927792754336E-006,6.16536926181558978E-018) (-6.76373747274380178E-007,-2.54625131275321142E-007)             (-0.49999850071415064,0.0000000000000000)
         707        1000   456.35766967949962       0.99999999999999112        184.71073916879877       0.99999748530788279        2.5146921121922456E-006   8.8817841970012523E-015   (2.55970549123239105E-006,1.04460800302946099E-018) (-2.90609852786607453E-006,-7.68085348820675403E-008)             (-0.49999850071430280,0.0000000000000000)
         708        1000   458.56229610307139       0.99999999999999756        221.40057083102076       0.99999748530921395        2.5146907846898159E-006   2.4424906541753444E-015  (-1.89701572611119095E-006,2.23795447048485418E-018)  (-1.82941369023545474E-006,1.65333765628460209E-007)             (-0.49999850071496021,0.0000000000000000)
         709        1000   460.76692252664316       0.99999999999999833        253.97302990509448       0.99999748530943622        2.5146905625912147E-006   1.6653345369377348E-015 (-2.44151707934892173E-006,-8.42232702735417652E-018)   (1.30539991236481722E-006,1.90857043238780940E-007)             (-0.49999850071505597,0.0000000000000000)
         710        1000   462.97154895021492       0.99999999999999600        280.38146899437839       0.99999748530712429        2.5146928717428398E-006   3.9968028886505635E-015   (1.57875843354075337E-006,4.49936616213759434E-019)  (2.99696470175821648E-006,-5.06626693916490945E-008)             (-0.49999850071388996,0.0000000000000000)
         711        1000   465.17617537378669       0.99999999999998623        298.96654874749265       0.99999748530451038        2.5146954810417857E-006   1.3766765505351941E-014  (5.78537523905928149E-006,-8.45948289582505412E-019)  (1.46751419850956144E-006,-3.01805184794933037E-007)             (-0.49999850071258334,0.0000000000000000)
         712        1000   467.38080179735846       0.99999999999999190        308.56050025228473       0.99999748530458765        2.5146954042614605E-006   8.1046280797636427E-015   (5.60849058279459112E-006,1.30415956626981678E-018) (-1.63013884079431058E-006,-2.82119071012155776E-007)             (-0.49999850071263335,0.0000000000000000)
         713        1000   469.58542822093023       0.99999999999998457        308.56050025159482       0.99999748530701726        2.5146929674445375E-006   1.5432100042289676E-014  (1.30829302794180031E-006,-6.12683658883190120E-018) (-2.93993217012963926E-006,-2.34767334356087755E-008)             (-0.49999850071385166,0.0000000000000000)
         714        1000   471.79005464450199       0.99999999999997469        298.96654874558925       0.99999748530888599        2.5146910909382680E-006   2.5313084961453569E-014 (-2.40813687032642404E-006,-1.00534197494960454E-018)  (-1.04026538563381202E-006,1.94283292045669310E-007)             (-0.49999850071478186,0.0000000000000000)
         715        1000   473.99468106807376       0.99999999999997380        280.38146899148387       0.99999748530858912        2.5146913838271489E-006   2.6201263381153694E-014  (-1.56381502144518964E-006,1.00043305499409209E-017)   (1.94251666717659201E-006,1.51902296036855430E-007)             (-0.49999850071463131,0.0000000000000000)
         716        1000   476.19930749164553       0.99999999999997002        253.97302990127235       0.99999748530728150        2.5146926894420880E-006   2.9976021664879227E-014  (2.81248005041286421E-006,-7.52106642622862259E-018)  (2.70634879820073158E-006,-9.72465828893969987E-008)             (-0.49999850071397839,0.0000000000000000)
         717        1000   478.40393391521729       0.99999999999997413        221.40057082645555       0.99999748530664712        2.5146933284125476E-006   2.5868196473766147E-014   (5.84972205899024446E-006,1.91561920813706409E-018)  (4.97252229694773397E-007,-2.68923739057718479E-007)             (-0.49999850071366347,0.0000000000000000)
         718        1000   480.60856033878906       0.99999999999997424        184.71073916387726       0.99999748530677657        2.5146931982013685E-006   2.5757174171303632E-014  (4.19757376031221290E-006,-3.00815202525101025E-019) (-2.26215054824626582E-006,-1.62358521283631591E-007)             (-0.49999850071373120,0.0000000000000000)
         719        1000   482.81318676236083       0.99999999999997635        146.20889197263631       0.99999748530686161        2.5146931149548387E-006   2.3647750424515834E-014  (-3.32865444019794557E-007,9.15893989378331378E-018)  (-2.54501804232420461E-006,1.13004378850655077E-007)             (-0.49999850071377361,0.0000000000000000)
         720        1000   485.01781318593260       0.99999999999997269        108.31424191163636       0.99999748530675792        2.5146932162329749E-006   2.7311486405778851E-014  (-2.81425615264022315E-006,8.95278397332398204E-018)  (-1.11589436502161194E-007,2.60963744974785478E-007)             (-0.49999850071372193,0.0000000000000000)
         721        1000   487.22243960950436       0.99999999999998090        73.407849211007928       0.99999748530699639        2.5146929826871013E-006   1.9095836023552692E-014  (-5.94186657175296802E-007,1.36824579675804249E-019)   (2.41944321784364613E-006,1.23357136696983656E-007)             (-0.49999850071384300,0.0000000000000000)
         722        1000   489.42706603307613       0.99999999999997746        43.683010900838447       0.99999748530758215        2.5146923945377571E-006   2.2537527399890678E-014  (3.80166180681438036E-006,-6.28731859229426907E-018)  (2.27988564574322471E-006,-1.25455235122408767E-007)             (-0.49999850071413532,0.0000000000000000)
         723        1000   491.63169245664790       0.99999999999997202        21.007447892459471       0.99999748530784616        2.5146921273556176E-006   2.7977620220553945E-014  (5.56653738673375062E-006,-1.53738342539136295E-017) (-3.85038541484869995E-007,-2.20796141480976114E-007)             (-0.49999850071426544,0.0000000000000000)
         724        1000   493.83631888021966       0.99999999999996680        6.8059492046061081       0.99999748530741273        2.5146925534720441E-006   3.3195668436292181E-014   (2.81684879699566335E-006,8.84721838839074389E-019) (-2.58304969023544903E-006,-6.30831632719952947E-008)             (-0.49999850071404933,0.0000000000000000)
         725        1000   496.04094530379143       0.99999999999996858        1.9708472292951826       0.99999748530678789        2.5146931810082827E-006   3.1419311596891930E-014 (-1.39519205688982630E-006,-3.41000327215885314E-018)  (-1.92132715914156682E-006,1.80977597574619490E-007)             (-0.49999850071373741,0.0000000000000000)
         726        1000   498.24557172736320       0.99999999999996514        6.8059492058594593       0.99999748530663468        2.5146933319936453E-006   3.4861002973229915E-014 (-2.44994601716631195E-006,-1.96542329513298882E-017)   (8.15153732663410315E-007,2.43586319198252310E-007)             (-0.49999850071366292,0.0000000000000000)
         727        1000   500.45019815093497       0.99999999999996403        21.007447894863741       0.99999748530697952        2.5146929841440623E-006   3.5971225997855072E-014   (7.88269946976442290E-007,1.16994387156299427E-018)   (2.63243642587457960E-006,5.10937432375387979E-008)             (-0.49999850071383672,0.0000000000000000)
         728        1000   502.65482457450673       0.99999999999996370        43.683010904239559       0.99999748530732413        2.5146926414787804E-006   3.6304292905242619E-014  (4.75342639332745236E-006,-1.77464423258773299E-018)  (1.58046909655243327E-006,-1.82213199930978967E-007)             (-0.49999850071401009,0.0000000000000000)
         729        1000   504.85945099807850       0.99999999999996714        73.407849215210746       0.99999748530736121        2.5146926073472956E-006   3.2862601528904634E-014   (5.14640906092029432E-006,1.73187128448969560E-017) (-1.16246126413035792E-006,-2.04108895435403609E-007)             (-0.49999850071402790,0.0000000000000000)
         730        1000   507.06407742165027       0.99999999999996569        108.31424191637774       0.99999748530723753        2.5146927290235645E-006   3.4305891460917337E-014  (1.60337792561071673E-006,-1.26178190196511576E-017)  (-2.60061529256855914E-006,6.20420557963954465E-009)             (-0.49999850071396640,0.0000000000000000)
         731        1000   509.26870384522203       0.99999999999996181        146.20889197760485       0.99999748530718202        2.5146927831867831E-006   3.8191672047105385E-014 (-1.92839259542310817E-006,-1.32699766794244837E-018)  (-1.18145350908670489E-006,2.05687649155332137E-007)             (-0.49999850071393753,0.0000000000000000)
         732        1000   511.47333026879380       0.99999999999995970        184.71073916877077       0.99999748530716936        2.5146927905501205E-006   4.0301095793893182E-014  (-1.59878816218767909E-006,7.41212978354526358E-018)   (1.54748251302291753E-006,1.85406960053429860E-007)             (-0.49999850071393209,0.0000000000000000)
         733        1000   513.67795669236602       0.99999999999995526        221.40057083095834       0.99999748530709720        2.5146928604139435E-006   4.4741987892393809E-014   (2.20766043423618529E-006,2.19262664110038461E-018)  (2.52907345559225053E-006,-3.48894321210280787E-008)             (-0.49999850071389651,0.0000000000000000)
         734        1000   515.88258311593836       0.99999999999996247        253.97302990507632       0.99999748530701860        2.5146929451225207E-006   3.7525538232330291E-014   (5.32860357853520980E-006,7.89403715449027459E-020)  (7.71468702039263486E-007,-2.22192381465997228E-007)             (-0.49999850071385676,0.0000000000000000)
         735        1000   518.08720953951070       0.99999999999996103        280.38146899437413       0.99999748530704946        2.5146929121189145E-006   3.8968828164342995E-014   (4.37191640558287272E-006,8.42198984357375492E-018) (-1.77687835761892405E-006,-1.63218687313201844E-007)             (-0.49999850071387159,0.0000000000000000)
         736        1000   520.29183596308303       0.99999999999995859        298.96654874741211       0.99999748530718757        2.5146927716530082E-006   4.1411318818518339E-014  (4.45981173159667240E-007,-3.22749141659572085E-018)  (-2.36114057886994366E-006,7.25180561201955296E-008)             (-0.49999850071394136,0.0000000000000000)
         737        1000   522.49646238665537       0.99999999999994715        308.56050025216871       0.99999748530726662        2.5146926801167609E-006   5.2846615972157451E-014 (-2.12226716520874047E-006,-2.19948588830212800E-018)  (-3.70495082498630180E-007,2.20431984250125699E-007)             (-0.49999850071398005,0.0000000000000000)
         738        1000   524.70108881022770       0.99999999999994849        308.56050025152268       0.99999748530721710        2.5146927283530553E-006   5.1514348342607263E-014  (-5.44825169749903561E-007,5.50306863702713911E-019)   (2.02293129378445887E-006,1.20258217023665661E-007)             (-0.49999850071395469,0.0000000000000000)
         739        1000   526.90571523380004       0.99999999999994782        298.96654874551098       0.99999748530711030        2.5146928368453076E-006   5.2180482157382357E-014   (3.40557970280872833E-006,2.66851629612578784E-018)  (2.20086458828530976E-006,-1.09352889337526239E-007)             (-0.49999850071390173,0.0000000000000000)
         740        1000   529.11034165737237       0.99999999999994316        280.38146899133511       0.99999748530706256        2.5146928831422757E-006   5.6843418860808015E-014   (5.40359183124077921E-006,2.10622526812683878E-018) (-2.72105594697931820E-008,-2.17866257403926857E-007)             (-0.49999850071387775,0.0000000000000000)
         741        1000   531.31496808094471       0.99999999999994227        253.97302990109830       0.99999748530709320        2.5146928510645802E-006   5.7731597280508140E-014   (3.30932841814920970E-006,3.11400812355095991E-019) (-2.20488922152029213E-006,-9.53523338603485924E-008)             (-0.49999850071389335,0.0000000000000000)
         742        1000   533.51959450451704       0.99999999999994360        221.40057082628849       0.99999748530713273        2.5146928099829041E-006   5.6399329650957952E-014 (-5.42879294109020004E-007,-5.16235102224233575E-018)  (-1.91083379308850950E-006,1.25701086144260579E-007)             (-0.49999850071391311,0.0000000000000000)
         743        1000   535.72422092808938       0.99999999999994560        184.71073916369519       0.99999748530714383        2.5146928006822439E-006   5.4400928206632670E-014  (-1.94667621002892430E-006,8.00869787602451892E-018)   (4.50740713277055494E-007,2.12695618805058764E-007)             (-0.49999850071391883,0.0000000000000000)
         744        1000   537.92884735166172       0.99999999999994782        146.20889197244614       0.99999748530714605        2.5146928021814732E-006   5.2180482157382357E-014  (6.26895814735991736E-007,-6.68300779100391159E-018)   (2.28352386874778187E-006,5.77985846916785749E-008)             (-0.49999850071391982,0.0000000000000000)
         745        1000   540.13347377523405       0.99999999999994904        108.31424191145923       0.99999748530715626        2.5146927932337394E-006   5.0959236830294685E-014   (4.31339034836989357E-006,5.48959362713559985E-019)  (1.64000817699793989E-006,-1.57578711299682872E-007)             (-0.49999850071392477,0.0000000000000000)
         746        1000   542.33810019880639       0.99999999999994382        73.407849210837739       0.99999748530715449        2.5146927899279286E-006   5.6177285046032921E-014   (5.09336800821843053E-006,9.42520919933001599E-018) (-7.94717443449436265E-007,-1.98153180460025531E-007)             (-0.49999850071392349,0.0000000000000000)
         747        1000   544.54272662237872       0.99999999999994271        43.683010900696431       0.99999748530713339        2.5146928097646902E-006   5.7287508070658077E-014  (2.16081409917384433E-006,-9.44208136586717054E-018) (-2.33271618508661661E-006,-2.50152558902480731E-008)             (-0.49999850071391339,0.0000000000000000)
         748        1000   546.74735304595106       0.99999999999993905        21.007447892372252       0.99999748530710453        2.5146928352803889E-006   6.0951244051921094E-014  (-1.23480076764242086E-006,4.93938459127079453E-019)  (-1.30528950921815628E-006,1.69806084847594734E-007)             (-0.49999850071389917,0.0000000000000000)
         749        1000   548.95197946952339       0.99999999999993650        6.8059492045643877       0.99999748530709986        2.5146928367086168E-006   6.3504757008558954E-014 (-1.38781677941392580E-006,-9.05484263930668888E-018)   (1.14914889763061154E-006,1.78980136538924761E-007)             (-0.49999850071389634,0.0000000000000000)
         750        1000   551.15660589309573       0.99999999999993605        1.9708472292860848       0.99999748530712251        2.5146928139038938E-006   6.3948846218409017E-014   (1.83797463399036491E-006,5.89158329686999003E-018)  (2.30264319951432930E-006,-5.62454484038271222E-009)             (-0.49999850071390817,0.0000000000000000)
         751        1000   553.36123231666807       0.99999999999993394        6.8059492059064830       0.99999748530714117        2.5146927944584326E-006   6.6058269965196814E-014  (4.90488535325919542E-006,-1.69124152835315860E-018)  (9.27687764285799193E-007,-1.87756720423691011E-007)             (-0.49999850071391666,0.0000000000000000)
         752        1000   555.56585874024040       0.99999999999993405        21.007447894974035       0.99999748530713961        2.5146927962411922E-006   6.5947247662734299E-014   (4.47710867894837050E-006,9.57075841903635587E-018) (-1.41421995098880371E-006,-1.64363611105025012E-007)             (-0.49999850071391611,0.0000000000000000)
         753        1000   557.77048516381274       0.99999999999993161        43.683010904394131       0.99999748530712096        2.5146928096217403E-006   6.8389738316909643E-014  (1.05770478138868810E-006,-1.06285377246141801E-017)  (-2.19455497969734018E-006,4.54207563384710191E-008)             (-0.49999850071390695,0.0000000000000000)
         754        1000   559.97511158738507       0.99999999999992628        73.407849215397349       0.99999748530710963        2.5146928171550527E-006   7.3718808835110394E-014  (-1.56475948173522112E-006,1.35630808575646870E-018)  (-6.14339263960017621E-007,1.97441214700091084E-007)             (-0.49999850071390167,0.0000000000000000)
         755        1000   562.17973801095741       0.99999999999993283        108.31424191659356       0.99999748530711741        2.5146928158896935E-006   6.7168492989821971E-014 (-5.36066457902614635E-007,-2.58153712997959074E-018)   (1.65574588455347323E-006,1.28775309889611304E-007)             (-0.49999850071390578,0.0000000000000000)
         756        1000   564.38436443452974       0.99999999999993161        146.20889197783418       0.99999748530712051        2.5146928137414828E-006   6.8389738316909643E-014   (2.97330420153284373E-006,8.70070814614072070E-018)  (2.08270535869390267E-006,-7.26916054704351604E-008)             (-0.49999850071390711,0.0000000000000000)
         757        1000   566.58899085810208       0.99999999999993994        184.71073916899519       0.99999748530712607        2.5146928139362123E-006   6.0063065632220969E-014   (5.13431102811121447E-006,3.93080667984572926E-018)  (2.24967735652543805E-007,-1.94911484208610424E-007)             (-0.49999850071391000,0.0000000000000000)
         758        1000   568.79361728167441       0.99999999999993605        221.40057083117020       0.99999748530712740        2.5146928126036889E-006   6.3948846218409017E-014  (3.60840695968754552E-006,-5.35939781834078854E-021) (-1.86111769668585749E-006,-1.03381145545439204E-007)             (-0.49999850071391050,0.0000000000000000)
         759        1000   570.99824370524675       0.99999999999994016        253.97302990525614       0.99999748530713317        2.5146928084306337E-006   5.9841021027295938E-014  (1.15223788859521454E-007,-2.60244289676477616E-018)  (-1.88117558419434539E-006,9.88084094793778681E-008)             (-0.49999850071391316,0.0000000000000000)
         760        1000   573.20287012881909       0.99999999999993960        280.38146899450561       0.99999748530713406        2.5146928061229720E-006   6.0396132539608516E-014 (-1.51997087999566392E-006,-1.50349822427634726E-017)   (1.43065205845212005E-007,1.96701284495665503E-007)             (-0.49999850071391388,0.0000000000000000)
         761        1000   575.40749655239142       0.99999999999993827        298.96654874749066       0.99999748530713028        2.5146928090910360E-006   6.1728400169158704E-014  (4.86372746457213286E-007,-5.75845233692392643E-019)   (1.97324539847806132E-006,7.59688728722520123E-008)             (-0.49999850071391200,0.0000000000000000)
         762        1000   577.61212297596376       0.99999999999993894        308.56050025219673       0.99999748530712651        2.5146928140408526E-006   6.1062266354383610E-014   (3.90770673911707252E-006,6.26907255629910515E-019)  (1.65492620059944245E-006,-1.25916713711726230E-007)             (-0.49999850071390967,0.0000000000000000)
         763        1000   579.81674939953609       0.99999999999994804        308.56050025148835       0.99999748530713006        2.5146928155427551E-006   5.1958437552457326E-014  (5.00015501046777570E-006,-2.09437344752657345E-017) (-4.64428635229510362E-007,-1.82393915091989599E-007)             (-0.49999850071391216,0.0000000000000000)
         764        1000   582.02137582310843       0.99999999999994615        298.96654874541611       0.99999748530713650        2.5146928129560838E-006   5.3845816694320092E-014  (2.61620992245286091E-006,-8.09789640847351669E-018) (-2.07645319131161799E-006,-4.12490143396171907E-008)             (-0.49999850071391522,0.0000000000000000)
         765        1000   584.22600224668076       0.99999999999994149        280.38146899119204       0.99999748530713406        2.5146928101004211E-006   5.8508753397745750E-014 (-5.93859732605647913E-007,-2.78198015734337356E-018)  (-1.37425943776906552E-006,1.39577877883072543E-007)             (-0.49999850071391339,0.0000000000000000)
         766        1000   586.43062867025310       0.99999999999994682        253.97302990091217       0.99999748530713672        2.5146928096721328E-006   5.3179682879544998E-014 (-1.13350804107358289E-006,-1.40589779722542340E-017)   (8.28424474792170867E-007,1.75123407717864042E-007)             (-0.49999850071391488,0.0000000000000000)
         767        1000   588.63525509382544       0.99999999999994915        221.40057082606839       0.99999748530713739        2.5146928107382864E-006   5.0848214527832170E-014   (1.58107931440805020E-006,3.35752062687158308E-018)   (2.07998930887082119E-006,1.74697400067737093E-008)             (-0.49999850071391544,0.0000000000000000)
         768        1000   590.83988151739777       0.99999999999994549        184.71073916345944       0.99999748530713584        2.5146928113802916E-006   5.4511950509095186E-014  (4.55782908122654716E-006,-1.11258581778150633E-019)  (1.07135810372701217E-006,-1.59083954311552207E-007)             (-0.49999850071391455,0.0000000000000000)
         769        1000   593.04450794097011       0.99999999999994404        146.20889197220689       0.99999748530713450        2.5146928114265799E-006   5.5955240441107890E-014  (4.55740816328419972E-006,-3.85652476517881328E-018) (-1.08496657358405565E-006,-1.60375520308957106E-007)             (-0.49999850071391361,0.0000000000000000)
         770        1000   595.24913436454244       0.99999999999994993        108.31424191123084       0.99999748530713761        2.5146928117151593E-006   5.0071058410594560E-014  (1.61408491329732375E-006,-5.43905586042863396E-018)  (-2.01623917247348683E-006,1.76083549066714600E-008)             (-0.49999850071391538,0.0000000000000000)
         771        1000   597.45376078811478       0.99999999999995060        73.407849210635675       0.99999748530713917        2.5146928121937050E-006   4.9404924595819466E-014  (-1.01620574728853531E-006,3.51803908485513089E-018)  (-7.66716058516553428E-007,1.73174742714020483E-007)             (-0.49999850071391683,0.0000000000000000)
         772        1000   599.65838721168711       0.99999999999994715        43.683010900533112       0.99999748530713872        2.5146928120530980E-006   5.2846615972157451E-014 (-4.54996861081904731E-007,-3.96854713957951888E-018)   (1.33648134760819997E-006,1.32817056685720772E-007)             (-0.49999850071391588,0.0000000000000000)
         773        1000   601.86301363525945       0.99999999999995104        21.007447892255655       0.99999748530713961        2.5146928112227710E-006   4.8960835385969403E-014   (2.64329330798243638E-006,4.43606366478420071E-018)  (1.97123377182364560E-006,-4.68315829626054622E-008)             (-0.49999850071391633,0.0000000000000000)
         774        1000   604.06764005883178       0.99999999999995326        6.8059492045026326       0.99999748530713983        2.5146928106147450E-006   4.6740389336719090E-014   (4.89027023636720025E-006,6.41326961029655486E-019)  (4.36428447934467846E-007,-1.74454216867676700E-007)             (-0.49999850071391666,0.0000000000000000)
         775        1000   606.27226648240412       0.99999999999994549        1.9708472292842043       0.99999748530713650        2.5146928108630510E-006   5.4511950509095186E-014  (3.85741493995468045E-006,-2.51866135052797367E-018) (-1.54665774590893949E-006,-1.14900248639146620E-007)             (-0.49999850071391450,0.0000000000000000)
         776        1000   608.47689290597646       0.99999999999994560        6.8059492059646107       0.99999748530713517        2.5146928115460183E-006   5.4400928206632670E-014  (7.04442379277012782E-007,-1.99992772449133296E-017)  (-1.80386533834297174E-006,7.19459745112883432E-008)             (-0.49999850071391366,0.0000000000000000)
         777        1000   610.68151932954879       0.99999999999995159        21.007447895087633       0.99999748530714072        2.5146928118776694E-006   4.8405723873656825E-014  (-1.09529219761130271E-006,4.00846308771782540E-018)  (-1.12083991617990798E-007,1.77690944822525433E-007)             (-0.49999850071391710,0.0000000000000000)
         778        1000   612.88614575312113       0.99999999999995193        43.683010904556212       0.99999748530714228        2.5146928116899792E-006   4.8072656966269278E-014  (4.19077772053078402E-007,-7.59120689895204111E-020)   (1.69847550355066723E-006,8.44156722253427868E-008)             (-0.49999850071391777,0.0000000000000000)
         779        1000   615.09077217669346       0.99999999999994871        73.407849215598304       0.99999748530713806        2.5146928114033669E-006   5.1292303737682232E-014  (3.55976543680015071E-006,-1.26936304791911525E-017)  (1.64030797561835058E-006,-9.84944061910815393E-008)             (-0.49999850071391555,0.0000000000000000)
         780        1000   617.29539860026580       0.99999999999994105        108.31424191682129       0.99999748530713095        2.5146928113225710E-006   5.8952842607595812E-014  (4.89815341865575361E-006,-7.13718580440382283E-018) (-2.01460048484791228E-007,-1.72250059204012358E-007)             (-0.49999850071391205,0.0000000000000000)
         781        1000   619.50002502383813       0.99999999999994005        146.20889197807404       0.99999748530712784        2.5146928113545054E-006   5.9952043329758453E-014  (2.99562781006434786E-006,-4.48218564435173658E-018) (-1.82160797829172682E-006,-5.62190874008424538E-008)             (-0.49999850071391050,0.0000000000000000)
         782        1000   621.70465144741047       0.99999999999994371        184.71073916923393       0.99999748530713162        2.5146928113392292E-006   5.6288307348495437E-014  (-1.49194182165405455E-008,1.35323397259295845E-017)  (-1.43116682844451517E-006,1.12860188646427315E-007)             (-0.49999850071391250,0.0000000000000000)
         783        1000   623.90927787098281       0.99999999999994160        221.40057083138819       0.99999748530713295        2.5146928113226299E-006   5.8397731095283234E-014  (-8.52567453364548358E-007,9.17650372745891107E-018)   (5.40526888389483402E-007,1.63607260701784830E-007)             (-0.49999850071391305,0.0000000000000000)
         784        1000   626.11390429455514       0.99999999999994316        253.97302990544225       0.99999748530713073        2.5146928114070507E-006   5.6843418860808015E-014   (1.39146205920600672E-006,2.27246211587091819E-018)   (1.86541672657036559E-006,3.65335285830925408E-008)             (-0.49999850071391211,0.0000000000000000)
         785        1000   628.31853071812748       0.99999999999993439        280.38146899464653       0.99999748530712385        2.5146928115311842E-006   6.5614180755346752E-014   (4.25099183771368494E-006,9.64266619060887403E-019)  (1.14886554324039766E-006,-1.33645140947993142E-007)             (-0.49999850071390872,0.0000000000000000)
         786        1000   630.52315714169981       0.99999999999992473        298.96654874758127       0.99999748530711563        2.5146928115473431E-006   7.5273121069585613E-014   (4.60209627376614711E-006,9.16055888036731663E-018) (-7.97917941368164865E-007,-1.54616521706446757E-007)             (-0.49999850071390445,0.0000000000000000)
         787        1000   632.72778356527215       0.99999999999992406        308.56050025222419       0.99999748530711163        2.5146928114394721E-006   7.5939254884360707E-014  (2.09190060674205392E-006,-1.97487894595167043E-018) (-1.86020263998290353E-006,-2.40500905929917836E-009)             (-0.49999850071390245,0.0000000000000000)
         788        1000   634.93240998884448       0.99999999999992706        308.56050025145720       0.99999748530711319        2.5146928113381632E-006   7.2941652717872785E-014 (-4.95016778480370708E-007,-1.57630213412344365E-018)  (-8.91800873751848859E-007,1.49419648726198183E-007)             (-0.49999850071390317,0.0000000000000000)
         789        1000   637.13703641241682       0.99999999999992439        298.96654874532629       0.99999748530711363        2.5146928113403939E-006   7.5606187976973160E-014 (-3.34146026287227914E-007,-9.48438805555936402E-018)   (1.04992673904594900E-006,1.37753917822834136E-007)             (-0.49999850071390306,0.0000000000000000)
         790        1000   639.34166283598915       0.99999999999992195        280.38146899104646       0.99999748530711208        2.5146928114077728E-006   7.8048678631148505E-014  (2.38095406400367948E-006,-1.74389384263759670E-017)  (1.83046773853902843E-006,-2.27371682102463303E-008)             (-0.49999850071390262,0.0000000000000000)
         791        1000   641.54628925956149       0.99999999999992728        253.97302990072595       0.99999748530711630        2.5146928114508935E-006   7.2719608112947753E-014   (4.66487618603734041E-006,1.67760447464814362E-018)  (6.09741344764043317E-007,-1.52808631226073186E-007)             (-0.49999850071390450,0.0000000000000000)
         792        1000   643.75091568313383       0.99999999999992417        221.40057082584906       0.99999748530711141        2.5146928114457046E-006   7.5828232581898192E-014   (4.04865247593388724E-006,1.16204031247478353E-017) (-1.27367784514037557E-006,-1.17212336756269415E-007)             (-0.49999850071390178,0.0000000000000000)
         793        1000   645.95554210670616       0.99999999999992273        184.71073916322143       0.99999748530711252        2.5146928114297457E-006   7.7271522513910895E-014  (1.23618236505283728E-006,-5.03390363421244688E-018)  (-1.71234425524590533E-006,4.80884838562142603E-008)             (-0.49999850071390223,0.0000000000000000)
         794        1000   648.16016853027850       0.99999999999992661        146.20889197196470       0.99999748530711319        2.5146928114267374E-006   7.3385741927722847E-014 (-6.81176310077249270E-007,-9.26318154907005484E-018)  (-3.00585444620966905E-007,1.64711634810444666E-007)             (-0.49999850071390267,0.0000000000000000)
         795        1000   650.36479495385083       0.99999999999993527        108.31424191099870       0.99999748530712074        2.5146928114232112E-006   6.4726002335646626E-014  (4.05546270205090603E-007,-8.58488939609985296E-019)   (1.43508747637780245E-006,9.43651525934780885E-008)             (-0.49999850071390639,0.0000000000000000)
         796        1000   652.56942137742317       0.99999999999993006        73.407849210428296       0.99999748530711940        2.5146928114092229E-006   6.9944050551384862E-014   (3.27132593506983583E-006,1.99304499289489747E-018)  (1.61618648106073805E-006,-7.42577380787558841E-008)             (-0.49999850071390567,0.0000000000000000)
         797        1000   654.77404780099550       0.99999999999993328        43.683010900364344       0.99999748530711985        2.5146928113999665E-006   6.6724403779971908E-014   (4.78525758247903464E-006,1.00333534610751944E-017)  (3.12066283888365856E-008,-1.57382034575208418E-007)             (-0.49999850071390606,0.0000000000000000)
         798        1000   656.97867422456784       0.99999999999993516        21.007447892136803       0.99999748530712407        2.5146928114101860E-006   6.4837024638109142E-014  (3.31870499757657904E-006,-1.01982926083810463E-018) (-1.57597479952923994E-006,-6.87557732800112062E-008)             (-0.49999850071390817,0.0000000000000000)
         799        1000   659.18330064814018       0.99999999999993783        6.8059492044405703       0.99999748530712562        2.5146928114293594E-006   6.2172489379008766E-014  (5.14906548724980444E-007,-3.82402106885119623E-018)  (-1.42932998987417513E-006,9.04015333240546666E-008)             (-0.49999850071390894,0.0000000000000000)
         800        1000   661.38792707171251       0.99999999999993705        1.9708472292827253       0.99999748530712518        2.5146928114362060E-006   6.2949645496246376E-014 (-5.55826819294482039E-007,-4.63931451280307025E-018)   (2.95074219730493032E-007,1.51871543897164521E-007)             (-0.49999850071390878,0.0000000000000000)
         801        1000   663.59255349528485       0.99999999999993572        6.8059492060237021       0.99999748530712673        2.5146928114269187E-006   6.4281913125796564E-014  (1.26816065986168037E-006,-3.10431103512504267E-018)   (1.68097452384256537E-006,4.86985909413483783E-008)             (-0.49999850071390944,0.0000000000000000)
         802        1000   665.79717991885718       0.99999999999993250        21.007447895203534       0.99999748530711963        2.5146928114155845E-006   6.7501559897209518E-014  (3.97966732721615937E-006,-1.93113181934525427E-018)  (1.20983786688460709E-006,-1.09797745318246666E-007)             (-0.49999850071390606,0.0000000000000000)
         803        1000   668.00180634242952       0.99999999999993183        43.683010904721819       0.99999748530711940        2.5146928114130032E-006   6.8167693711984612E-014   (4.62485299791860557E-006,5.62699038240856183E-018) (-5.43346725469853341E-007,-1.51487452130030394E-007)             (-0.49999850071390595,0.0000000000000000)
         804        1000   670.20643276600185       0.99999999999993383        73.407849215802656       0.99999748530712296        2.5146928114169775E-006   6.6169292267659330E-014  (2.50989271890515036E-006,-9.26580668617484478E-018) (-1.68137253207146184E-006,-2.12870740891388831E-008)             (-0.49999850071390778,0.0000000000000000)
         805        1000   672.41105918957419       0.99999999999992573        108.31424191705122       0.99999748530711630        2.5146928114202170E-006   7.4273920347422973E-014 (-2.33116168240732852E-009,-8.97659129698376764E-021)  (-9.91981777433520416E-007,1.24738011457673794E-007)             (-0.49999850071390439,0.0000000000000000)
         806        1000   674.61568561314652       0.99999999999993272        146.20889197831548       0.99999748530712207        2.5146928114208641E-006   6.7279515292284486E-014 (-1.68692917060602591E-007,-2.62404396258943036E-019)   (8.05446751952113442E-007,1.31894023267896094E-007)             (-0.49999850071390733,0.0000000000000000)
         807        1000   676.82031203671886       0.99999999999993161        184.71073916947020       0.99999748530711985        2.5146928114216590E-006   6.8389738316909643E-014   (2.17531518836703313E-006,2.06833291275378508E-018)  (1.69578553664705416E-006,-3.63610676322730204E-009)             (-0.49999850071390617,0.0000000000000000)
         808        1000   679.02493846029120       0.99999999999992162        221.40057083160795       0.99999748530711008        2.5146928114227953E-006   7.8381745538536052E-014   (4.46133849182602477E-006,1.98319393683297472E-018)  (7.30538036560699440E-007,-1.36789442132693200E-007)             (-0.49999850071390128,0.0000000000000000)
         809        1000   681.22956488386353       0.99999999999991440        253.97302990562790       0.99999748530710364        2.5146928114220512E-006   8.5598195198599569E-014   (4.20220890921618165E-006,9.60108236330049600E-018) (-1.02352340320715282E-006,-1.21891741488135483E-007)             (-0.49999850071389812,0.0000000000000000)
         810        1000   683.43419130743587       0.99999999999991629        280.38146899478795       0.99999748530710431        2.5146928114197325E-006   8.3710816056736803E-014  (1.71228344788710193E-006,-1.81721675164594764E-018)  (-1.62650088231361695E-006,2.54140689828170108E-008)             (-0.49999850071389840,0.0000000000000000)
         811        1000   685.63881773100820       0.99999999999991473        298.96654874767057       0.99999748530710586        2.5146928114178906E-006   8.5265128291212022E-014 (-2.67163022479005518E-007,-5.86046587486632432E-018)  (-4.63495838538094546E-007,1.45796954413557785E-007)             (-0.49999850071389923,0.0000000000000000)
         812        1000   687.84344415458054       0.99999999999991307        308.56050025225079       0.99999748530710253        2.5146928114184882E-006   8.6930462828149757E-014   (4.36381368747677445E-007,3.78470861110332018E-018)   (1.18574303814893188E-006,1.01403733822449467E-007)             (-0.49999850071389751,0.0000000000000000)
         813        1000   690.04807057815287       0.99999999999991485        308.56050025142423       0.99999748530710209        2.5146928114211216E-006   8.5154105988749507E-014  (3.03526158267335197E-006,-1.35298940741251460E-017)  (1.54225895460050953E-006,-5.56956038111340833E-008)             (-0.49999850071389729,0.0000000000000000)
         814        1000   692.25269700172521       0.99999999999991462        298.96654874523455       0.99999748530710364        2.5146928114222494E-006   8.5376150593674538E-014  (4.67229098680390399E-006,-1.04828844510741539E-017)  (2.20827744336257993E-007,-1.44485052320019361E-007)             (-0.49999850071389806,0.0000000000000000)
         815        1000   694.45732342529755       0.99999999999991085        280.38146899090191       0.99999748530709631        2.5146928114210068E-006   8.9150908877400070E-014   (3.58824740243646465E-006,7.79449325977083313E-019) (-1.36900569037158831E-006,-7.65968010282433611E-008)             (-0.49999850071389446,0.0000000000000000)
         816        1000   696.66194984886988       0.99999999999991018        253.97302990053598       0.99999748530710297        2.5146928114200082E-006   8.9817042692175164E-014   (1.00602273223489077E-006,8.87293817570780417E-018)  (-1.42206815793311575E-006,6.87821678619747511E-008)             (-0.49999850071389779,0.0000000000000000)
         817        1000   698.86657627244222       0.99999999999991940        221.40057082562655       0.99999748530710808        2.5146928114202839E-006   8.0602191587786365E-014 (-2.52360205524887279E-007,-3.44580611388364068E-018)   (7.90866823575456268E-008,1.43980505946938606E-007)             (-0.49999850071390034,0.0000000000000000)
         818        1000   701.07120269601455       0.99999999999992217        184.71073916297780       0.99999748530710897        2.5146928114207125E-006   7.7826634026223473E-014   (1.19517993353226191E-006,1.42307863297388018E-018)   (1.46911549385157730E-006,6.06194971183420813E-008)             (-0.49999850071390078,0.0000000000000000)
         819        1000   703.27582911958689       0.99999999999991607        146.20889197171843       0.99999748530710386        2.5146928114204499E-006   8.3932860661661834E-014   (3.74561999478829722E-006,5.10914708936460793E-018)  (1.24202615597385309E-006,-8.75400351534067687E-008)             (-0.49999850071389823,0.0000000000000000)
         820        1000   705.48045554315922       0.99999999999991362        108.31424191076584       0.99999748530710209        2.5146928114200476E-006   8.6375351315837179E-014  (4.61985718920178023E-006,-5.28312321929822521E-019) (-3.30853673208644607E-007,-1.40409525624177410E-007)             (-0.49999850071389734,0.0000000000000000)
         821        1000   707.68508196673156       0.99999999999990874        73.407849210222608       0.99999748530709498        2.5146928114202555E-006   9.1260332624187868E-014  (2.87591853592208416E-006,-3.26552912059920492E-018) (-1.51851040855904874E-006,-3.45402855498252046E-008)             (-0.49999850071389379,0.0000000000000000)
         822        1000   709.88970839030389       0.99999999999991229        43.683010900197871       0.99999748530710142        2.5146928114208167E-006   8.7707618945387367E-014   (4.59361895902169072E-007,1.93054386428586395E-018)  (-1.05649660063747204E-006,1.06951363126034819E-007)             (-0.49999850071389701,0.0000000000000000)
         823        1000   712.09433481387623       0.99999999999991729        21.007447892019112       0.99999748530710386        2.5146928114209979E-006   8.2711615334574162E-014  (2.09693558657454880E-008,-6.29539715439139779E-018)   (5.77167487438679173E-007,1.29088675305326298E-007)             (-0.49999850071389823,0.0000000000000000)
         824        1000   714.29896123744857       0.99999999999991229        6.8059492043789112       0.99999748530709942        2.5146928114207311E-006   8.7707618945387367E-014  (2.02167774195933903E-006,-1.04388723602525275E-017)   (1.57245357815651531E-006,1.48049178208744532E-008)             (-0.49999850071389601,0.0000000000000000)
         825        1000   716.50358766102090       0.99999999999990741        1.9708472292806674       0.99999748530709676        2.5146928114204266E-006   9.2592600253738055E-014  (4.26730329696475008E-006,-4.26904111686573013E-019)  (8.26661922311643329E-007,-1.14154513778352577E-007)             (-0.49999850071389468,0.0000000000000000)
         826        1000   718.70821408459324       0.99999999999991251        6.8059492060810838       0.99999748530710009        2.5146928114202771E-006   8.7485574340462335E-014   (4.32273719339537873E-006,2.72705372404742547E-019) (-7.97190741520991273E-007,-1.22653706651398988E-007)             (-0.49999850071389634,0.0000000000000000)
         827        1000   720.91284050816557       0.99999999999991951        21.007447895316421       0.99999748530710830        2.5146928114203106E-006   8.0491169285323849E-014   (2.13696978765397786E-006,4.73095387498132742E-018)  (-1.50996296945792991E-006,9.23930526856092849E-009)             (-0.49999850071390045,0.0000000000000000)
         828        1000   723.11746693173791       0.99999999999991662        43.683010904883680       0.99999748530710586        2.5146928114205041E-006   8.3377749149349256E-014  (1.35398235477680192E-007,-1.30806066843046130E-018)  (-5.92548824358205592E-007,1.29895636941686117E-007)             (-0.49999850071389923,0.0000000000000000)
         829        1000   725.32209335531024       0.99999999999991740        73.407849216002774       0.99999748530710542        2.5146928114208323E-006   8.2600593032111647E-014  (5.10249159525633839E-007,-4.04250068461647170E-018)   (9.79808756124577077E-007,1.04676774475067222E-007)             (-0.49999850071389901,0.0000000000000000)
         830        1000   727.52671977888258       0.99999999999991418        108.31424191727699       0.99999748530710053        2.5146928114210166E-006   8.5820239803524601E-014  (2.83701701852980874E-006,-5.58941027622031332E-018)  (1.47661096813066939E-006,-3.54984608155501610E-008)             (-0.49999850071389657,0.0000000000000000)
         831        1000   729.73134620245492       0.99999999999990807        146.20889197855232       0.99999748530709676        2.5146928114206121E-006   9.1926466438962962E-014  (4.56256969582946127E-006,-5.67195371479013276E-018)  (3.78380262202802533E-007,-1.33180293862319360E-007)             (-0.49999850071389468,0.0000000000000000)
         832        1000   731.93597262602725       0.99999999999990730        184.71073916970423       0.99999748530709742        2.5146928114201861E-006   9.2703622556200571E-014  (3.81683753307275348E-006,-2.00144356866072943E-018) (-1.14664271566404652E-006,-8.37769789465238715E-008)             (-0.49999850071389501,0.0000000000000000)
         833        1000   734.14059904959959       0.99999999999990974        221.40057083182043       0.99999748530709920        2.5146928114203178E-006   9.0261131902025227E-014  (1.45684256645234122E-006,-1.06794811675791050E-017)  (-1.39006818969596711E-006,4.95838144991885338E-008)             (-0.49999850071389590,0.0000000000000000)
         834        1000   736.34522547317192       0.99999999999990963        253.97302990580931       0.99999748530709898        2.5146928114205719E-006   9.0372154204487742E-014   (6.40594998672919521E-008,1.76806612858549695E-017)  (-9.36322098090932345E-008,1.31371252418773731E-007)             (-0.49999850071389579,0.0000000000000000)
         835        1000   738.54985189674426       0.99999999999990752        280.38146899492693       0.99999748530709698        2.5146928114209183E-006   9.2481577951275540E-014   (1.16569207896158777E-006,3.30673225664188194E-020)   (1.27760860612592494E-006,6.89677684050091790E-008)             (-0.49999850071389479,0.0000000000000000)
         836        1000   740.75447832031659       0.99999999999990585        298.96654874775157       0.99999748530709320        2.5146928114209835E-006   9.4146912488213275E-014  (3.54855903507508349E-006,-1.59456854239151114E-017)  (1.24561673393802399E-006,-7.22475894442666277E-008)             (-0.49999850071389290,0.0000000000000000)
         837        1000   742.95910474388893       0.99999999999989342        308.56050025227739       0.99999748530708366        2.5146928114200086E-006   1.0658141036401503E-013   (4.60338256251405826E-006,2.34118030907582251E-018) (-1.27774348998095432E-007,-1.32863480909011603E-007)             (-0.49999850071388813,0.0000000000000000)
         838        1000   745.16373116746126       0.99999999999989397        308.56050025138740       0.99999748530708010        2.5146928114197990E-006   1.0602629885170245E-013   (3.19491490268030908E-006,1.41604418200520488E-018) (-1.36612927453593811E-006,-4.61830868257695003E-008)             (-0.49999850071388635,0.0000000000000000)
         839        1000   747.36835759103360       0.99999999999989175        298.96654874513717       0.99999748530707788        2.5146928114210017E-006   1.0824674490095276E-013  (9.02267032279216125E-007,-8.97001473847630695E-018)  (-1.09841891831564593E-006,8.51535268325639276E-008)             (-0.49999850071388524,0.0000000000000000)
         840        1000   749.57298401460594       0.99999999999988776        280.38146899075093       0.99999748530707810        2.5146928114210081E-006   1.1224354778960333E-013   (2.31534103435875469E-007,3.82577876077548026E-018)   (3.73792866991774766E-007,1.24104937117132184E-007)             (-0.49999850071388535,0.0000000000000000)
         841        1000   751.77761043817827       0.99999999999988443        253.97302990033833       0.99999748530707011        2.5146928114201217E-006   1.1557421686347880E-013   (1.91602146641892227E-006,5.20710028835201932E-019)   (1.42520801365795262E-006,2.69851094201637135E-008)             (-0.49999850071388136,0.0000000000000000)
         842        1000   753.98223686175061       0.99999999999988443        221.40057082539855       0.99999748530707189        2.5146928114202741E-006   1.1557421686347880E-013   (4.09567484000113314E-006,4.35727388769344311E-019)  (8.99830550788982829E-007,-9.63092968086742735E-008)             (-0.49999850071388224,0.0000000000000000)
         843        1000   756.18686328532294       0.99999999999988709        184.71073916273500       0.99999748530707167        2.5146928114205850E-006   1.1290968160437842E-013   (4.41033996496962875E-006,1.39552182181002771E-017) (-6.08076493250477502E-007,-1.19552969367628266E-007)             (-0.49999850071388213,0.0000000000000000)
         844        1000   758.39148970889528       0.99999999999988354        146.20889197147275       0.99999748530707255        2.5146928114203029E-006   1.1646239528317892E-013  (2.52433561572903219E-006,-4.64646021000719615E-019) (-1.40837237932474121E-006,-7.76217579537401732E-009)             (-0.49999850071388258,0.0000000000000000)
         845        1000   760.59611613246761       0.99999999999988598        108.31424191053121       0.99999748530707477        2.5146928114203309E-006   1.1401990462900358E-013  (5.26020310037997376E-007,-1.30524351996079087E-019)  (-6.94767918901342038E-007,1.15277812465688962E-007)             (-0.49999850071388369,0.0000000000000000)
         846        1000   762.80074255603995       0.99999999999988809        73.407849210014575       0.99999748530707411        2.5146928114206176E-006   1.1191048088221578E-013   (6.16574708205280552E-007,1.24622717794587011E-018)   (7.71340979259968945E-007,1.06953505210296745E-007)             (-0.49999850071388335,0.0000000000000000)
         847        1000   765.00536897961229       0.99999999999988420        43.683010900028890       0.99999748530707211        2.5146928114204723E-006   1.1579626146840383E-013  (2.67892034777589414E-006,-4.20143869574088949E-018)  (1.39863055867625664E-006,-1.67926023714518555E-008)             (-0.49999850071388235,0.0000000000000000)
         848        1000   767.20999540318462       0.99999999999988176        21.007447891900220       0.99999748530707078        2.5146928114203097E-006   1.1823875212257917E-013   (4.44970763825576404E-006,5.36080519217720376E-018)  (4.94341034875812437E-007,-1.17027454932473556E-007)             (-0.49999850071388169,0.0000000000000000)
         849        1000   769.41462182675696       0.99999999999987621        6.8059492043168834       0.99999748530706345        2.5146928114201903E-006   1.2378986724570495E-013   (4.01124579272496609E-006,2.21855623106455113E-018) (-9.53452622961259509E-007,-8.86003096780500151E-008)             (-0.49999850071387802,0.0000000000000000)
         850        1000   771.61924825032929       0.99999999999986733        1.9708472292787791       0.99999748530705679        2.5146928114200001E-006   1.3267165144270621E-013  (1.86897978987182081E-006,-5.72021223535824701E-019)  (-1.33465003715301696E-006,3.62323456335613189E-008)             (-0.49999850071387469,0.0000000000000000)
         851        1000   773.82387467390163       0.99999999999987188        6.8059492061388172       0.99999748530706167        2.5146928114203737E-006   1.2811973704174306E-013  (3.81879609324483645E-007,-1.17204652137345960E-018)  (-2.53122726457842188E-007,1.22333440328172006E-007)             (-0.49999850071387714,0.0000000000000000)
         852        1000   776.02850109747396       0.99999999999987776        21.007447895429607       0.99999748530706389        2.5146928114207222E-006   1.2223555501122974E-013  (1.17572168521232916E-006,-9.36410979309410382E-019)   (1.10524418325457056E-006,7.66199446550781447E-008)             (-0.49999850071387825,0.0000000000000000)
         853        1000   778.23312752104630       0.99999999999987799        43.683010905043602       0.99999748530706634        2.5146928114201005E-006   1.2201351040630470E-013   (3.37484354093284992E-006,4.09652131488209668E-018)  (1.23354127853775130E-006,-5.28266003447964264E-008)             (-0.49999850071387947,0.0000000000000000)
         854        1000   780.43775394461863       0.99999999999987588        73.407849216199011       0.99999748530706478        2.5146928114196664E-006   1.2412293415309250E-013   (4.57674326743192675E-006,2.24160799159957643E-019)  (4.73004949965286297E-008,-1.23930517499252622E-007)             (-0.49999850071387869,0.0000000000000000)
         855        1000   782.64238036819097       0.99999999999987821        108.31424191749743       0.99999748530706811        2.5146928114200429E-006   1.2179146580137967E-013   (3.47246203195843156E-006,1.00786100552460171E-018) (-1.19188451901078446E-006,-5.28129963026970339E-008)             (-0.49999850071388036,0.0000000000000000)
         856        1000   784.84700679176331       0.99999999999987577        146.20889197878193       0.99999748530706611        2.5146928114200319E-006   1.2423395645555502E-013   (1.31535791864259155E-006,3.34654687448523249E-020)  (-1.11840522997420729E-006,6.95591982166876754E-008)             (-0.49999850071387936,0.0000000000000000)
         857        1000   787.05163321533564       0.99999999999987932        184.71073916992762       0.99999748530706545        2.5146928114198815E-006   1.2068124277675452E-013  (4.63492015004524248E-007,-4.47995429136134509E-018)   (2.05748940700230404E-007,1.16958692637459767E-007)             (-0.49999850071387902,0.0000000000000000)
         858        1000   789.25625963890798       0.99999999999987743        221.40057083202277       0.99999748530706611        2.5146928114200755E-006   1.2256862191861728E-013  (1.84630820874338886E-006,-2.90906559304068384E-018)   (1.29476897508025963E-006,3.89447392877820066E-008)             (-0.49999850071387936,0.0000000000000000)
         859        1000   791.46088606248031       0.99999999999987876        253.97302990597905       0.99999748530706745        2.5146928114198129E-006   1.2123635428906709E-013  (3.94501218015535437E-006,-3.13819619047005112E-018)  (9.58038001451442166E-007,-8.14210983554530582E-008)             (-0.49999850071388002,0.0000000000000000)
         860        1000   793.66551248605265       0.99999999999988387        280.38146899504648       0.99999748530707411        2.5146928114193060E-006   1.1612932837579137E-013  (4.47518501785063974E-006,-1.17601131796756892E-017) (-4.11854688955102107E-007,-1.15600982497176330E-007)             (-0.49999850071388335,0.0000000000000000)
         861        1000   795.87013890962498       0.99999999999989464        298.96654874782536       0.99999748530708255        2.5146928114194580E-006   1.0536016503692736E-013  (2.87181400701690325E-006,-7.79433843306445027E-018) (-1.29851541064561861E-006,-2.21859822928522466E-008)             (-0.49999850071388757,0.0000000000000000)
         862        1000   798.07476533319732       0.99999999999989830        308.56050025229263       0.99999748530708632        2.5146928114195804E-006   1.0169642905566434E-013   (9.12059090000320347E-007,1.04896598560466571E-018)  (-7.60487143349821869E-007,9.63162604479959943E-008)             (-0.49999850071388946,0.0000000000000000)
         863        1000   800.27939175676966       0.99999999999989786        308.56050025134590       0.99999748530708699        2.5146928114195232E-006   1.0214051826551440E-013   (7.49479759982026955E-007,1.12955425216854209E-017)   (5.96945561082883179E-007,1.06694807449412023E-007)             (-0.49999850071388979,0.0000000000000000)
         864        1000   802.48401818034199       0.99999999999989897        298.96654874504139       0.99999748530708832        2.5146928114197748E-006   1.0103029524088925E-013   (2.56147993944711537E-006,7.40946274291734624E-018)  (1.30834701169771565E-006,-4.62245494190789909E-009)             (-0.49999850071389046,0.0000000000000000)
         865        1000   804.68864460391433       0.99999999999989864        280.38146899060212       0.99999748530708588        2.5146928114192674E-006   1.0136336214827679E-013   (4.34525075360791905E-006,5.59080657241985492E-019)  (6.02680159292959780E-007,-1.05185075666468359E-007)             (-0.49999850071388924,0.0000000000000000)
         866        1000   806.89327102748666       0.99999999999990941        253.97302990014964       0.99999748530709631        2.5146928114184348E-006   9.0594198809412774E-014  (4.17433793162310332E-006,-1.97202406684056065E-018) (-7.81463505995998851E-007,-9.33835163150172463E-008)             (-0.49999850071389446,0.0000000000000000)
         867        1000   809.09789745105900       0.99999999999990974        221.40057082517748       0.99999748530709698        2.5146928114189045E-006   9.0261131902025227E-014  (2.25715355333361084E-006,-6.31757612549075054E-018)  (-1.27198632205231699E-006,1.75149987416006000E-008)             (-0.49999850071389479,0.0000000000000000)
         868        1000   811.30252387463133       0.99999999999990574        184.71073916249674       0.99999748530709498        2.5146928114197858E-006   9.4257934790675790E-014  (7.02999047007312137E-007,-6.98398961738731183E-018)  (-3.78491090232079225E-007,1.10492258454654335E-007)             (-0.49999850071389379,0.0000000000000000)
         869        1000   813.50715029820367       0.99999999999990785        146.20889197123228       0.99999748530709853        2.5146928114194110E-006   9.2148511043887993E-014  (1.22118639521008592E-006,-9.44460458900991838E-018)   (9.23105727750920989E-007,7.97002375058167145E-008)             (-0.49999850071389557,0.0000000000000000)
         870        1000   815.71177672177600       0.99999999999990141        108.31424191030369       0.99999748530708965        2.5146928114184666E-006   9.8587804586713901E-014  (3.23402133082902794E-006,-1.73716405618761266E-018)  (1.20306400091192269E-006,-3.92842593649690032E-008)             (-0.49999850071389113,0.0000000000000000)
         871        1000   817.91640314534834       0.99999999999989653        73.407849209813563       0.99999748530708432        2.5146928114184090E-006   1.0347278589506459E-013   (4.54040673363192167E-006,5.47485858053703954E-018)  (1.80964589353101643E-007,-1.15295578630129296E-007)             (-0.49999850071388846,0.0000000000000000)
         872        1000   820.12102956892068       0.99999999999989442        43.683010899865806       0.99999748530708232        2.5146928114187139E-006   1.0558220964185239E-013   (3.72023617729663287E-006,7.69644783457354704E-019) (-1.03789330287606616E-006,-6.16995102081175693E-008)             (-0.49999850071388746,0.0000000000000000)
         873        1000   822.32565599249301       0.99999999999989209        21.007447891785386       0.99999748530708255        2.5146928114187114E-006   1.0791367799356522E-013   (1.70291490593522792E-006,5.32939242628345070E-018)  (-1.12553483742329700E-006,5.59394521486759021E-008)             (-0.49999850071388757,0.0000000000000000)
         874        1000   824.53028241606535       0.99999999999989420        6.8059492042571250       0.99999748530708366        2.5146928114190260E-006   1.0580425424677742E-013   (7.07972326329303672E-007,1.61297770459532700E-017)   (3.02084555371318990E-008,1.09119557651634736E-007)             (-0.49999850071388813,0.0000000000000000)
         875        1000   826.73490883963768       0.99999999999989297        1.9708472292774410       0.99999748530708299        2.5146928114188583E-006   1.0702549957386509E-013  (1.81381516096990380E-006,-6.82746352882206853E-019)   (1.15734061938081456E-006,4.71744318913268059E-008)             (-0.49999850071388779,0.0000000000000000)
         876        1000   828.93953526321002       0.99999999999989064        6.8059492061957974       0.99999748530708077        2.5146928114176843E-006   1.0935696792557792E-013   (3.80536110623092423E-006,1.43103716798497171E-018)  (9.81369668226448878E-007,-6.41497107859003384E-008)             (-0.49999850071388668,0.0000000000000000)
         877        1000   831.14416168678235       0.99999999999988809        21.007447895541119       0.99999748530707877        2.5146928114176954E-006   1.1191048088221578E-013  (4.52142567027426988E-006,-7.82422401825721899E-018) (-2.52077748963864997E-007,-1.10702874425878837E-007)             (-0.49999850071388569,0.0000000000000000)
         878        1000   833.34878811035469       0.99999999999988920        43.683010905202579       0.99999748530707810        2.5146928114187372E-006   1.1080025785759062E-013  (3.17831392103585715E-006,-3.61948902823599098E-018) (-1.18460799287043820E-006,-3.04505533216786476E-008)             (-0.49999850071388535,0.0000000000000000)
         879        1000   835.55341453392703       0.99999999999988876        73.407849216395093       0.99999748530707766        2.5146928114185813E-006   1.1124434706744069E-013   (1.27928825249286383E-006,1.15280455226635123E-018)  (-8.28052787924908208E-007,8.25031466791266066E-008)             (-0.49999850071388513,0.0000000000000000)
         880        1000   837.75804095749936       0.99999999999988609        108.31424191771714       0.99999748530707588        2.5146928114179283E-006   1.1390888232654106E-013   (9.04905775907755146E-007,3.86305409868994280E-018)   (4.34705544748028813E-007,1.05546721808569756E-007)             (-0.49999850071388424,0.0000000000000000)
         881        1000   839.96266738107170       0.99999999999987776        146.20889197901258       0.99999748530706922        2.5146928114176094E-006   1.2223555501122974E-013   (2.46771851205466700E-006,1.74698952466326388E-017)   (1.21502007428075414E-006,1.10528955077561661E-008)             (-0.49999850071388091,0.0000000000000000)
         882        1000   842.16729380464403       0.99999999999987510        184.71073917015477       0.99999748530706256        2.5146928114173061E-006   1.2490009027033011E-013  (4.24316626263236356E-006,-1.10528735627520467E-019)  (6.80482768173064870E-007,-9.09536661006329548E-008)             (-0.49999850071387758,0.0000000000000000)
         883        1000   844.37192022821637       0.99999999999986577        221.40057083223053       0.99999748530705612        2.5146928114175094E-006   1.3422596367718143E-013  (4.30464804075707554E-006,-1.76798086292889361E-018) (-6.09680866902134037E-007,-9.26113979148959883E-008)             (-0.49999850071387436,0.0000000000000000)
         884        1000   846.57654665178870       0.99999999999986333        253.97302990615370       0.99999748530705190        2.5146928114180714E-006   1.3666845433135677E-013   (2.60927070885986570E-006,9.52822912524095590E-018)  (-1.20529021775782016E-006,4.52872260151261354E-009)             (-0.49999850071387225,0.0000000000000000)
         885        1000   848.78117307536104       0.99999999999985201        280.38146899517858       0.99999748530704213        2.5146928114176848E-006   1.4799272918253337E-013  (1.02361404327789822E-006,-2.08418354275197743E-018)  (-4.67222165487346643E-007,9.92978831668808887E-008)             (-0.49999850071386737,0.0000000000000000)
         886        1000   850.98579949893337       0.99999999999985179        298.96654874790181       0.99999748530703902        2.5146928114166510E-006   1.4821477378745840E-013   (1.28903431963604566E-006,1.97628420290608519E-018)   (7.65078565900371408E-007,8.60542419982814250E-008)             (-0.49999850071386581,0.0000000000000000)
         887        1000   853.19042592250571       0.99999999999984679        308.56050025231355       0.99999748530703680        2.5146928114165557E-006   1.5321077739827160E-013   (3.11919049378402202E-006,6.12084940964358641E-018)  (1.15936328795962521E-006,-2.62673432933190390E-008)             (-0.49999850071386470,0.0000000000000000)
         888        1000   855.39505234607805       0.99999999999985190        308.56050025130685       0.99999748530703902        2.5146928114171575E-006   1.4810375148499588E-013  (4.49943357677739953E-006,-1.89306117836552299E-018)  (3.15757730995106364E-007,-1.05960169456168808E-007)             (-0.49999850071386581,0.0000000000000000)
         889        1000   857.59967876965038       0.99999999999984868        298.96654874494124       0.99999748530703747        2.5146928114171422E-006   1.5132339825640884E-013  (3.93536054982302082E-006,-2.84756952774851633E-018) (-8.85499230698273098E-007,-6.70913630667802181E-008)             (-0.49999850071386504,0.0000000000000000)
         890        1000   859.80430519322272       0.99999999999984313        280.38146899045182       0.99999748530703458        2.5146928114165862E-006   1.5687451337953462E-013   (2.07549915845815630E-006,3.87352329618371951E-019)  (-1.10108676715123614E-006,4.05149753516903539E-008)             (-0.49999850071386359,0.0000000000000000)
         891        1000   862.00893161679505       0.99999999999984845        253.97302989995603       0.99999748530703547        2.5146928114161635E-006   1.5154544286133387E-013   (9.63305123010868920E-007,1.16014420257867352E-017)  (-1.04945853163479399E-007,1.02138785994694586E-007)             (-0.49999850071386404,0.0000000000000000)
         892        1000   864.21355804036739       0.99999999999985989        221.40057082495514       0.99999748530704879        2.5146928114159420E-006   1.4011014570769476E-013   (1.81858722900703587E-006,4.53963533029412924E-020)   (1.01936795123998501E-006,5.19466521202277342E-008)             (-0.49999850071387070,0.0000000000000000)
         893        1000   866.41818446393972       0.99999999999986711        184.71073916225441       0.99999748530705324        2.5146928114161559E-006   1.3289369604763124E-013  (3.69260064802944185E-006,-1.57308796224251574E-017)  (1.00354538671871074E-006,-5.17517852274961818E-008)             (-0.49999850071387292,0.0000000000000000)
         894        1000   868.62281088751206       0.99999999999986422        146.20889197098626       0.99999748530705412        2.5146928114163837E-006   1.3578027591165664E-013  (4.55629667497549852E-006,-7.89672191767519910E-018) (-1.04974042348574841E-007,-1.05600664291452237E-007)             (-0.49999850071387336,0.0000000000000000)
         895        1000   870.82743731108440       0.99999999999986067        108.31424191006873       0.99999748530704902        2.5146928114156095E-006   1.3933298959045715E-013  (3.46514370581805988E-006,-2.64883254493563957E-018) (-1.06724248115782592E-006,-4.13476384233147982E-008)             (-0.49999850071387081,0.0000000000000000)
         896        1000   873.03206373465673       0.99999999999985745        73.407849209604592       0.99999748530704768        2.5146928114150048E-006   1.4255263636187010E-013   (1.63891291046008979E-006,9.22726287040351553E-019)  (-8.69724658178478833E-007,6.84574083041555552E-008)             (-0.49999850071387014,0.0000000000000000)
         897        1000   875.23669015822907       0.99999999999986022        43.683010899696264       0.99999748530704724        2.5146928114155490E-006   1.3977707880030721E-013   (1.08953039111872959E-006,8.60546340099216885E-018)   (2.73188974939039582E-007,9.93732718107903426E-008)             (-0.49999850071386992,0.0000000000000000)
         898        1000   877.44131658180140       0.99999999999985367        21.007447891665546       0.99999748530704125        2.5146928114155651E-006   1.4632739464559563E-013   (2.41346086023737946E-006,8.05593426064323994E-018)   (1.12465944241799811E-006,2.06718380597968197E-008)             (-0.49999850071386692,0.0000000000000000)
         899        1000   879.64594300537374       0.99999999999984701        6.8059492041945280       0.99999748530703747        2.5146928114148353E-006   1.5298873279334657E-013  (4.15091054402597475E-006,-1.32574856358681506E-019)  (7.31199971604902740E-007,-7.72056340913090854E-008)             (-0.49999850071386504,0.0000000000000000)
         900        1000   881.85056942894607       0.99999999999984646        1.9708472292759853       0.99999748530703303        2.5146928114147676E-006   1.5354384430565915E-013  (4.41917096221951736E-006,-1.05964217246143312E-017) (-4.64548744503705887E-007,-9.39627678463475463E-008)             (-0.49999850071386281,0.0000000000000000)
         901        1000   884.05519585251841       0.99999999999984657        6.8059492062553169       0.99999748530703525        2.5146928114147816E-006   1.5343282200319663E-013   (2.93428807519381560E-006,2.46159238302475432E-018) (-1.13212099264956252E-006,-7.17005429579326608E-009)             (-0.49999850071386392,0.0000000000000000)
         902        1000   886.25982227609074       0.99999999999984945        21.007447895657688       0.99999748530703680        2.5146928114143191E-006   1.5054624213917123E-013   (1.34142617194901227E-006,6.86551096365212774E-019)  (-5.60910768022717627E-007,8.75700266154691058E-008)             (-0.49999850071386470,0.0000000000000000)
         903        1000   888.46444869966308       0.99999999999985389        43.683010905368562       0.99999748530704036        2.5146928114142755E-006   1.4610535004067060E-013   (1.38313309990804901E-006,2.31982517254985944E-017)   (6.14069402214522046E-007,8.85412593925953093E-008)             (-0.49999850071386648,0.0000000000000000)
         904        1000   890.66907512323542       0.99999999999985723        73.407849216600411       0.99999748530704546        2.5146928114144847E-006   1.4277468096679513E-013   (3.01893842657338526E-006,2.12057841672310888E-017)  (1.09420893478658153E-006,-1.15476357176887610E-008)             (-0.49999850071386903,0.0000000000000000)
         905        1000   892.87370154680775       0.99999999999985600        108.31424191794910       0.99999748530704413        2.5146928114141378E-006   1.4399592629388280E-013  (4.44824938237077832E-006,-2.79894967446760156E-018)  (4.10169219949639447E-007,-9.65936361590999465E-008)             (-0.49999850071386837,0.0000000000000000)
         906        1000   895.07832797038009       0.99999999999985190        146.20889197925482       0.99999748530704125        2.5146928114133755E-006   1.4810375148499588E-013   (4.11086005097376308E-006,5.95814935377672528E-018) (-7.41208259948452426E-007,-6.95580376020686053E-008)             (-0.49999850071386692,0.0000000000000000)
         907        1000   897.28295439395242       0.99999999999984579        184.71073917039251       0.99999748530703281        2.5146928114131231E-006   1.5420997812043424E-013  (2.40907076213931953E-006,-5.60315698138416065E-019)  (-1.07844482302670736E-006,2.93628047493384700E-008)             (-0.49999850071386270,0.0000000000000000)
         908        1000   899.48758081752476       0.99999999999984268        221.40057083245094       0.99999748530703170        2.5146928114137558E-006   1.5731860258938468E-013   (1.21067282462086456E-006,3.28495653915107688E-018)  (-2.21316128332085576E-007,9.60201404399687524E-008)             (-0.49999850071386215,0.0000000000000000)
         909        1000   901.69220724109709       0.99999999999984079        253.97302990634159       0.99999748530703259        2.5146928114140595E-006   1.5920598173124745E-013  (1.82519885522301434E-006,-6.16391164169680353E-019)   (8.79497217133462823E-007,6.09692419325728150E-008)             (-0.49999850071386259,0.0000000000000000)
         910        1000   903.89683366466943       0.99999999999985045        280.38146899532302       0.99999748530704080        2.5146928114129990E-006   1.4954704141700859E-013   (3.57679274490592560E-006,3.16127706820626228E-020)  (9.98725734232581728E-007,-3.92474657339044246E-008)             (-0.49999850071386670,0.0000000000000000)
         911        1000   906.10146008824177       0.99999999999985090        298.96654874798935       0.99999748530703836        2.5146928114119880E-006   1.4910295220715852E-013  (4.55302612764611491E-006,-2.44260980069891196E-018)  (3.79668566959598025E-008,-9.68800271821550143E-008)             (-0.49999850071386548,0.0000000000000000)
         912        1000   908.30608651181410       0.99999999999984890        308.56050025234407       0.99999748530703858        2.5146928114125738E-006   1.5110135365148381E-013   (3.69473309959721314E-006,4.37497282596147234E-019) (-9.52182460048318965E-007,-4.62752197388282299E-008)             (-0.49999850071386559,0.0000000000000000)
         913        1000   910.51071293538644       0.99999999999985012        308.56050025127462       0.99999748530703636        2.5146928114133700E-006   1.4988010832439613E-013  (1.96156155578972521E-006,-2.27380844913321796E-018)  (-8.85991537676042060E-007,5.61692460616393657E-008)             (-0.49999850071386448,0.0000000000000000)
         914        1000   912.71533935895877       0.99999999999984635        298.96654874485006       0.99999748530703703        2.5146928114128969E-006   1.5365486660812167E-013  (1.26028317746170060E-006,-5.28499943453799657E-019)   (1.40395788931585610E-007,9.67741652493512596E-008)             (-0.49999850071386481,0.0000000000000000)
         915        1000   914.91996578253111       0.99999999999985389        280.38146899030698       0.99999748530704147        2.5146928114121198E-006   1.4610535004067060E-013  (2.36323812836757282E-006,-1.48220081773526084E-019)   (1.03058082282430369E-006,2.92958863036303682E-008)             (-0.49999850071386703,0.0000000000000000)
         916        1000   917.12459220610344       0.99999999999985023        253.97302989976700       0.99999748530703680        2.5146928114117390E-006   1.4976908602193362E-013   (4.04488795228311519E-006,2.81422354425217409E-018)  (7.90487730196831985E-007,-6.35476071323529990E-008)             (-0.49999850071386470,0.0000000000000000)
         917        1000   919.32921862967578       0.99999999999983624        221.40057082473106       0.99999748530702548        2.5146928114115497E-006   1.6375789613221059E-013  (4.48998168020547307E-006,-4.70886586855574282E-018) (-3.22782674284488610E-007,-9.12535459409121581E-008)             (-0.49999850071385904,0.0000000000000000)
         918        1000   921.53384505324811       0.99999999999984179        184.71073916201263       0.99999748530703059        2.5146928114120956E-006   1.5820678100908481E-013  (3.21923596659935273E-006,-4.35370621841450761E-018) (-1.04205476897518117E-006,-1.90188782047901176E-008)             (-0.49999850071386159,0.0000000000000000)
         919        1000   923.73847147682045       0.99999999999984390        146.20889197074064       0.99999748530703148        2.5146928114127643E-006   1.5609735726229701E-013   (1.64151238925585818E-006,9.14634656561676720E-019)  (-6.17611569114102601E-007,7.59172203912021747E-008)             (-0.49999850071386204,0.0000000000000000)
         920        1000   925.94309790039279       0.99999999999984213        108.31424190983556       0.99999748530703148        2.5146928114116738E-006   1.5787371410169726E-013   (1.49321448611032751E-006,5.05739080465604143E-018)   (4.78823796756692120E-007,8.72013710387674641E-008)             (-0.49999850071386204,0.0000000000000000)
         921        1000   928.14772432396512       0.99999999999984357        73.407849209397696       0.99999748530703370        2.5146928114102648E-006   1.5643042416968456E-013  (2.94153564052147184E-006,-1.26965725322213806E-017)  (1.04594291899980006E-006,-8.77024166182218506E-010)             (-0.49999850071386315,0.0000000000000000)
         922        1000   930.35235074753746       0.99999999999984390        43.683010899528924       0.99999748530703170        2.5146928114110716E-006   1.5609735726229701E-013  (4.39556257899151505E-006,-1.87894217971393549E-019)  (4.90398682363112100E-007,-8.73375163964106671E-008)             (-0.49999850071386215,0.0000000000000000)
         923        1000   932.55697717110979       0.99999999999984868        21.007447891547265       0.99999748530703880        2.5146928114121303E-006   1.5132339825640884E-013  (4.27563634624304394E-006,-7.93598665330868243E-018) (-5.98412579088026266E-007,-7.61881794729014669E-008)             (-0.49999850071386570,0.0000000000000000)
         924        1000   934.76160359468213       0.99999999999985489        6.8059492041327436       0.99999748530704324        2.5146928114112892E-006   1.4510614931850796E-013  (2.73536778711305543E-006,-1.77883799737004372E-018)  (-1.03050578933535565E-006,1.69612379500604911E-008)             (-0.49999850071386792,0.0000000000000000)
         925        1000   936.96623001825446       0.99999999999985090        1.9708472292746009       0.99999748530704036        2.5146928114104926E-006   1.4910295220715852E-013   (1.48448896284680903E-006,6.04606149154298667E-018)  (-3.25622600262322803E-007,8.60995414689501026E-008)             (-0.49999850071386648,0.0000000000000000)
         926        1000   939.17085644182680       0.99999999999985401        6.8059492063144411       0.99999748530704213        2.5146928114106904E-006   1.4599432773820809E-013   (1.88590798202553737E-006,6.89700794611401504E-018)   (7.51638287009689639E-007,6.37514640760541638E-008)             (-0.49999850071386737,0.0000000000000000)
         927        1000   941.37548286539914       0.99999999999985856        21.007447895773542       0.99999748530704813        2.5146928114105477E-006   1.4144241333724494E-013   (3.50525508360832206E-006,5.24207221490482044E-019)  (9.75523521368989049E-007,-2.88950151205619149E-008)             (-0.49999850071387036,0.0000000000000000)
         928        1000   943.58010928897147       0.99999999999986400        43.683010905534331       0.99999748530705479        2.5146928114103033E-006   1.3600232051658168E-013  (4.57894724001025985E-006,-1.71946855285137010E-017)  (1.52402623608347189E-007,-9.32337994911386327E-008)             (-0.49999850071387369,0.0000000000000000)
         929        1000   945.78473571254381       0.99999999999985667        73.407849216804905       0.99999748530704569        2.5146928114105362E-006   1.4332979247910771E-013   (3.93539864594577973E-006,2.26318587815456779E-019) (-8.33597853937571552E-007,-5.21492018625086500E-008)             (-0.49999850071386914,0.0000000000000000)
         930        1000   947.98936213611614       0.99999999999985512        108.31424191817915       0.99999748530704502        2.5146928114106569E-006   1.4488410471358293E-013   (2.30915408951287343E-006,1.58350625268113580E-017)  (-9.04520433171549779E-007,4.34514442730753612E-008)             (-0.49999850071386881,0.0000000000000000)
         931        1000   950.19398855968848       0.99999999999985334        146.20889197949779       0.99999748530704413        2.5146928114099213E-006   1.4666046155298318E-013   (1.48677893143024913E-006,9.14378432789659799E-018)   (1.32587013456790415E-008,9.08493501545387070E-008)             (-0.49999850071386837,0.0000000000000000)
         932        1000   952.39861498326081       0.99999999999985523        184.71073917063006       0.99999748530704458        2.5146928114090721E-006   1.4477308241112041E-013   (2.37527479368085809E-006,5.51135470231691445E-019)   (9.19757893432039430E-007,3.71034608765673309E-008)             (-0.49999850071386859,0.0000000000000000)
         933        1000   954.60324140683315       0.99999999999985556        221.40057083267149       0.99999748530704591        2.5146928114096041E-006   1.4444001550373287E-013  (3.98890823419670821E-006,-1.14628000673887575E-017)  (8.14509994190356398E-007,-5.27444716511928156E-008)             (-0.49999850071386925,0.0000000000000000)
         934        1000   956.80786783040548       0.99999999999985634        253.97302990652827       0.99999748530704524        2.5146928114104354E-006   1.4366285938649526E-013   (4.57660632069286829E-006,1.29256247047457568E-017) (-1.94536393505836679E-007,-8.63435190575242021E-008)             (-0.49999850071386892,0.0000000000000000)
         935        1000   959.01249425397782       0.99999999999986044        280.38146899546786       0.99999748530704702        2.5146928114096405E-006   1.3955503419538218E-013  (3.50695082607196622E-006,-2.56065281589324378E-018) (-9.73300288024864069E-007,-2.70961912841485986E-008)             (-0.49999850071386981,0.0000000000000000)
         936        1000   961.21712067755016       0.99999999999985900        298.96654874808519       0.99999748530704657        2.5146928114084580E-006   1.4099832412739488E-013  (1.96245778823724973E-006,-1.20077826768920954E-018)  (-6.67424293715366108E-007,6.43201947898030721E-008)             (-0.49999850071386959,0.0000000000000000)
         937        1000   963.42174710112249       0.99999999999985922        308.56050025237806       0.99999748530704480        2.5146928114089087E-006   1.4077627952246985E-013   (1.63511266187933825E-006,4.51573772723126893E-018)   (3.44731687217968334E-007,8.85969971363526357E-008)             (-0.49999850071386870,0.0000000000000000)
         938        1000   965.62637352469483       0.99999999999985467        308.56050025124927       0.99999748530704480        2.5146928114096701E-006   1.4532819392343299E-013   (2.89435768190768971E-006,7.39366401802872578E-018)   (9.74823262602027679E-007,1.02326814559974299E-008)             (-0.49999850071386870,0.0000000000000000)
         939        1000   967.83099994826716       0.99999999999985734        298.96654874476940       0.99999748530704680        2.5146928114089637E-006   1.4266365866433262E-013  (4.34033853986636723E-006,-2.88612203454346383E-019)  (5.56941474943346214E-007,-7.48999200021308338E-008)             (-0.49999850071386970,0.0000000000000000)
         940        1000   970.03562637183950       0.99999999999985056        280.38146899017340       0.99999748530703969        2.5146928114082577E-006   1.4943601911454607E-013   (4.40152475316401059E-006,5.66226655024964973E-018) (-4.78205412710479032E-007,-7.63397680901460500E-008)             (-0.49999850071386615,0.0000000000000000)
         941        1000   972.24025279541183       0.99999999999984401        253.97302989958740       0.99999748530703525        2.5146928114085749E-006   1.5598633495983449E-013  (3.02109007202700061E-006,-1.51096470534416858E-018)  (-9.77889346587975637E-007,6.31261622341770327E-009)             (-0.49999850071386392,0.0000000000000000)
         942        1000   974.44487921898417       0.99999999999984779        221.40057082452006       0.99999748530703636        2.5146928114086660E-006   1.5221157667610896E-013  (1.72323030113301084E-006,-3.22813382531668701E-018)  (-4.08136460413077557E-007,8.01660839391858583E-008)             (-0.49999850071386448,0.0000000000000000)
         943        1000   976.64950564255651       0.99999999999984934        184.71073916178031       0.99999748530703814        2.5146928114083335E-006   1.5065726444163374E-013  (1.92338538614553319E-006,-3.02367036666694762E-019)   (6.24566496485857922E-007,6.76108994405891770E-008)             (-0.49999850071386537,0.0000000000000000)
         944        1000   978.85413206612884       0.99999999999985323        146.20889197050283       0.99999748530704236        2.5146928114084068E-006   1.4677148385544569E-013  (3.39293408640099591E-006,-8.33838480136291958E-018)  (9.52007755190332666E-007,-1.70018082281231721E-008)             (-0.49999850071386748,0.0000000000000000)
         945        1000   981.05875848970118       0.99999999999985389        108.31424190960743       0.99999748530704036        2.5146928114080921E-006   1.4610535004067060E-013   (4.52691049828740038E-006,7.69330265102697662E-018)  (2.49620069680645415E-007,-8.60416048938082672E-008)             (-0.49999850071386648,0.0000000000000000)
         946        1000   983.26338491327351       0.99999999999985045        73.407849209194097       0.99999748530703791        2.5146928114074060E-006   1.4954704141700859E-013  (4.07918702073168122E-006,-1.52777244107454537E-018) (-7.09513606186522753E-007,-5.78984987509087235E-008)             (-0.49999850071386526,0.0000000000000000)
         947        1000   985.46801133684585       0.99999999999984379        43.683010899362671       0.99999748530703170        2.5146928114078579E-006   1.5620837956475953E-013  (2.55390315712868647E-006,-1.18869000064338751E-017)  (-8.92981047207241254E-007,3.43061424919507356E-008)             (-0.49999850071386215,0.0000000000000000)
         948        1000   987.67263776041818       0.99999999999984091        21.007447891430044       0.99999748530702992        2.5146928114086342E-006   1.5909495942878493E-013   (1.63232142805210188E-006,1.06382298009176887E-018)  (-1.03186541257669790E-007,8.42590189881331906E-008)             (-0.49999850071386126,0.0000000000000000)
         949        1000   989.87726418399052       0.99999999999984490        6.8059492040717187       0.99999748530703503        2.5146928114077952E-006   1.5509815654013437E-013   (2.31431516017781334E-006,4.91724460745750819E-021)   (8.24254852332039149E-007,4.19048069458028004E-008)             (-0.49999850071386381,0.0000000000000000)
         950        1000   992.08189060756285       0.99999999999983880        1.9708472292737418       0.99999748530702992        2.5146928114064794E-006   1.6120438317557273E-013   (3.83937683339552390E-006,1.66315040389901012E-018)  (8.29269285666951427E-007,-4.25742966649164263E-008)             (-0.49999850071386126,0.0000000000000000)
         951        1000   994.28651703113519       0.99999999999984657        6.8059492063738523       0.99999748530703236        2.5146928114068000E-006   1.5343282200319663E-013   (4.54857257543497270E-006,7.80934021825458830E-018) (-7.20625365461040043E-008,-8.42282318521749227E-008)             (-0.49999850071386248,0.0000000000000000)
         952        1000   996.49114345470753       0.99999999999984701        21.007447895889690       0.99999748530703436        2.5146928114079532E-006   1.5298873279334657E-013  (3.66698722324705508E-006,-1.29499068514672360E-018) (-8.84479706037114054E-007,-3.48336642854987198E-008)             (-0.49999850071386348,0.0000000000000000)
         953        1000   998.69576987827986       0.99999999999985478        43.683010905699788       0.99999748530704435        2.5146928114078651E-006   1.4521717162097048E-013   (2.17443239650403424E-006,3.49989481461947328E-018)  (-7.08803939793697919E-007,5.13574817507451194E-008)             (-0.49999850071386848,0.0000000000000000)
         954        1000   1000.9003963018522       0.99999999999984990        73.407849217010323       0.99999748530704080        2.5146928114066039E-006   1.5010215292932116E-013   (1.69928585977644231E-006,1.29377955752254898E-017)   (2.29327731464058333E-007,8.44502804064307091E-008)             (-0.49999850071386670,0.0000000000000000)
         955        1000   1003.1050227254245       0.99999999999985423        108.31424191841232       0.99999748530704191        2.5146928114058771E-006   1.4577228313328305E-013   (2.77359498953479070E-006,7.57307725717488803E-018)   (8.99576221564974432E-007,1.86707591385047313E-008)             (-0.49999850071386726,0.0000000000000000)
         956        1000   1005.3096491489969       0.99999999999985711        146.20889197974228       0.99999748530704413        2.5146928114064650E-006   1.4288570326925765E-013  (4.20475863615771525E-006,-2.82720098532145267E-018)  (6.06957635914570088E-007,-6.66327062036285245E-008)             (-0.49999850071386837,0.0000000000000000)
         957        1000   1007.5142755725692       0.99999999999985678        184.71073917087176       0.99999748530704435        2.5146928114069685E-006   1.4321877017664519E-013   (4.43000023704745148E-006,5.33450876692801399E-018) (-3.61502252601228397E-007,-7.66459378363117270E-008)             (-0.49999850071386848,0.0000000000000000)
         958        1000   1009.7189019961415       0.99999999999984901        221.40057083289327       0.99999748530703991        2.5146928114066602E-006   1.5099033134902129E-013   (3.22034139864380003E-006,3.36157720775373927E-018) (-9.32766876055508296E-007,-5.28450044121031206E-009)             (-0.49999850071386626,0.0000000000000000)
         959        1000   1011.9235284197139       0.99999999999984857        253.97302990671739       0.99999748530703703        2.5146928114063197E-006   1.5143442055887135E-013  (1.91193645378435913E-006,-4.92007345260301155E-019)  (-4.73449456277990899E-007,7.00078712855367876E-008)             (-0.49999850071386481,0.0000000000000000)
         960        1000   1014.1281548432862       0.99999999999984335        280.38146899561116       0.99999748530703236        2.5146928114059419E-006   1.5665246877460959E-013   (1.93406536276037530E-006,5.36650172204260179E-018)   (5.00741143999855041E-007,7.13212942448628403E-008)             (-0.49999850071386248,0.0000000000000000)
         961        1000   1016.3327812668585       0.99999999999984290        298.96654874816983       0.99999748530702948        2.5146928114051893E-006   1.5709655798445965E-013   (3.26909479045123109E-006,8.97159624347027896E-019)  (9.05995119036723288E-007,-7.79623606069012400E-009)             (-0.49999850071386104,0.0000000000000000)
         962        1000   1018.5374076904309       0.99999999999983868        308.56050025240597       0.99999748530702459        2.5146928114053363E-006   1.6131540547803525E-013   (4.45114953585490638E-006,3.06851687697237945E-018)  (3.33102673888397371E-007,-7.81295369859460559E-008)             (-0.49999850071385860,0.0000000000000000)
         963        1000   1020.7420341140032       0.99999999999983435        308.56050025121493       0.99999748530702526        2.5146928114066907E-006   1.6564527527407336E-013   (4.19666686844264891E-006,3.41771853381714172E-018) (-6.03322531538731273E-007,-6.14671381092965007E-008)             (-0.49999850071385893,0.0000000000000000)
         964        1000   1022.9466605375756       0.99999999999982825        298.96654874467322       0.99999748530701793        2.5146928114066903E-006   1.7175150190951172E-013  (2.79765158344679351E-006,-1.11516196705014461E-017)  (-8.72715253173073482E-007,2.48909328896944523E-008)             (-0.49999850071385527,0.0000000000000000)
         965        1000   1025.1512869611479       0.99999999999983247        280.38146899002356       0.99999748530702082        2.5146928114047857E-006   1.6753265441593612E-013  (1.80714893424449508E-006,-5.03418545711655582E-018)  (-2.04895989606222060E-007,8.05687740186527763E-008)             (-0.49999850071385671,0.0000000000000000)
         966        1000   1027.3559133847202       0.99999999999983424        253.97302989939180       0.99999748530702326        2.5146928114038798E-006   1.6575629757653587E-013   (2.31291411680974474E-006,1.87580342002213798E-020)   (7.16554613842555053E-007,4.70628018731745897E-008)             (-0.49999850071385793,0.0000000000000000)
         967        1000   1029.5605398082926       0.99999999999984268        221.40057082429138       0.99999748530703170        2.5146928114049920E-006   1.5731860258938468E-013   (3.75100956245454914E-006,3.57406850929769498E-018)  (8.38358138653640998E-007,-3.10624117570825803E-008)             (-0.49999850071386215,0.0000000000000000)
         968        1000   1031.7651662318649       0.99999999999984113        184.71073916153503       0.99999748530702881        2.5146928114062735E-006   1.5887291482385990E-013   (4.56937553587835253E-006,4.07122858468968734E-018)  (3.37116858654549741E-008,-7.80257529865259068E-008)             (-0.49999850071386071,0.0000000000000000)
         969        1000   1033.9697926554372       0.99999999999983313        146.20889197025679       0.99999748530702104        2.5146928114059517E-006   1.6686652060116103E-013   (3.88203206001939885E-006,7.70562107487978511E-019) (-7.85824798016912408E-007,-3.99160184012109634E-008)             (-0.49999850071385682,0.0000000000000000)
         970        1000   1036.1744190790096       0.99999999999982447        108.31424190937224       0.99999748530701349        2.5146928114042885E-006   1.7552626019323725E-013  (2.46046441654063792E-006,-8.09864502720762367E-018)  (-7.29132273532414422E-007,4.36580368784384849E-008)             (-0.49999850071385304,0.0000000000000000)
         971        1000   1038.3790455025819       0.99999999999982214        73.407849208985652       0.99999748530701016        2.5146928114032598E-006   1.7785772854495008E-013   (1.87381052329252422E-006,5.59884653081501031E-018)   (1.19574854477025355E-007,8.07992824121377358E-008)             (-0.49999850071385138,0.0000000000000000)
         972        1000   1040.5836719261542       0.99999999999982725        43.683010899194414       0.99999748530701615        2.5146928114040674E-006   1.7275070263167436E-013   (2.77819765406571546E-006,4.21948490114452522E-018)   (8.39418263428398699E-007,2.65719434474994568E-008)             (-0.49999850071385438,0.0000000000000000)
         973        1000   1042.7882983497266       0.99999999999983080        21.007447891311305       0.99999748530702171        2.5146928114054197E-006   1.6919798895287386E-013   (4.18025750988143810E-006,5.57616611387366179E-018)  (6.50587926177471506E-007,-5.50758360416060105E-008)             (-0.49999850071385715,0.0000000000000000)
         974        1000   1044.9929247732989       0.99999999999983902        6.8059492040098126       0.99999748530702526        2.5146928114053871E-006   1.6098233857064770E-013   (4.56088500404242878E-006,4.50981404905754367E-019) (-2.41197138604201476E-007,-7.56098737541819526E-008)             (-0.49999850071385893,0.0000000000000000)
         975        1000   1047.1975511968712       0.99999999999982969        1.9708472292724808       0.99999748530702104        2.5146928114041238E-006   1.7030821197749901E-013   (3.51902632374603696E-006,3.35503494414250431E-018) (-8.64893972555320961E-007,-1.24899036746949523E-008)             (-0.49999850071385682,0.0000000000000000)
         976        1000   1049.4021776204436       0.99999999999982458        6.8059492064332421       0.99999748530701571        2.5146928114028473E-006   1.7541523789077473E-013   (2.22434414028062335E-006,2.50728348242503155E-018)  (-5.21386547036006954E-007,6.10175911278038875E-008)             (-0.49999850071385415,0.0000000000000000)
         977        1000   1051.6068040440159       0.99999999999982780        21.007447896005612       0.99999748530701504        2.5146928114028486E-006   1.7219559111936178E-013  (2.08913854923143779E-006,-6.93341977453396205E-018)   (4.02905644115628600E-007,7.37557074740337417E-008)             (-0.49999850071385382,0.0000000000000000)
         978        1000   1053.8114304675883       0.99999999999982980        43.683010905864862       0.99999748530701793        2.5146928114043220E-006   1.7019718967503650E-013   (3.28068465655026142E-006,1.01078286375857391E-017)   (8.63589707237053197E-007,2.99442701368947667E-009)             (-0.49999850071385527,0.0000000000000000)
         979        1000   1056.0160568911606       0.99999999999983313        73.407849217212927       0.99999748530702237        2.5146928114053253E-006   1.6686652060116103E-013   (4.49289867710661177E-006,1.13970086260109966E-018)  (4.07716985574713889E-007,-7.13604898704538835E-008)             (-0.49999850071385749,0.0000000000000000)
         980        1000   1058.2206833147329       0.99999999999983658        108.31424191863955       0.99999748530702437        2.5146928114040069E-006   1.6342482922482304E-013  (4.40532380879018005E-006,-1.54424251901176727E-018) (-4.88199848221092138E-007,-6.37742369576409530E-008)             (-0.49999850071385848,0.0000000000000000)
         981        1000   1060.4253097383053       0.99999999999984257        146.20889197998133       0.99999748530703014        2.5146928114020426E-006   1.5742962489184720E-013   (3.13228985460155210E-006,1.35673807487339974E-017)  (-8.45837067059277070E-007,1.45652433360423569E-008)             (-0.49999850071386137,0.0000000000000000)
         982        1000   1062.6299361618776       0.99999999999983802        184.71073917110576       0.99999748530702504        2.5146928114020684E-006   1.6198153929281034E-013   (2.08331295871987659E-006,2.82920799951930626E-018)  (-2.81412698594886614E-007,7.46474969016167224E-008)             (-0.49999850071385882,0.0000000000000000)
         983        1000   1064.8345625854499       0.99999999999983946        221.40057083310856       0.99999748530702859        2.5146928114036939E-006   1.6053824936079764E-013   (2.40771058606366714E-006,1.33611498763555263E-018)   (6.07847104436295776E-007,5.28386354684236594E-008)             (-0.49999850071386059,0.0000000000000000)
         984        1000   1067.0391890090223       0.99999999999984346        253.97302990690187       0.99999748530703303        2.5146928114046557E-006   1.5654144647214707E-013   (3.74029417740036108E-006,4.96035991438518912E-018)  (8.25198396511712253E-007,-2.21449884149112544E-008)             (-0.49999850071386281,0.0000000000000000)
         985        1000   1069.2438154325946       0.99999999999985323        280.38146899574963       0.99999748530704302        2.5146928114037163E-006   1.4677148385544569E-013   (4.62572175576337136E-006,3.62440785553319350E-018)  (1.30406297685679499E-007,-7.17230537800344478E-008)             (-0.49999850071386781,0.0000000000000000)
         986        1000   1071.4484418561669       0.99999999999985290        298.96654874825839       0.99999748530704102        2.5146928114019969E-006   1.4710455076283324E-013   (4.10155183721877371E-006,2.25144190616092403E-019) (-7.03863771842026584E-007,-4.44196737793313062E-008)             (-0.49999850071386681,0.0000000000000000)
         987        1000   1073.6530682797393       0.99999999999985001        308.56050025243547       0.99999748530703814        2.5146928114014094E-006   1.4999113062685865E-013   (2.74392900161781372E-006,5.85737899163104050E-018)  (-7.44699370051997959E-007,3.33772887897497179E-008)             (-0.49999850071386537,0.0000000000000000)
         988        1000   1075.8576947033116       0.99999999999984635        308.56050025118572       0.99999748530703192        2.5146928114025885E-006   1.5365486660812167E-013   (2.03773452465428411E-006,1.64138235882919331E-017)   (3.62078665962059363E-009,7.58372296022804375E-008)             (-0.49999850071386226,0.0000000000000000)
         989        1000   1078.0623211268839       0.99999999999984446        298.96654874458739       0.99999748530703259        2.5146928114041276E-006   1.5554224574998443E-013   (2.75904484876765730E-006,1.01033276185919860E-018)   (7.52483748714875706E-007,2.95568257767687072E-008)             (-0.49999850071386259,0.0000000000000000)
         990        1000   1080.2669475504563       0.99999999999983979        280.38146898988850       0.99999748530702703        2.5146928114035656E-006   1.6020518245341009E-013   (4.09062687925924804E-006,1.33031171413509569E-018)  (6.72555246885931448E-007,-4.65317556624850424E-008)             (-0.49999850071385982,0.0000000000000000)
         991        1000   1082.4715739740286       0.99999999999983702        253.97302989921403       0.99999748530702814        2.5146928114015107E-006   1.6298074001497298E-013  (4.57801362051600221E-006,-2.85778523932077258E-018) (-1.52531374252343620E-007,-7.45971248661795606E-008)             (-0.49999850071386037,0.0000000000000000)
         992        1000   1084.6762003976010       0.99999999999984401        221.40057082407898       0.99999748530703036        2.5146928114009512E-006   1.5598633495983449E-013  (3.67987985082662166E-006,-3.68202494212931986E-018) (-8.09891082225258157E-007,-2.21481595315840161E-008)             (-0.49999850071386148,0.0000000000000000)
         993        1000   1086.8808268211733       0.99999999999984335        184.71073916130288       0.99999748530703259        2.5146928114022501E-006   1.5665246877460959E-013  (2.38482583877105615E-006,-1.20834060179923289E-017)  (-5.76251976316266707E-007,5.13416113356881460E-008)             (-0.49999850071386259,0.0000000000000000)
         994        1000   1089.0854532447456       0.99999999999984324        146.20889197001901       0.99999748530703103        2.5146928114031522E-006   1.5676349107707210E-013  (2.09293627125022653E-006,-6.14901099323176468E-018)   (2.87226100295794545E-007,7.09751307600646802E-008)             (-0.49999850071386182,0.0000000000000000)
         995        1000   1091.2900796683180       0.99999999999983891        108.31424190914538       0.99999748530702681        2.5146928114025339E-006   1.6109336087311021E-013   (3.11571172950519138E-006,5.33639018735579141E-018)   (8.10021855026082423E-007,1.08072188036483966E-008)             (-0.49999850071385971,0.0000000000000000)
         996        1000   1093.4947060918903       0.99999999999983691        73.407849208783944       0.99999748530702615        2.5146928114017910E-006   1.6309176231743550E-013   (4.31824792868464552E-006,4.97139252701916430E-019)  (4.50028917944822957E-007,-6.45363154343437856E-008)             (-0.49999850071385937,0.0000000000000000)
         997        1000   1095.6993325154626       0.99999999999982891        43.683010899029867       0.99999748530701904        2.5146928114014700E-006   1.7108536809473662E-013  (4.37035428850748444E-006,-1.01365963502583334E-019) (-3.90204474355123291E-007,-6.81114970546816378E-008)             (-0.49999850071385582,0.0000000000000000)
         998        1000   1097.9039589390350       0.99999999999982969        21.007447891194971       0.99999748530701926        2.5146928114009893E-006   1.7030821197749901E-013  (3.20845261721901035E-006,-1.35341320792420171E-017)  (-8.12799042080918637E-007,5.27657134243494001E-009)             (-0.49999850071385593,0.0000000000000000)
         999        1000   1100.1085853626073       0.99999999999983513        6.8059492039491820       0.99999748530702393        2.5146928114014848E-006   1.6486811915683575E-013   (2.11328206866048529E-006,4.32787185324610528E-019)  (-3.56790301204525780E-007,6.71026287479624146E-008)             (-0.49999850071385826,0.0000000000000000)
        1000        1000   1102.3132117861796       0.99999999999983769        1.9708472292713164       0.99999748530702814        2.5146928114027914E-006   1.6231460620019789E-013  (2.26287371214355547E-006,-6.54356827216075921E-018)   (5.10047992678932707E-007,5.64366359370046518E-008)             (-0.49999850071386037,0.0000000000000000)
 data/dyn__20260406_033234_4062321/                                                                                                                                                                                                                             
