  -1102.3132117858922       0.99999999999999967        1.4210738918091284     
  -1102.0927491435350       0.99999999999999967        1.4714726082465059     
  -1101.8722865011778       0.99999999999999944        1.5518044476190023     
  -1101.6518238588205       0.99999999999999933        1.6576772386312688     
  -1101.4313612164633       0.99999999999999944        1.7844907860132881     
  -1101.2108985741061       0.99999999999999911        1.9280461472729384     
  -1100.9904359317488       0.99999999999999911        2.0848071718706076     
  -1100.7699732893916       0.99999999999999922        2.2519296240841262     
  -1100.5495106470344       0.99999999999999878        2.4271799340082678     
  -1100.3290480046771       0.99999999999999889        2.6088214207290381     
  -1100.1085853623199       0.99999999999999889        2.7955052455265563     
  -1099.8881227199627       0.99999999999999878        2.9861792154002416     
  -1099.6676600776054       0.99999999999999856        3.1800162077237975     
  -1099.4471974352482       0.99999999999999845        3.3763597209560436     
  -1099.2267347928910       0.99999999999999856        3.5746830447960320     
  -1099.0062721505337       0.99999999999999845        3.7745587919074524     
  -1098.7858095081765       0.99999999999999867        3.9756361456723961     
  -1098.5653468658193       0.99999999999999878        4.1776238014794416     
  -1098.3448842234620       0.99999999999999856        4.3802771002042027     
  -1098.1244215811048       0.99999999999999845        4.5833882547400870     
  -1097.9039589387476       0.99999999999999811        4.7867788690472155     
  -1097.6834962963903       0.99999999999999800        4.9902941667091936     
  -1097.4630336540331       0.99999999999999789        5.1937985031108491     
  -1097.2425710116759       0.99999999999999811        5.3971718485866162     
  -1097.0221083693186       0.99999999999999800        5.6003070116159579     
  -1096.8016457269614       0.99999999999999778        5.8031074303493515     
  -1096.5811830846042       0.99999999999999767        6.0054854038647703     
  -1096.3607204422469       0.99999999999999778        6.2073606661447114     
  -1096.1402577998897       0.99999999999999745        6.4086592290614046     
  -1095.9197951575325       0.99999999999999756        6.6093124379588186     
  -1095.6993325151752       0.99999999999999711        6.8092561963566149     
  -1095.4788698728180       0.99999999999999700        7.0084303260421867     
  -1095.2584072304608       0.99999999999999678        7.2067780362021692     
  -1095.0379445881035       0.99999999999999689        7.4042454808818086     
  -1094.8174819457463       0.99999999999999678        7.6007813883911171     
  -1094.5970193033891       0.99999999999999667        7.7963367496252438     
  -1094.3765566610318       0.99999999999999656        7.9908645548716208     
  -1094.1560940186746       0.99999999999999667        8.1843195707150400     
  -1093.9356313763174       0.99999999999999667        8.3766581502563593     
  -1093.7151687339601       0.99999999999999656        8.5678380711310407     
  -1093.4947060916029       0.99999999999999645        8.7578183968239465     
  -1093.2742434492457       0.99999999999999634        8.9465593575854232     
  -1093.0537808068884       0.99999999999999634        9.1340222479032249     
  -1092.8333181645312       0.99999999999999634        9.3201693380099631     
  -1092.6128555221740       0.99999999999999623        9.5049637973308663     
  -1092.3923928798167       0.99999999999999589        9.6883696281242155     
  -1092.1719302374595       0.99999999999999589        9.8703516078503455     
  -1091.9514675951023       0.99999999999999589        10.050875239038517     
  -1091.7310049527450       0.99999999999999589        10.229906705613494     
  -1091.5105423103878       0.99999999999999600        10.407412834803113     
  -1091.2900796680306       0.99999999999999600        10.583361063880403     
  -1091.0696170256733       0.99999999999999600        10.757719411104629     
  -1090.8491543833161       0.99999999999999600        10.930456450317783     
  -1090.6286917409589       0.99999999999999600        11.101541288731051     
  -1090.4082290986016       0.99999999999999600        11.270943547501041     
  -1090.1877664562444       0.99999999999999589        11.438633344750782     
  -1089.9673038138872       0.99999999999999567        11.604581280737627     
  -1089.7468411715299       0.99999999999999556        11.768758424909592     
  -1089.5263785291727       0.99999999999999567        11.931136304626161     
  -1089.3059158868155       0.99999999999999534        12.091686895348053     
  -1089.0854532444582       0.99999999999999512        12.250382612125730     
  -1088.8649906021010       0.99999999999999500        12.407196302237484     
  -1088.6445279597438       0.99999999999999478        12.562101238846578     
  -1088.4240653173865       0.99999999999999456        12.715071115562582     
  -1088.2036026750293       0.99999999999999456        12.866080041805844     
  -1087.9831400326721       0.99999999999999467        13.015102538886058     
  -1087.7626773903148       0.99999999999999467        13.162113536716129     
  -1087.5422147479576       0.99999999999999478        13.307088371091545     
  -1087.3217521056004       0.99999999999999489        13.450002781473373     
  -1087.1012894632431       0.99999999999999456        13.590832909219737     
  -1086.8808268208859       0.99999999999999456        13.729555296217159     
  -1086.6603641785287       0.99999999999999423        13.866146883867575     
  -1086.4399015361714       0.99999999999999400        14.000585012392358     
  -1086.2194388938142       0.99999999999999378        14.132847420418235     
  -1085.9989762514570       0.99999999999999389        14.262912244813695     
  -1085.7785136090997       0.99999999999999367        14.390758020748047     
  -1085.5580509667425       0.99999999999999367        14.516363681947384     
  -1085.3375883243853       0.99999999999999356        14.639708561125230     
  -1085.1171256820280       0.99999999999999345        14.760772390566705     
  -1084.8966630396708       0.99999999999999312        14.879535302848149     
  -1084.6762003973136       0.99999999999999312        14.995977831675136     
  -1084.4557377549563       0.99999999999999301        15.110080912823751     
  -1084.2352751125991       0.99999999999999256        15.221825885171318     
  -1084.0148124702418       0.99999999999999234        15.331194491804004     
  -1083.7943498278846       0.99999999999999223        15.438168881190068     
  -1083.5738871855274       0.99999999999999190        15.542731608408166     
  -1083.3534245431701       0.99999999999999178        15.644865636421281     
  -1083.1329619008129       0.99999999999999156        15.744554337387880     
  -1082.9124992584557       0.99999999999999134        15.841781494002023     
  -1082.6920366160984       0.99999999999999112        15.936531300855510     
  -1082.4715739737412       0.99999999999999112        16.028788365815402     
  -1082.2511113313840       0.99999999999999101        16.118537711410713     
  -1082.0306486890267       0.99999999999999090        16.205764776222857     
  -1081.8101860466695       0.99999999999999079        16.290455416274600     
  -1081.5897234043123       0.99999999999999056        16.372595906412997     
  -1081.3692607619550       0.99999999999999056        16.452172941681955     
  -1081.1487981195978       0.99999999999999045        16.529173638680270     
  -1080.9283354772406       0.99999999999999034        16.603585536901591     
  -1080.7078728348833       0.99999999999999023        16.675396600053091     
  -1080.4874101925261       0.99999999999999023        16.744595217349410     
  -1080.2669475501689       0.99999999999999012        16.811170204779241     
  -1080.0464849078116       0.99999999999998979        16.875110806341802     
  -1079.8260222654544       0.99999999999998990        16.936406695250792     
  -1079.6055596230972       0.99999999999998990        16.995047975103443     
  -1079.3850969807399       0.99999999999998979        17.051025181012793     
  -1079.1646343383827       0.99999999999998990        17.104329280701009     
  -1078.9441716960255       0.99999999999999001        17.154951675552127     
  -1078.7237090536682       0.99999999999998990        17.202884201622595     
  -1078.5032464113110       0.99999999999998990        17.248119130607957     
  -1078.2827837689538       0.99999999999999001        17.290649170764379     
  -1078.0623211265965       0.99999999999998990        17.330467467783699     
  -1077.8418584842393       0.99999999999998979        17.367567605620970     
  -1077.6213958418821       0.99999999999999012        17.401943607272994     
  -1077.4009331995248       0.99999999999998979        17.433589935507506     
  -1077.1804705571676       0.99999999999998934        17.462501493541467     
  -1076.9600079148104       0.99999999999998923        17.488673625668053     
  -1076.7395452724531       0.99999999999998923        17.512102117831528     
  -1076.5190826300959       0.99999999999998912        17.532783198149144     
  -1076.2986199877387       0.99999999999998912        17.550713537379803     
  -1076.0781573453814       0.99999999999998901        17.565890249338668     
  -1075.8576947030242       0.99999999999998890        17.578310891257413     
  -1075.6372320606670       0.99999999999998890        17.587973464089657     
  -1075.4167694183097       0.99999999999998890        17.594876412761469     
  -1075.1963067759525       0.99999999999998856        17.599018626366238     
  -1074.9758441335953       0.99999999999998845        17.600399438304176     
  -1074.7553814912380       0.99999999999998823        17.599018626366057     
  -1074.5349188488808       0.99999999999998801        17.594876412761153     
  -1074.3144562065236       0.99999999999998801        17.587973464089220     
  -1074.0939935641663       0.99999999999998768        17.578310891256791     
  -1073.8735309218091       0.99999999999998768        17.565890249337894     
  -1073.6530682794519       0.99999999999998768        17.550713537378844     
  -1073.4326056370946       0.99999999999998768        17.532783198147996     
  -1073.2121429947374       0.99999999999998757        17.512102117830192     
  -1072.9916803523802       0.99999999999998734        17.488673625666536     
  -1072.7712177100229       0.99999999999998701        17.462501493539758     
  -1072.5507550676657       0.99999999999998690        17.433589935505630     
  -1072.3302924253085       0.99999999999998668        17.401943607270972     
  -1072.1098297829512       0.99999999999998657        17.367567605618774     
  -1071.8893671405940       0.99999999999998657        17.330467467781343     
  -1071.6689044982368       0.99999999999998646        17.290649170761824     
  -1071.4484418558795       0.99999999999998623        17.248119130605211     
  -1071.2279792135223       0.99999999999998623        17.202884201619653     
  -1071.0075165711651       0.99999999999998590        17.154951675548986     
  -1070.7870539288078       0.99999999999998601        17.104329280697677     
  -1070.5665912864506       0.99999999999998568        17.051025181009297     
  -1070.3461286440934       0.99999999999998568        16.995047975099766     
  -1070.1256660017361       0.99999999999998568        16.936406695246923     
  -1069.9052033593789       0.99999999999998557        16.875110806337759     
  -1069.6847407170217       0.99999999999998535        16.811170204775010     
  -1069.4642780746644       0.99999999999998523        16.744595217345005     
  -1069.2438154323072       0.99999999999998535        16.675396600048522     
  -1069.0233527899500       0.99999999999998546        16.603585536896855     
  -1068.8028901475927       0.99999999999998523        16.529173638675363     
  -1068.5824275052355       0.99999999999998523        16.452172941676853     
  -1068.3619648628783       0.99999999999998523        16.372595906407721     
  -1068.1415022205210       0.99999999999998523        16.290455416269126     
  -1067.9210395781638       0.99999999999998512        16.205764776217233     
  -1067.7005769358066       0.99999999999998490        16.118537711404937     
  -1067.4801142934493       0.99999999999998468        16.028788365809472     
  -1067.2596516510921       0.99999999999998457        15.936531300849429     
  -1067.0391890087349       0.99999999999998457        15.841781493995786     
  -1066.8187263663776       0.99999999999998446        15.744554337381516     
  -1066.5982637240204       0.99999999999998435        15.644865636414783     
  -1066.3778010816632       0.99999999999998457        15.542731608401494     
  -1066.1573384393059       0.99999999999998435        15.438168881183255     
  -1065.9368757969487       0.99999999999998435        15.331194491797044     
  -1065.7164131545915       0.99999999999998435        15.221825885164218     
  -1065.4959505122342       0.99999999999998401        15.110080912816517     
  -1065.2754878698770       0.99999999999998379        14.995977831667748     
  -1065.0550252275198       0.99999999999998379        14.879535302840605     
  -1064.8345625851625       0.99999999999998357        14.760772390559014     
  -1064.6140999428053       0.99999999999998324        14.639708561117377     
  -1064.3936373004481       0.99999999999998324        14.516363681939396     
  -1064.1731746580908       0.99999999999998301        14.390758020739899     
  -1063.9527120157336       0.99999999999998301        14.262912244805415     
  -1063.7322493733764       0.99999999999998290        14.132847420409817     
  -1063.5117867310191       0.99999999999998290        14.000585012383796     
  -1063.2913240886619       0.99999999999998279        13.866146883858873     
  -1063.0708614463047       0.99999999999998257        13.729555296208325     
  -1062.8503988039474       0.99999999999998224        13.590832909210782     
  -1062.6299361615902       0.99999999999998224        13.450002781464271     
  -1062.4094735192330       0.99999999999998201        13.307088371082337     
  -1062.1890108768757       0.99999999999998190        13.162113536706777     
  -1061.9685482345185       0.99999999999998146        13.015102538876578     
  -1061.7480855921613       0.99999999999998146        12.866080041796248     
  -1061.5276229498040       0.99999999999998146        12.715071115552885     
  -1061.3071603074468       0.99999999999998146        12.562101238836782     
  -1061.0866976650896       0.99999999999998135        12.407196302227566     
  -1060.8662350227323       0.99999999999998113        12.250382612115695     
  -1060.6457723803751       0.99999999999998102        12.091686895337901     
  -1060.4253097380179       0.99999999999998090        11.931136304615890     
  -1060.2048470956606       0.99999999999998079        11.768758424899207     
  -1059.9843844533034       0.99999999999998102        11.604581280727132     
  -1059.7639218109462       0.99999999999998079        11.438633344740172     
  -1059.5434591685889       0.99999999999998057        11.270943547490312     
  -1059.3229965262317       0.99999999999998046        11.101541288720245     
  -1059.1025338838745       0.99999999999998035        10.930456450306886     
  -1058.8820712415172       0.99999999999998013        10.757719411093627     
  -1058.6616085991600       0.99999999999998035        10.583361063869312     
  -1058.4411459568028       0.99999999999997979        10.407412834791938     
  -1058.2206833144455       0.99999999999998002        10.229906705602247     
  -1058.0002206720883       0.99999999999997979        10.050875239027183     
  -1057.7797580297311       0.99999999999997957        9.8703516078389377     
  -1057.5592953873738       0.99999999999997946        9.6883696281127136     
  -1057.3388327450166       0.99999999999997946        9.5049637973192684     
  -1057.1183701026594       0.99999999999997913        9.3201693379982871     
  -1056.8979074603021       0.99999999999997924        9.1340222478914761     
  -1056.6774448179449       0.99999999999997913        8.9465593575735873     
  -1056.4569821755877       0.99999999999997913        8.7578183968120378     
  -1056.2365195332304       0.99999999999997902        8.5678380711190520     
  -1056.0160568908732       0.99999999999997902        8.3766581502442801     
  -1055.7955942485160       0.99999999999997902        8.1843195707029004     
  -1055.5751316061587       0.99999999999997913        7.9908645548594466     
  -1055.3546689638015       0.99999999999997913        7.7963367496129932     
  -1055.1342063214443       0.99999999999997913        7.6007813883788122     
  -1054.9137436790870       0.99999999999997891        7.4042454808694487     
  -1054.6932810367298       0.99999999999997868        7.2067780361897480     
  -1054.4728183943726       0.99999999999997868        7.0084303260297096     
  -1054.2523557520153       0.99999999999997857        6.8092561963440881     
  -1054.0318931096581       0.99999999999997846        6.6093124379462287     
  -1053.8114304673009       0.99999999999997857        6.4086592290487649     
  -1053.5909678249436       0.99999999999997846        6.2073606661320415     
  -1053.3705051825864       0.99999999999997835        6.0054854038520666     
  -1053.1500425402292       0.99999999999997824        5.8031074303366150     
  -1052.9295798978719       0.99999999999997802        5.6003070116031983     
  -1052.7091172555147       0.99999999999997813        5.3971718485738318     
  -1052.4886546131575       0.99999999999997835        5.1937985030980434     
  -1052.2681919708002       0.99999999999997780        4.9902941666963896     
  -1052.0477293284430       0.99999999999997746        4.7867788690344115     
  -1051.8272666860857       0.99999999999997746        4.5833882547272831     
  -1051.6068040437285       0.99999999999997746        4.3802771001914094     
  -1051.3863414013713       0.99999999999997724        4.1776238014666784     
  -1051.1658787590140       0.99999999999997724        3.9756361456596760     
  -1050.9454161166568       0.99999999999997724        3.7745587918947967     
  -1050.7249534742996       0.99999999999997724        3.5746830447834532     
  -1050.5044908319423       0.99999999999997713        3.3763597209435692     
  -1050.2840281895851       0.99999999999997702        3.1800162077114580     
  -1050.0635655472279       0.99999999999997724        2.9861792153880709     
  -1049.8431029048706       0.99999999999997724        2.7955052455145832     
  -1049.6226402625134       0.99999999999997713        2.6088214207173253     
  -1049.4021776201562       0.99999999999997691        2.4271799339968871     
  -1049.1817149777989       0.99999999999997680        2.2519296240731781     
  -1048.9612523354417       0.99999999999997691        2.0848071718602026     
  -1048.7407896930845       0.99999999999997691        1.9280461472632346     
  -1048.5203270507272       0.99999999999997680        1.7844907860044787     
  -1048.2998644083700       0.99999999999997691        1.6576772386235932     
  -1048.0794017660128       0.99999999999997702        1.5518044476127371     
  -1047.8589391236555       0.99999999999997680        1.4714726082419443     
  -1047.6384764812983       0.99999999999997669        1.4210738918065247     
  -1047.4180138389411       0.99999999999997669        1.4038686652621963     
  -1047.1975511965838       0.99999999999997657        1.4210738918107653     
  -1046.9770885542266       0.99999999999997635        1.4714726082501310     
  -1046.7566259118694       0.99999999999997613        1.5518044476243769     
  -1046.5361632695121       0.99999999999997591        1.6576772386381087     
  -1046.3157006271549       0.99999999999997569        1.7844907860213177     
  -1046.0952379847977       0.99999999999997591        1.9280461472819126     
  -1045.8747753424404       0.99999999999997546        2.0848071718803269     
  -1045.6543127000832       0.99999999999997546        2.2519296240944344     
  -1045.4338500577260       0.99999999999997524        2.4271799340190352     
  -1045.2133874153687       0.99999999999997502        2.6088214207401732     
  -1044.9929247730115       0.99999999999997480        2.7955052455379845     
  -1044.7724621306543       0.99999999999997480        2.9861792154119016     
  -1044.5519994882970       0.99999999999997469        3.1800162077356324     
  -1044.3315368459398       0.99999999999997446        3.3763597209680163     
  -1044.1110742035826       0.99999999999997424        3.5746830448081157     
  -1043.8906115612253       0.99999999999997413        3.7745587919196240     
  -1043.6701489188681       0.99999999999997424        3.9756361456846352     
  -1043.4496862765109       0.99999999999997391        4.1776238014917384     
  -1043.2292236341536       0.99999999999997380        4.3802771002165404     
  -1043.0087609917964       0.99999999999997369        4.5833882547524496     
  -1042.7882983494392       0.99999999999997369        4.7867788690595985     
  -1042.5678357070819       0.99999999999997380        4.9902941667215819     
  -1042.3473730647247       0.99999999999997347        5.1937985031232241     
  -1042.1269104223675       0.99999999999997335        5.3971718485989806     
  -1041.9064477800102       0.99999999999997324        5.6003070116283000     
  -1041.6859851376530       0.99999999999997335        5.8031074303616608     
  -1041.4655224952958       0.99999999999997313        6.0054854038770591     
  -1041.2450598529385       0.99999999999997324        6.2073606661569611     
  -1041.0245972105813       0.99999999999997291        6.4086592290736046     
  -1040.8041345682241       0.99999999999997302        6.6093124379709751     
  -1040.5836719258668       0.99999999999997313        6.8092561963687315     
  -1040.3632092835096       0.99999999999997313        7.0084303260542331     
  -1040.1427466411524       0.99999999999997291        7.2067780362141534     
  -1039.9222839987951       0.99999999999997313        7.4042454808937457     
  -1039.7018213564379       0.99999999999997302        7.6007813884029796     
  -1039.4813587140807       0.99999999999997269        7.7963367496370317     
  -1039.2608960717234       0.99999999999997269        7.9908645548833483     
  -1039.0404334293662       0.99999999999997258        8.1843195707266823     
  -1038.8199707870090       0.99999999999997247        8.3766581502679323     
  -1038.5995081446517       0.99999999999997236        8.5678380711425497     
  -1038.3790455022945       0.99999999999997236        8.7578183968353862     
  -1038.1585828599373       0.99999999999997224        8.9465593575967670     
  -1037.9381202175800       0.99999999999997224        9.1340222479144995     
  -1037.7176575752228       0.99999999999997202        9.3201693380211506     
  -1037.4971949328656       0.99999999999997191        9.5049637973419525     
  -1037.2767322905083       0.99999999999997191        9.6883696281352254     
  -1037.0562696481511       0.99999999999997180        9.8703516078612683     
  -1036.8358070057939       0.99999999999997158        10.050875239049326     
  -1036.6153443634366       0.99999999999997136        10.229906705624188     
  -1036.3948817210794       0.99999999999997125        10.407412834813700     
  -1036.1744190787222       0.99999999999997125        10.583361063890882     
  -1035.9539564363649       0.99999999999997113        10.757719411115007     
  -1035.7334937940077       0.99999999999997102        10.930456450328048     
  -1035.5130311516505       0.99999999999997091        11.101541288741201     
  -1035.2925685092932       0.99999999999997080        11.270943547511065     
  -1035.0721058669360       0.99999999999997047        11.438633344760705     
  -1034.8516432245788       0.99999999999997047        11.604581280747423     
  -1034.6311805822215       0.99999999999997025        11.768758424919259     
  -1034.4107179398643       0.99999999999997002        11.931136304635698     
  -1034.1902552975071       0.99999999999996991        12.091686895357437     
  -1033.9697926551498       0.99999999999996969        12.250382612134977     
  -1033.7493300127926       0.99999999999996947        12.407196302246605     
  -1033.5288673704354       0.99999999999996969        12.562101238855576     
  -1033.3084047280781       0.99999999999996936        12.715071115571469     
  -1033.0879420857209       0.99999999999996936        12.866080041814586     
  -1032.8674794433637       0.99999999999996914        13.015102538894658     
  -1032.6470168010064       0.99999999999996891        13.162113536724590     
  -1032.4265541586492       0.99999999999996880        13.307088371099864     
  -1032.2060915162920       0.99999999999996891        13.450002781481519     
  -1031.9856288739347       0.99999999999996891        13.590832909227755     
  -1031.7651662315775       0.99999999999996902        13.729555296225044     
  -1031.5447035892203       0.99999999999996880        13.866146883875327     
  -1031.3242409468630       0.99999999999996880        14.000585012399970     
  -1031.1037783045058       0.99999999999996891        14.132847420425716     
  -1030.8833156621486       0.99999999999996869        14.262912244821040     
  -1030.6628530197913       0.99999999999996869        14.390758020755227     
  -1030.4423903774341       0.99999999999996847        14.516363681954440     
  -1030.2219277350769       0.99999999999996847        14.639708561132155     
  -1030.0014650927196       0.99999999999996836        14.760772390573505     
  -1029.7810024503624       0.99999999999996847        14.879535302854794     
  -1029.5605398080052       0.99999999999996803        14.995977831681646     
  -1029.3400771656479       0.99999999999996803        15.110080912830112     
  -1029.1196145232907       0.99999999999996803        15.221825885177532     
  -1028.8991518809335       0.99999999999996780        15.331194491810081     
  -1028.6786892385762       0.99999999999996769        15.438168881196008     
  -1028.4582265962190       0.99999999999996758        15.542731608413931     
  -1028.2377639538618       0.99999999999996747        15.644865636426923     
  -1028.0173013115045       0.99999999999996725        15.744554337393351     
  -1027.7968386691473       0.99999999999996714        15.841781494007321     
  -1027.5763760267901       0.99999999999996703        15.936531300860656     
  -1027.3559133844328       0.99999999999996692        16.028788365820404     
  -1027.1354507420756       0.99999999999996680        16.118537711415595     
  -1026.9149880997184       0.99999999999996658        16.205764776227589     
  -1026.6945254573611       0.99999999999996658        16.290455416279151     
  -1026.4740628150039       0.99999999999996647        16.372595906417406     
  -1026.2536001726467       0.99999999999996625        16.452172941686229     
  -1026.0331375302894       0.99999999999996625        16.529173638684391     
  -1025.8126748879322       0.99999999999996636        16.603585536905555     
  -1025.5922122455750       0.99999999999996647        16.675396600056892     
  -1025.3717496032177       0.99999999999996669        16.744595217353048     
  -1025.1512869608605       0.99999999999996669        16.811170204782719     
  -1024.9308243185033       0.99999999999996692        16.875110806345116     
  -1024.7103616761460       0.99999999999996703        16.936406695253950     
  -1024.4898990337888       0.99999999999996669        16.995047975106463     
  -1024.2694363914316       0.99999999999996658        17.051025181015667     
  -1024.0489737490743       0.99999999999996647        17.104329280703695     
  -1023.8285111067171       0.99999999999996636        17.154951675554639     
  -1023.6080484643599       0.99999999999996636        17.202884201624947     
  -1023.3875858220026       0.99999999999996636        17.248119130610160     
  -1023.1671231796454       0.99999999999996603        17.290649170766429     
  -1022.9466605372882       0.99999999999996603        17.330467467785581     
  -1022.7261978949309       0.99999999999996603        17.367567605622682     
  -1022.5057352525737       0.99999999999996581        17.401943607274553     
  -1022.2852726102165       0.99999999999996581        17.433589935508877     
  -1022.0648099678592       0.99999999999996547        17.462501493542664     
  -1021.8443473255020       0.99999999999996547        17.488673625669083     
  -1021.6238846831448       0.99999999999996503        17.512102117832370     
  -1021.4034220407875       0.99999999999996481        17.532783198149822     
  -1021.1829593984303       0.99999999999996469        17.550713537380314     
  -1020.9624967560731       0.99999999999996469        17.565890249339024     
  -1020.7420341137158       0.99999999999996458        17.578310891257598     
  -1020.5215714713586       0.99999999999996492        17.587973464089689     
  -1020.3011088290014       0.99999999999996481        17.594876412761309     
  -1020.0806461866441       0.99999999999996447        17.599018626365901     
  -1019.8601835442869       0.99999999999996458        17.600399438303672     
  -1019.6397209019296       0.99999999999996458        17.599018626365400     
  -1019.4192582595724       0.99999999999996425        17.594876412760311     
  -1019.1987956172152       0.99999999999996414        17.587973464088183     
  -1018.9783329748579       0.99999999999996414        17.578310891255590     
  -1018.7578703325007       0.99999999999996403        17.565890249336530     
  -1018.5374076901435       0.99999999999996403        17.550713537377316     
  -1018.3169450477862       0.99999999999996425        17.532783198146287     
  -1018.0964824054290       0.99999999999996403        17.512102117828288     
  -1017.8760197630718       0.99999999999996392        17.488673625664479     
  -1017.6555571207145       0.99999999999996392        17.462501493537520     
  -1017.4350944783573       0.99999999999996370        17.433589935503232     
  -1017.2146318360001       0.99999999999996358        17.401943607268372     
  -1016.9941691936428       0.99999999999996347        17.367567605615992     
  -1016.7737065512856       0.99999999999996358        17.330467467778416     
  -1016.5532439089284       0.99999999999996347        17.290649170758741     
  -1016.3327812665711       0.99999999999996347        17.248119130601992     
  -1016.1123186242139       0.99999999999996347        17.202884201616278     
  -1015.8918559818567       0.99999999999996336        17.154951675545462     
  -1015.6713933394994       0.99999999999996325        17.104329280694003     
  -1015.4509306971422       0.99999999999996336        17.051025181005450     
  -1015.2304680547850       0.99999999999996303        16.995047975095765     
  -1015.0100054124277       0.99999999999996292        16.936406695242763     
  -1014.7895427700705       0.99999999999996314        16.875110806333431     
  -1014.5690801277133       0.99999999999996314        16.811170204770516     
  -1014.3486174853560       0.99999999999996292        16.744595217340365     
  -1014.1281548429988       0.99999999999996314        16.675396600043719     
  -1013.9076922006416       0.99999999999996303        16.603585536891863     
  -1013.6872295582843       0.99999999999996292        16.529173638670205     
  -1013.4667669159271       0.99999999999996281        16.452172941671570     
  -1013.2463042735699       0.99999999999996259        16.372595906402260     
  -1013.0258416312126       0.99999999999996270        16.290455416263534     
  -1012.8053789888554       0.99999999999996259        16.205764776211478     
  -1012.5849163464982       0.99999999999996270        16.118537711399025     
  -1012.3644537041409       0.99999999999996292        16.028788365803400     
  -1012.1439910617837       0.99999999999996270        15.936531300843214     
  -1011.9235284194265       0.99999999999996259        15.841781493989435     
  -1011.7030657770692       0.99999999999996247        15.744554337375018     
  -1011.4826031347120       0.99999999999996236        15.644865636408126     
  -1011.2621404923548       0.99999999999996225        15.542731608394710     
  -1011.0416778499975       0.99999999999996236        15.438168881176329     
  -1010.8212152076403       0.99999999999996203        15.331194491789999     
  -1010.6007525652831       0.99999999999996159        15.221825885157035     
  -1010.3802899229258       0.99999999999996159        15.110080912809220     
  -1010.1598272805686       0.99999999999996148        14.995977831660326     
  -1009.9393646382114       0.99999999999996114        14.879535302833037     
  -1009.7189019958541       0.99999999999996103        14.760772390551317     
  -1009.4984393534969       0.99999999999996070        14.639708561109545     
  -1009.2779767111397       0.99999999999996070        14.516363681931425     
  -1009.0575140687824       0.99999999999996059        14.390758020731807     
  -1008.8370514264252       0.99999999999996048        14.262912244797189     
  -1008.6165887840680       0.99999999999996014        14.132847420401466     
  -1008.3961261417107       0.99999999999996025        14.000585012375328     
  -1008.1756634993535       0.99999999999995992        13.866146883850288     
  -1007.9552008569963       0.99999999999996003        13.729555296199610     
  -1007.7347382146390       0.99999999999995992        13.590832909201945     
  -1007.5142755722818       0.99999999999995970        13.450002781455328     
  -1007.2938129299246       0.99999999999995959        13.307088371073272     
  -1007.0733502875673       0.99999999999995970        13.162113536697598     
  -1006.8528876452101       0.99999999999995959        13.015102538867261     
  -1006.6324250028529       0.99999999999995948        12.866080041786811     
  -1006.4119623604956       0.99999999999995937        12.715071115543322     
  -1006.1914997181384       0.99999999999995948        12.562101238827090     
  -1005.9710370757812       0.99999999999995925        12.407196302217754     
  -1005.7505744334239       0.99999999999995925        12.250382612105748     
  -1005.5301117910667       0.99999999999995937        12.091686895327836     
  -1005.3096491487095       0.99999999999995937        11.931136304605735     
  -1005.0891865063522       0.99999999999995948        11.768758424888947     
  -1004.8687238639950       0.99999999999995959        11.604581280716765     
  -1004.6482612216378       0.99999999999995937        11.438633344729704     
  -1004.4277985792805       0.99999999999995925        11.270943547479748     
  -1004.2073359369233       0.99999999999995937        11.101541288709573     
  -1003.9868732945661       0.99999999999995925        10.930456450296125     
  -1003.7664106522088       0.99999999999995914        10.757719411082789     
  -1003.5459480098516       0.99999999999995903        10.583361063858380     
  -1003.3254853674944       0.99999999999995870        10.407412834780901     
  -1003.1050227251371       0.99999999999995870        10.229906705591100     
  -1002.8845600827799       0.99999999999995870        10.050875239015948     
  -1002.6640974404227       0.99999999999995837        9.8703516078276117     
  -1002.4436347980654       0.99999999999995826        9.6883696281013023     
  -1002.2231721557082       0.99999999999995848        9.5049637973077630     
  -1002.0027095133510       0.99999999999995826        9.3201693379866839     
  -1001.7822468709937       0.99999999999995814        9.1340222478797894     
  -1001.5617842286365       0.99999999999995814        8.9465593575618296     
  -1001.3413215862793       0.99999999999995837        8.7578183968001895     
  -1001.1208589439220       0.99999999999995826        8.5678380711071433     
  -1000.9003963015648       0.99999999999995837        8.3766581502323181     
  -1000.6799336592076       0.99999999999995826        8.1843195706908496     
  -1000.4594710168503       0.99999999999995814        7.9908645548473061     
  -1000.2390083744931       0.99999999999995814        7.7963367496007887     
  -1000.0185457321359       0.99999999999995792        7.6007813883665394     
  -999.79808308977863       0.99999999999995792        7.4042454808571199     
  -999.57762044742140       0.99999999999995770        7.2067780361773739     
  -999.35715780506416       0.99999999999995759        7.0084303260172813     
  -999.13669516270693       0.99999999999995737        6.8092561963316074     
  -998.91623252034969       0.99999999999995703        6.6093124379337249     
  -998.69576987799246       0.99999999999995692        6.4086592290362274     
  -998.47530723563523       0.99999999999995692        6.2073606661194694     
  -998.25484459327799       0.99999999999995681        6.0054854038394527     
  -998.03438195092076       0.99999999999995681        5.8031074303239700     
  -997.81391930856353       0.99999999999995681        5.6003070115905373     
  -997.59345666620629       0.99999999999995670        5.3971718485611548     
  -997.37299402384906       0.99999999999995648        5.1937985030853646     
  -997.15253138149183       0.99999999999995626        4.9902941666836993     
  -996.93206873913459       0.99999999999995604        4.7867788690217150     
  -996.71160609677736       0.99999999999995604        4.5833882547145972     
  -996.49114345442013       0.99999999999995559        4.3802771001787475     
  -996.27068081206289       0.99999999999995559        4.1776238014540388     
  -996.05021816970566       0.99999999999995537        3.9756361456470839     
  -995.82975552734842       0.99999999999995537        3.7745587918822618     
  -995.60929288499119       0.99999999999995526        3.5746830447709970     
  -995.38883024263396       0.99999999999995559        3.3763597209312133     
  -995.16836760027672       0.99999999999995526        3.1800162076992247     
  -994.94790495791949       0.99999999999995492        2.9861792153759934     
  -994.72744231556226       0.99999999999995481        2.7955052455027194     
  -994.50697967320502       0.99999999999995470        2.6088214207057199     
  -994.28651703084779       0.99999999999995459        2.4271799339856148     
  -994.06605438849056       0.99999999999995448        2.2519296240623263     
  -993.84559174613332       0.99999999999995448        2.0848071718498935     
  -993.62512910377609       0.99999999999995459        1.9280461472536197     
  -993.40466646141886       0.99999999999995448        1.7844907859957546     
  -993.18420381906162       0.99999999999995448        1.6576772386159953     
  -992.96374117670439       0.99999999999995437        1.5518044476065429     
  -992.74327853434716       0.99999999999995426        1.4714726082374388     
  -992.52281589198992       0.99999999999995448        1.4210738918039600     
  -992.30235324963269       0.99999999999995448        1.4038686652617283     
  -992.08189060727545       0.99999999999995426        1.4210738918124042     
  -991.86142796491822       0.99999999999995426        1.4714726082537419     
  -991.64096532256099       0.99999999999995437        1.5518044476297197     
  -991.42050268020375       0.99999999999995448        1.6576772386449028     
  -991.20004003784652       0.99999999999995459        1.7844907860292882     
  -990.97957739548929       0.99999999999995470        1.9280461472908230     
  -990.75911475313205       0.99999999999995448        2.0848071718899770     
  -990.53865211077482       0.99999999999995459        2.2519296241046685     
  -990.31818946841759       0.99999999999995437        2.4271799340297289     
  -990.09772682606035       0.99999999999995415        2.6088214207512315     
  -989.87726418370312       0.99999999999995393        2.7955052455493377     
  -989.65680154134589       0.99999999999995415        2.9861792154234905     
  -989.43633889898865       0.99999999999995404        3.1800162077474057     
  -989.21587625663142       0.99999999999995393        3.3763597209799374     
  -988.99541361427418       0.99999999999995404        3.5746830448201492     
  -988.77495097191695       0.99999999999995404        3.7745587919317520     
  -988.55448832955972       0.99999999999995381        3.9756361456968303     
  -988.33402568720248       0.99999999999995393        4.1776238015039802     
  -988.11356304484525       0.99999999999995370        4.3802771002288186     
  -987.89310040248802       0.99999999999995359        4.5833882547647615     
  -987.67263776013078       0.99999999999995359        4.7867788690719291     
  -987.45217511777355       0.99999999999995348        4.9902941667339205     
  -987.23171247541632       0.99999999999995348        5.1937985031355600     
  -987.01124983305908       0.99999999999995337        5.3971718486113032     
  -986.79078719070185       0.99999999999995315        5.6003070116406075     
  -986.57032454834462       0.99999999999995282        5.8031074303739558     
  -986.34986190598738       0.99999999999995237        6.0054854038893177     
  -986.12939926363015       0.99999999999995226        6.2073606661691851     
  -985.90893662127291       0.99999999999995215        6.4086592290857949     
  -985.68847397891568       0.99999999999995215        6.6093124379831245     
  -985.46801133655845       0.99999999999995226        6.8092561963808480     
  -985.24754869420121       0.99999999999995237        7.0084303260663194     
  -985.02708605184398       0.99999999999995237        7.2067780362261944     
  -984.80662340948675       0.99999999999995215        7.4042454809057210     
  -984.58616076712951       0.99999999999995215        7.6007813884149034     
  -984.36569812477228       0.99999999999995204        7.7963367496488969     
  -984.14523548241505       0.99999999999995171        7.9908645548951434     
  -983.92477284005781       0.99999999999995159        8.1843195707383973     
  -983.70431019770058       0.99999999999995148        8.3766581502795709     
  -983.48384755534335       0.99999999999995104        8.5678380711541084     
  -983.26338491298611       0.99999999999995093        8.7578183968468739     
  -983.04292227062888       0.99999999999995093        8.9465593576081925     
  -982.82245962827164       0.99999999999995104        9.1340222479258379     
  -982.60199698591441       0.99999999999995060        9.3201693380324091     
  -982.38153434355718       0.99999999999995037        9.5049637973531524     
  -982.16107170119994       0.99999999999995026        9.6883696281463365     
  -981.94060905884271       0.99999999999995037        9.8703516078722799     
  -981.72014641648548       0.99999999999995015        10.050875239060243     
  -981.49968377412824       0.99999999999995004        10.229906705635022     
  -981.27922113177101       0.99999999999994993        10.407412834824433     
  -981.05875848941378       0.99999999999994993        10.583361063901515     
  -980.83829584705654       0.99999999999994982        10.757719411125516     
  -980.61783320469931       0.99999999999994982        10.930456450338445     
  -980.39737056234208       0.99999999999994993        11.101541288751481     
  -980.17690791998484       0.99999999999994993        11.270943547521245     
  -979.95644527762761       0.99999999999994982        11.438633344770768     
  -979.73598263527037       0.99999999999994982        11.604581280757396     
  -979.51551999291314       0.99999999999994982        11.768758424929151     
  -979.29505735055591       0.99999999999994971        11.931136304645483     
  -979.07459470819867       0.99999999999994971        12.091686895367134     
  -978.85413206584144       0.99999999999994982        12.250382612144588     
  -978.63366942348421       0.99999999999994982        12.407196302256116     
  -978.41320678112697       0.99999999999994982        12.562101238864997     
  -978.19274413876974       0.99999999999994960        12.715071115580752     
  -977.97228149641251       0.99999999999994982        12.866080041823764     
  -977.75181885405527       0.99999999999994993        13.015102538903706     
  -977.53135621169804       0.99999999999994993        13.162113536733520     
  -977.31089356934081       0.99999999999994982        13.307088371108707     
  -977.09043092698357       0.99999999999994993        13.450002781490255     
  -976.86996828462634       0.99999999999995004        13.590832909236356     
  -976.64950564226911       0.99999999999995004        13.729555296233515     
  -976.42904299991187       0.99999999999995015        13.866146883883644     
  -976.20858035755464       0.99999999999995026        14.000585012408152     
  -975.98811771519740       0.99999999999994993        14.132847420433761     
  -975.76765507284017       0.99999999999994982        14.262912244828950     
  -975.54719243048294       0.99999999999994948        14.390758020763011     
  -975.32672978812570       0.99999999999994937        14.516363681962076     
  -975.10626714576847       0.99999999999994937        14.639708561139654     
  -974.88580450341124       0.99999999999994915        14.760772390580840     
  -974.66534186105400       0.99999999999994893        14.879535302861996     
  -974.44487921869677       0.99999999999994871        14.995977831688711     
  -974.22441657633954       0.99999999999994860        15.110080912837027     
  -974.00395393398230       0.99999999999994860        15.221825885184279     
  -973.78349129162507       0.99999999999994849        15.331194491816651     
  -973.56302864926784       0.99999999999994849        15.438168881202422     
  -973.34256600691060       0.99999999999994849        15.542731608420214     
  -973.12210336455337       0.99999999999994826        15.644865636433035     
  -972.90164072219613       0.99999999999994804        15.744554337399320     
  -972.68117807983890       0.99999999999994782        15.841781494013132     
  -972.46071543748167       0.99999999999994793        15.936531300866291     
  -972.24025279512443       0.99999999999994782        16.028788365825875     
  -972.01979015276720       0.99999999999994749        16.118537711420888     
  -971.79932751040997       0.99999999999994749        16.205764776232712     
  -971.57886486805273       0.99999999999994726        16.290455416284136     
  -971.35840222569550       0.99999999999994693        16.372595906422241     
  -971.13793958333827       0.99999999999994660        16.452172941690911     
  -970.91747694098103       0.99999999999994627        16.529173638688910     
  -970.69701429862380       0.99999999999994638        16.603585536909918     
  -970.47655165626657       0.99999999999994615        16.675396600061084     
  -970.25608901390933       0.99999999999994627        16.744595217357070     
  -970.03562637155210       0.99999999999994615        16.811170204786578     
  -969.81516372919486       0.99999999999994615        16.875110806348811     
  -969.59470108683763       0.99999999999994593        16.936406695257478     
  -969.37423844448040       0.99999999999994593        16.995047975109784     
  -969.15377580212316       0.99999999999994571        17.051025181018801     
  -968.93331315976593       0.99999999999994582        17.104329280706676     
  -968.71285051740870       0.99999999999994571        17.154951675557470     
  -968.49238787505146       0.99999999999994560        17.202884201627601     
  -968.27192523269423       0.99999999999994560        17.248119130612650     
  -968.05146259033700       0.99999999999994560        17.290649170768742     
  -967.83099994797976       0.99999999999994527        17.330467467787752     
  -967.61053730562253       0.99999999999994515        17.367567605624664     
  -967.39007466326530       0.99999999999994527        17.401943607276365     
  -967.16961202090806       0.99999999999994538        17.433589935510508     
  -966.94914937855083       0.99999999999994515        17.462501493544114     
  -966.72868673619359       0.99999999999994515        17.488673625670359     
  -966.50822409383636       0.99999999999994527        17.512102117833486     
  -966.28776145147913       0.99999999999994515        17.532783198150764     
  -966.06729880912189       0.99999999999994538        17.550713537381093     
  -965.84683616676466       0.99999999999994549        17.565890249339628     
  -965.62637352440743       0.99999999999994527        17.578310891258013     
  -965.40591088205019       0.99999999999994538        17.587973464089920     
  -965.18544823969296       0.99999999999994560        17.594876412761383     
  -964.96498559733573       0.99999999999994538        17.599018626365783     
  -964.74452295497849       0.99999999999994515        17.600399438303374     
  -964.52406031262126       0.99999999999994504        17.599018626364920     
  -964.30359767026403       0.99999999999994482        17.594876412759650     
  -964.08313502790679       0.99999999999994460        17.587973464087383     
  -963.86267238554956       0.99999999999994460        17.578310891254635     
  -963.64220974319232       0.99999999999994449        17.565890249335393     
  -963.42174710083509       0.99999999999994427        17.550713537376016     
  -963.20128445847786       0.99999999999994416        17.532783198144841     
  -962.98082181612062       0.99999999999994393        17.512102117826721     
  -962.76035917376339       0.99999999999994360        17.488673625662720     
  -962.53989653140616       0.99999999999994349        17.462501493535605     
  -962.31943388904892       0.99999999999994349        17.433589935501164     
  -962.09897124669169       0.99999999999994338        17.401943607266148     
  -961.87850860433446       0.99999999999994305        17.367567605613594     
  -961.65804596197722       0.99999999999994271        17.330467467775797     
  -961.43758331961999       0.99999999999994227        17.290649170755952     
  -961.21712067726276       0.99999999999994227        17.248119130599012     
  -960.99665803490552       0.99999999999994227        17.202884201613124     
  -960.77619539254829       0.99999999999994205        17.154951675542129     
  -960.55573275019105       0.99999999999994194        17.104329280690500     
  -960.33527010783382       0.99999999999994171        17.051025181001780     
  -960.11480746547659       0.99999999999994149        16.995047975091904     
  -959.89434482311935       0.99999999999994149        16.936406695238730     
  -959.67388218076212       0.99999999999994138        16.875110806329236     
  -959.45341953840489       0.99999999999994094        16.811170204766189     
  -959.23295689604765       0.99999999999994083        16.744595217335867     
  -959.01249425369042       0.99999999999994094        16.675396600039043     
  -958.79203161133319       0.99999999999994083        16.603585536887067     
  -958.57156896897595       0.99999999999994083        16.529173638665245     
  -958.35110632661872       0.99999999999994038        16.452172941666451     
  -958.13064368426149       0.99999999999994038        16.372595906396995     
  -957.91018104190425       0.99999999999994027        16.290455416258112     
  -957.68971839954702       0.99999999999994027        16.205764776205907     
  -957.46925575718979       0.99999999999994016        16.118537711393301     
  -957.24879311483255       0.99999999999993971        16.028788365797492     
  -957.02833047247532       0.99999999999993960        15.936531300837146     
  -956.80786783011808       0.99999999999993949        15.841781493983213     
  -956.58740518776085       0.99999999999993927        15.744554337368660     
  -956.36694254540362       0.99999999999993927        15.644865636401624     
  -956.14647990304638       0.99999999999993905        15.542731608388074     
  -955.92601726068915       0.99999999999993905        15.438168881169542     
  -955.70555461833192       0.99999999999993905        15.331194491783043     
  -955.48509197597468       0.99999999999993894        15.221825885149928     
  -955.26462933361745       0.99999999999993872        15.110080912801958     
  -955.04416669126022       0.99999999999993872        14.995977831652903     
  -954.82370404890298       0.99999999999993872        14.879535302825479     
  -954.60324140654575       0.99999999999993860        14.760772390543604     
  -954.38277876418852       0.99999999999993838        14.639708561101717     
  -954.16231612183128       0.99999999999993827        14.516363681923441     
  -953.94185347947405       0.99999999999993827        14.390758020723679     
  -953.72139083711681       0.99999999999993816        14.262912244788927     
  -953.50092819475958       0.99999999999993794        14.132847420393050     
  -953.28046555240235       0.99999999999993783        14.000585012366772     
  -953.06000291004511       0.99999999999993761        13.866146883841587     
  -952.83954026768788       0.99999999999993749        13.729555296190776     
  -952.61907762533065       0.99999999999993749        13.590832909192956     
  -952.39861498297341       0.99999999999993749        13.450002781446207     
  -952.17815234061618       0.99999999999993738        13.307088371064005     
  -951.95768969825895       0.99999999999993761        13.162113536688224     
  -951.73722705590171       0.99999999999993749        13.015102538857775     
  -951.51676441354448       0.99999999999993716        12.866080041777204     
  -951.29630177118725       0.99999999999993738        12.715071115533584     
  -951.07583912883001       0.99999999999993727        12.562101238817226     
  -950.85537648647278       0.99999999999993716        12.407196302207774     
  -950.63491384411554       0.99999999999993738        12.250382612095668     
  -950.41445120175831       0.99999999999993738        12.091686895317658     
  -950.19398855940108       0.99999999999993738        11.931136304595425     
  -949.97352591704384       0.99999999999993705        11.768758424878511     
  -949.75306327468661       0.99999999999993716        11.604581280706197     
  -949.53260063232938       0.99999999999993716        11.438633344719024     
  -949.31213798997214       0.99999999999993727        11.270943547468960     
  -949.09167534761491       0.99999999999993716        11.101541288698668     
  -948.87121270525768       0.99999999999993694        10.930456450285090     
  -948.65075006290044       0.99999999999993705        10.757719411071648     
  -948.43028742054321       0.99999999999993683        10.583361063847143     
  -948.20982477818598       0.99999999999993672        10.407412834769552     
  -947.98936213582874       0.99999999999993672        10.229906705579651     
  -947.76889949347151       0.99999999999993661        10.050875239004423     
  -947.54843685111427       0.99999999999993661        9.8703516078159996     
  -947.32797420875704       0.99999999999993661        9.6883696280896050     
  -947.10751156639981       0.99999999999993627        9.5049637972960195     
  -946.88704892404257       0.99999999999993627        9.3201693379748658     
  -946.66658628168534       0.99999999999993616        9.1340222478678843     
  -946.44612363932811       0.99999999999993605        8.9465593575498463     
  -946.22566099697087       0.99999999999993583        8.7578183967881493     
  -946.00519835461364       0.99999999999993572        8.5678380710949966     
  -945.78473571225641       0.99999999999993527        8.3766581502200967     
  -945.56427306989917       0.99999999999993516        8.1843195706785696     
  -945.34381042754194       0.99999999999993505        7.9908645548349213     
  -945.12334778518471       0.99999999999993505        7.7963367495883462     
  -944.90288514282747       0.99999999999993461        7.6007813883540400     
  -944.68242250047024       0.99999999999993450        7.4042454808445530     
  -944.46195985811300       0.99999999999993439        7.2067780361647378     
  -944.24149721575577       0.99999999999993461        7.0084303260045946     
  -944.02103457339854       0.99999999999993450        6.8092561963188718     
  -943.80057193104130       0.99999999999993427        6.6093124379209272     
  -943.58010928868407       0.99999999999993405        6.4086592290233932     
  -943.35964664632684       0.99999999999993405        6.2073606661065961     
  -943.13918400396960       0.99999999999993394        6.0054854038265564     
  -942.91872136161237       0.99999999999993383        5.8031074303110604     
  -942.69825871925514       0.99999999999993372        5.6003070115775992     
  -942.47779607689790       0.99999999999993372        5.3971718485481972     
  -942.25733343454067       0.99999999999993361        5.1937985030723990     
  -942.03687079218344       0.99999999999993350        4.9902941666707230     
  -941.81640814982620       0.99999999999993328        4.7867788690087378     
  -941.59594550746897       0.99999999999993350        4.5833882547016236     
  -941.37548286511174       0.99999999999993361        4.3802771001657907     
  -941.15502022275450       0.99999999999993350        4.1776238014411202     
  -940.93455758039727       0.99999999999993339        3.9756361456341947     
  -940.71409493804003       0.99999999999993316        3.7745587918694308     
  -940.49363229568280       0.99999999999993316        3.5746830447582352     
  -940.27316965332557       0.99999999999993305        3.3763597209185452     
  -940.05270701096833       0.99999999999993316        3.1800162076866845     
  -939.83224436861110       0.99999999999993294        2.9861792153636229     
  -939.61178172625387       0.99999999999993283        2.7955052454905531     
  -939.39131908389663       0.99999999999993283        2.6088214206938094     
  -939.17085644153940       0.99999999999993283        2.4271799339740312     
  -938.95039379918217       0.99999999999993250        2.2519296240511637     
  -938.72993115682493       0.99999999999993261        2.0848071718392664     
  -938.50946851446770       0.99999999999993250        1.9280461472436823     
  -938.28900587211047       0.99999999999993250        1.7844907859867032     
  -938.06854322975323       0.99999999999993228        1.6576772386080703     
  -937.84808058739600       0.99999999999993261        1.5518044476000248     
  -937.62761794503876       0.99999999999993261        1.4714726082326186     
  -937.40715530268153       0.99999999999993250        1.4210738918010977     
  -937.18669266032430       0.99999999999993239        1.4038686652609860     
  -936.96623001796706       0.99999999999993250        1.4210738918137977     
  -936.74576737560983       0.99999999999993228        1.4714726082571392     
  -936.52530473325260       0.99999999999993217        1.5518044476348833     
  -936.30484209089536       0.99999999999993194        1.6576772386515504     
  -936.08437944853813       0.99999999999993183        1.7844907860371411     
  -935.86391680618090       0.99999999999993172        1.9280461472996389     
  -935.64345416382366       0.99999999999993183        2.0848071718995542     
  -935.42299152146643       0.99999999999993161        2.2519296241148501     
  -935.20252887910920       0.99999999999993172        2.4271799340403848     
  -934.98206623675196       0.99999999999993161        2.6088214207622626     
  -934.76160359439473       0.99999999999993172        2.7955052455606677     
  -934.54114095203749       0.99999999999993139        2.9861792154350573     
  -934.32067830968026       0.99999999999993094        3.1800162077591705     
  -934.10021566732303       0.99999999999993094        3.3763597209918559     
  -933.87975302496579       0.99999999999993072        3.5746830448321925     
  -933.65929038260856       0.99999999999993061        3.7745587919438877     
  -933.43882774025133       0.99999999999993039        3.9756361457090375     
  -933.21836509789409       0.99999999999993006        4.1776238015162486     
  -932.99790245553686       0.99999999999992994        4.3802771002411225     
  -932.77743981317963       0.99999999999992983        4.5833882547770921     
  -932.55697717082239       0.99999999999993006        4.7867788690842792     
  -932.33651452846516       0.99999999999992972        4.9902941667462812     
  -932.11605188610793       0.99999999999992950        5.1937985031479270     
  -931.89558924375069       0.99999999999992939        5.3971718486236657     
  -931.67512660139346       0.99999999999992939        5.6003070116529603     
  -931.45466395903622       0.99999999999992928        5.8031074303862811     
  -931.23420131667899       0.99999999999992917        6.0054854039016226     
  -931.01373867432176       0.99999999999992917        6.2073606661814580     
  -930.79327603196452       0.99999999999992928        6.4086592290980358     
  -930.57281338960729       0.99999999999992928        6.6093124379953272     
  -930.35235074725006       0.99999999999992917        6.8092561963929930     
  -930.13188810489282       0.99999999999992917        7.0084303260784084     
  -929.91142546253559       0.99999999999992906        7.2067780362382328     
  -929.69096282017836       0.99999999999992906        7.4042454809177025     
  -929.47050017782112       0.99999999999992906        7.6007813884268138     
  -929.25003753546389       0.99999999999992872        7.7963367496607425     
  -929.02957489310666       0.99999999999992850        7.9908645549069250     
  -928.80911225074942       0.99999999999992839        8.1843195707501497     
  -928.58864960839219       0.99999999999992839        8.3766581502912523     
  -928.36818696603495       0.99999999999992850        8.5678380711657098     
  -928.14772432367772       0.99999999999992828        8.7578183968583900     
  -927.92726168132049       0.99999999999992817        8.9465593576196181     
  -927.70679903896325       0.99999999999992817        9.1340222479371942     
  -927.48633639660602       0.99999999999992817        9.3201693380436748     
  -927.26587375424879       0.99999999999992817        9.5049637973643186     
  -927.04541111189155       0.99999999999992795        9.6883696281574085     
  -926.82494846953432       0.99999999999992795        9.8703516078832667     
  -926.60448582717709       0.99999999999992761        10.050875239071150     
  -926.38402318481985       0.99999999999992750        10.229906705645833     
  -926.16356054246262       0.99999999999992717        10.407412834835126     
  -925.94309790010539       0.99999999999992717        10.583361063912111     
  -925.72263525774815       0.99999999999992695        10.757719411136014     
  -925.50217261539092       0.99999999999992684        10.930456450348840     
  -925.28170997303368       0.99999999999992673        11.101541288761791     
  -925.06124733067645       0.99999999999992673        11.270943547531434     
  -924.84078468831922       0.99999999999992673        11.438633344780852     
  -924.62032204596198       0.99999999999992673        11.604581280767363     
  -924.39985940360475       0.99999999999992684        11.768758424938985     
  -924.17939676124752       0.99999999999992661        11.931136304655208     
  -923.95893411889028       0.99999999999992628        12.091686895376737     
  -923.73847147653305       0.99999999999992617        12.250382612154043     
  -923.51800883417582       0.99999999999992606        12.407196302265433     
  -923.29754619181858       0.99999999999992584        12.562101238874172     
  -923.07708354946135       0.99999999999992573        12.715071115589788     
  -922.85662090710412       0.99999999999992562        12.866080041832660     
  -922.63615826474688       0.99999999999992550        13.015102538912471     
  -922.41569562238965       0.99999999999992550        13.162113536742147     
  -922.19523298003242       0.99999999999992539        13.307088371117192     
  -921.97477033767518       0.99999999999992528        13.450002781498613     
  -921.75430769531795       0.99999999999992506        13.590832909244575     
  -921.53384505296071       0.99999999999992495        13.729555296241584     
  -921.31338241060348       0.99999999999992495        13.866146883891583     
  -921.09291976824625       0.99999999999992484        14.000585012415968     
  -920.87245712588901       0.99999999999992462        14.132847420441415     
  -920.65199448353178       0.99999999999992439        14.262912244836469     
  -920.43153184117455       0.99999999999992428        14.390758020770395     
  -920.21106919881731       0.99999999999992417        14.516363681969318     
  -919.99060655646008       0.99999999999992428        14.639708561146742     
  -919.77014391410285       0.99999999999992417        14.760772390587794     
  -919.54968127174561       0.99999999999992395        14.879535302868826     
  -919.32921862938838       0.99999999999992384        14.995977831695409     
  -919.10875598703115       0.99999999999992384        15.110080912843598     
  -918.88829334467391       0.99999999999992384        15.221825885190704     
  -918.66783070231668       0.99999999999992395        15.331194491822961     
  -918.44736805995944       0.99999999999992384        15.438168881208586     
  -918.22690541760221       0.99999999999992373        15.542731608426227     
  -918.00644277524498       0.99999999999992395        15.644865636438903     
  -917.78598013288774       0.99999999999992384        15.744554337405054     
  -917.56551749053051       0.99999999999992351        15.841781494018687     
  -917.34505484817328       0.99999999999992351        15.936531300871694     
  -917.12459220581604       0.99999999999992351        16.028788365831126     
  -916.90412956345881       0.99999999999992317        16.118537711425997     
  -916.68366692110158       0.99999999999992284        16.205764776237658     
  -916.46320427874434       0.99999999999992273        16.290455416288907     
  -916.24274163638711       0.99999999999992284        16.372595906426842     
  -916.02227899402988       0.99999999999992273        16.452172941695352     
  -915.80181635167264       0.99999999999992240        16.529173638693180     
  -915.58135370931541       0.99999999999992228        16.603585536914036     
  -915.36089106695817       0.99999999999992195        16.675396600065046     
  -915.14042842460094       0.99999999999992162        16.744595217360875     
  -914.91996578224371       0.99999999999992184        16.811170204790223     
  -914.69950313988647       0.99999999999992162        16.875110806352296     
  -914.47904049752924       0.99999999999992151        16.936406695260803     
  -914.25857785517201       0.99999999999992140        16.995047975112978     
  -914.03811521281477       0.99999999999992140        17.051025181021807     
  -913.81765257045754       0.99999999999992117        17.104329280709532     
  -913.59718992810031       0.99999999999992117        17.154951675560145     
  -913.37672728574307       0.99999999999992117        17.202884201630109     
  -913.15626464338584       0.99999999999992095        17.248119130614960     
  -912.93580200102861       0.99999999999992095        17.290649170770877     
  -912.71533935867137       0.99999999999992073        17.330467467789717     
  -912.49487671631414       0.99999999999992062        17.367567605626466     
  -912.27441407395690       0.99999999999992073        17.401943607277985     
  -912.05395143159967       0.99999999999992062        17.433589935511979     
  -911.83348878924244       0.99999999999992062        17.462501493545400     
  -911.61302614688520       0.99999999999992062        17.488673625671463     
  -911.39256350452797       0.99999999999992040        17.512102117834406     
  -911.17210086217074       0.99999999999992051        17.532783198151499     
  -910.95163821981350       0.99999999999992017        17.550713537381654     
  -910.73117557745627       0.99999999999992006        17.565890249340004     
  -910.51071293509904       0.99999999999991984        17.578310891258230     
  -910.29025029274180       0.99999999999991995        17.587973464089966     
  -910.06978765038457       0.99999999999991962        17.594876412761238     
  -909.84932500802734       0.99999999999991951        17.599018626365474     
  -909.62886236567010       0.99999999999991929        17.600399438302901     
  -909.40839972331287       0.99999999999991906        17.599018626364288     
  -909.18793708095563       0.99999999999991884        17.594876412758872     
  -908.96747443859840       0.99999999999991884        17.587973464086396     
  -908.74701179624117       0.99999999999991895        17.578310891253469     
  -908.52654915388393       0.99999999999991873        17.565890249334057     
  -908.30608651152670       0.99999999999991851        17.550713537374495     
  -908.08562386916947       0.99999999999991818        17.532783198143147     
  -907.86516122681223       0.99999999999991840        17.512102117824849     
  -907.64469858445500       0.99999999999991829        17.488673625660702     
  -907.42423594209777       0.99999999999991829        17.462501493533459     
  -907.20377329974053       0.99999999999991818        17.433589935498826     
  -906.98331065738330       0.99999999999991784        17.401943607263640     
  -906.76284801502607       0.99999999999991784        17.367567605610919     
  -906.54238537266883       0.99999999999991762        17.330467467772966     
  -906.32192273031160       0.99999999999991740        17.290649170752939     
  -906.10146008795437       0.99999999999991729        17.248119130595832     
  -905.88099744559713       0.99999999999991707        17.202884201609812     
  -905.66053480323990       0.99999999999991696        17.154951675538676     
  -905.44007216088266       0.99999999999991696        17.104329280686901     
  -905.21960951852543       0.99999999999991696        17.051025180998010     
  -904.99914687616820       0.99999999999991684        16.995047975087985     
  -904.77868423381096       0.99999999999991651        16.936406695234670     
  -904.55822159145373       0.99999999999991651        16.875110806325008     
  -904.33775894909650       0.99999999999991629        16.811170204761780     
  -904.11729630673926       0.99999999999991607        16.744595217331305     
  -903.89683366438203       0.99999999999991607        16.675396600034340     
  -903.67637102202480       0.99999999999991607        16.603585536882207     
  -903.45590837966756       0.99999999999991585        16.529173638660250     
  -903.23544573731033       0.99999999999991585        16.452172941661296     
  -903.01498309495310       0.99999999999991596        16.372595906391670     
  -902.79452045259586       0.99999999999991607        16.290455416252623     
  -902.57405781023863       0.99999999999991618        16.205764776200258     
  -902.35359516788139       0.99999999999991629        16.118537711387486     
  -902.13313252552416       0.99999999999991640        16.028788365791524     
  -901.91266988316693       0.99999999999991607        15.936531300830996     
  -901.69220724080969       0.99999999999991596        15.841781493976885     
  -901.47174459845246       0.99999999999991585        15.744554337362155     
  -901.25128195609523       0.99999999999991562        15.644865636394941     
  -901.03081931373799       0.99999999999991585        15.542731608381217     
  -900.81035667138076       0.99999999999991562        15.438168881162515     
  -900.58989402902353       0.99999999999991551        15.331194491775840     
  -900.36943138666629       0.99999999999991551        15.221825885142559     
  -900.14896874430906       0.99999999999991529        15.110080912794414     
  -899.92850610195183       0.99999999999991540        14.995977831645231     
  -899.70804345959459       0.99999999999991551        14.879535302817651     
  -899.48758081723736       0.99999999999991540        14.760772390535633     
  -899.26711817488012       0.99999999999991551        14.639708561093597     
  -899.04665553252289       0.99999999999991540        14.516363681915202     
  -898.82619289016566       0.99999999999991518        14.390758020715301     
  -898.60573024780842       0.99999999999991518        14.262912244780415     
  -898.38526760545119       0.99999999999991518        14.132847420384389     
  -898.16480496309396       0.99999999999991518        14.000585012357966     
  -897.94434232073672       0.99999999999991485        13.866146883832636     
  -897.72387967837949       0.99999999999991473        13.729555296181692     
  -897.50341703602226       0.99999999999991451        13.590832909183760     
  -897.28295439366502       0.99999999999991473        13.450002781436899     
  -897.06249175130779       0.99999999999991485        13.307088371054581     
  -896.84202910895056       0.99999999999991496        13.162113536678657     
  -896.62156646659332       0.99999999999991473        13.015102538848090     
  -896.40110382423609       0.99999999999991485        12.866080041767399     
  -896.18064118187885       0.99999999999991462        12.715071115523665     
  -895.96017853952162       0.99999999999991451        12.562101238807189     
  -895.73971589716439       0.99999999999991429        12.407196302197615     
  -895.51925325480715       0.99999999999991407        12.250382612085394     
  -895.29879061244992       0.99999999999991407        12.091686895307250     
  -895.07832797009269       0.99999999999991374        11.931136304584918     
  -894.85786532773545       0.99999999999991374        11.768758424867910     
  -894.63740268537822       0.99999999999991351        11.604581280695507     
  -894.41694004302099       0.99999999999991318        11.438633344708256     
  -894.19647740066375       0.99999999999991285        11.270943547458094     
  -893.97601475830652       0.99999999999991285        11.101541288687717     
  -893.75555211594929       0.99999999999991263        10.930456450274050     
  -893.53508947359205       0.99999999999991263        10.757719411060522     
  -893.31462683123482       0.99999999999991240        10.583361063835916     
  -893.09416418887758       0.99999999999991240        10.407412834758246     
  -892.87370154652035       0.99999999999991251        10.229906705568279     
  -892.65323890416312       0.99999999999991240        10.050875238992923     
  -892.43277626180588       0.99999999999991240        9.8703516078043947     
  -892.21231361944865       0.99999999999991218        9.6883696280779077     
  -891.99185097709142       0.99999999999991196        9.5049637972842049     
  -891.77138833473418       0.99999999999991174        9.3201693379629660     
  -891.55092569237695       0.99999999999991140        9.1340222478559223     
  -891.33046305001972       0.99999999999991107        8.9465593575378186     
  -891.11000040766248       0.99999999999991085        8.7578183967760594     
  -890.88953776530525       0.99999999999991085        8.5678380710828499     
  -890.66907512294802       0.99999999999991074        8.3766581502078648     
  -890.44861248059078       0.99999999999991085        8.1843195706662701     
  -890.22814983823355       0.99999999999991096        7.9908645548225889     
  -890.00768719587631       0.99999999999991107        7.7963367495759464     
  -889.78722455351908       0.99999999999991118        7.6007813883415771     
  -889.56676191116185       0.99999999999991107        7.4042454808320350     
  -889.34629926880461       0.99999999999991096        7.2067780361521665     
  -889.12583662644738       0.99999999999991096        7.0084303259919682     
  -888.90537398409015       0.99999999999991085        6.8092561963062002     
  -888.68491134173291       0.99999999999991063        6.6093124379082120     
  -888.46444869937568       0.99999999999991074        6.4086592290106275     
  -888.24398605701845       0.99999999999991063        6.2073606660937815     
  -888.02352341466121       0.99999999999991052        6.0054854038137035     
  -887.80306077230398       0.99999999999991029        5.8031074302981729     
  -887.58259812994675       0.99999999999991007        5.6003070115646958     
  -887.36213548758951       0.99999999999991018        5.3971718485352858     
  -887.14167284523228       0.99999999999991018        5.1937985030594689     
  -886.92121020287505       0.99999999999991018        4.9902941666577796     
  -886.70074756051781       0.99999999999991029        4.7867788689958051     
  -886.48028491816058       0.99999999999991029        4.5833882546886997     
  -886.25982227580334       0.99999999999990985        4.3802771001528749     
  -886.03935963344611       0.99999999999990963        4.1776238014282301     
  -885.81889699108888       0.99999999999990974        3.9756361456213445     
  -885.59843434873164       0.99999999999990963        3.7745587918566348     
  -885.37797170637441       0.99999999999990952        3.5746830447455138     
  -885.15750906401718       0.99999999999990929        3.3763597209059197     
  -884.93704642165994       0.99999999999990918        3.1800162076741874     
  -884.71658377930271       0.99999999999990918        2.9861792153512794     
  -884.49612113694548       0.99999999999990929        2.7955052454784046     
  -884.27565849458824       0.99999999999990929        2.6088214206819220     
  -884.05519585223101       0.99999999999990907        2.4271799339624711     
  -883.83473320987378       0.99999999999990896        2.2519296240400264     
  -883.61427056751654       0.99999999999990885        2.0848071718286714     
  -883.39380792515931       0.99999999999990896        1.9280461472337822     
  -883.17334528280207       0.99999999999990885        1.7844907859776917     
  -882.95288264044484       0.99999999999990874        1.6576772386001883     
  -882.73241999808761       0.99999999999990874        1.5518044475935513     
  -882.51195735573037       0.99999999999990852        1.4714726082278484     
  -882.29149471337314       0.99999999999990852        1.4210738917982917     
  -882.07103207101591       0.99999999999990852        1.4038686652603023     
  -881.85056942865867       0.99999999999990796        1.4210738918152530     
  -881.63010678630144       0.99999999999990796        1.4714726082606002     
  -881.40964414394421       0.99999999999990807        1.5518044476401112     
  -881.18918150158697       0.99999999999990785        1.6576772386582606     
  -880.96871885922974       0.99999999999990774        1.7844907860450578     
  -880.74825621687251       0.99999999999990741        1.9280461473085186     
  -880.52779357451527       0.99999999999990741        2.0848071719091950     
  -880.30733093215804       0.99999999999990752        2.2519296241250868     
  -880.08686828980080       0.99999999999990763        2.4271799340510949     
  -879.86640564744357       0.99999999999990752        2.6088214207733533     
  -879.64594300508634       0.99999999999990730        2.7955052455720613     
  -879.42548036272910       0.99999999999990752        2.9861792154466902     
  -879.20501772037187       0.99999999999990752        3.1800162077709899     
  -878.98455507801464       0.99999999999990752        3.3763597210038303     
  -878.76409243565740       0.99999999999990730        3.5746830448442939     
  -878.54362979330017       0.99999999999990741        3.7745587919560886     
  -878.32316715094294       0.99999999999990752        3.9756361457213112     
  -878.10270450858570       0.99999999999990719        4.1776238015285845     
  -877.88224186622847       0.99999999999990730        4.3802771002534984     
  -877.66177922387124       0.99999999999990730        4.5833882547894964     
  -877.44131658151400       0.99999999999990719        4.7867788690966959     
  -877.22085393915677       0.99999999999990730        4.9902941667586989     
  -877.00039129679953       0.99999999999990707        5.1937985031603393     
  -876.77992865444230       0.99999999999990696        5.3971718486360682     
  -876.55946601208507       0.99999999999990685        5.6003070116653406     
  -876.33900336972783       0.99999999999990707        5.8031074303986410     
  -876.11854072737060       0.99999999999990674        6.0054854039139505     
  -875.89807808501337       0.99999999999990674        6.2073606661937655     
  -875.67761544265613       0.99999999999990663        6.4086592291103086     
  -875.45715280029890       0.99999999999990641        6.6093124380075521     
  -875.23669015794167       0.99999999999990652        6.8092561964051672     
  -875.01622751558443       0.99999999999990652        7.0084303260905294     
  -874.79576487322720       0.99999999999990641        7.2067780362502871     
  -874.57530223086997       0.99999999999990641        7.4042454809297062     
  -874.35483958851273       0.99999999999990641        7.6007813884387794     
  -874.13437694615550       0.99999999999990663        7.7963367496726468     
  -873.91391430379826       0.99999999999990652        7.9908645549187769     
  -873.69345166144103       0.99999999999990652        8.1843195707619234     
  -873.47298901908380       0.99999999999990630        8.3766581503029567     
  -873.25252637672656       0.99999999999990630        8.5678380711773521     
  -873.03206373436933       0.99999999999990641        8.7578183968699665     
  -872.81160109201210       0.99999999999990630        8.9465593576311164     
  -872.59113844965486       0.99999999999990608        9.1340222479485913     
  -872.37067580729763       0.99999999999990608        9.3201693380549866     
  -872.15021316494040       0.99999999999990608        9.5049637973755399     
  -871.92975052258316       0.99999999999990608        9.6883696281685463     
  -871.70928788022593       0.99999999999990608        9.8703516078943156     
  -871.48882523786870       0.99999999999990596        10.050875239082091     
  -871.26836259551146       0.99999999999990585        10.229906705656679     
  -871.04789995315423       0.99999999999990608        10.407412834845889     
  -870.82743731079700       0.99999999999990596        10.583361063922776     
  -870.60697466843976       0.99999999999990585        10.757719411146583     
  -870.38651202608253       0.99999999999990530        10.930456450359339     
  -870.16604938372529       0.99999999999990508        11.101541288772173     
  -869.94558674136806       0.99999999999990474        11.270943547541709     
  -869.72512409901083       0.99999999999990474        11.438633344791047     
  -869.50466145665359       0.99999999999990441        11.604581280777451     
  -869.28419881429636       0.99999999999990441        11.768758424948967     
  -869.06373617193913       0.99999999999990430        11.931136304665078     
  -868.84327352958189       0.99999999999990430        12.091686895386516     
  -868.62281088722466       0.99999999999990430        12.250382612163724     
  -868.40234824486743       0.99999999999990419        12.407196302275011     
  -868.18188560251019       0.99999999999990419        12.562101238883630     
  -867.96142296015296       0.99999999999990419        12.715071115599139     
  -867.74096031779573       0.99999999999990408        12.866080041841888     
  -867.52049767543849       0.99999999999990385        13.015102538921601     
  -867.30003503308126       0.99999999999990385        13.162113536751159     
  -867.07957239072402       0.99999999999990363        13.307088371126058     
  -866.85910974836679       0.99999999999990341        13.450002781507354     
  -866.63864710600956       0.99999999999990341        13.590832909253193     
  -866.41818446365232       0.99999999999990319        13.729555296250098     
  -866.19772182129509       0.99999999999990308        13.866146883900003     
  -865.97725917893786       0.99999999999990308        14.000585012424230     
  -865.75679653658062       0.99999999999990330        14.132847420449545     
  -865.53633389422339       0.99999999999990330        14.262912244844470     
  -865.31587125186616       0.99999999999990319        14.390758020778245     
  -865.09540860950892       0.99999999999990308        14.516363681977037     
  -864.87494596715169       0.99999999999990308        14.639708561154311     
  -864.65448332479446       0.99999999999990330        14.760772390595228     
  -864.43402068243722       0.99999999999990330        14.879535302876109     
  -864.21355804007999       0.99999999999990330        14.995977831702515     
  -863.99309539772275       0.99999999999990319        15.110080912850524     
  -863.77263275536552       0.99999999999990319        15.221825885197457     
  -863.55217011300829       0.99999999999990263        15.331194491829532     
  -863.33170747065105       0.99999999999990274        15.438168881215002     
  -863.11124482829382       0.99999999999990286        15.542731608432502     
  -862.89078218593659       0.99999999999990263        15.644865636445020     
  -862.67031954357935       0.99999999999990241        15.744554337411012     
  -862.44985690122212       0.99999999999990219        15.841781494024517     
  -862.22939425886489       0.99999999999990197        15.936531300877380     
  -862.00893161650765       0.99999999999990186        16.028788365836647     
  -861.78846897415042       0.99999999999990163        16.118537711431340     
  -861.56800633179319       0.99999999999990163        16.205764776242862     
  -861.34754368943595       0.99999999999990163        16.290455416293955     
  -861.12708104707872       0.99999999999990130        16.372595906431712     
  -860.90661840472148       0.99999999999990119        16.452172941700045     
  -860.68615576236425       0.99999999999990119        16.529173638697717     
  -860.46569312000702       0.99999999999990108        16.603585536918402     
  -860.24523047764978       0.99999999999990097        16.675396600069252     
  -860.02476783529255       0.99999999999990108        16.744595217364900     
  -859.80430519293532       0.99999999999990086        16.811170204794049     
  -859.58384255057808       0.99999999999990075        16.875110806355977     
  -859.36337990822085       0.99999999999990075        16.936406695264321     
  -859.14291726586362       0.99999999999990052        16.995047975116307     
  -858.92245462350638       0.99999999999990019        17.051025181024997     
  -858.70199198114915       0.99999999999989997        17.104329280712541     
  -858.48152933879192       0.99999999999989997        17.154951675562994     
  -858.26106669643468       0.99999999999989975        17.202884201632795     
  -858.04060405407745       0.99999999999989952        17.248119130617486     
  -857.82014141172021       0.99999999999989930        17.290649170773236     
  -857.59967876936298       0.99999999999989930        17.330467467791891     
  -857.37921612700575       0.99999999999989919        17.367567605628452     
  -857.15875348464851       0.99999999999989919        17.401943607279780     
  -856.93829084229128       0.99999999999989886        17.433589935513570     
  -856.71782819993405       0.99999999999989853        17.462501493546839     
  -856.49736555757681       0.99999999999989841        17.488673625672728     
  -856.27690291521958       0.99999999999989841        17.512102117835525     
  -856.05644027286235       0.99999999999989819        17.532783198152472     
  -855.83597763050511       0.99999999999989808        17.550713537382460     
  -855.61551498814788       0.99999999999989797        17.565890249340626     
  -855.39505234579065       0.99999999999989775        17.578310891258660     
  -855.17458970343341       0.99999999999989786        17.587973464090194     
  -854.95412706107618       0.99999999999989775        17.594876412761298     
  -854.73366441871894       0.99999999999989786        17.599018626365375     
  -854.51320177636171       0.99999999999989764        17.600399438302631     
  -854.29273913400448       0.99999999999989775        17.599018626363826     
  -854.07227649164724       0.99999999999989764        17.594876412758232     
  -853.85181384929001       0.99999999999989775        17.587973464085565     
  -853.63135120693278       0.99999999999989753        17.578310891252439     
  -853.41088856457554       0.99999999999989764        17.565890249332863     
  -853.19042592221831       0.99999999999989742        17.550713537373145     
  -852.96996327986108       0.99999999999989730        17.532783198141598     
  -852.74950063750384       0.99999999999989742        17.512102117823115     
  -852.52903799514661       0.99999999999989730        17.488673625658791     
  -852.30857535278938       0.99999999999989730        17.462501493531349     
  -852.08811271043214       0.99999999999989753        17.433589935496570     
  -851.86765006807491       0.99999999999989742        17.401943607261199     
  -851.64718742571768       0.99999999999989730        17.367567605608290     
  -851.42672478336044       0.99999999999989719        17.330467467770170     
  -851.20626214100321       0.99999999999989708        17.290649170749976     
  -850.98579949864597       0.99999999999989686        17.248119130592702     
  -850.76533685628874       0.99999999999989686        17.202884201606505     
  -850.54487421393151       0.99999999999989675        17.154951675535191     
  -850.32441157157427       0.99999999999989653        17.104329280683224     
  -850.10394892921704       0.99999999999989631        17.051025180994166     
  -849.88348628685981       0.99999999999989619        16.995047975083967     
  -849.66302364450257       0.99999999999989608        16.936406695230485     
  -849.44256100214534       0.99999999999989619        16.875110806320667     
  -849.22209835978811       0.99999999999989642        16.811170204757278     
  -849.00163571743087       0.99999999999989631        16.744595217326637     
  -848.78117307507364       0.99999999999989631        16.675396600029526     
  -848.56071043271641       0.99999999999989597        16.603585536877226     
  -848.34024779035917       0.99999999999989575        16.529173638655077     
  -848.11978514800194       0.99999999999989564        16.452172941655952     
  -847.89932250564470       0.99999999999989586        16.372595906386167     
  -847.67885986328747       0.99999999999989564        16.290455416246949     
  -847.45839722093024       0.99999999999989542        16.205764776194417     
  -847.23793457857300       0.99999999999989531        16.118537711381503     
  -847.01747193621577       0.99999999999989508        16.028788365785417     
  -846.79700929385854       0.99999999999989519        15.936531300824754     
  -846.57654665150130       0.99999999999989497        15.841781493970508     
  -846.35608400914407       0.99999999999989508        15.744554337355650     
  -846.13562136678684       0.99999999999989497        15.644865636388312     
  -845.91515872442960       0.99999999999989497        15.542731608374435     
  -845.69469608207237       0.99999999999989486        15.438168881155597     
  -845.47423343971514       0.99999999999989475        15.331194491768796     
  -845.25377079735790       0.99999999999989464        15.221825885135408     
  -845.03330815500067       0.99999999999989453        15.110080912787133     
  -844.81284551264343       0.99999999999989431        14.995977831637804     
  -844.59238287028620       0.99999999999989431        14.879535302810094     
  -844.37192022792897       0.99999999999989397        14.760772390527942     
  -844.15145758557173       0.99999999999989386        14.639708561085735     
  -843.93099494321450       0.99999999999989375        14.516363681907192     
  -843.71053230085727       0.99999999999989386        14.390758020707134     
  -843.49006965850003       0.99999999999989397        14.262912244772117     
  -843.26960701614280       0.99999999999989375        14.132847420375967     
  -843.04914437378557       0.99999999999989375        14.000585012349431     
  -842.82868173142833       0.99999999999989397        13.866146883823985     
  -842.60821908907110       0.99999999999989386        13.729555296172906     
  -842.38775644671387       0.99999999999989386        13.590832909174837     
  -842.16729380435663       0.99999999999989386        13.450002781427838     
  -841.94683116199940       0.99999999999989375        13.307088371045390     
  -841.72636851964216       0.99999999999989364        13.162113536669345     
  -841.50590587728493       0.99999999999989364        13.015102538838661     
  -841.28544323492770       0.99999999999989342        12.866080041757844     
  -841.06498059257046       0.99999999999989320        12.715071115513979     
  -840.84451795021323       0.99999999999989342        12.562101238797368     
  -840.62405530785600       0.99999999999989353        12.407196302187652     
  -840.40359266549876       0.99999999999989342        12.250382612075292     
  -840.18313002314153       0.99999999999989353        12.091686895297029     
  -839.96266738078430       0.99999999999989353        11.931136304574554     
  -839.74220473842706       0.99999999999989342        11.768758424857422     
  -839.52174209606983       0.99999999999989331        11.604581280684883     
  -839.30127945371260       0.99999999999989320        11.438633344697497     
  -839.08081681135536       0.99999999999989297        11.270943547447221     
  -838.86035416899813       0.99999999999989286        11.101541288676728     
  -838.63989152664089       0.99999999999989275        10.930456450262954     
  -838.41942888428366       0.99999999999989253        10.757719411049303     
  -838.19896624192643       0.99999999999989264        10.583361063824597     
  -837.97850359956919       0.99999999999989275        10.407412834746829     
  -837.75804095721196       0.99999999999989220        10.229906705556751     
  -837.53757831485473       0.99999999999989220        10.050875238981334     
  -837.31711567249749       0.99999999999989198        9.8703516077927276     
  -837.09665303014026       0.99999999999989153        9.6883696280661464     
  -836.87619038778303       0.99999999999989164        9.5049637972723495     
  -836.65572774542579       0.99999999999989164        9.3201693379510342     
  -836.43526510306856       0.99999999999989164        9.1340222478438964     
  -836.21480246071133       0.99999999999989153        8.9465593575256879     
  -835.99433981835409       0.99999999999989142        8.7578183967638203     
  -835.77387717599686       0.99999999999989120        8.5678380710705113     
  -835.55341453363963       0.99999999999989131        8.3766581501954640     
  -835.33295189128239       0.99999999999989142        8.1843195706537948     
  -835.11248924892516       0.99999999999989142        7.9908645548100505     
  -834.89202660656792       0.99999999999989164        7.7963367495633333     
  -834.67156396421069       0.99999999999989164        7.6007813883288895     
  -834.45110132185346       0.99999999999989175        7.4042454808192932     
  -834.23063867949622       0.99999999999989142        7.2067780361393625     
  -834.01017603713899       0.99999999999989131        7.0084303259791056     
  -833.78971339478176       0.99999999999989109        6.8092561962932816     
  -833.56925075242452       0.99999999999989087        6.6093124378952428     
  -833.34878811006729       0.99999999999989075        6.4086592289976183     
  -833.12832546771006       0.99999999999989075        6.2073606660807252     
  -832.90786282535282       0.99999999999989064        6.0054854038006154     
  -832.68740018299559       0.99999999999989009        5.8031074302850394     
  -832.46693754063836       0.99999999999988987        5.6003070115515294     
  -832.24647489828112       0.99999999999988975        5.3971718485220901     
  -832.02601225592389       0.99999999999988987        5.1937985030462688     
  -831.80554961356665       0.99999999999988953        4.9902941666445777     
  -831.58508697120942       0.99999999999988942        4.7867788689825961     
  -831.36462432885219       0.99999999999988942        4.5833882546755111     
  -831.14416168649495       0.99999999999988920        4.3802771001397058     
  -830.92369904413772       0.99999999999988920        4.1776238014150913     
  -830.70323640178049       0.99999999999988909        3.9756361456082607     
  -830.48277375942325       0.99999999999988909        3.7745587918436097     
  -830.26231111706602       0.99999999999988887        3.5746830447325757     
  -830.04184847470879       0.99999999999988876        3.3763597208930860     
  -829.82138583235155       0.99999999999988898        3.1800162076614842     
  -829.60092318999432       0.99999999999988876        2.9861792153387401     
  -829.38046054763709       0.99999999999988842        2.7955052454660798     
  -829.15999790527985       0.99999999999988831        2.6088214206698668     
  -828.93953526292262       0.99999999999988820        2.4271799339507520     
  -828.71907262056538       0.99999999999988798        2.2519296240287350     
  -828.49860997820815       0.99999999999988798        2.0848071718179351     
  -828.27814733585092       0.99999999999988798        1.9280461472237584     
  -828.05768469349368       0.99999999999988787        1.7844907859685748     
  -827.83722205113645       0.99999999999988787        1.6576772385922252     
  -827.61675940877922       0.99999999999988787        1.5518044475870247     
  -827.39629676642198       0.99999999999988765        1.4714726082230580     
  -827.17583412406475       0.99999999999988776        1.4210738917954957     
  -826.95537148170752       0.99999999999988776        1.4038686652596655     
  -826.73490883935028       0.99999999999988765        1.4210738918167878     
  -826.51444619699305       0.99999999999988753        1.4714726082641694     
  -826.29398355463582       0.99999999999988742        1.5518044476454709     
  -826.07352091227858       0.99999999999988731        1.6576772386651211     
  -825.85305826992135       0.99999999999988720        1.7844907860531380     
  -825.63259562756411       0.99999999999988720        1.9280461473175694     
  -825.41213298520688       0.99999999999988731        2.0848071719190138     
  -825.19167034284965       0.99999999999988687        2.2519296241355145     
  -824.97120770049241       0.99999999999988687        2.4271799340620057     
  -824.75074505813518       0.99999999999988698        2.6088214207846381     
  -824.53028241577795       0.99999999999988687        2.7955052455836391     
  -824.30981977342071       0.99999999999988676        2.9861792154585047     
  -824.08935713106348       0.99999999999988687        3.1800162077829950     
  -823.86889448870625       0.99999999999988676        3.3763597210159837     
  -823.64843184634901       0.99999999999988687        3.5746830448565632     
  -823.42796920399178       0.99999999999988642        3.7745587919684471     
  -823.20750656163455       0.99999999999988654        3.9756361457337475     
  -822.98704391927731       0.99999999999988631        4.1776238015410643     
  -822.76658127692008       0.99999999999988631        4.3802771002660270     
  -822.54611863456284       0.99999999999988620        4.5833882548020544     
  -822.32565599220561       0.99999999999988620        4.7867788691092681     
  -822.10519334984838       0.99999999999988598        4.9902941667712817     
  -821.88473070749114       0.99999999999988620        5.1937985031729257     
  -821.66426806513391       0.99999999999988631        5.3971718486486466     
  -821.44380542277668       0.99999999999988620        5.6003070116779128     
  -821.22334278041944       0.99999999999988620        5.8031074304111945     
  -821.00288013806221       0.99999999999988609        6.0054854039264862     
  -820.78241749570498       0.99999999999988609        6.2073606662062684     
  -820.56195485334774       0.99999999999988576        6.4086592291227653     
  -820.34149221099051       0.99999999999988587        6.6093124380199733     
  -820.12102956863328       0.99999999999988542        6.8092561964175431     
  -819.90056692627604       0.99999999999988542        7.0084303261028680     
  -819.68010428391881       0.99999999999988542        7.2067780362625644     
  -819.45964164156157       0.99999999999988554        7.4042454809419231     
  -819.23917899920434       0.99999999999988531        7.6007813884509234     
  -819.01871635684711       0.99999999999988520        7.7963367496847313     
  -818.79825371448987       0.99999999999988520        7.9908645549307860     
  -818.57779107213264       0.99999999999988531        8.1843195707738712     
  -818.35732842977541       0.99999999999988520        8.3766581503148192     
  -818.13686578741817       0.99999999999988498        8.5678380711891311     
  -817.91640314506094       0.99999999999988487        8.7578183968816568     
  -817.69594050270371       0.99999999999988498        8.9465593576427196     
  -817.47547786034647       0.99999999999988487        9.1340222479601074     
  -817.25501521798924       0.99999999999988476        9.3201693380664175     
  -817.03455257563201       0.99999999999988476        9.5049637973868855     
  -816.81408993327477       0.99999999999988465        9.6883696281797942     
  -816.59362729091754       0.99999999999988476        9.8703516079054783     
  -816.37316464856031       0.99999999999988487        10.050875239093175     
  -816.15270200620307       0.99999999999988465        10.229906705667657     
  -815.93223936384584       0.99999999999988454        10.407412834856766     
  -815.71177672148860       0.99999999999988465        10.583361063933559     
  -815.49131407913137       0.99999999999988476        10.757719411157268     
  -815.27085143677414       0.99999999999988465        10.930456450369887     
  -815.05038879441690       0.99999999999988487        11.101541288782624     
  -814.82992615205967       0.99999999999988476        11.270943547552056     
  -814.60946350970244       0.99999999999988454        11.438633344801268     
  -814.38900086734520       0.99999999999988454        11.604581280787544     
  -814.16853822498797       0.99999999999988443        11.768758424958939     
  -813.94807558263074       0.99999999999988431        11.931136304674933     
  -813.72761294027350       0.99999999999988420        12.091686895396252     
  -813.50715029791627       0.99999999999988409        12.250382612173341     
  -813.28668765555904       0.99999999999988387        12.407196302284490     
  -813.06622501320180       0.99999999999988398        12.562101238892987     
  -812.84576237084457       0.99999999999988398        12.715071115608358     
  -812.62529972848733       0.99999999999988376        12.866080041850971     
  -812.40483708613010       0.99999999999988376        13.015102538930531     
  -812.18437444377287       0.99999999999988365        13.162113536759973     
  -811.96391180141563       0.99999999999988343        13.307088371134773     
  -811.74344915905840       0.99999999999988320        13.450002781515931     
  -811.52298651670117       0.99999999999988320        13.590832909261634     
  -811.30252387434393       0.99999999999988309        13.729555296258376     
  -811.08206123198670       0.99999999999988298        13.866146883908117     
  -810.86159858962947       0.99999999999988298        14.000585012432246     
  -810.64113594727223       0.99999999999988287        14.132847420457438     
  -810.42067330491500       0.99999999999988287        14.262912244852213     
  -810.20021066255777       0.99999999999988287        14.390758020785851     
  -809.97974802020053       0.99999999999988276        14.516363681984508     
  -809.75928537784330       0.99999999999988276        14.639708561161649     
  -809.53882273548606       0.99999999999988254        14.760772390602416     
  -809.31836009312883       0.99999999999988254        14.879535302883125     
  -809.09789745077160       0.99999999999988232        14.995977831709364     
  -808.87743480841436       0.99999999999988221        15.110080912857237     
  -808.65697216605713       0.99999999999988232        15.221825885204023     
  -808.43650952369990       0.99999999999988232        15.331194491835957     
  -808.21604688134266       0.99999999999988232        15.438168881221264     
  -807.99558423898543       0.99999999999988209        15.542731608438581     
  -807.77512159662820       0.99999999999988187        15.644865636450950     
  -807.55465895427096       0.99999999999988154        15.744554337416755     
  -807.33419631191373       0.99999999999988165        15.841781494030108     
  -807.11373366955650       0.99999999999988143        15.936531300882830     
  -806.89327102719926       0.99999999999988154        16.028788365841937     
  -806.67280838484203       0.99999999999988110        16.118537711436471     
  -806.45234574248479       0.99999999999988076        16.205764776247801     
  -806.23188310012756       0.99999999999988054        16.290455416298720     
  -806.01142045777033       0.99999999999988043        16.372595906436334     
  -805.79095781541309       0.99999999999987998        16.452172941704507     
  -805.57049517305586       0.99999999999988010        16.529173638702009     
  -805.35003253069863       0.99999999999987976        16.603585536922509     
  -805.12956988834139       0.99999999999987976        16.675396600073210     
  -804.90910724598416       0.99999999999987943        16.744595217368701     
  -804.68864460362693       0.99999999999987932        16.811170204797723     
  -804.46818196126969       0.99999999999987954        16.875110806359462     
  -804.24771931891246       0.99999999999987932        16.936406695267625     
  -804.02725667655523       0.99999999999987932        16.995047975119434     
  -803.80679403419799       0.99999999999987921        17.051025181027956     
  -803.58633139184076       0.99999999999987910        17.104329280715344     
  -803.36586874948352       0.99999999999987899        17.154951675565627     
  -803.14540610712629       0.99999999999987899        17.202884201635253     
  -802.92494346476906       0.99999999999987910        17.248119130619781     
  -802.70448082241182       0.99999999999987887        17.290649170775360     
  -802.48401818005459       0.99999999999987887        17.330467467793866     
  -802.26355553769736       0.99999999999987876        17.367567605630285     
  -802.04309289534012       0.99999999999987876        17.401943607281439     
  -801.82263025298289       0.99999999999987854        17.433589935515080     
  -801.60216761062566       0.99999999999987832        17.462501493548192     
  -801.38170496826842       0.99999999999987821        17.488673625673918     
  -801.16124232591119       0.99999999999987810        17.512102117836530     
  -800.94077968355396       0.99999999999987788        17.532783198153258     
  -800.72031704119672       0.99999999999987776        17.550713537383022     
  -800.49985439883949       0.99999999999987765        17.565890249341010     
  -800.27939175648226       0.99999999999987765        17.578310891258905     
  -800.05892911412502       0.99999999999987754        17.587973464090293     
  -799.83846647176779       0.99999999999987743        17.594876412761224     
  -799.61800382941055       0.99999999999987765        17.599018626365087     
  -799.39754118705332       0.99999999999987765        17.600399438302148     
  -799.17707854469609       0.99999999999987765        17.599018626363183     
  -798.95661590233885       0.99999999999987765        17.594876412757390     
  -798.73615325998162       0.99999999999987743        17.587973464084566     
  -798.51569061762439       0.99999999999987732        17.578310891251292     
  -798.29522797526715       0.99999999999987710        17.565890249331506     
  -798.07476533290992       0.99999999999987688        17.550713537371585     
  -797.85430269055269       0.99999999999987699        17.532783198139867     
  -797.63384004819545       0.99999999999987688        17.512102117821200     
  -797.41337740583822       0.99999999999987665        17.488673625656695     
  -797.19291476348099       0.99999999999987654        17.462501493529089     
  -796.97245212112375       0.99999999999987632        17.433589935494108     
  -796.75198947876652       0.99999999999987654        17.401943607258584     
  -796.53152683640928       0.99999999999987654        17.367567605605540     
  -796.31106419405205       0.99999999999987665        17.330467467767260     
  -796.09060155169482       0.99999999999987688        17.290649170746928     
  -795.87013890933758       0.99999999999987688        17.248119130589501     
  -795.64967626698035       0.99999999999987677        17.202884201603116     
  -795.42921362462312       0.99999999999987665        17.154951675531631     
  -795.20875098226588       0.99999999999987654        17.104329280679519     
  -794.98828833990865       0.99999999999987610        17.051025180990308     
  -794.76782569755142       0.99999999999987610        16.995047975079963     
  -794.54736305519418       0.99999999999987610        16.936406695226289     
  -794.32690041283695       0.99999999999987610        16.875110806316297     
  -794.10643777047972       0.99999999999987599        16.811170204752734     
  -793.88597512812248       0.99999999999987610        16.744595217321930     
  -793.66551248576525       0.99999999999987599        16.675396600024651     
  -793.44504984340801       0.99999999999987588        16.603585536872192     
  -793.22458720105078       0.99999999999987577        16.529173638649887     
  -793.00412455869355       0.99999999999987566        16.452172941650602     
  -792.78366191633631       0.99999999999987543        16.372595906380656     
  -792.56319927397908       0.99999999999987543        16.290455416241308     
  -792.34273663162185       0.99999999999987543        16.205764776188637     
  -792.12227398926461       0.99999999999987566        16.118537711375566     
  -791.90181134690738       0.99999999999987566        16.028788365779285     
  -791.68134870455015       0.99999999999987566        15.936531300818471     
  -791.46088606219291       0.99999999999987566        15.841781493964081     
  -791.24042341983568       0.99999999999987554        15.744554337349054     
  -791.01996077747845       0.99999999999987543        15.644865636381564     
  -790.79949813512121       0.99999999999987521        15.542731608367534     
  -790.57903549276398       0.99999999999987532        15.438168881148556     
  -790.35857285040674       0.99999999999987510        15.331194491761591     
  -790.13811020804951       0.99999999999987488        15.221825885128023     
  -789.91764756569228       0.99999999999987499        15.110080912779598     
  -789.69718492333504       0.99999999999987488        14.995977831630102     
  -789.47672228097781       0.99999999999987454        14.879535302802232     
  -789.25625963862058       0.99999999999987443        14.760772390519934     
  -789.03579699626334       0.99999999999987432        14.639708561077601     
  -788.81533435390611       0.99999999999987421        14.516363681898925     
  -788.59487171154888       0.99999999999987399        14.390758020698735     
  -788.37440906919164       0.99999999999987377        14.262912244763582     
  -788.15394642683441       0.99999999999987377        14.132847420367293     
  -787.93348378447718       0.99999999999987388        14.000585012340611     
  -787.71302114211994       0.99999999999987377        13.866146883815004     
  -787.49255849976271       0.99999999999987366        13.729555296163792     
  -787.27209585740547       0.99999999999987355        13.590832909165595     
  -787.05163321504824       0.99999999999987343        13.450002781418453     
  -786.83117057269101       0.99999999999987332        13.307088371035858     
  -786.61070793033377       0.99999999999987310        13.162113536659675     
  -786.39024528797654       0.99999999999987321        13.015102538828870     
  -786.16978264561931       0.99999999999987321        12.866080041747930     
  -785.94932000326207       0.99999999999987321        12.715071115503960     
  -785.72885736090484       0.99999999999987310        12.562101238787250     
  -785.50839471854761       0.99999999999987299        12.407196302177438     
  -785.28793207619037       0.99999999999987288        12.250382612065003     
  -785.06746943383314       0.99999999999987288        12.091686895286655     
  -784.84700679147591       0.99999999999987277        11.931136304564086     
  -784.62654414911867       0.99999999999987266        11.768758424846849     
  -784.40608150676144       0.99999999999987266        11.604581280674225     
  -784.18561886440420       0.99999999999987232        11.438633344686741     
  -783.96515622204697       0.99999999999987232        11.270943547436355     
  -783.74469357968974       0.99999999999987221        11.101541288665748     
  -783.52423093733250       0.99999999999987199        10.930456450251873     
  -783.30376829497527       0.99999999999987199        10.757719411038117     
  -783.08330565261804       0.99999999999987188        10.583361063813296     
  -782.86284301026080       0.99999999999987177        10.407412834735414     
  -782.64238036790357       0.99999999999987177        10.229906705545234     
  -782.42191772554634       0.99999999999987155        10.050875238969720     
  -782.20145508318910       0.99999999999987155        9.8703516077810196     
  -781.98099244083187       0.99999999999987144        9.6883696280543621     
  -781.76052979847464       0.99999999999987166        9.5049637972604728     
  -781.54006715611740       0.99999999999987144        9.3201693379390740     
  -781.31960451376017       0.99999999999987121        9.1340222478318438     
  -781.09914187140294       0.99999999999987099        8.9465593575135660     
  -780.87867922904570       0.99999999999987077        8.7578183967516328     
  -780.65821658668847       0.99999999999987077        8.5678380710582669     
  -780.43775394433123       0.99999999999987055        8.3766581501831503     
  -780.21729130197400       0.99999999999987021        8.1843195706414100     
  -779.99682865961677       0.99999999999987010        7.9908645547975778     
  -779.77636601725953       0.99999999999986988        7.7963367495508100     
  -779.55590337490230       0.99999999999986999        7.6007813883163227     
  -779.33544073254507       0.99999999999986999        7.4042454808066651     
  -779.11497809018783       0.99999999999987010        7.2067780361266838     
  -778.89451544783060       0.99999999999986999        7.0084303259663869     
  -778.67405280547337       0.99999999999986999        6.8092561962805123     
  -778.45359016311613       0.99999999999986988        6.6093124378824326     
  -778.23312752075890       0.99999999999986966        6.4086592289847557     
  -778.01266487840167       0.99999999999986955        6.2073606660678360     
  -777.79220223604443       0.99999999999986955        6.0054854037876817     
  -777.57173959368720       0.99999999999986944        5.8031074302720862     
  -777.35127695132996       0.99999999999986955        5.6003070115385469     
  -777.13081430897273       0.99999999999986910        5.3971718485090907     
  -776.91035166661550       0.99999999999986888        5.1937985030332410     
  -776.68988902425826       0.99999999999986888        4.9902941666315428     
  -776.46942638190103       0.99999999999986866        4.7867788689695674     
  -776.24896373954380       0.99999999999986866        4.5833882546624851     
  -776.02850109718656       0.99999999999986877        4.3802771001267038     
  -775.80803845482933       0.99999999999986855        4.1776238014021212     
  -775.58757581247210       0.99999999999986822        3.9756361455953324     
  -775.36711317011486       0.99999999999986833        3.7745587918307439     
  -775.14665052775763       0.99999999999986833        3.5746830447197908     
  -774.92618788540040       0.99999999999986822        3.3763597208804090     
  -774.70572524304316       0.99999999999986811        3.1800162076489324     
  -774.48526260068593       0.99999999999986822        2.9861792153263549     
  -774.26479995832869       0.99999999999986833        2.7955052454539056     
  -774.04433731597146       0.99999999999986844        2.6088214206579550     
  -773.82387467361423       0.99999999999986833        2.4271799339391822     
  -773.60341203125699       0.99999999999986833        2.2519296240176017     
  -773.38294938889976       0.99999999999986822        2.0848071718073511     
  -773.16248674654253       0.99999999999986811        1.9280461472138812     
  -772.94202410418529       0.99999999999986788        1.7844907859596046     
  -772.72156146182806       0.99999999999986788        1.6576772385844059     
  -772.50109881947083       0.99999999999986788        1.5518044475806385     
  -772.28063617711359       0.99999999999986755        1.4714726082183984     
  -772.06017353475636       0.99999999999986755        1.4210738917928234     
  -771.83971089239913       0.99999999999986733        1.4038686652591377     
  -771.61924825004189       0.99999999999986733        1.4210738918184178     
  -771.39878560768466       0.99999999999986744        1.4714726082678176     
  -771.17832296532742       0.99999999999986711        1.5518044476508923     
  -770.95786032297019       0.99999999999986700        1.6576772386720293     
  -770.73739768061296       0.99999999999986722        1.7844907860612551     
  -770.51693503825572       0.99999999999986722        1.9280461473266481     
  -770.29647239589849       0.99999999999986700        2.0848071719288526     
  -770.07600975354126       0.99999999999986666        2.2519296241459474     
  -769.85554711118402       0.99999999999986633        2.4271799340729090     
  -769.63508446882679       0.99999999999986622        2.6088214207959171     
  -769.41462182646956       0.99999999999986622        2.7955052455952161     
  -769.19415918411232       0.99999999999986633        2.9861792154703179     
  -768.97369654175509       0.99999999999986622        3.1800162077949996     
  -768.75323389939786       0.99999999999986600        3.3763597210281397     
  -768.53277125704062       0.99999999999986589        3.5746830448688351     
  -768.31230861468339       0.99999999999986589        3.7745587919808083     
  -768.09184597232615       0.99999999999986577        3.9756361457461789     
  -767.87138332996892       0.99999999999986566        4.1776238015535556     
  -767.65092068761169       0.99999999999986555        4.3802771002785486     
  -767.43045804525445       0.99999999999986533        4.5833882548145963     
  -767.20999540289722       0.99999999999986522        4.7867788691218225     
  -766.98953276053999       0.99999999999986511        4.9902941667838414     
  -766.76907011818275       0.99999999999986511        5.1937985031854819     
  -766.54860747582552       0.99999999999986511        5.3971718486611904     
  -766.32814483346829       0.99999999999986477        5.6003070116904263     
  -766.10768219111105       0.99999999999986477        5.8031074304236725     
  -765.88721954875382       0.99999999999986466        6.0054854039389269     
  -765.66675690639659       0.99999999999986466        6.2073606662186673     
  -765.44629426403935       0.99999999999986466        6.4086592291351172     
  -765.22583162168212       0.99999999999986466        6.6093124380322781     
  -765.00536897932489       0.99999999999986455        6.8092561964298026     
  -764.78490633696765       0.99999999999986466        7.0084303261150831     
  -764.56444369461042       0.99999999999986455        7.2067780362747307     
  -764.34398105225318       0.99999999999986444        7.4042454809540379     
  -764.12351840989595       0.99999999999986455        7.6007813884629725     
  -763.90305576753872       0.99999999999986433        7.7963367496967049     
  -763.68259312518148       0.99999999999986433        7.9908645549427026     
  -763.46213048282425       0.99999999999986433        8.1843195707856964     
  -763.24166784046702       0.99999999999986422        8.3766581503265947     
  -763.02120519810978       0.99999999999986389        8.5678380712008284     
  -762.80074255575255       0.99999999999986400        8.7578183968932883     
  -762.58027991339532       0.99999999999986389        8.9465593576542712     
  -762.35981727103808       0.99999999999986378        9.1340222479715685     
  -762.13935462868085       0.99999999999986355        9.3201693380777950     
  -761.91889198632362       0.99999999999986344        9.5049637973981760     
  -761.69842934396638       0.99999999999986311        9.6883696281909994     
  -761.47796670160915       0.99999999999986311        9.8703516079165894     
  -761.25750405925191       0.99999999999986300        10.050875239104174     
  -761.03704141689468       0.99999999999986311        10.229906705678555     
  -760.81657877453745       0.99999999999986289        10.407412834867559     
  -760.59611613218021       0.99999999999986267        10.583361063944233     
  -760.37565348982298       0.99999999999986255        10.757719411167830     
  -760.15519084746575       0.99999999999986244        10.930456450380346     
  -759.93472820510851       0.99999999999986233        11.101541288792973     
  -759.71426556275128       0.99999999999986211        11.270943547562302     
  -759.49380292039405       0.99999999999986200        11.438633344811405     
  -759.27334027803681       0.99999999999986178        11.604581280797580     
  -759.05287763567958       0.99999999999986178        11.768758424968874     
  -758.83241499332235       0.99999999999986178        11.931136304684740     
  -758.61195235096511       0.99999999999986167        12.091686895405937     
  -758.39148970860788       0.99999999999986167        12.250382612182891     
  -758.17102706625064       0.99999999999986167        12.407196302293919     
  -757.95056442389341       0.99999999999986156        12.562101238902283     
  -757.73010178153618       0.99999999999986144        12.715071115617517     
  -757.50963913917894       0.99999999999986133        12.866080041859991     
  -757.28917649682171       0.99999999999986100        13.015102538939432     
  -757.06871385446448       0.99999999999986122        13.162113536768743     
  -756.84825121210724       0.99999999999986111        13.307088371143378     
  -756.62778856975001       0.99999999999986122        13.450002781524397     
  -756.40732592739278       0.99999999999986100        13.590832909269967     
  -756.18686328503554       0.99999999999986067        13.729555296266579     
  -755.96640064267831       0.99999999999986044        13.866146883916183     
  -755.74593800032108       0.99999999999986033        14.000585012440130     
  -755.52547535796384       0.99999999999986022        14.132847420465188     
  -755.30501271560661       0.99999999999986011        14.262912244859814     
  -755.08455007324937       0.99999999999985978        14.390758020793312     
  -754.86408743089214       0.99999999999985978        14.516363681991798     
  -754.64362478853491       0.99999999999985989        14.639708561168773     
  -754.42316214617767       0.99999999999985978        14.760772390609391     
  -754.20269950382044       0.99999999999985967        14.879535302889993     
  -753.98223686146321       0.99999999999985956        14.995977831716115     
  -753.76177421910597       0.99999999999985956        15.110080912863836     
  -753.54131157674874       0.99999999999985933        15.221825885210480     
  -753.32084893439151       0.99999999999985911        15.331194491842268     
  -753.10038629203427       0.99999999999985900        15.438168881227428     
  -752.87992364967704       0.99999999999985889        15.542731608444592     
  -752.65946100731981       0.99999999999985911        15.644865636456789     
  -752.43899836496257       0.99999999999985911        15.744554337422475     
  -752.21853572260534       0.99999999999985911        15.841781494035663     
  -751.99807308024810       0.99999999999985911        15.936531300888216     
  -751.77761043789087       0.99999999999985878        16.028788365847173     
  -751.55714779553364       0.99999999999985889        16.118537711441554     
  -751.33668515317640       0.99999999999985867        16.205764776252714     
  -751.11622251081917       0.99999999999985867        16.290455416303470     
  -750.89575986846194       0.99999999999985867        16.372595906440907     
  -750.67529722610470       0.99999999999985856        16.452172941708916     
  -750.45483458374747       0.99999999999985834        16.529173638706258     
  -750.23437194139024       0.99999999999985845        16.603585536926609     
  -750.01390929903300       0.99999999999985856        16.675396600077125     
  -749.79344665667577       0.99999999999985867        16.744595217372471     
  -749.57298401431854       0.99999999999985867        16.811170204801307     
  -749.35252137196130       0.99999999999985867        16.875110806362880     
  -749.13205872960407       0.99999999999985878        16.936406695270875     
  -748.91159608724683       0.99999999999985889        16.995047975122525     
  -748.69113344488960       0.99999999999985878        17.051025181030891     
  -748.47067080253237       0.99999999999985889        17.104329280718076     
  -748.25020816017513       0.99999999999985878        17.154951675568192     
  -748.02974551781790       0.99999999999985867        17.202884201637648     
  -747.80928287546067       0.99999999999985867        17.248119130622012     
  -747.58882023310343       0.99999999999985867        17.290649170777414     
  -747.36835759074620       0.99999999999985856        17.330467467795724     
  -747.14789494838897       0.99999999999985834        17.367567605631947     
  -746.92743230603173       0.99999999999985822        17.401943607282949     
  -746.70696966367450       0.99999999999985811        17.433589935516419     
  -746.48650702131727       0.99999999999985811        17.462501493549329     
  -746.26604437896003       0.99999999999985811        17.488673625674888     
  -746.04558173660280       0.99999999999985811        17.512102117837312     
  -745.82511909424557       0.99999999999985800        17.532783198153901     
  -745.60465645188833       0.99999999999985767        17.550713537383533     
  -745.38419380953110       0.99999999999985745        17.565890249341368     
  -745.16373116717386       0.99999999999985745        17.578310891259079     
  -744.94326852481663       0.99999999999985734        17.587973464090293     
  -744.72280588245940       0.99999999999985678        17.594876412761050     
  -744.50234324010216       0.99999999999985678        17.599018626364760     
  -744.28188059774493       0.99999999999985678        17.600399438301704     
  -744.06141795538770       0.99999999999985678        17.599018626362575     
  -743.84095531303046       0.99999999999985645        17.594876412756616     
  -743.62049267067323       0.99999999999985612        17.587973464083625     
  -743.40003002831600       0.99999999999985612        17.578310891250158     
  -743.17956738595876       0.99999999999985589        17.565890249330206     
  -742.95910474360153       0.99999999999985556        17.550713537370147     
  -742.73864210124430       0.99999999999985567        17.532783198138301     
  -742.51817945888706       0.99999999999985567        17.512102117819488     
  -742.29771681652983       0.99999999999985556        17.488673625654833     
  -742.07725417417259       0.99999999999985567        17.462501493527046     
  -741.85679153181536       0.99999999999985545        17.433589935491895     
  -741.63632888945813       0.99999999999985567        17.401943607256189     
  -741.41586624710089       0.99999999999985534        17.367567605602986     
  -741.19540360474366       0.99999999999985545        17.330467467764525     
  -740.97494096238643       0.99999999999985523        17.290649170744015     
  -740.75447832002919       0.99999999999985489        17.248119130586410     
  -740.53401567767196       0.99999999999985467        17.202884201599886     
  -740.31355303531473       0.99999999999985467        17.154951675528228     
  -740.09309039295749       0.99999999999985467        17.104329280675945     
  -739.87262775060026       0.99999999999985456        17.051025180986564     
  -739.65216510824303       0.99999999999985456        16.995047975076030     
  -739.43170246588579       0.99999999999985434        16.936406695222225     
  -739.21123982352856       0.99999999999985423        16.875110806312083     
  -738.99077718117132       0.99999999999985412        16.811170204748358     
  -738.77031453881409       0.99999999999985401        16.744595217317411     
  -738.54985189645686       0.99999999999985378        16.675396600019965     
  -738.32938925409962       0.99999999999985356        16.603585536867328     
  -738.10892661174239       0.99999999999985323        16.529173638644870     
  -737.88846396938516       0.99999999999985290        16.452172941645443     
  -737.66800132702792       0.99999999999985290        16.372595906375345     
  -737.44753868467069       0.99999999999985312        16.290455416235812     
  -737.22707604231346       0.99999999999985267        16.205764776182985     
  -737.00661339995622       0.99999999999985278        16.118537711369747     
  -736.78615075759899       0.99999999999985256        16.028788365773348     
  -736.56568811524176       0.99999999999985234        15.936531300812364     
  -736.34522547288452       0.99999999999985234        15.841781493957797     
  -736.12476283052729       0.99999999999985234        15.744554337342604     
  -735.90430018817005       0.99999999999985234        15.644865636374941     
  -735.68383754581282       0.99999999999985256        15.542731608360773     
  -735.46337490345559       0.99999999999985223        15.438168881141637     
  -735.24291226109835       0.99999999999985212        15.331194491754545     
  -735.02244961874112       0.99999999999985212        15.221825885120827     
  -734.80198697638389       0.99999999999985201        15.110080912772265     
  -734.58152433402665       0.99999999999985201        14.995977831622616     
  -734.36106169166942       0.99999999999985201        14.879535302794615     
  -734.14059904931219       0.99999999999985179        14.760772390512152     
  -733.92013640695495       0.99999999999985167        14.639708561069671     
  -733.69967376459772       0.99999999999985156        14.516363681890834     
  -733.47921112224049       0.99999999999985156        14.390758020690521     
  -733.25874847988325       0.99999999999985145        14.262912244755210     
  -733.03828583752602       0.99999999999985156        14.132847420358798     
  -732.81782319516878       0.99999999999985167        14.000585012332008     
  -732.59736055281155       0.99999999999985156        13.866146883806273     
  -732.37689791045432       0.99999999999985134        13.729555296154935     
  -732.15643526809708       0.99999999999985112        13.590832909156608     
  -731.93597262573985       0.99999999999985101        13.450002781409353     
  -731.71550998338262       0.99999999999985079        13.307088371026648     
  -731.49504734102538       0.99999999999985090        13.162113536650338     
  -731.27458469866815       0.99999999999985079        13.015102538819393     
  -731.05412205631092       0.99999999999985068        12.866080041738337     
  -730.83365941395368       0.99999999999985034        12.715071115494229     
  -730.61319677159645       0.99999999999985045        12.562101238777403     
  -730.39273412923922       0.99999999999985045        12.407196302167476     
  -730.17227148688198       0.99999999999985023        12.250382612054901     
  -729.95180884452475       0.99999999999985012        12.091686895276421     
  -729.73134620216752       0.99999999999985012        11.931136304553727     
  -729.51088355981028       0.99999999999985012        11.768758424836385     
  -729.29042091745305       0.99999999999985012        11.604581280663647     
  -729.06995827509581       0.99999999999985001        11.438633344676058     
  -728.84949563273858       0.99999999999984979        11.270943547425549     
  -728.62903299038135       0.99999999999984956        11.101541288654845     
  -728.40857034802411       0.99999999999984968        10.930456450240879     
  -728.18810770566688       0.99999999999984934        10.757719411027031     
  -727.96764506330965       0.99999999999984923        10.583361063802116     
  -727.74718242095241       0.99999999999984912        10.407412834724166     
  -727.52671977859518       0.99999999999984901        10.229906705533885     
  -727.30625713623795       0.99999999999984868        10.050875238958270     
  -727.08579449388071       0.99999999999984879        9.8703516077694715     
  -726.86533185152348       0.99999999999984879        9.6883696280427003     
  -726.64486920916625       0.99999999999984845        9.5049637972487435     
  -726.42440656680901       0.99999999999984834        9.3201693379272577     
  -726.20394392445178       0.99999999999984812        9.1340222478199351     
  -725.98348128209454       0.99999999999984790        8.9465593575015738     
  -725.76301863973731       0.99999999999984801        8.7578183967395606     
  -725.54255599738008       0.99999999999984757        8.5678380710461184     
  -725.32209335502284       0.99999999999984723        8.3766581501709219     
  -725.10163071266561       0.99999999999984723        8.1843195706291141     
  -724.88116807030838       0.99999999999984723        7.9908645547852251     
  -724.66070542795114       0.99999999999984723        7.7963367495383888     
  -724.44024278559391       0.99999999999984723        7.6007813883038304     
  -724.21978014323668       0.99999999999984734        7.4042454807941107     
  -723.99931750087944       0.99999999999984701        7.2067780361140761     
  -723.77885485852221       0.99999999999984723        7.0084303259537286     
  -723.55839221616498       0.99999999999984712        6.8092561962678131     
  -723.33792957380774       0.99999999999984723        6.6093124378696801     
  -723.11746693145051       0.99999999999984746        6.4086592289719615     
  -722.89700428909327       0.99999999999984723        6.2073606660550089     
  -722.67654164673604       0.99999999999984690        6.0054854037748253     
  -722.45607900437881       0.99999999999984701        5.8031074302591987     
  -722.23561636202157       0.99999999999984690        5.6003070115256337     
  -722.01515371966434       0.99999999999984679        5.3971718484961499     
  -721.79469107730711       0.99999999999984679        5.1937985030202825     
  -721.57422843494987       0.99999999999984679        4.9902941666185772     
  -721.35376579259264       0.99999999999984690        4.7867788689566000     
  -721.13330315023541       0.99999999999984679        4.5833882546495293     
  -720.91284050787817       0.99999999999984657        4.3802771001137693     
  -720.69237786552094       0.99999999999984646        4.1776238013892204     
  -720.47191522316371       0.99999999999984623        3.9756361455824702     
  -720.25145258080647       0.99999999999984612        3.7745587918179448     
  -720.03098993844924       0.99999999999984590        3.5746830447070690     
  -719.81052729609200       0.99999999999984557        3.3763597208677876     
  -719.59006465373477       0.99999999999984512        3.1800162076364469     
  -719.36960201137754       0.99999999999984501        2.9861792153140403     
  -719.14913936902030       0.99999999999984479        2.7955052454417948     
  -718.92867672666307       0.99999999999984479        2.6088214206461124     
  -718.70821408430584       0.99999999999984435        2.4271799339276838     
  -718.48775144194860       0.99999999999984390        2.2519296240065314     
  -718.26728879959137       0.99999999999984368        2.0848071717968373     
  -718.04682615723414       0.99999999999984357        1.9280461472040786     
  -717.82636351487690       0.99999999999984324        1.7844907859507075     
  -717.60590087251967       0.99999999999984324        1.6576772385766576     
  -717.38543823016244       0.99999999999984290        1.5518044475743176     
  -717.16497558780520       0.99999999999984290        1.4714726082137981     
  -716.94451294544797       0.99999999999984279        1.4210738917902010     
  -716.72405030309073       0.99999999999984279        1.4038686652586498     
  -716.50358766073350       0.99999999999984268        1.4210738918200752     
  -716.28312501837627       0.99999999999984268        1.4714726082714826     
  -716.06266237601903       0.99999999999984279        1.5518044476563220     
  -715.84219973366180       0.99999999999984279        1.6576772386789380     
  -715.62173709130457       0.99999999999984279        1.7844907860693595     
  -715.40127444894733       0.99999999999984279        1.9280461473357076     
  -715.18081180659010       0.99999999999984301        2.0848071719386660     
  -714.96034916423287       0.99999999999984324        2.2519296241563556     
  -714.73988652187563       0.99999999999984324        2.4271799340837790     
  -714.51942387951840       0.99999999999984324        2.6088214208071516     
  -714.29896123716117       0.99999999999984313        2.7955052456067420     
  -714.07849859480393       0.99999999999984279        2.9861792154820801     
  -713.85803595244670       0.99999999999984268        3.1800162078069460     
  -713.63757331008946       0.99999999999984246        3.3763597210402372     
  -713.41711066773223       0.99999999999984235        3.5746830448810538     
  -713.19664802537500       0.99999999999984246        3.7745587919931238     
  -712.97618538301776       0.99999999999984213        3.9756361457585627     
  -712.75572274066053       0.99999999999984190        4.1776238015659928     
  -712.53526009830330       0.99999999999984179        4.3802771002910328     
  -712.31479745594606       0.99999999999984179        4.5833882548271028     
  -712.09433481358883       0.99999999999984157        4.7867788691343440     
  -711.87387217123160       0.99999999999984135        4.9902941667963692     
  -711.65340952887436       0.99999999999984113        5.1937985031980034     
  -711.43294688651713       0.99999999999984091        5.3971718486737004     
  -711.21248424415990       0.99999999999984124        5.6003070117029221     
  -710.99202160180266       0.99999999999984124        5.8031074304361523     
  -710.77155895944543       0.99999999999984113        6.0054854039513756     
  -710.55109631708820       0.99999999999984113        6.2073606662310876     
  -710.33063367473096       0.99999999999984068        6.4086592291475091     
  -710.11017103237373       0.99999999999984046        6.6093124380446246     
  -709.88970839001649       0.99999999999984046        6.8092561964421101     
  -709.66924574765926       0.99999999999984046        7.0084303261273257     
  -709.44878310530203       0.99999999999984057        7.2067780362869369     
  -709.22832046294479       0.99999999999984046        7.4042454809661731     
  -709.00785782058756       0.99999999999984046        7.6007813884750579     
  -708.78739517823033       0.99999999999984046        7.7963367497087344     
  -708.56693253587309       0.99999999999984068        7.9908645549546513     
  -708.34646989351586       0.99999999999984057        8.1843195707975891     
  -708.12600725115863       0.99999999999984035        8.3766581503384074     
  -707.90554460880139       0.99999999999984024        8.5678380712125666     
  -707.68508196644416       0.99999999999984002        8.7578183969049288     
  -707.46461932408693       0.99999999999983991        8.9465593576658353     
  -707.24415668172969       0.99999999999983979        9.1340222479830544     
  -707.02369403937246       0.99999999999983946        9.3201693380891868     
  -706.80323139701522       0.99999999999983946        9.5049637974094683     
  -706.58276875465799       0.99999999999983924        9.6883696282021834     
  -706.36230611230076       0.99999999999983924        9.8703516079276739     
  -706.14184346994352       0.99999999999983902        10.050875239115165     
  -705.92138082758629       0.99999999999983891        10.229906705689459     
  -705.70091818522906       0.99999999999983902        10.407412834878384     
  -705.48045554287182       0.99999999999983902        10.583361063954957     
  -705.25999290051459       0.99999999999983891        10.757719411178483     
  -705.03953025815736       0.99999999999983891        10.930456450390903     
  -704.81906761580012       0.99999999999983868        11.101541288803412     
  -704.59860497344289       0.99999999999983857        11.270943547572635     
  -704.37814233108566       0.99999999999983857        11.438633344821614     
  -704.15767968872842       0.99999999999983857        11.604581280807684     
  -703.93721704637119       0.99999999999983857        11.768758424978861     
  -703.71675440401395       0.99999999999983846        11.931136304694622     
  -703.49629176165672       0.99999999999983846        12.091686895415693     
  -703.27582911929949       0.99999999999983835        12.250382612192540     
  -703.05536647694225       0.99999999999983813        12.407196302303459     
  -702.83490383458502       0.99999999999983791        12.562101238911728     
  -702.61444119222779       0.99999999999983802        12.715071115626865     
  -702.39397854987055       0.99999999999983802        12.866080041869237     
  -702.17351590751332       0.99999999999983780        13.015102538948558     
  -701.95305326515609       0.99999999999983791        13.162113536777717     
  -701.73259062279885       0.99999999999983780        13.307088371152235     
  -701.51212798044162       0.99999999999983769        13.450002781533144     
  -701.29166533808439       0.99999999999983780        13.590832909278557     
  -701.07120269572715       0.99999999999983746        13.729555296275034     
  -700.85074005336992       0.99999999999983735        13.866146883924511     
  -700.63027741101268       0.99999999999983724        14.000585012448358     
  -700.40981476865545       0.99999999999983702        14.132847420473251     
  -700.18935212629822       0.99999999999983691        14.262912244867740     
  -699.96888948394098       0.99999999999983691        14.390758020801089     
  -699.74842684158375       0.99999999999983691        14.516363681999444     
  -699.52796419922652       0.99999999999983680        14.639708561176299     
  -699.30750155686928       0.99999999999983680        14.760772390616751     
  -699.08703891451205       0.99999999999983669        14.879535302897173     
  -698.86657627215482       0.99999999999983669        14.995977831723124     
  -698.64611362979758       0.99999999999983669        15.110080912870698     
  -698.42565098744035       0.99999999999983680        15.221825885217195     
  -698.20518834508312       0.99999999999983669        15.331194491848825     
  -697.98472570272588       0.99999999999983658        15.438168881233812     
  -697.76426306036865       0.99999999999983635        15.542731608450806     
  -697.54380041801141       0.99999999999983613        15.644865636462848     
  -697.32333777565418       0.99999999999983602        15.744554337428335     
  -697.10287513329695       0.99999999999983602        15.841781494041360     
  -696.88241249093971       0.99999999999983591        15.936531300893765     
  -696.66194984858248       0.99999999999983591        16.028788365852577     
  -696.44148720622525       0.99999999999983558        16.118537711446805     
  -696.22102456386801       0.99999999999983569        16.205764776257830     
  -696.00056192151078       0.99999999999983558        16.290455416308436     
  -695.78009927915355       0.99999999999983535        16.372595906445717     
  -695.55963663679631       0.99999999999983535        16.452172941713574     
  -695.33917399443908       0.99999999999983535        16.529173638710759     
  -695.11871135208185       0.99999999999983535        16.603585536930918     
  -694.89824870972461       0.99999999999983513        16.675396600081282     
  -694.67778606736738       0.99999999999983480        16.744595217376457     
  -694.45732342501015       0.99999999999983447        16.811170204805123     
  -694.23686078265291       0.99999999999983469        16.875110806366536     
  -694.01639814029568       0.99999999999983435        16.936406695274353     
  -693.79593549793844       0.99999999999983424        16.995047975125846     
  -693.57547285558121       0.99999999999983391        17.051025181034042     
  -693.35501021322398       0.99999999999983347        17.104329280721092     
  -693.13454757086674       0.99999999999983324        17.154951675571041     
  -692.91408492850951       0.99999999999983324        17.202884201640341     
  -692.69362228615228       0.99999999999983302        17.248119130624524     
  -692.47315964379504       0.99999999999983324        17.290649170779755     
  -692.25269700143781       0.99999999999983313        17.330467467797899     
  -692.03223435908058       0.99999999999983313        17.367567605633965     
  -691.81177171672334       0.99999999999983324        17.401943607284796     
  -691.59130907436611       0.99999999999983313        17.433589935518107     
  -691.37084643200888       0.99999999999983302        17.462501493550860     
  -691.15038378965164       0.99999999999983302        17.488673625676249     
  -690.92992114729441       0.99999999999983302        17.512102117838566     
  -690.70945850493717       0.99999999999983291        17.532783198155006     
  -690.48899586257994       0.99999999999983280        17.550713537384489     
  -690.26853322022271       0.99999999999983258        17.565890249342150     
  -690.04807057786547       0.99999999999983258        17.578310891259697     
  -689.82760793550824       0.99999999999983269        17.587973464090748     
  -689.60714529315101       0.99999999999983258        17.594876412761302     
  -689.38668265079377       0.99999999999983247        17.599018626364852     
  -689.16622000843654       0.99999999999983247        17.600399438301590     
  -688.94575736607931       0.99999999999983225        17.599018626362291     
  -688.72529472372207       0.99999999999983202        17.594876412756182     
  -688.50483208136484       0.99999999999983191        17.587973464083007     
  -688.28436943900761       0.99999999999983202        17.578310891249409     
  -688.06390679665037       0.99999999999983191        17.565890249329321     
  -687.84344415429314       0.99999999999983191        17.550713537369056     
  -687.62298151193590       0.99999999999983180        17.532783198136986     
  -687.40251886957867       0.99999999999983180        17.512102117817985     
  -687.18205622722144       0.99999999999983180        17.488673625653153     
  -686.96159358486420       0.99999999999983158        17.462501493525206     
  -686.74113094250697       0.99999999999983147        17.433589935489895     
  -686.52066830014974       0.99999999999983136        17.401943607254008     
  -686.30020565779250       0.99999999999983136        17.367567605600616     
  -686.07974301543527       0.99999999999983136        17.330467467762006     
  -685.85928037307804       0.99999999999983125        17.290649170741304     
  -685.63881773072080       0.99999999999983136        17.248119130583529     
  -685.41835508836357       0.99999999999983136        17.202884201596802     
  -685.19789244600634       0.99999999999983125        17.154951675524973     
  -684.97742980364910       0.99999999999983114        17.104329280672520     
  -684.75696716129187       0.99999999999983102        17.051025180982993     
  -684.53650451893463       0.99999999999983091        16.995047975072289     
  -684.31604187657740       0.99999999999983080        16.936406695218299     
  -684.09557923422017       0.99999999999983080        16.875110806308012     
  -683.87511659186293       0.99999999999983058        16.811170204744144     
  -683.65465394950570       0.99999999999983047        16.744595217313012     
  -683.43419130714847       0.99999999999983047        16.675396600015382     
  -683.21372866479123       0.99999999999983036        16.603585536862589     
  -682.99326602243400       0.99999999999983025        16.529173638639971     
  -682.77280338007677       0.99999999999983014        16.452172941640381     
  -682.55234073771953       0.99999999999983002        16.372595906370123     
  -682.33187809536230       0.99999999999983014        16.290455416230444     
  -682.11141545300507       0.99999999999983002        16.205764776177443     
  -681.89095281064783       0.99999999999982969        16.118537711364063     
  -681.67049016829060       0.99999999999982969        16.028788365767518     
  -681.45002752593336       0.99999999999982958        15.936531300806376     
  -681.22956488357613       0.99999999999982991        15.841781493951649     
  -681.00910224121890       0.99999999999982936        15.744554337336311     
  -680.78863959886166       0.99999999999982914        15.644865636368495     
  -680.56817695650443       0.99999999999982891        15.542731608354135     
  -680.34771431414720       0.99999999999982880        15.438168881134844     
  -680.12725167178996       0.99999999999982880        15.331194491747604     
  -679.90678902943273       0.99999999999982858        15.221825885113729     
  -679.68632638707550       0.99999999999982836        15.110080912765007     
  -679.46586374471826       0.99999999999982847        14.995977831615242     
  -679.24540110236103       0.99999999999982836        14.879535302787101     
  -679.02493846000380       0.99999999999982825        14.760772390504526     
  -678.80447581764656       0.99999999999982825        14.639708561061923     
  -678.58401317528933       0.99999999999982803        14.516363681882964     
  -678.36355053293209       0.99999999999982803        14.390758020682512     
  -678.14308789057486       0.99999999999982803        14.262912244747081     
  -677.92262524821763       0.99999999999982769        14.132847420350535     
  -677.70216260586039       0.99999999999982747        14.000585012323576     
  -677.48169996350316       0.99999999999982736        13.866146883797711     
  -677.26123732114593       0.99999999999982736        13.729555296146238     
  -677.04077467878869       0.99999999999982714        13.590832909147778     
  -676.82031203643146       0.99999999999982725        13.450002781400373     
  -676.59984939407423       0.99999999999982714        13.307088371017540     
  -676.37938675171699       0.99999999999982703        13.162113536641117     
  -676.15892410935976       0.99999999999982703        13.015102538810048     
  -675.93846146700253       0.99999999999982692        12.866080041728869     
  -675.71799882464529       0.99999999999982692        12.715071115484632     
  -675.49753618228806       0.99999999999982669        12.562101238767667     
  -675.27707353993083       0.99999999999982647        12.407196302157612     
  -675.05661089757359       0.99999999999982636        12.250382612044907     
  -674.83614825521636       0.99999999999982625        12.091686895266308     
  -674.61568561285912       0.99999999999982658        11.931136304543500     
  -674.39522297050189       0.99999999999982658        11.768758424826034     
  -674.17476032814466       0.99999999999982658        11.604581280653205     
  -673.95429768578742       0.99999999999982647        11.438633344665499     
  -673.73383504343019       0.99999999999982625        11.270943547414895     
  -673.51337240107296       0.99999999999982625        11.101541288644091     
  -673.29290975871572       0.99999999999982625        10.930456450230013     
  -673.07244711635849       0.99999999999982636        10.757719411016078     
  -672.85198447400126       0.99999999999982614        10.583361063791077     
  -672.63152183164402       0.99999999999982592        10.407412834713011     
  -672.41105918928679       0.99999999999982547        10.229906705522641     
  -672.19059654692956       0.99999999999982536        10.050875238946949     
  -671.97013390457232       0.99999999999982547        9.8703516077580744     
  -671.74967126221509       0.99999999999982536        9.6883696280312357     
  -671.52920861985785       0.99999999999982536        9.5049637972371901     
  -671.30874597750062       0.99999999999982514        9.3201693379156083     
  -671.08828333514339       0.99999999999982514        9.1340222478082236     
  -670.86782069278615       0.99999999999982536        8.9465593574897859     
  -670.64735805042892       0.99999999999982514        8.7578183967276892     
  -670.42689540807169       0.99999999999982514        8.5678380710341795     
  -670.20643276571445       0.99999999999982492        8.3766581501589172     
  -669.98597012335722       0.99999999999982481        8.1843195706170224     
  -669.76550748099999       0.99999999999982470        7.9908645547730623     
  -669.54504483864275       0.99999999999982481        7.7963367495261746     
  -669.32458219628552       0.99999999999982458        7.6007813882915540     
  -669.10411955392829       0.99999999999982470        7.4042454807817748     
  -668.88365691157105       0.99999999999982492        7.2067780361016727     
  -668.66319426921382       0.99999999999982492        7.0084303259412719     
  -668.44273162685658       0.99999999999982470        6.8092561962553084     
  -668.22226898449935       0.99999999999982447        6.6093124378571551     
  -668.00180634214212       0.99999999999982425        6.4086592289593902     
  -667.78134369978488       0.99999999999982414        6.2073606660423906     
  -667.56088105742765       0.99999999999982392        6.0054854037621848     
  -667.34041841507042       0.99999999999982370        5.8031074302465298     
  -667.11995577271318       0.99999999999982347        5.6003070115129407     
  -666.89949313035595       0.99999999999982336        5.3971718484834454     
  -666.67903048799872       0.99999999999982336        5.1937985030075700     
  -666.45856784564148       0.99999999999982347        4.9902941666058602     
  -666.23810520328425       0.99999999999982325        4.7867788689438830     
  -666.01764256092702       0.99999999999982325        4.5833882546368203     
  -665.79717991856978       0.99999999999982314        4.3802771001010719     
  -665.57671727621255       0.99999999999982314        4.1776238013765612     
  -665.35625463385531       0.99999999999982292        3.9756361455698435     
  -665.13579199149808       0.99999999999982281        3.7745587918053713     
  -664.91532934914085       0.99999999999982259        3.5746830446945701     
  -664.69486670678361       0.99999999999982259        3.3763597208553850     
  -664.47440406442638       0.99999999999982236        3.1800162076241691     
  -664.25394142206915       0.99999999999982236        2.9861792153019153     
  -664.03347877971191       0.99999999999982236        2.7955052454298817     
  -663.81301613735468       0.99999999999982225        2.6088214206344560     
  -663.59255349499745       0.99999999999982225        2.4271799339163573     
  -663.37209085264021       0.99999999999982214        2.2519296239956264     
  -663.15162821028298       0.99999999999982225        2.0848071717864762     
  -662.93116556792575       0.99999999999982203        1.9280461471944081     
  -662.71070292556851       0.99999999999982192        1.7844907859419286     
  -662.49024028321128       0.99999999999982170        1.6576772385690082     
  -662.26977764085404       0.99999999999982170        1.5518044475680761     
  -662.04931499849681       0.99999999999982181        1.4714726082092517     
  -661.82885235613958       0.99999999999982181        1.4210738917876038     
  -661.60838971378234       0.99999999999982170        1.4038686652581596     
  -661.38792707142511       0.99999999999982181        1.4210738918217016     
  -661.16746442906788       0.99999999999982181        1.4714726082750906     
  -660.94700178671064       0.99999999999982181        1.5518044476616706     
  -660.72653914435341       0.99999999999982170        1.6576772386857479     
  -660.50607650199618       0.99999999999982137        1.7844907860773556     
  -660.28561385963894       0.99999999999982125        1.9280461473446475     
  -660.06515121728171       0.99999999999982137        2.0848071719483490     
  -659.84468857492448       0.99999999999982092        2.2519296241666278     
  -659.62422593256724       0.99999999999982092        2.4271799340945175     
  -659.40376329021001       0.99999999999982103        2.6088214208182623     
  -659.18330064785278       0.99999999999982070        2.7955052456181453     
  -658.96283800549554       0.99999999999982037        2.9861792154937135     
  -658.74237536313831       0.99999999999982025        3.1800162078187646     
  -658.52191272078107       0.99999999999982025        3.3763597210522023     
  -658.30145007842384       0.99999999999982025        3.5746830448931335     
  -658.08098743606661       0.99999999999982014        3.7745587920052919     
  -657.86052479370937       0.99999999999982003        3.9756361457708058     
  -657.64006215135214       0.99999999999981981        4.1776238015782932     
  -657.41959950899491       0.99999999999981992        4.3802771003033767     
  -657.19913686663767       0.99999999999981981        4.5833882548394778     
  -656.97867422428044       0.99999999999981970        4.7867788691467297     
  -656.75821158192321       0.99999999999981926        4.9902941668087610     
  -656.53774893956597       0.99999999999981914        5.1937985032103953     
  -656.31728629720874       0.99999999999981914        5.3971718486860851     
  -656.09682365485151       0.99999999999981926        5.6003070117152909     
  -655.87636101249427       0.99999999999981892        5.8031074304485006     
  -655.65589837013704       0.99999999999981903        6.0054854039636902     
  -655.43543572777980       0.99999999999981903        6.2073606662433649     
  -655.21497308542257       0.99999999999981903        6.4086592291597499     
  -654.99451044306534       0.99999999999981881        6.6093124380568335     
  -654.77404780070810       0.99999999999981870        6.8092561964542613     
  -654.55358515835087       0.99999999999981881        7.0084303261394352     
  -654.33312251599364       0.99999999999981892        7.2067780362990037     
  -654.11265987363640       0.99999999999981881        7.4042454809782008     
  -653.89219723127917       0.99999999999981859        7.6007813884870297     
  -653.67173458892194       0.99999999999981859        7.7963367497206431     
  -653.45127194656470       0.99999999999981848        7.9908645549665032     
  -653.23080930420747       0.99999999999981837        8.1843195708093628     
  -653.01034666185024       0.99999999999981826        8.3766581503501047     
  -652.78988401949300       0.99999999999981781        8.5678380712241768     
  -652.56942137713577       0.99999999999981737        8.7578183969164929     
  -652.34895873477853       0.99999999999981737        8.9465593576773106     
  -652.12849609242130       0.99999999999981715        9.1340222479944586     
  -651.90803345006407       0.99999999999981715        9.3201693381005324     
  -651.68757080770683       0.99999999999981715        9.5049637974207233     
  -651.46710816534960       0.99999999999981692        9.6883696282133602     
  -651.24664552299237       0.99999999999981692        9.8703516079387725     
  -651.02618288063513       0.99999999999981681        10.050875239126164     
  -650.80572023827790       0.99999999999981670        10.229906705700365     
  -650.58525759592067       0.99999999999981670        10.407412834889177     
  -650.36479495356343       0.99999999999981648        10.583361063965681     
  -650.14433231120620       0.99999999999981626        10.757719411189090     
  -649.92386966884897       0.99999999999981615        10.930456450401389     
  -649.70340702649173       0.99999999999981615        11.101541288813815     
  -649.48294438413450       0.99999999999981626        11.270943547582897     
  -649.26248174177726       0.99999999999981581        11.438633344831800     
  -649.04201909942003       0.99999999999981559        11.604581280817737     
  -648.82155645706280       0.99999999999981559        11.768758424988791     
  -648.60109381470556       0.99999999999981548        11.931136304704442     
  -648.38063117234833       0.99999999999981559        12.091686895425394     
  -648.16016852999110       0.99999999999981548        12.250382612202106     
  -647.93970588763386       0.99999999999981548        12.407196302312910     
  -647.71924324527663       0.99999999999981548        12.562101238921045     
  -647.49878060291940       0.99999999999981537        12.715071115636025     
  -647.27831796056216       0.99999999999981504        12.866080041878263     
  -647.05785531820493       0.99999999999981493        13.015102538957439     
  -646.83739267584770       0.99999999999981515        13.162113536786498     
  -646.61693003349046       0.99999999999981515        13.307088371160892     
  -646.39646739113323       0.99999999999981504        13.450002781541624     
  -646.17600474877599       0.99999999999981493        13.590832909286920     
  -645.95554210641876       0.99999999999981504        13.729555296283257     
  -645.73507946406153       0.99999999999981504        13.866146883932597     
  -645.51461682170429       0.99999999999981470        14.000585012456312     
  -645.29415417934706       0.99999999999981459        14.132847420481070     
  -645.07369153698983       0.99999999999981459        14.262912244875405     
  -644.85322889463259       0.99999999999981448        14.390758020808635     
  -644.63276625227536       0.99999999999981426        14.516363682006844     
  -644.41230360991813       0.99999999999981426        14.639708561183545     
  -644.19184096756089       0.99999999999981415        14.760772390623890     
  -643.97137832520366       0.99999999999981404        14.879535302904173     
  -643.75091568284643       0.99999999999981415        14.995977831729983     
  -643.53045304048919       0.99999999999981426        15.110080912877423     
  -643.30999039813196       0.99999999999981404        15.221825885223796     
  -643.08952775577472       0.99999999999981393        15.331194491855264     
  -642.86906511341749       0.99999999999981370        15.438168881240125     
  -642.64860247106026       0.99999999999981370        15.542731608457000     
  -642.42813982870302       0.99999999999981348        15.644865636468907     
  -642.20767718634579       0.99999999999981326        15.744554337434268     
  -641.98721454398856       0.99999999999981304        15.841781494047170     
  -641.76675190163132       0.99999999999981304        15.936531300899404     
  -641.54628925927409       0.99999999999981282        16.028788365858059     
  -641.32582661691686       0.99999999999981271        16.118537711452120     
  -641.10536397455962       0.99999999999981237        16.205764776262985     
  -640.88490133220239       0.99999999999981226        16.290455416313470     
  -640.66443868984516       0.99999999999981237        16.372595906450616     
  -640.44397604748792       0.99999999999981248        16.452172941718320     
  -640.22351340513069       0.99999999999981226        16.529173638715324     
  -640.00305076277346       0.99999999999981226        16.603585536935331     
  -639.78258812041622       0.99999999999981226        16.675396600085502     
  -639.56212547805899       0.99999999999981215        16.744595217380510     
  -639.34166283570175       0.99999999999981204        16.811170204809017     
  -639.12120019334452       0.99999999999981204        16.875110806370270     
  -638.90073755098729       0.99999999999981193        16.936406695277963     
  -638.68027490863005       0.99999999999981182        16.995047975129275     
  -638.45981226627282       0.99999999999981171        17.051025181037289     
  -638.23934962391559       0.99999999999981148        17.104329280724187     
  -638.01888698155835       0.99999999999981171        17.154951675573933     
  -637.79842433920112       0.99999999999981148        17.202884201643052     
  -637.57796169684389       0.99999999999981126        17.248119130627089     
  -637.35749905448665       0.99999999999981104        17.290649170782146     
  -637.13703641212942       0.99999999999981115        17.330467467800126     
  -636.91657376977219       0.99999999999981126        17.367567605636015     
  -636.69611112741495       0.99999999999981115        17.401943607286654     
  -636.47564848505772       0.99999999999981126        17.433589935519773     
  -636.25518584270048       0.99999999999981104        17.462501493552363     
  -636.03472320034325       0.99999999999981071        17.488673625677578     
  -635.81426055798602       0.99999999999981104        17.512102117839685     
  -635.59379791562878       0.99999999999981104        17.532783198155947     
  -635.37333527327155       0.99999999999981104        17.550713537385239     
  -635.15287263091432       0.99999999999981093        17.565890249342722     
  -634.93240998855708       0.99999999999981071        17.578310891260109     
  -634.71194734619985       0.99999999999981026        17.587973464090972     
  -634.49148470384262       0.99999999999981004        17.594876412761423     
  -634.27102206148538       0.99999999999981037        17.599018626364749     
  -634.05055941912815       0.99999999999981048        17.600399438301285     
  -633.83009677677092       0.99999999999981037        17.599018626361776     
  -633.60963413441368       0.99999999999981060        17.594876412755468     
  -633.38917149205645       0.99999999999981060        17.587973464082157     
  -633.16870884969921       0.99999999999981082        17.578310891248343     
  -632.94824620734198       0.99999999999981093        17.565890249328096     
  -632.72778356498475       0.99999999999981071        17.550713537367667     
  -632.50732092262751       0.99999999999981060        17.532783198135490     
  -632.28685828027028       0.99999999999981048        17.512102117816323     
  -632.06639563791305       0.99999999999981015        17.488673625651327     
  -631.84593299555581       0.99999999999981004        17.462501493523206     
  -631.62547035319858       0.99999999999980993        17.433589935487728     
  -631.40500771084135       0.99999999999980993        17.401943607251702     
  -631.18454506848411       0.99999999999980982        17.367567605598172     
  -630.96408242612688       0.99999999999981004        17.330467467759409     
  -630.74361978376965       0.99999999999980982        17.290649170738529     
  -630.52315714141241       0.99999999999980960        17.248119130580612     
  -630.30269449905518       0.99999999999980949        17.202884201593708     
  -630.08223185669794       0.99999999999980949        17.154951675521737     
  -629.86176921434071       0.99999999999980937        17.104329280669095     
  -629.64130657198348       0.99999999999980915        17.051025180979384     
  -629.42084392962624       0.99999999999980893        16.995047975068513     
  -629.20038128726901       0.99999999999980893        16.936406695214355     
  -628.97991864491178       0.99999999999980882        16.875110806303908     
  -628.75945600255454       0.99999999999980871        16.811170204739874     
  -628.53899336019731       0.99999999999980849        16.744595217308589     
  -628.31853071784008       0.99999999999980860        16.675396600010806     
  -628.09806807548284       0.99999999999980871        16.603585536857857     
  -627.87760543312561       0.99999999999980860        16.529173638635065     
  -627.65714279076838       0.99999999999980860        16.452172941635308     
  -627.43668014841114       0.99999999999980849        16.372595906364875     
  -627.21621750605391       0.99999999999980860        16.290455416225029     
  -626.99575486369667       0.99999999999980849        16.205764776171911     
  -626.77529222133944       0.99999999999980838        16.118537711358325     
  -626.55482957898221       0.99999999999980815        16.028788365761606     
  -626.33436693662497       0.99999999999980804        15.936531300800313     
  -626.11390429426774       0.99999999999980804        15.841781493945408     
  -625.89344165191051       0.99999999999980815        15.744554337329923     
  -625.67297900955327       0.99999999999980826        15.644865636361947     
  -625.45251636719604       0.99999999999980826        15.542731608347491     
  -625.23205372483881       0.99999999999980804        15.438168881128034     
  -625.01159108248157       0.99999999999980815        15.331194491740629     
  -624.79112844012434       0.99999999999980815        15.221825885106632     
  -624.57066579776711       0.99999999999980826        15.110080912757754     
  -624.35020315540987       0.99999999999980826        14.995977831607826     
  -624.12974051305264       0.99999999999980804        14.879535302779528     
  -623.90927787069540       0.99999999999980804        14.760772390496776     
  -623.68881522833817       0.99999999999980782        14.639708561054023     
  -623.46835258598094       0.99999999999980771        14.516363681874912     
  -623.24788994362370       0.99999999999980793        14.390758020674312     
  -623.02742730126647       0.99999999999980793        14.262912244738722     
  -622.80696465890924       0.99999999999980782        14.132847420342026     
  -622.58650201655200       0.99999999999980782        14.000585012314973     
  -622.36603937419477       0.99999999999980782        13.866146883788998     
  -622.14557673183754       0.99999999999980782        13.729555296137379     
  -621.92511408948030       0.99999999999980782        13.590832909138765     
  -621.70465144712307       0.99999999999980804        13.450002781391238     
  -621.48418880476584       0.99999999999980815        13.307088371008271     
  -621.26372616240860       0.99999999999980804        13.162113536631713     
  -621.04326352005137       0.99999999999980793        13.015102538800532     
  -620.82280087769414       0.99999999999980793        12.866080041719234     
  -620.60233823533690       0.99999999999980771        12.715071115474897     
  -620.38187559297967       0.99999999999980749        12.562101238757823     
  -620.16141295062243       0.99999999999980760        12.407196302147655     
  -619.94095030826520       0.99999999999980738        12.250382612034860     
  -619.72048766590797       0.99999999999980727        12.091686895256185     
  -619.50002502355073       0.99999999999980715        11.931136304533258     
  -619.27956238119350       0.99999999999980715        11.768758424815680     
  -619.05909973883627       0.99999999999980704        11.604581280642734     
  -618.83863709647903       0.99999999999980704        11.438633344654928     
  -618.61817445412180       0.99999999999980704        11.270943547404221     
  -618.39771181176457       0.99999999999980715        11.101541288633317     
  -618.17724916940733       0.99999999999980682        10.930456450219149     
  -617.95678652705010       0.99999999999980649        10.757719411005084     
  -617.73632388469287       0.99999999999980627        10.583361063779972     
  -617.51586124233563       0.99999999999980616        10.407412834701784     
  -617.29539859997840       0.99999999999980616        10.229906705511320     
  -617.07493595762116       0.99999999999980582        10.050875238935532     
  -616.85447331526393       0.99999999999980582        9.8703516077465583     
  -616.63401067290670       0.99999999999980582        9.6883696280196148     
  -616.41354803054946       0.99999999999980582        9.5049637972254715     
  -616.19308538819223       0.99999999999980582        9.3201693379038275     
  -615.97262274583500       0.99999999999980582        9.1340222477963309     
  -615.75216010347776       0.99999999999980571        8.9465593574778079     
  -615.53169746112053       0.99999999999980549        8.7578183967156615     
  -615.31123481876330       0.99999999999980560        8.5678380710220772     
  -615.09077217640606       0.99999999999980516        8.3766581501467314     
  -614.87030953404883       0.99999999999980493        8.1843195706047744     
  -614.64984689169160       0.99999999999980504        7.9908645547607602     
  -614.42938424933436       0.99999999999980493        7.7963367495137890     
  -614.20892160697713       0.99999999999980482        7.6007813882791107     
  -613.98845896461989       0.99999999999980493        7.4042454807692755     
  -613.76799632226266       0.99999999999980493        7.2067780360891360     
  -613.54753367990543       0.99999999999980471        7.0084303259286962     
  -613.32707103754819       0.99999999999980460        6.8092561962426785     
  -613.10660839519096       0.99999999999980427        6.6093124378444426     
  -612.88614575283373       0.99999999999980416        6.4086592289466493     
  -612.66568311047649       0.99999999999980416        6.2073606660296221     
  -612.44522046811926       0.99999999999980393        6.0054854037493746     
  -612.22475782576203       0.99999999999980360        5.8031074302336894     
  -612.00429518340479       0.99999999999980382        5.6003070115000790     
  -611.78383254104756       0.99999999999980393        5.3971718484705624     
  -611.56336989869033       0.99999999999980382        5.1937985029946763     
  -611.34290725633309       0.99999999999980382        4.9902941665929523     
  -611.12244461397586       0.99999999999980382        4.7867788689309787     
  -610.90198197161862       0.99999999999980371        4.5833882546239160     
  -610.68151932926139       0.99999999999980349        4.3802771000882013     
  -610.46105668690416       0.99999999999980349        4.1776238013637075     
  -610.24059404454692       0.99999999999980349        3.9756361455570350     
  -610.02013140218969       0.99999999999980327        3.7745587917926309     
  -609.79966875983246       0.99999999999980316        3.5746830446819033     
  -609.57920611747522       0.99999999999980294        3.3763597208428195     
  -609.35874347511799       0.99999999999980271        3.1800162076117360     
  -609.13828083276076       0.99999999999980271        2.9861792152896469     
  -608.91781819040352       0.99999999999980271        2.7955052454178149     
  -608.69735554804629       0.99999999999980260        2.6088214206226596     
  -608.47689290568906       0.99999999999980260        2.4271799339048878     
  -608.25643026333182       0.99999999999980249        2.2519296239845930     
  -608.03596762097459       0.99999999999980271        2.0848071717759891     
  -607.81550497861735       0.99999999999980271        1.9280461471846173     
  -607.59504233626012       0.99999999999980294        1.7844907859330319     
  -607.37457969390289       0.99999999999980260        1.6576772385612524     
  -607.15411705154565       0.99999999999980238        1.5518044475617410     
  -606.93365440918842       0.99999999999980205        1.4714726082046226     
  -606.71319176683119       0.99999999999980160        1.4210738917849428     
  -606.49272912447395       0.99999999999980127        1.4038686652576176     
  -606.27226648211672       0.99999999999980116        1.4210738918232912     
  -606.05180383975949       0.99999999999980116        1.4714726082786853     
  -605.83134119740225       0.99999999999980105        1.5518044476670185     
  -605.61087855504502       0.99999999999980083        1.6576772386925602     
  -605.39041591268779       0.99999999999980049        1.7844907860853667     
  -605.16995327033055       0.99999999999980038        1.9280461473536130     
  -604.94949062797332       0.99999999999980027        2.0848071719580634     
  -604.72902798561609       0.99999999999980016        2.2519296241769404     
  -604.50856534325885       0.99999999999980005        2.4271799341052813     
  -604.28810270090162       0.99999999999979983        2.6088214208293978     
  -604.06764005854438       0.99999999999979972        2.7955052456295832     
  -603.84717741618715       0.99999999999979972        2.9861792155053890     
  -603.62671477382992       0.99999999999979972        3.1800162078306067     
  -603.40625213147268       0.99999999999979949        3.3763597210641882     
  -603.18578948911545       0.99999999999979949        3.5746830449052425     
  -602.96532684675822       0.99999999999979949        3.7745587920174937     
  -602.74486420440098       0.99999999999979927        3.9756361457830804     
  -602.52440156204375       0.99999999999979916        4.1776238015906069     
  -602.30393891968652       0.99999999999979905        4.3802771003157206     
  -602.08347627732928       0.99999999999979905        4.5833882548518527     
  -601.86301363497205       0.99999999999979905        4.7867788691591411     
  -601.64255099261482       0.99999999999979905        4.9902941668211662     
  -601.42208835025758       0.99999999999979916        5.1937985032228058     
  -601.20162570790035       0.99999999999979894        5.3971718486984841     
  -600.98116306554311       0.99999999999979894        5.6003070117276721     
  -600.76070042318588       0.99999999999979883        5.8031074304608588     
  -600.54023778082865       0.99999999999979838        6.0054854039760457     
  -600.31977513847141       0.99999999999979827        6.2073606662556875     
  -600.09931249611418       0.99999999999979838        6.4086592291720494     
  -599.87884985375695       0.99999999999979849        6.6093124380690673     
  -599.65838721139971       0.99999999999979827        6.8092561964664533     
  -599.43792456904248       0.99999999999979838        7.0084303261515775     
  -599.21746192668525       0.99999999999979816        7.2067780363110732     
  -598.99699928432801       0.99999999999979805        7.4042454809902063     
  -598.77653664197078       0.99999999999979805        7.6007813884989615     
  -598.55607399961355       0.99999999999979772        7.7963367497325153     
  -598.33561135725631       0.99999999999979761        7.9908645549783097     
  -598.11514871489908       0.99999999999979772        8.1843195708210956     
  -597.89468607254184       0.99999999999979761        8.3766581503617594     
  -597.67422343018461       0.99999999999979761        8.5678380712357693     
  -597.45376078782738       0.99999999999979772        8.7578183969279770     
  -597.23329814547014       0.99999999999979738        8.9465593576887237     
  -597.01283550311291       0.99999999999979694        9.1340222480057793     
  -596.79237286075568       0.99999999999979694        9.3201693381117465     
  -596.57191021839844       0.99999999999979683        9.5049637974318841     
  -596.35144757604121       0.99999999999979672        9.6883696282244145     
  -596.13098493368398       0.99999999999979672        9.8703516079497149     
  -595.91052229132674       0.99999999999979661        10.050875239137037     
  -595.69005964896951       0.99999999999979672        10.229906705711155     
  -595.46959700661228       0.99999999999979661        10.407412834899864     
  -595.24913436425504       0.99999999999979639        10.583361063976211     
  -595.02867172189781       0.99999999999979616        10.757719411199522     
  -594.80820907954057       0.99999999999979605        10.930456450411732     
  -594.58774643718334       0.99999999999979572        11.101541288824061     
  -594.36728379482611       0.99999999999979516        11.270943547593051     
  -594.14682115246887       0.99999999999979494        11.438633344841817     
  -593.92635851011164       0.99999999999979472        11.604581280827651     
  -593.70589586775441       0.99999999999979472        11.768758424998625     
  -593.48543322539717       0.99999999999979472        11.931136304714135     
  -593.26497058303994       0.99999999999979461        12.091686895434975     
  -593.04450794068271       0.99999999999979450        12.250382612211620     
  -592.82404529832547       0.99999999999979405        12.407196302322284     
  -592.60358265596824       0.99999999999979383        12.562101238930286     
  -592.38312001361101       0.99999999999979383        12.715071115645209     
  -592.16265737125377       0.99999999999979339        12.866080041887324     
  -591.94219472889654       0.99999999999979361        13.015102538966397     
  -591.72173208653930       0.99999999999979328        13.162113536795275     
  -591.50126944418207       0.99999999999979328        13.307088371169577     
  -591.28080680182484       0.99999999999979361        13.450002781550193     
  -591.06034415946760       0.99999999999979361        13.590832909295340     
  -590.83988151711037       0.99999999999979361        13.729555296291558     
  -590.61941887475314       0.99999999999979350        13.866146883940749     
  -590.39895623239590       0.99999999999979328        14.000585012464327     
  -590.17849359003867       0.99999999999979339        14.132847420488940     
  -589.95803094768144       0.99999999999979305        14.262912244883159     
  -589.73756830532420       0.99999999999979317        14.390758020816213     
  -589.51710566296697       0.99999999999979317        14.516363682014260     
  -589.29664302060974       0.99999999999979317        14.639708561190815     
  -589.07618037825250       0.99999999999979305        14.760772390631038     
  -588.85571773589527       0.99999999999979317        14.879535302911183     
  -588.63525509353803       0.99999999999979294        14.995977831736846     
  -588.41479245118080       0.99999999999979283        15.110080912884142     
  -588.19432980882357       0.99999999999979283        15.221825885230361     
  -587.97386716646633       0.99999999999979261        15.331194491861668     
  -587.75340452410910       0.99999999999979283        15.438168881246355     
  -587.53294188175187       0.99999999999979261        15.542731608463066     
  -587.31247923939463       0.99999999999979272        15.644865636474810     
  -587.09201659703740       0.99999999999979294        15.744554337440018     
  -586.87155395468017       0.99999999999979294        15.841781494052743     
  -586.65109131232293       0.99999999999979328        15.936531300904832     
  -586.43062866996570       0.99999999999979317        16.028788365863299     
  -586.21016602760847       0.99999999999979305        16.118537711457204     
  -585.98970338525123       0.99999999999979305        16.205764776267923     
  -585.76924074289400       0.99999999999979294        16.290455416318196     
  -585.54877810053677       0.99999999999979294        16.372595906455185     
  -585.32831545817953       0.99999999999979294        16.452172941722676     
  -585.10785281582230       0.99999999999979317        16.529173638719524     
  -584.88739017346506       0.99999999999979305        16.603585536939406     
  -584.66692753110783       0.99999999999979294        16.675396600089449     
  -584.44646488875060       0.99999999999979261        16.744595217384290     
  -584.22600224639336       0.99999999999979250        16.811170204812598     
  -584.00553960403613       0.99999999999979250        16.875110806373677     
  -583.78507696167890       0.99999999999979250        16.936406695281207     
  -583.56461431932166       0.99999999999979261        16.995047975132383     
  -583.34415167696443       0.99999999999979261        17.051025181040231     
  -583.12368903460720       0.99999999999979250        17.104329280726915     
  -582.90322639224996       0.99999999999979250        17.154951675576516     
  -582.68276374989273       0.99999999999979217        17.202884201645503     
  -582.46230110753550       0.99999999999979228        17.248119130629316     
  -582.24183846517826       0.99999999999979194        17.290649170784235     
  -582.02137582282103       0.99999999999979183        17.330467467802059     
  -581.80091318046379       0.99999999999979150        17.367567605637806     
  -581.58045053810656       0.99999999999979139        17.401943607288285     
  -581.35998789574933       0.99999999999979128        17.433589935521255     
  -581.13952525339209       0.99999999999979139        17.462501493553649     
  -580.91906261103486       0.99999999999979161        17.488673625678654     
  -580.69859996867763       0.99999999999979150        17.512102117840559     
  -580.47813732632039       0.99999999999979139        17.532783198156661     
  -580.25767468396316       0.99999999999979128        17.550713537385761     
  -580.03721204160593       0.99999999999979128        17.565890249343088     
  -579.81674939924869       0.99999999999979128        17.578310891260273     
  -579.59628675689146       0.99999999999979128        17.587973464090958     
  -579.37582411453423       0.99999999999979117        17.594876412761234     
  -579.15536147217699       0.99999999999979128        17.599018626364444     
  -578.93489882981976       0.99999999999979139        17.600399438300784     
  -578.71443618746252       0.99999999999979172        17.599018626361154     
  -578.49397354510529       0.99999999999979183        17.594876412754672     
  -578.27351090274806       0.99999999999979194        17.587973464081177     
  -578.05304826039082       0.99999999999979194        17.578310891247188     
  -577.83258561803359       0.99999999999979206        17.565890249326717     
  -577.61212297567636       0.99999999999979183        17.550713537366114     
  -577.39166033331912       0.99999999999979172        17.532783198133714     
  -577.17119769096189       0.99999999999979139        17.512102117814397     
  -576.95073504860466       0.99999999999979117        17.488673625649209     
  -576.73027240624742       0.99999999999979128        17.462501493520890     
  -576.50980976389019       0.99999999999979128        17.433589935485223     
  -576.28934712153296       0.99999999999979117        17.401943607248981     
  -576.06888447917572       0.99999999999979095        17.367567605595248     
  -575.84842183681849       0.99999999999979061        17.330467467756339     
  -575.62795919446125       0.99999999999979050        17.290649170735293     
  -575.40749655210402       0.99999999999979017        17.248119130577145     
  -575.18703390974679       0.99999999999979006        17.202884201590120     
  -574.96657126738955       0.99999999999978983        17.154951675518006     
  -574.74610862503232       0.99999999999978972        17.104329280665212     
  -574.52564598267509       0.99999999999978972        17.051025180975387     
  -574.30518334031785       0.99999999999978983        16.995047975064406     
  -574.08472069796062       0.99999999999978995        16.936406695210067     
  -573.86425805560339       0.99999999999978983        16.875110806299435     
  -573.64379541324615       0.99999999999978961        16.811170204735252     
  -573.42333277088892       0.99999999999978950        16.744595217303829     
  -573.20287012853169       0.99999999999978939        16.675396600005897     
  -572.98240748617445       0.99999999999978939        16.603585536852773     
  -572.76194484381722       0.99999999999978928        16.529173638629814     
  -572.54148220145998       0.99999999999978939        16.452172941629900     
  -572.32101955910275       0.99999999999978906        16.372595906359336     
  -572.10055691674552       0.99999999999978895        16.290455416219338     
  -571.88009427438828       0.99999999999978861        16.205764776166042     
  -571.65963163203105       0.99999999999978861        16.118537711352346     
  -571.43916898967382       0.99999999999978884        16.028788365755460     
  -571.21870634731658       0.99999999999978884        15.936531300794030     
  -570.99824370495935       0.99999999999978895        15.841781493938997     
  -570.77778106260212       0.99999999999978895        15.744554337323324     
  -570.55731842024488       0.99999999999978895        15.644865636355235     
  -570.33685577788765       0.99999999999978872        15.542731608340626     
  -570.11639313553042       0.99999999999978872        15.438168881121038     
  -569.89593049317318       0.99999999999978850        15.331194491733500     
  -569.67546785081595       0.99999999999978839        15.221825885099332     
  -569.45500520845872       0.99999999999978817        15.110080912750327     
  -569.23454256610148       0.99999999999978784        14.995977831600275     
  -569.01407992374425       0.99999999999978761        14.879535302771840     
  -568.79361728138701       0.99999999999978750        14.760772390488953     
  -568.57315463902978       0.99999999999978773        14.639708561046092     
  -568.35269199667255       0.99999999999978761        14.516363681866848     
  -568.13222935431531       0.99999999999978773        14.390758020666141     
  -567.91176671195808       0.99999999999978739        14.262912244730430     
  -567.69130406960085       0.99999999999978739        14.132847420333604     
  -567.47084142724361       0.99999999999978706        14.000585012306363     
  -567.25037878488638       0.99999999999978673        13.866146883780235     
  -567.02991614252915       0.99999999999978673        13.729555296128499     
  -566.80945350017191       0.99999999999978662        13.590832909129812     
  -566.58899085781468       0.99999999999978650        13.450002781382148     
  -566.36852821545745       0.99999999999978650        13.307088370999066     
  -566.14806557310021       0.99999999999978628        13.162113536622382     
  -565.92760293074298       0.99999999999978639        13.015102538791080     
  -565.70714028838574       0.99999999999978606        12.866080041709653     
  -565.48667764602851       0.99999999999978595        12.715071115465189     
  -565.26621500367128       0.99999999999978562        12.562101238747996     
  -565.04575236131404       0.99999999999978550        12.407196302137683     
  -564.82528971895681       0.99999999999978506        12.250382612024765     
  -564.60482707659958       0.99999999999978484        12.091686895245958     
  -564.38436443424234       0.99999999999978495        11.931136304522930     
  -564.16390179188511       0.99999999999978517        11.768758424805243     
  -563.94343914952788       0.99999999999978517        11.604581280632189     
  -563.72297650717064       0.99999999999978506        11.438633344644266     
  -563.50251386481341       0.99999999999978484        11.270943547393495     
  -563.28205122245618       0.99999999999978484        11.101541288622473     
  -563.06158858009894       0.99999999999978451        10.930456450208176     
  -562.84112593774171       0.99999999999978439        10.757719410994023     
  -562.62066329538447       0.99999999999978439        10.583361063768820     
  -562.40020065302724       0.99999999999978439        10.407412834690559     
  -562.17973801067001       0.99999999999978417        10.229906705500026     
  -561.95927536831277       0.99999999999978395        10.050875238924146     
  -561.73881272595554       0.99999999999978373        9.8703516077350795     
  -561.51835008359831       0.99999999999978373        9.6883696280080525     
  -561.29788744124107       0.99999999999978373        9.5049637972138612     
  -561.07742479888384       0.99999999999978351        9.3201693378921178     
  -560.85696215652661       0.99999999999978306        9.1340222477845536     
  -560.63649951416937       0.99999999999978306        8.9465593574660041     
  -560.41603687181214       0.99999999999978273        8.7578183967037244     
  -560.19557422945491       0.99999999999978262        8.5678380710100477     
  -559.97511158709767       0.99999999999978284        8.3766581501346522     
  -559.75464894474044       0.99999999999978273        8.1843195705926313     
  -559.53418630238320       0.99999999999978251        7.9908645547485433     
  -559.31372366002597       0.99999999999978217        7.7963367495015268     
  -559.09326101766874       0.99999999999978229        7.6007813882667836     
  -558.87279837531150       0.99999999999978206        7.4042454807568578     
  -558.65233573295427       0.99999999999978206        7.2067780360766802     
  -558.43187309059704       0.99999999999978206        7.0084303259161649     
  -558.21141044823980       0.99999999999978217        6.8092561962300744     
  -557.99094780588257       0.99999999999978229        6.6093124378318269     
  -557.77048516352534       0.99999999999978206        6.4086592289339652     
  -557.55002252116810       0.99999999999978173        6.2073606660168510     
  -557.32955987881087       0.99999999999978162        6.0054854037366203     
  -557.10909723645364       0.99999999999978151        5.8031074302208889     
  -556.88863459409640       0.99999999999978151        5.6003070114872218     
  -556.66817195173917       0.99999999999978129        5.3971718484576945     
  -556.44770930938193       0.99999999999978118        5.1937985029818048     
  -556.22724666702470       0.99999999999978073        4.9902941665800036     
  -556.00678402466747       0.99999999999978051        4.7867788689180841     
  -555.78632138231023       0.99999999999978029        4.5833882546110676     
  -555.56585873995300       0.99999999999978018        4.3802771000752747     
  -555.34539609759577       0.99999999999977984        4.1776238013508129     
  -555.12493345523853       0.99999999999977962        3.9756361455442781     
  -554.90447081288130       0.99999999999977951        3.7745587917798433     
  -554.68400817052407       0.99999999999977940        3.5746830446692299     
  -554.46354552816683       0.99999999999977918        3.3763597208303096     
  -554.24308288580960       0.99999999999977895        3.1800162075992335     
  -554.02262024345237       0.99999999999977873        2.9861792152773212     
  -553.80215760109513       0.99999999999977862        2.7955052454058218     
  -553.58169495873790       0.99999999999977840        2.6088214206108011     
  -553.36123231638066       0.99999999999977796        2.4271799338933437     
  -553.14076967402343       0.99999999999977807        2.2519296239736044     
  -552.92030703166620       0.99999999999977796        2.0848071717653966     
  -552.69984438930896       0.99999999999977773        1.9280461471747126     
  -552.47938174695173       0.99999999999977773        1.7844907859242514     
  -552.25891910459450       0.99999999999977762        1.6576772385534007     
  -552.03845646223726       0.99999999999977740        1.5518044475551620     
  -551.81799381988003       0.99999999999977751        1.4714726082000447     
  -551.59753117752280       0.99999999999977762        1.4210738917821701     
  -551.37706853516556       0.99999999999977740        1.4038686652568397     
  -551.15660589280833       0.99999999999977751        1.4210738918249672     
  -550.93614325045110       0.99999999999977762        1.4714726082821639     
  -550.71568060809386       0.99999999999977740        1.5518044476720725     
  -550.49521796573663       0.99999999999977729        1.6576772386994296     
  -550.27475532337940       0.99999999999977685        1.7844907860933512     
  -550.05429268102216       0.99999999999977673        1.9280461473623540     
  -549.83383003866493       0.99999999999977662        2.0848071719677823     
  -549.61336739630769       0.99999999999977640        2.2519296241871998     
  -549.39290475395046       0.99999999999977640        2.4271799341158835     
  -549.17244211159323       0.99999999999977662        2.6088214208405871     
  -548.95197946923599       0.99999999999977651        2.7955052456410501     
  -548.73151682687876       0.99999999999977651        2.9861792155169082     
  -548.51105418452153       0.99999999999977640        3.1800162078424723     
  -548.29059154216429       0.99999999999977596        3.3763597210762333     
  -548.07012889980706       0.99999999999977607        3.5746830449172657     
  -547.84966625744983       0.99999999999977607        3.7745587920297186     
  -547.62920361509259       0.99999999999977596        3.9756361457953964     
  -547.40874097273536       0.99999999999977596        4.1776238016028504     
  -547.18827833037813       0.99999999999977585        4.3802771003280938     
  -546.96781568802089       0.99999999999977562        4.5833882548643308     
  -546.74735304566366       0.99999999999977529        4.7867788691715036     
  -546.52689040330642       0.99999999999977529        4.9902941668335936     
  -546.30642776094919       0.99999999999977518        5.1937985032352723     
  -546.08596511859196       0.99999999999977540        5.3971718487108431     
  -545.86550247623472       0.99999999999977562        5.6003070117400764     
  -545.64503983387749       0.99999999999977540        5.8031074304733048     
  -545.42457719152026       0.99999999999977551        6.0054854039883434     
  -545.20411454916302       0.99999999999977540        6.2073606662679808     
  -544.98365190680579       0.99999999999977540        6.4086592291843507     
  -544.76318926444856       0.99999999999977540        6.6093124380812975     
  -544.54272662209132       0.99999999999977540        6.8092561964786524     
  -544.32226397973409       0.99999999999977540        7.0084303261637695     
  -544.10180133737686       0.99999999999977518        7.2067780363231506     
  -543.88133869501962       0.99999999999977507        7.4042454810022242     
  -543.66087605266239       0.99999999999977474        7.6007813885109945     
  -543.44041341030515       0.99999999999977474        7.7963367497444303     
  -543.21995076794792       0.99999999999977474        7.9908645549901456     
  -542.99948812559069       0.99999999999977474        8.1843195708329066     
  -542.77902548323345       0.99999999999977462        8.3766581503734852     
  -542.55856284087622       0.99999999999977451        8.5678380712474045     
  -542.33810019851899       0.99999999999977407        8.7578183969396068     
  -542.11763755616175       0.99999999999977385        8.9465593577002682     
  -541.89717491380452       0.99999999999977374        9.1340222480172084     
  -541.67671227144729       0.99999999999977340        9.3201693381231348     
  -541.45624962909005       0.99999999999977307        9.5049637974431551     
  -541.23578698673282       0.99999999999977318        9.6883696282355878     
  -541.01532434437559       0.99999999999977307        9.8703516079608242     
  -540.79486170201835       0.99999999999977307        10.050875239148017     
  -540.57439905966112       0.99999999999977307        10.229906705721991     
  -540.35393641730388       0.99999999999977296        10.407412834910645     
  -540.13347377494665       0.99999999999977285        10.583361063986931     
  -539.91301113258942       0.99999999999977296        10.757719411210124     
  -539.69254849023218       0.99999999999977263        10.930456450422243     
  -539.47208584787495       0.99999999999977229        11.101541288834428     
  -539.25162320551772       0.99999999999977218        11.270943547603308     
  -539.03116056316048       0.99999999999977229        11.438633344852002     
  -538.81069792080325       0.99999999999977207        11.604581280837706     
  -538.59023527844602       0.99999999999977196        11.768758425008546     
  -538.36977263608878       0.99999999999977207        11.931136304724006     
  -538.14930999373155       0.99999999999977196        12.091686895444717     
  -537.92884735137432       0.99999999999977196        12.250382612221205     
  -537.70838470901708       0.99999999999977185        12.407196302331776     
  -537.48792206665985       0.99999999999977207        12.562101238939645     
  -537.26745942430261       0.99999999999977196        12.715071115654437     
  -537.04699678194538       0.99999999999977185        12.866080041896426     
  -536.82653413958815       0.99999999999977185        13.015102538975363     
  -536.60607149723091       0.99999999999977196        13.162113536804133     
  -536.38560885487368       0.99999999999977196        13.307088371178288     
  -536.16514621251645       0.99999999999977174        13.450002781558771     
  -535.94468357015921       0.99999999999977163        13.590832909303810     
  -535.72422092780198       0.99999999999977196        13.729555296299862     
  -535.50375828544475       0.99999999999977196        13.866146883948904     
  -535.28329564308751       0.99999999999977174        14.000585012472371     
  -535.06283300073028       0.99999999999977196        14.132847420496883     
  -534.84237035837305       0.99999999999977196        14.262912244890927     
  -534.62190771601581       0.99999999999977196        14.390758020823871     
  -534.40144507365858       0.99999999999977163        14.516363682021806     
  -534.18098243130135       0.99999999999977118        14.639708561198177     
  -533.96051978894411       0.99999999999977085        14.760772390638243     
  -533.74005714658688       0.99999999999977074        14.879535302918242     
  -533.51959450422964       0.99999999999977063        14.995977831743705     
  -533.29913186187241       0.99999999999977074        15.110080912890831     
  -533.07866921951518       0.99999999999977096        15.221825885236907     
  -532.85820657715794       0.99999999999977096        15.331194491868034     
  -532.63774393480071       0.99999999999977085        15.438168881252620     
  -532.41728129244348       0.99999999999977074        15.542731608469230     
  -532.19681865008624       0.99999999999977085        15.644865636480768     
  -531.97635600772901       0.99999999999977085        15.744554337445855     
  -531.75589336537178       0.99999999999977085        15.841781494058472     
  -531.53543072301454       0.99999999999977052        15.936531300910374     
  -531.31496808065731       0.99999999999977052        16.028788365868675     
  -531.09450543830008       0.99999999999977029        16.118537711462480     
  -530.87404279594284       0.99999999999977052        16.205764776272950     
  -530.65358015358561       0.99999999999977041        16.290455416323123     
  -530.43311751122837       0.99999999999977041        16.372595906459967     
  -530.21265486887114       0.99999999999977029        16.452172941727245     
  -529.99219222651391       0.99999999999977007        16.529173638723922     
  -529.77172958415667       0.99999999999976996        16.603585536943697     
  -529.55126694179944       0.99999999999976974        16.675396600093503     
  -529.33080429944221       0.99999999999976963        16.744595217388131     
  -529.11034165708497       0.99999999999976941        16.811170204816449     
  -528.88987901472774       0.99999999999976930        16.875110806377311     
  -528.66941637237051       0.99999999999976941        16.936406695284589     
  -528.44895373001327       0.99999999999976952        16.995047975135705     
  -528.22849108765604       0.99999999999976930        17.051025181043343     
  -528.00802844529881       0.99999999999976918        17.104329280729875     
  -527.78756580294157       0.99999999999976930        17.154951675579383     
  -527.56710316058434       0.99999999999976918        17.202884201647997     
  -527.34664051822710       0.99999999999976896        17.248119130631778     
  -527.12617787586987       0.99999999999976885        17.290649170786558     
  -526.90571523351264       0.99999999999976863        17.330467467804191     
  -526.68525259115540       0.99999999999976874        17.367567605639660     
  -526.46478994879817       0.99999999999976852        17.401943607290075     
  -526.24432730644094       0.99999999999976841        17.433589935522857     
  -526.02386466408370       0.99999999999976852        17.462501493555049     
  -525.80340202172647       0.99999999999976863        17.488673625680022     
  -525.58293937936924       0.99999999999976874        17.512102117841785     
  -525.36247673701200       0.99999999999976863        17.532783198157592     
  -525.14201409465477       0.99999999999976863        17.550713537386592     
  -524.92155145229754       0.99999999999976896        17.565890249343767     
  -524.70108880994030       0.99999999999976896        17.578310891260674     
  -524.48062616758307       0.99999999999976896        17.587973464091291     
  -524.26016352522583       0.99999999999976863        17.594876412761405     
  -524.03970088286860       0.99999999999976852        17.599018626364323     
  -523.81923824051137       0.99999999999976841        17.600399438300663     
  -523.59877559815413       0.99999999999976841        17.599018626360888     
  -523.37831295579690       0.99999999999976841        17.594876412754122     
  -523.15785031343967       0.99999999999976819        17.587973464080509     
  -522.93738767108243       0.99999999999976807        17.578310891246417     
  -522.71692502872520       0.99999999999976796        17.565890249325662     
  -522.49646238636797       0.99999999999976796        17.550713537364931     
  -522.27599974401073       0.99999999999976796        17.532783198132542     
  -522.05553710165350       0.99999999999976796        17.512102117812866     
  -521.83507445929627       0.99999999999976774        17.488673625647642     
  -521.61461181693903       0.99999999999976774        17.462501493519291     
  -521.39414917458180       0.99999999999976774        17.433589935483312     
  -521.17368653222456       0.99999999999976796        17.401943607246963     
  -520.95322388986733       0.99999999999976807        17.367567605593180     
  -520.73276124751010       0.99999999999976785        17.330467467753905     
  -520.51229860515286       0.99999999999976785        17.290649170732706     
  -520.29183596279563       0.99999999999976785        17.248119130574622     
  -520.07137332043840       0.99999999999976763        17.202884201587263     
  -519.85091067808116       0.99999999999976763        17.154951675514898     
  -519.63044803572393       0.99999999999976752        17.104329280662071     
  -519.40998539336670       0.99999999999976719        17.051025180971941     
  -519.18952275100946       0.99999999999976719        16.995047975060661     
  -518.96906010865223       0.99999999999976685        16.936406695206429     
  -518.74859746629500       0.99999999999976685        16.875110806295520     
  -518.52813482393776       0.99999999999976652        16.811170204731081     
  -518.30767218158053       0.99999999999976674        16.744595217299597     
  -518.08720953922329       0.99999999999976696        16.675396600001417     
  -517.86674689686606       0.99999999999976730        16.603585536848044     
  -517.64628425450883       0.99999999999976741        16.529173638625124     
  -517.42582161215159       0.99999999999976752        16.452172941625022     
  -517.20535896979436       0.99999999999976730        16.372595906354164     
  -516.98489632743713       0.99999999999976741        16.290455416214130     
  -516.76443368507989       0.99999999999976741        16.205764776160660     
  -516.54397104272266       0.99999999999976752        16.118537711346672     
  -516.32350840036543       0.99999999999976763        16.028788365749740     
  -516.10304575800819       0.99999999999976752        15.936531300788181     
  -515.88258311565096       0.99999999999976763        15.841781493932851     
  -515.66212047329373       0.99999999999976763        15.744554337317192     
  -515.44165783093649       0.99999999999976763        15.644865636348939     
  -515.22119518857926       0.99999999999976763        15.542731608334009     
  -515.00073254622203       0.99999999999976785        15.438168881114374     
  -514.78026990386479       0.99999999999976796        15.331194491726722     
  -514.55980726150756       0.99999999999976763        15.221825885092249     
  -514.33934461915032       0.99999999999976785        15.110080912743204     
  -514.11888197679309       0.99999999999976796        14.995977831593049     
  -513.89841933443586       0.99999999999976796        14.879535302764332     
  -513.67795669207862       0.99999999999976796        14.760772390481364     
  -513.45749404972139       0.99999999999976819        14.639708561038406     
  -513.23703140736416       0.99999999999976807        14.516363681858877     
  -513.01656876500692       0.99999999999976807        14.390758020658021     
  -512.79610612264969       0.99999999999976796        14.262912244722267     
  -512.57564348029246       0.99999999999976785        14.132847420325209     
  -512.35518083793522       0.99999999999976774        14.000585012297867     
  -512.13471819557799       0.99999999999976752        13.866146883771670     
  -511.91425555322081       0.99999999999976741        13.729555296119701     
  -511.69379291086364       0.99999999999976730        13.590832909120863     
  -511.47333026850646       0.99999999999976730        13.450002781373165     
  -511.25286762614928       0.99999999999976752        13.307088370989929     
  -511.03240498379211       0.99999999999976719        13.162113536613127     
  -510.81194234143493       0.99999999999976730        13.015102538781727     
  -510.59147969907775       0.99999999999976719        12.866080041700204     
  -510.37101705672058       0.99999999999976719        12.715071115455618     
  -510.15055441436340       0.99999999999976708        12.562101238738290     
  -509.93009177200622       0.99999999999976708        12.407196302127906     
  -509.70962912964904       0.99999999999976719        12.250382612014882     
  -509.48916648729187       0.99999999999976708        12.091686895235915     
  -509.26870384493469       0.99999999999976696        11.931136304512817     
  -509.04824120257751       0.99999999999976696        11.768758424795076     
  -508.82777856022034       0.99999999999976685        11.604581280621844     
  -508.60731591786316       0.99999999999976674        11.438633344633864     
  -508.38685327550598       0.99999999999976685        11.270943547383016     
  -508.16639063314881       0.99999999999976663        11.101541288611820     
  -507.94592799079163       0.99999999999976608        10.930456450197497     
  -507.72546534843445       0.99999999999976596        10.757719410983359     
  -507.50500270607728       0.99999999999976563        10.583361063757920     
  -507.28454006372010       0.99999999999976530        10.407412834679596     
  -507.06407742136292       0.99999999999976519        10.229906705489169     
  -506.84361477900575       0.99999999999976485        10.050875238913013     
  -506.62315213664857       0.99999999999976452        9.8703516077238760     
  -506.40268949429139       0.99999999999976419        9.6883696279970515     
  -506.18222685193422       0.99999999999976386        9.5049637972025529     
  -505.96176420957704       0.99999999999976363        9.3201693378806745     
  -505.74130156721986       0.99999999999976352        9.1340222477733910     
  -505.52083892486269       0.99999999999976352        8.9465593574544933     
  -505.30037628250551       0.99999999999976352        8.7578183966920324     
  -505.07991364014833       0.99999999999976319        8.5678380709987660     
  -504.85945099779116       0.99999999999976308        8.3766581501230455     
  -504.63898835543398       0.99999999999976297        8.1843195705807563     
  -504.41852571307680       0.99999999999976286        7.9908645547371941     
  -504.19806307071963       0.99999999999976286        7.7963367494898916     
  -503.97760042836245       0.99999999999976252        7.6007813882547319     
  -503.75713778600527       0.99999999999976263        7.4042454807454749     
  -503.53667514364810       0.99999999999976252        7.2067780360650344     
  -503.31621250129092       0.99999999999976230        7.0084303259039089     
  -503.09574985893374       0.99999999999976208        6.8092561962186213     
  -502.87528721657657       0.99999999999976208        6.6093124378202228     
  -502.65482457421939       0.99999999999976208        6.4086592289216000     
  -502.43436193186221       0.99999999999976219        6.2073606660054592     
  -502.21389928950504       0.99999999999976230        6.0054854037252055     
  -501.99343664714786       0.99999999999976241        5.8031074302084242     
  -501.77297400479068       0.99999999999976230        5.6003070114757776     
  -501.55251136243351       0.99999999999976252        5.3971718484464528     
  -501.33204872007633       0.99999999999976297        5.1937985029691802     
  -501.11158607771915       0.99999999999976341        4.9902941665685168     
  -500.89112343536198       0.99999999999976374        4.7867788689070778     
  -500.67066079300480       0.99999999999976397        4.5833882545983773     
  -500.45019815064762       0.99999999999976430        4.3802771000638607     
  -500.22973550829045       0.99999999999976485        4.1776238013404150     
  -500.00927286593327       0.99999999999976519        3.9756361455317233     
  -499.78881022357609       0.99999999999976574        3.7745587917684622     
  -499.56834758121892       0.99999999999976652        3.5746830446593147     
  -499.34788493886174       0.99999999999976708        3.3763597208176659     
  -499.12742229650456       0.99999999999976774        3.1800162075876894     
  -498.90695965414739       0.99999999999976885        2.9861792152681494     
  -498.68649701179021       0.99999999999976974        2.7955052453934632     
  -498.46603436943303       0.99999999999977052        2.6088214205995599     
  -498.24557172707586       0.99999999999977141        2.4271799338859177     
  -498.02510908471868       0.99999999999977252        2.2519296239624649     
  -497.80464644236150       0.99999999999977351        2.0848071717549752     
  -497.58418380000433       0.99999999999977451        1.9280461471696702     
  -497.36372115764715       0.99999999999977540        1.7844907859146253     
  -497.14325851528997       0.99999999999977640        1.6576772385438174     
  -496.92279587293280       0.99999999999977740        1.5518044475535029     
  -496.70233323057562       0.99999999999977840        1.4714726081939202     
  -496.48187058821844       0.99999999999977962        1.4210738917758654     
  -496.26140794586127       0.99999999999978084        1.4038686652610446     
  -496.04094530350409       0.99999999999978240        1.4210738918254464     
  -495.82048266114691       0.99999999999978406        1.4714726082812677     
  -495.60002001878973       0.99999999999978584        1.5518044476809236     
  -495.37955737643256       0.99999999999978784        1.6576772387049208     
  -495.15909473407538       0.99999999999978983        1.7844907860959818     
  -494.93863209171820       0.99999999999979128        1.9280461473726984     
  -494.71816944936103       0.99999999999979283        2.0848071719759580     
  -494.49770680700385       0.99999999999979439        2.2519296241922215     
  -494.27724416464667       0.99999999999979572        2.4271799341270612     
  -494.05678152228950       0.99999999999979727        2.6088214208506786     
  -493.83631887993232       0.99999999999979872        2.7955052456477780     
  -493.61585623757514       0.99999999999980038        2.9861792155281779     
  -493.39539359521797       0.99999999999980183        3.1800162078531744     
  -493.17493095286079       0.99999999999980371        3.3763597210835110     
  -492.95446831050361       0.99999999999980571        3.5746830449280549     
  -492.73400566814644       0.99999999999980760        3.7745587920406378     
  -492.51354302578926       0.99999999999980993        3.9756361458032301     
  -492.29308038343208       0.99999999999981248        4.1776238016135236     
  -492.07261774107491       0.99999999999981526        4.3802771003394145     
  -491.85215509871773       0.99999999999981826        4.5833882548727942     
  -491.63169245636055       0.99999999999982059        4.7867788691820170     
  -491.41122981400338       0.99999999999982281        4.9902941668448797     
  -491.19076717164620       0.99999999999982492        5.1937985032437792     
  -490.97030452928902       0.99999999999982681        5.3971718487207454     
  -490.74984188693185       0.99999999999982858        5.6003070117510516     
  -490.52937924457467       0.99999999999983047        5.8031074304819352     
  -490.30891660221749       0.99999999999983202        6.0054854039980290     
  -490.08845395986032       0.99999999999983380        6.2073606662789489     
  -489.86799131750314       0.99999999999983602        6.4086592291932893     
  -489.64752867514596       0.99999999999983791        6.6093124380908685     
  -489.42706603278879       0.99999999999984002        6.8092561964894767     
  -489.20660339043161       0.99999999999984268        7.0084303261727419     
  -488.98614074807443       0.99999999999984546        7.2067780363322793     
  -488.76567810571726       0.99999999999984834        7.4042454810125999     
  -488.54521546336008       0.99999999999985079        7.6007813885198798     
  -488.32475282100290       0.99999999999985301        7.7963367497533529     
  -488.10429017864573       0.99999999999985512        7.9908645550003348     
  -487.88382753628855       0.99999999999985689        8.1843195708418985     
  -487.66336489393137       0.99999999999985845        8.3766581503822746     
  -487.44290225157420       0.99999999999986000        8.5678380712573325     
  -487.22243960921702       0.99999999999986122        8.7578183969485721     
  -487.00197696685984       0.99999999999986244        8.9465593577087912     
  -486.78151432450267       0.99999999999986355        9.1340222480267084     
  -486.56105168214549       0.99999999999986489        9.3201693381319295     
  -486.34058903978831       0.99999999999986611        9.5049637974514862     
  -486.12012639743114       0.99999999999986766        9.6883696282448213     
  -485.89966375507396       0.99999999999986899        9.8703516079696119     
  -485.67920111271678       0.99999999999987077        10.050875239156328     
  -485.45873847035961       0.99999999999987199        10.229906705730958     
  -485.23827582800243       0.99999999999987310        10.407412834919301     
  -485.01781318564525       0.99999999999987432        10.583361063995078     
  -484.79735054328808       0.99999999999987510        10.757719411218728     
  -484.57688790093090       0.99999999999987588        10.930456450430663     
  -484.35642525857372       0.99999999999987654        11.101541288842418     
  -484.13596261621655       0.99999999999987654        11.270943547611642     
  -483.91549997385937       0.99999999999987677        11.438633344860270     
  -483.69503733150219       0.99999999999987688        11.604581280845624     
  -483.47457468914502       0.99999999999987699        11.768758425016562     
  -483.25411204678784       0.99999999999987721        11.931136304731915     
  -483.03364940443066       0.99999999999987710        12.091686895452455     
  -482.81318676207349       0.99999999999987721        12.250382612228890     
  -482.59272411971631       0.99999999999987743        12.407196302339420     
  -482.37226147735913       0.99999999999987765        12.562101238947182     
  -482.15179883500196       0.99999999999987765        12.715071115661857     
  -481.93133619264478       0.99999999999987754        12.866080041903794     
  -481.71087355028760       0.99999999999987677        13.015102538982781     
  -481.49041090793042       0.99999999999987599        13.162113536811328     
  -481.26994826557325       0.99999999999987499        13.307088371185262     
  -481.04948562321607       0.99999999999987366        13.450002781566003     
  -480.82902298085889       0.99999999999987232        13.590832909310796     
  -480.60856033850172       0.99999999999987155        13.729555296306561     
  -480.38809769614454       0.99999999999987033        13.866146883955967     
  -480.16763505378736       0.99999999999986922        14.000585012479197     
  -479.94717241143019       0.99999999999986788        14.132847420503200     
  -479.72670976907301       0.99999999999986688        14.262912244897745     
  -479.50624712671583       0.99999999999986577        14.390758020830480     
  -479.28578448435866       0.99999999999986500        14.516363682027748     
  -479.06532184200148       0.99999999999986444        14.639708561204758     
  -478.84485919964430       0.99999999999986378        14.760772390644750     
  -478.62439655728713       0.99999999999986322        14.879535302923930     
  -478.40393391492995       0.99999999999986255        14.995977831750146     
  -478.18347127257277       0.99999999999986200        15.110080912897340     
  -477.96300863021560       0.99999999999986133        15.221825885242346     
  -477.74254598785842       0.99999999999986100        15.331194491874182     
  -477.52208334550124       0.99999999999986078        15.438168881258997     
  -477.30162070314407       0.99999999999986067        15.542731608474304     
  -477.08115806078689       0.99999999999986144        15.644865636486472     
  -476.86069541842971       0.99999999999986389        15.744554337452014     
  -476.64023277607254       0.99999999999986533        15.841781494063280     
  -476.41977013371536       0.99999999999986722        15.936531300915822     
  -476.19930749135818       0.99999999999986899        16.028788365874885     
  -475.97884484900101       0.99999999999987188        16.118537711467006     
  -475.75838220664383       0.99999999999987532        16.205764776277896     
  -475.53791956428665       0.99999999999987810        16.290455416329049     
  -475.31745692192948       0.99999999999988198        16.372595906464262     
  -475.09699427957230       0.99999999999988631        16.452172941731792     
  -474.87653163721512       0.99999999999989053        16.529173638729745     
  -474.65606899485795       0.99999999999989497        16.603585536947822     
  -474.43560635250077       0.99999999999989952        16.675396600097759     
  -474.21514371014359       0.99999999999990385        16.744595217394128     
  -473.99468106778642       0.99999999999990796        16.811170204820648     
  -473.77421842542924       0.99999999999991185        16.875110806381098     
  -473.55375578307206       0.99999999999991696        16.936406695290163     
  -473.33329314071489       0.99999999999992428        16.995047975139535     
  -473.11283049835771       0.99999999999993250        17.051025181046654     
  -472.89236785600053       0.99999999999994227        17.104329280735218     
  -472.67190521364336       0.99999999999994982        17.154951675583266     
  -472.45144257128618       0.99999999999995626        17.202884201651006     
  -472.23097992892900       0.99999999999996003        17.248119130636962     
  -472.01051728657183       0.99999999999996181        17.290649170790608     
  -471.79005464421465       0.99999999999996325        17.330467467806873     
  -471.56959200185747       0.99999999999996481        17.367567605644581     
  -471.34912935950030       0.99999999999996558        17.401943607293827     
  -471.12866671714312       0.99999999999996625        17.433589935524839     
  -470.90820407478594       0.99999999999996825        17.462501493559561     
  -470.68774143242877       0.99999999999996980        17.488673625683919     
  -470.46727879007159       0.99999999999997069        17.512102117843625     
  -470.24681614771441       0.99999999999997169        17.532783198161827     
  -470.02635350535724       0.99999999999997335        17.550713537390571     
  -469.80589086300006       0.99999999999997702        17.565890249345433     
  -469.58542822064288       0.99999999999998090        17.578310891264799     
  -469.36496557828571       0.99999999999998479        17.587973464095288     
  -469.14450293592853       0.99999999999998956        17.594876412762474     
  -468.92404029357135       0.99999999999999267        17.599018626367545     
  -468.70357765121418       0.99999999999999645        17.600399438304571     
  -468.48311500885700       0.99999999999999989        17.599018626362021     
  -468.26265236649982        1.0000000000000004        17.594876412757333     
  -468.04218972414264        1.0000000000000051        17.587973464084563     
  -467.82172708178547        1.0000000000000075        17.578310891247323     
  -467.60126443942829        1.0000000000000093        17.565890249328341     
  -467.38080179707111        1.0000000000000107        17.550713537369141     
  -467.16033915471394        1.0000000000000140        17.532783198133302     
  -466.93987651235676        1.0000000000000173        17.512102117814869     
  -466.71941386999958        1.0000000000000202        17.488673625651341     
  -466.49895122764241        1.0000000000000249        17.462501493519884     
  -466.27848858528523        1.0000000000000298        17.433589935485099     
  -466.05802594292805        1.0000000000000331        17.401943607251187     
  -465.83756330057088        1.0000000000000360        17.367567605594122     
  -465.61710065821370        1.0000000000000377        17.330467467755177     
  -465.39663801585652        1.0000000000000395        17.290649170736607     
  -465.17617537349935        1.0000000000000413        17.248119130575507     
  -464.95571273114217        1.0000000000000437        17.202884201588137     
  -464.73525008878499        1.0000000000000462        17.154951675518600     
  -464.51478744642782        1.0000000000000488        17.104329280662938     
  -464.29432480407064        1.0000000000000511        17.051025180972395     
  -464.07386216171346        1.0000000000000537        16.995047975064615     
  -463.85339951935629        1.0000000000000557        16.936406695207967     
  -463.63293687699911        1.0000000000000571        16.875110806295957     
  -463.41247423464193        1.0000000000000595        16.811170204734474     
  -463.19201159228476        1.0000000000000626        16.744595217300816     
  -462.97154894992758        1.0000000000000668        16.675396600001250     
  -462.75108630757040        1.0000000000000722        16.603585536851252     
  -462.53062366521323        1.0000000000000775        16.529173638626659     
  -462.31016102285605        1.0000000000000813        16.452172941624557     
  -462.08969838049887        1.0000000000000850        16.372595906356999     
  -461.86923573814170        1.0000000000000886        16.290455416216140     
  -461.64877309578452        1.0000000000000915        16.205764776160610     
  -461.42831045342734        1.0000000000000935        16.118537711349560     
  -461.20784781107017        1.0000000000000953        16.028788365751705     
  -460.98738516871299        1.0000000000000973        15.936531300787477     
  -460.76692252635581        1.0000000000000990        15.841781493935045     
  -460.54645988399864        1.0000000000001001        15.744554337319331     
  -460.32599724164146        1.0000000000001088        15.644865636348506     
  -460.10553459928428        1.0000000000001172        15.542731608335934     
  -459.88507195692711        1.0000000000001250        15.438168881116587     
  -459.66460931456993        1.0000000000001332        15.331194491726412     
  -459.44414667221275        1.0000000000001397        15.221825885094139     
  -459.22368402985558        1.0000000000001439        15.110080912745662     
  -459.00322138749840        1.0000000000001474        14.995977831592747     
  -458.78275874514122        1.0000000000001503        14.879535302765534     
  -458.56229610278405        1.0000000000001532        14.760772390483595     
  -458.34183346042687        1.0000000000001563        14.639708561038480     
  -458.12137081806969        1.0000000000001590        14.516363681860151     
  -457.90090817571252        1.0000000000001614        14.390758020660384     
  -457.68044553335534        1.0000000000001630        14.262912244722465     
  -457.45998289099816        1.0000000000001645        14.132847420326124     
  -457.23952024864099        1.0000000000001661        14.000585012300039     
  -457.01905760628381        1.0000000000001654        13.866146883772187     
  -456.79859496392663        1.0000000000001636        13.729555296120427     
  -456.57813232156946        1.0000000000001663        13.590832909122550     
  -456.35766967921228        1.0000000000001674        13.450002781373744     
  -456.13720703685510        1.0000000000001679        13.307088370990598     
  -455.91674439449793        1.0000000000001679        13.162113536614642     
  -455.69628175214075        1.0000000000001674        13.015102538782577     
  -455.47581910978357        1.0000000000001668        12.866080041700858     
  -455.25535646742640        1.0000000000001656        12.715071115456631     
  -455.03489382506922        1.0000000000001639        12.562101238739229     
  -454.81443118271204        1.0000000000001616        12.407196302128719     
  -454.59396854035487        1.0000000000001588        12.250382612015500     
  -454.37350589799769        1.0000000000001550        12.091686895237014     
  -454.15304325564051        1.0000000000001503        11.931136304514029     
  -453.93258061328333        1.0000000000001452        11.768758424795347     
  -453.71211797092616        1.0000000000001392        11.604581280622773     
  -453.49165532856898        1.0000000000001341        11.438633344635303     
  -453.27119268621180        1.0000000000001295        11.270943547382807     
  -453.05073004385463        1.0000000000001343        11.101541288612685     
  -452.83026740149745        1.0000000000001352        10.930456450199593     
  -452.60980475914027        1.0000000000001354        10.757719410982670     
  -452.38934211678310        1.0000000000001357        10.583361063758298     
  -452.16887947442592        1.0000000000001357        10.407412834682491     
  -451.94841683206874        1.0000000000001350        10.229906705488506     
  -451.72795418971157        1.0000000000001330        10.050875238912941     
  -451.50749154735439        1.0000000000001301        9.8703516077269100     
  -451.28702890499721        1.0000000000001354        9.6883696279953870     
  -451.06656626264004        1.0000000000001359        9.5049637972014640     
  -450.84610362028286        1.0000000000001346        9.3201693378852042     
  -450.62564097792568        1.0000000000001328        9.1340222477725899     
  -450.40517833556851        1.0000000000001346        8.9465593574525180     
  -450.18471569321133        1.0000000000001383        8.7578183966968091     
  -449.96425305085415        1.0000000000001406        8.5678380709978086     
  -449.74379040849698        1.0000000000001412        8.3766581501201678     
  -449.52332776613980        1.0000000000001472        8.1843195705866609     
  -449.30286512378262        1.0000000000001497        7.9908645547359356     
  -449.08240248142545        1.0000000000001490        7.7963367494839444     
  -448.86193983906827        1.0000000000001519        7.6007813882609030     
  -448.64147719671109        1.0000000000001530        7.4042454807466216     
  -448.42101455435392        1.0000000000001548        7.2067780360595481     
  -448.20055191199674        1.0000000000001579        7.0084303259114948     
  -447.98008926963956        1.0000000000001565        6.8092561962196365     
  -447.75962662728239        1.0000000000001581        6.6093124378109014     
  -447.53916398492521        1.0000000000001574        6.4086592289294657     
  -447.31870134256803        1.0000000000001597        6.2073606660091025     
  -447.09823870021086        1.0000000000001603        6.0054854037128784     
  -446.87777605785368        1.0000000000001619        5.8031074302140810     
  -446.65731341549650        1.0000000000001623        5.6003070114805853     
  -446.43685077313933        1.0000000000001634        5.3971718484337314     
  -446.21638813078215        1.0000000000001621        5.1937985029790941     
  -445.99592548842497        1.0000000000001636        4.9902941665789102     
  -445.77546284606780        1.0000000000001625        4.7867788688887414     
  -445.55500020371062        1.0000000000001641        4.5833882546028306     
  -445.33453756135344        1.0000000000001634        4.3802771000770999     
  -445.11407491899627        1.0000000000001641        4.1776238013208191     
  -444.89361227663909        1.0000000000001650        3.9756361455355758     
  -444.67314963428191        1.0000000000001659        3.7745587917846781     
  -444.45268699192474        1.0000000000001668        3.5746830446325824     
  -444.23222434956756        1.0000000000001681        3.3763597208205356     
  -444.01176170721038        1.0000000000001676        3.1800162076193987     
  -443.79129906485321        1.0000000000001685        2.9861792152426263     
  -443.57083642249603        1.0000000000001688        2.7955052453864839     
  -443.35037378013885        1.0000000000001692        2.6088214206305156     
  -443.12991113778168        1.0000000000001708        2.4271799338505180     
  -442.90944849542450        1.0000000000001710        2.2519296239530044     
  -442.68898585306732        1.0000000000001728        2.0848071718084040     
  -442.46852321071015        1.0000000000001741        1.9280461471296402     
  -442.24806056835297        1.0000000000001761        1.7844907858843773     
  -442.02759792599579        1.0000000000001770        1.6576772386136196     
  -441.80713528363862        1.0000000000001781        1.5518044475248749     
  -441.58667264128144        1.0000000000001790        1.4714726081594229     
  -441.36620999892426        1.0000000000001794        1.4210738918520156     
  -441.14574735656709        1.0000000000001801        1.4038686652124874     
  -440.92528471420991        1.0000000000001821        1.4210738917610666     
  -440.70482207185273        1.0000000000001830        1.4714726083656677     
  -440.48435942949556        1.0000000000001850        1.5518044476698813     
  -440.26389678713838        1.0000000000001859        1.6576772386495533     
  -440.04343414478120        1.0000000000001874        1.7844907861559063     
  -439.82297150242402        1.0000000000001885        1.9280461473655419     
  -439.60250886006685        1.0000000000001892        2.0848071719311267     
  -439.38204621770967        1.0000000000001907        2.2519296242471665     
  -439.16158357535249        1.0000000000001921        2.4271799341282860     
  -438.94112093299532        1.0000000000001934        2.6088214207974838     
  -438.72065829063814        1.0000000000001945        2.7955052456776937     
  -438.50019564828096        1.0000000000001961        2.9861792155391149     
  -438.27973300592379        1.0000000000001967        3.1800162078201843     
  -438.05927036356661        1.0000000000001987        3.3763597211125114     
  -437.83880772120943        1.0000000000001994        3.5746830449390128     
  -437.61834507885226        1.0000000000002012        3.7745587920045818     
  -437.39788243649508        1.0000000000002025        3.9756361458230582     
  -437.17741979413790        1.0000000000002032        4.1776238016320963     
  -436.95695715178073        1.0000000000002045        4.3802771003105603     
  -436.73649450942355        1.0000000000002056        4.5833882548812177     
  -436.51603186706637        1.0000000000002065        4.7867788691950484     
  -436.29556922470920        1.0000000000002074        4.9902941668209531     
  -436.07510658235202        1.0000000000002092        5.1937985032554828     
  -435.85464393999484        1.0000000000002105        5.3971718487413689     
  -435.63418129763767        1.0000000000002123        5.6003070117301457     
  -435.41371865528049        1.0000000000002132        5.8031074304834558     
  -435.19325601292331        1.0000000000002141        6.0054854040151611     
  -434.97279337056614        1.0000000000002149        6.2073606662641501     
  -434.75233072820896        1.0000000000002167        6.4086592291947362     
  -434.53186808585178        1.0000000000002189        6.6093124381059569     
  -434.31140544349461        1.0000000000002207        6.8092561964739300     
  -434.09094280113743        1.0000000000002223        7.0084303261705205     
  -433.87048015878025        1.0000000000002225        7.2067780363503768     
  -433.65001751642308        1.0000000000002227        7.4042454810052263     
  -433.42955487406590        1.0000000000002236        7.6007813885162818     
  -433.20909223170872        1.0000000000002236        7.7963367497660538     
  -432.98862958935155        1.0000000000002247        7.9908645549926991     
  -432.76816694699437        1.0000000000002247        8.1843195708382144     
  -432.54770430463719        1.0000000000002247        8.3766581503963575     
  -432.32724166228002        1.0000000000002249        8.5678380712530124     
  -432.10677901992284        1.0000000000002267        8.7578183969420955     
  -431.88631637756566        1.0000000000002298        8.9465593577192841     
  -431.66585373520849        1.0000000000002309        9.1340222480257864     
  -431.44539109285131        1.0000000000002303        9.3201693381280766     
  -431.22492845049413        1.0000000000002320        9.5049637974607197     
  -431.00446580813696        1.0000000000002320        9.6883696282433824     
  -430.78400316577978        1.0000000000002316        9.8703516079637321     
  -430.56354052342260        1.0000000000002329        10.050875239163844     
  -430.34307788106543        1.0000000000002347        10.229906705732903     
  -430.12261523870825        1.0000000000002345        10.407412834915537     
  -429.90215259635107        1.0000000000002347        10.583361064000224     
  -429.68168995399390        1.0000000000002347        10.757719411220355     
  -429.46122731163672        1.0000000000002383        10.930456450427977     
  -429.24076466927954        1.0000000000002383        11.101541288847015     
  -429.02030202692237        1.0000000000002374        11.270943547614120     
  -428.79983938456519        1.0000000000002394        11.438633344857987     
  -428.57937674220801        1.0000000000002371        11.604581280847780     
  -428.35891409985084        1.0000000000002387        11.768758425018879     
  -428.13845145749366        1.0000000000002394        11.931136304731844     
  -427.91798881513648        1.0000000000002354        12.091686895454137     
  -427.69752617277931        1.0000000000002358        12.250382612230807     
  -427.47706353042213        1.0000000000002347        12.407196302340537     
  -427.25660088806495        1.0000000000002334        12.562101238948211     
  -427.03613824570778        1.0000000000002309        12.715071115662926     
  -426.81567560335060        1.0000000000002285        12.866080041906052     
  -426.59521296099342        1.0000000000002292        13.015102538983383     
  -426.37475031863625        1.0000000000002260        13.162113536811781     
  -426.15428767627907        1.0000000000002263        13.307088371189305     
  -425.93382503392189        1.0000000000002234        13.450002781566525     
  -425.71336239156471        1.0000000000002220        13.590832909309167     
  -425.49289974920754        1.0000000000002220        13.729555296311435     
  -425.27243710685036        1.0000000000002212        13.866146883957846     
  -425.05197446449318        1.0000000000002236        14.000585012476972     
  -424.83151182213601        1.0000000000002234        14.132847420508471     
  -424.61104917977883        1.0000000000002247        14.262912244899129     
  -424.39058653742165        1.0000000000002238        14.390758020826295     
  -424.17012389506448        1.0000000000002232        14.516363682034745     
  -423.94966125270730        1.0000000000002243        14.639708561208858     
  -423.72919861035012        1.0000000000002243        14.760772390638559     
  -423.50873596799295        1.0000000000002267        14.879535302928771     
  -423.28827332563577        1.0000000000002289        14.995977831754594     
  -423.06781068327859        1.0000000000002292        15.110080912891343     
  -422.84734804092142        1.0000000000002316        15.221825885249380     
  -422.62688539856424        1.0000000000002318        15.331194491880774     
  -422.40642275620706        1.0000000000002349        15.438168881249457     
  -422.18596011384989        1.0000000000002371        15.542731608478677     
  -421.96549747149271        1.0000000000002385        15.644865636496318     
  -421.74503482913553        1.0000000000002398        15.744554337444354     
  -421.52457218677836        1.0000000000002389        15.841781494066577     
  -421.30410954442118        1.0000000000002385        15.936531300924404     
  -421.08364690206400        1.0000000000002376        16.028788365863775     
  -420.86318425970683        1.0000000000002374        16.118537711470083     
  -420.64272161734965        1.0000000000002385        16.205764776292931     
  -420.42225897499247        1.0000000000002407        16.290455416320011     
  -420.20179633263530        1.0000000000002411        16.372595906462816     
  -419.98133369027812        1.0000000000002403        16.452172941745317     
  -419.76087104792094        1.0000000000002398        16.529173638721577     
  -419.54040840556377        1.0000000000002391        16.603585536947971     
  -419.31994576320659        1.0000000000002385        16.675396600114787     
  -419.09948312084941        1.0000000000002360        16.744595217383221     
  -418.87902047849224        1.0000000000002340        16.811170204813081     
  -418.65855783613506        1.0000000000002327        16.875110806399267     
  -418.43809519377788        1.0000000000002303        16.936406695285605     
  -418.21763255142071        1.0000000000002296        16.995047975133279     
  -417.99716990906353        1.0000000000002292        17.051025181063977     
  -417.77670726670635        1.0000000000002283        17.104329280727541     
  -417.55624462434918        1.0000000000002267        17.154951675573191     
  -417.33578198199200        1.0000000000002249        17.202884201673847     
  -417.11531933963482        1.0000000000002234        17.248119130636244     
  -416.89485669727765        1.0000000000002229        17.290649170775939     
  -416.67439405492047        1.0000000000002225        17.330467467823357     
  -416.45393141256329        1.0000000000002220        17.367567605643767     
  -416.23346877020612        1.0000000000002209        17.401943607280970     
  -416.01300612784894        1.0000000000002198        17.433589935546458     
  -415.79254348549176        1.0000000000002183        17.462501493560936     
  -415.57208084313459        1.0000000000002187        17.488673625662177     
  -415.35161820077741        1.0000000000002200        17.512102117860270     
  -415.13115555842023        1.0000000000002220        17.532783198170758     
  -414.91069291606306        1.0000000000002225        17.550713537374129     
  -414.69023027370588        1.0000000000002220        17.565890249361491     
  -414.46976763134870        1.0000000000002205        17.578310891270817     
  -414.24930498899153        1.0000000000002220        17.587973464072522     
  -414.02884234663435        1.0000000000002203        17.594876412779502     
  -413.80837970427717        1.0000000000002205        17.599018626384588     
  -413.58791706192000        1.0000000000002212        17.600399438282686     
  -413.36745441956282        1.0000000000002203        17.599018626369528     
  -413.14699177720564        1.0000000000002205        17.594876412770589     
  -412.92652913484847        1.0000000000002192        17.587973464064056     
  -412.70606649249129        1.0000000000002194        17.578310891259466     
  -412.48560385013411        1.0000000000002176        17.565890249348307     
  -412.26514120777694        1.0000000000002178        17.550713537343579     
  -412.04467856541976        1.0000000000002174        17.532783198134727     
  -411.82421592306258        1.0000000000002176        17.512102117838502     
  -411.60375328070540        1.0000000000002174        17.488673625635375     
  -411.38329063834823        1.0000000000002185        17.462501493523042     
  -411.16282799599105        1.0000000000002187        17.433589935506443     
  -410.94236535363387        1.0000000000002196        17.401943607228436     
  -410.72190271127670        1.0000000000002187        17.367567605591866     
  -410.50144006891952        1.0000000000002192        17.330467467785304     
  -410.28097742656234        1.0000000000002180        17.290649170722197     
  -410.06051478420517        1.0000000000002180        17.248119130565865     
  -409.84005214184799        1.0000000000002180        17.202884201610345     
  -409.61958949949081        1.0000000000002169        17.154951675504478     
  -409.39912685713364        1.0000000000002167        17.104329280657051     
  -409.17866421477646        1.0000000000002167        17.051025181002977     
  -408.95820157241928        1.0000000000002178        16.995047975052373     
  -408.73773893006211        1.0000000000002176        16.936406695190037     
  -408.51727628770493        1.0000000000002172        16.875110806321441     
  -408.29681364534775        1.0000000000002176        16.811170204731262     
  -408.07635100299058        1.0000000000002189        16.744595217287912     
  -407.85588836063340        1.0000000000002183        16.675396600025152     
  -407.63542571827622        1.0000000000002200        16.603585536843497     
  -407.41496307591905        1.0000000000002207        16.529173638606313     
  -407.19450043356187        1.0000000000002207        16.452172941651661     
  -406.97403779120469        1.0000000000002223        16.372595906362175     
  -406.75357514884752        1.0000000000002205        16.290455416196114     
  -406.53311250649034        1.0000000000002200        16.205764776177642     
  -406.31264986413316        1.0000000000002207        16.118537711351113     
  -406.09218722177599        1.0000000000002169        16.028788365733067     
  -405.87172457941881        1.0000000000002156        15.936531300809280     
  -405.65126193706163        1.0000000000002143        15.841781493942491     
  -405.43079929470446        1.0000000000002141        15.744554337294767     
  -405.21033665234728        1.0000000000002152        15.644865636360507     
  -404.98987400999010        1.0000000000002152        15.542731608348147     
  -404.76941136763293        1.0000000000002160        15.438168881101236     
  -404.54894872527575        1.0000000000002172        15.331194491739131     
  -404.32848608291857        1.0000000000002172        15.221825885103476     
  -404.10802344056140        1.0000000000002172        15.110080912724623     
  -403.88756079820422        1.0000000000002147        14.995977831601254     
  -403.66709815584704        1.0000000000002145        14.879535302782095     
  -403.44663551348987        1.0000000000002152        14.760772390469267     
  -403.22617287113269        1.0000000000002147        14.639708561040887     
  -403.00571022877551        1.0000000000002138        14.516363681871260     
  -402.78524758641834        1.0000000000002123        14.390758020648247     
  -402.56478494406116        1.0000000000002116        14.262912244727181     
  -402.34432230170398        1.0000000000002101        14.132847420340681     
  -402.12385965934681        1.0000000000002094        14.000585012289321     
  -401.90339701698963        1.0000000000002085        13.866146883769678     
  -401.68293437463245        1.0000000000002094        13.729555296131426     
  -401.46247173227528        1.0000000000002083        13.590832909118584     
  -401.24200908991810        1.0000000000002089        13.450002781373600     
  -401.02154644756092        1.0000000000002098        13.307088370998652     
  -400.80108380520375        1.0000000000002107        13.162113536611447     
  -400.58062116284657        1.0000000000002103        13.015102538781184     
  -400.36015852048939        1.0000000000002123        12.866080041706404     
  -400.13969587813222        1.0000000000002125        12.715071115457640     
  -399.91923323577504        1.0000000000002125        12.562101238738773     
  -399.69877059341786        1.0000000000002129        12.407196302129286     
  -399.47830795106069        1.0000000000002125        12.250382612019347     
  -399.25784530870351        1.0000000000002107        12.091686895239510     
  -399.03738266634633        1.0000000000002089        11.931136304508307     
  -398.81692002398916        1.0000000000002089        11.768758424799280     
  -398.59645738163198        1.0000000000002098        11.604581280630788     
  -398.37599473927480        1.0000000000002101        11.438633344626636     
  -398.15553209691763        1.0000000000002103        11.270943547386038     
  -397.93506945456045        1.0000000000002132        11.101541288622448     
  -397.71460681220327        1.0000000000002134        10.930456450183904     
  -397.49414416984609        1.0000000000002147        10.757719410989250     
  -397.27368152748892        1.0000000000002145        10.583361063782997     
  -397.05321888513174        1.0000000000002147        10.407412834661846     
  -396.83275624277456        1.0000000000002127        10.229906705481412     
  -396.61229360041739        1.0000000000002129        10.050875238938108     
  -396.39183095806021        1.0000000000002105        9.8703516077062083     
  -396.17136831570303        1.0000000000002069        9.6883696279930156     
  -395.95090567334586        1.0000000000002094        9.5049637972396432     
  -395.73044303098868        1.0000000000002103        9.3201693378514605     
  -395.50998038863150        1.0000000000002085        9.1340222477514494     
  -395.28951774627433        1.0000000000002081        8.9465593575097380     
  -395.06905510391715        1.0000000000002067        8.7578183966820884     
  -394.84859246155997        1.0000000000002076        8.5678380709703017     
  -394.62812981920280        1.0000000000002074        8.3766581501702113     
  -394.40766717684562        1.0000000000002058        8.1843195705516187     
  -394.18720453448844        1.0000000000002074        7.9908645546954764     
  -393.96674189213127        1.0000000000002121        7.7963367495726086     
  -393.74627924977409        1.0000000000002112        7.6007813882491142     
  -393.52581660741691        1.0000000000002109        7.4042454806709577     
  -393.30535396505974        1.0000000000002116        7.2067780361307170     
  -393.08489132270256        1.0000000000002098        7.0084303259088419     
  -392.86442868034538        1.0000000000002114        6.8092561961519804     
  -392.64396603798821        1.0000000000002116        6.6093124379125392     
  -392.42350339563103        1.0000000000002116        6.4086592289172977     
  -392.20304075327385        1.0000000000002132        6.2073606658683458     
  -391.98257811091668        1.0000000000002129        6.0054854038170440     
  -391.76211546855950        1.0000000000002123        5.8031074302779926     
  -391.54165282620232        1.0000000000002127        5.6003070113635971     
  -391.32119018384515        1.0000000000002129        5.3971718485334339     
  -391.10072754148797        1.0000000000002114        5.1937985030133316     
  -390.88026489913079        1.0000000000002116        4.9902941663927320     
  -390.65980225677362        1.0000000000002107        4.7867788690240296     
  -390.43933961441644        1.0000000000002089        4.5833882547258886     
  -390.21887697205926        1.0000000000002098        4.3802770998229130     
  -389.99841432970209        1.0000000000002105        4.1776238013588580     
  -389.77795168734491        1.0000000000002141        3.9756361456747693     
  -389.55748904498773        1.0000000000002136        3.7745587915686256     
  -389.33702640263056        1.0000000000002129        3.5746830447856626     
  -389.11656376027338        1.0000000000002123        3.3763597210632836     
  -388.89610111791620        1.0000000000002109        3.1800162072395239     
  -388.67563847555903        1.0000000000002103        2.9861792152555680     
  -388.45517583320185        1.0000000000002098        2.7955052457669871     
  -388.23471319084467        1.0000000000002109        2.6088214203096975     
  -388.01425054848750        1.0000000000002098        2.4271799338170608     
  -387.79378790613032        1.0000000000002105        2.2519296243069049     
  -387.57332526377314        1.0000000000002094        2.0848071712677303     
  -387.35286262141597        1.0000000000002096        1.9280461471025347     
  -387.13239997905879        1.0000000000002094        1.7844907867143591     
  -386.91193733670161        1.0000000000002089        1.6576772381378455     
  -386.69147469434444        1.0000000000002094        1.5518044471217516     
  -386.47101205198726        1.0000000000002092        1.4714726088537766     
  -386.25054940963008        1.0000000000002123        1.4210738913529877     
  -386.03008676727291        1.0000000000002152        1.4038686649602663     
  -385.80962412491573        1.0000000000002152        1.4210738927448647     
  -385.58916148255855        1.0000000000002147        1.4714726078271199     
  -385.36869884020138        1.0000000000002154        1.5518044470430716     
  -385.14823619784420        1.0000000000002165        1.6576772395117045     
  -384.92777355548702        1.0000000000002156        1.7844907861002710     
  -384.70731091312985        1.0000000000002147        1.9280461469572450     
  -384.48684827077267        1.0000000000002156        2.0848071724441515     
  -384.26638562841549        1.0000000000002158        2.2519296239794286     
  -384.04592298605832        1.0000000000002145        2.4271799336377615     
  -383.82546034370114        1.0000000000002152        2.6088214213564558     
  -383.60499770134396        1.0000000000002138        2.7955052457389895     
  -383.38453505898678        1.0000000000002154        2.9861792151075242     
  -383.16407241662961        1.0000000000002154        3.1800162081125767     
  -382.94360977427243        1.0000000000002165        3.3763597211694587     
  -382.72314713191525        1.0000000000002158        3.5746830446612670     
  -382.50268448955808        1.0000000000002158        3.7745587923315034     
  -382.28222184720090        1.0000000000002149        3.9756361458773690     
  -382.06175920484372        1.0000000000002158        4.1776238012153293     
  -381.84129656248655        1.0000000000002172        4.3802771004551619     
  -381.62083392012937        1.0000000000002176        4.5833882550402043     
  -381.40037127777219        1.0000000000002183        4.7867788689731610     
  -381.17990863541502        1.0000000000002196        4.9902941669615037     
  -380.95944599305784        1.0000000000002218        5.1937985033567227     
  -380.73898335070066        1.0000000000002205        5.3971718484812161     
  -380.51852070834349        1.0000000000002214        5.6003070118487557     
  -380.29805806598631        1.0000000000002227        5.8031074306734398     
  -380.07759542362913        1.0000000000002194        6.0054854038006402     
  -379.85713278127196        1.0000000000002174        6.2073606662534022     
  -379.63667013891478        1.0000000000002189        6.4086592293040878     
  -379.41620749655760        1.0000000000002189        6.6093124379508286     
  -379.19574485420043        1.0000000000002212        6.8092561965305309     
  -378.97528221184325        1.0000000000002207        7.0084303263342722     
  -378.75481956948607        1.0000000000002218        7.2067780361910803     
  -378.53435692712890        1.0000000000002223        7.4042454809672273     
  -378.31389428477172        1.0000000000002227        7.6007813886585858     
  -378.09343164241454        1.0000000000002245        7.7963367496840892     
  -377.87296900005737        1.0000000000002245        7.9908645549662509     
  -377.65250635770019        1.0000000000002265        8.1843195709355570     
  -377.43204371534301        1.0000000000002258        8.3766581502909734     
  -377.21158107298584        1.0000000000002216        8.5678380712145596     
  -376.99111843062866        1.0000000000002207        8.7578183970797845     
  -376.77065578827148        1.0000000000002218        8.9465593576841211     
  -376.55019314591431        1.0000000000002245        9.1340222479658308     
  -376.32973050355713        1.0000000000002254        9.3201693381973509     
  -376.10926786119995        1.0000000000002247        9.5049637974203822     
  -375.88880521884278        1.0000000000002256        9.6883696282021319     
  -375.66834257648560        1.0000000000002247        9.8703516080438476     
  -375.44787993412842        1.0000000000002249        10.050875239138247     
  -375.22741729177125        1.0000000000002243        10.229906705670533     
  -375.00695464941407        1.0000000000002245        10.407412834970138     
  -374.78649200705689        1.0000000000002274        10.583361064009706     
  -374.56602936469972        1.0000000000002232        10.757719411189873     
  -374.34556672234254        1.0000000000002265        10.930456450462845     
  -374.12510407998536        1.0000000000002238        11.101541288839343     
  -373.90464143762819        1.0000000000002260        11.270943547575532     
  -373.68417879527101        1.0000000000002263        11.438633344882593     
  -373.46371615291383        1.0000000000002247        11.604581280858531     
  -373.24325351055666        1.0000000000002243        11.768758424997316     
  -373.02279086819948        1.0000000000002236        11.931136304737612     
  -372.80232822584230        1.0000000000002260        12.091686895460162     
  -372.58186558348513        1.0000000000002227        12.250382612225062     
  -372.36140294112795        1.0000000000002232        12.407196302338777     
  -372.14094029877077        1.0000000000002238        12.562101238948141     
  -371.92047765641360        1.0000000000002236        12.715071115669801     
  -371.70001501405642        1.0000000000002254        12.866080041900958     
  -371.47955237169924        1.0000000000002285        13.015102538978141     
  -371.25908972934207        1.0000000000002283        13.162113536827851     
  -371.03862708698489        1.0000000000002216        13.307088371174757     
  -370.81816444462771        1.0000000000002234        13.450002781552049     
  -370.59770180227054        1.0000000000002200        13.590832909345547     
  -370.37723915991336        1.0000000000002198        13.729555296297963     
  -370.15677651755618        1.0000000000002249        13.866146883916951     
  -369.93631387519900        1.0000000000002245        14.000585012513291     
  -369.71585123284183        1.0000000000002232        14.132847420512027     
  -369.49538859048465        1.0000000000002232        14.262912244871011     
  -369.27492594812747        1.0000000000002240        14.390758020881039     
  -369.05446330577030        1.0000000000002234        14.516363682025434     
  -368.83400066341312        1.0000000000002234        14.639708561135315     
  -368.61353802105594        1.0000000000002265        14.760772390693974     
  -368.39307537869877        1.0000000000002263        14.879535302955695     
  -368.17261273634159        1.0000000000002247        14.995977831681868     
  -367.95215009398441        1.0000000000002227        15.110080912930213     
  -367.73168745162724        1.0000000000002265        15.221825885265918     
  -367.51122480927006        1.0000000000002245        15.331194491803114     
  -367.29076216691288        1.0000000000002243        15.438168881327650     
  -367.07029952455571        1.0000000000002292        15.542731608538539     
  -366.84983688219853        1.0000000000002263        15.644865636377416     
  -366.62937423984135        1.0000000000002247        15.744554337458261     
  -366.40891159748418        1.0000000000002283        15.841781494127073     
  -366.18844895512700        1.0000000000002245        15.936531300836434     
  -365.96798631276982        1.0000000000002218        16.028788365912668     
  -365.74752367041265        1.0000000000002240        16.118537711547035     
  -365.52706102805547        1.0000000000002223        16.205764776158787     
  -365.30659838569829        1.0000000000002249        16.290455416340237     
  -365.08613574334112        1.0000000000002223        16.372595906600285     
  -364.86567310098394        1.0000000000002207        16.452172941649369     
  -364.64521045862676        1.0000000000002200        16.529173638695521     
  -364.42474781626959        1.0000000000002185        16.603585537025772     
  -364.20428517391241        1.0000000000002189        16.675396599979528     
  -363.98382253155523        1.0000000000002174        16.744595217381754     
  -363.76335988919806        1.0000000000002180        16.811170204991406     
  -363.54289724684088        1.0000000000002185        16.875110806298828     
  -363.32243460448370        1.0000000000002187        16.936406695213932     
  -363.10197196212653        1.0000000000002247        16.995047975282791     
  -362.88150931976935        1.0000000000002243        17.051025180999542     
  -362.66104667741217        1.0000000000002265        17.104329280683256     
  -362.44058403505500        1.0000000000002238        17.154951675725020     
  -362.22012139269782        1.0000000000002256        17.202884201540588     
  -361.99965875034064        1.0000000000002220        17.248119130495887     
  -361.77919610798347        1.0000000000002254        17.290649170968241     
  -361.55873346562629        1.0000000000002247        17.330467467817243     
  -361.33827082326911        1.0000000000002258        17.367567605537804     
  -361.11780818091194        1.0000000000002269        17.401943607429878     
  -360.89734553855476        1.0000000000002265        17.433589935487031     
  -360.67688289619758        1.0000000000002272        17.462501493424742     
  -360.45642025384041        1.0000000000002267        17.488673625871193     
  -360.23595761148323        1.0000000000002280        17.512102117859126     
  -360.01549496912605        1.0000000000002267        17.532783197950330     
  -359.79503232676888        1.0000000000002269        17.550713537489777     
  -359.57456968441170        1.0000000000002256        17.565890249400105     
  -359.35410704205452        1.0000000000002263        17.578310891141960     
  -359.13364439969735        1.0000000000002276        17.587973464259061     
  -358.91318175734017        1.0000000000002269        17.594876412809583     
  -358.69271911498299        1.0000000000002292        17.599018626128245     
  -358.47225647262582        1.0000000000002269        17.600399438397673     
  -358.25179383026864        1.0000000000002272        17.599018626488679     
  -358.03133118791146        1.0000000000002294        17.594876412579474     
  -357.81086854555429        1.0000000000002274        17.587973464138543     
  -357.59040590319711        1.0000000000002272        17.578310891329238     
  -357.36994326083993        1.0000000000002283        17.565890249137365     
  -357.14948061848276        1.0000000000002274        17.550713537485883     
  -356.92901797612558        1.0000000000002256        17.532783198335409     
  -356.70855533376840        1.0000000000002252        17.512102117609466     
  -356.48809269141123        1.0000000000002263        17.488673625613760     
  -356.26763004905405        1.0000000000002272        17.462501493648546     
  -356.04716740669687        1.0000000000002258        17.433589935320704     
  -355.82670476433969        1.0000000000002260        17.401943607277968     
  -355.60624212198252        1.0000000000002263        17.367567605772852     
  -355.38577947962534        1.0000000000002272        17.330467467552619     
  -355.16531683726816        1.0000000000002272        17.290649170692625     
  -354.94485419491099        1.0000000000002267        17.248119130824325     
  -354.72439155255381        1.0000000000002265        17.202884201505370     
  -354.50392891019663        1.0000000000002274        17.154951675452843     
  -354.28346626783946        1.0000000000002298        17.104329280802791     
  -354.06300362548228        1.0000000000002292        17.051025180794518     
  -353.84254098312510        1.0000000000002285        16.995047974972831     
  -353.62207834076793        1.0000000000002296        16.936406695451911     
  -353.40161569841075        1.0000000000002300        16.875110806218306     
  -353.18115305605357        1.0000000000002283        16.811170204585398     
  -352.96069041369640        1.0000000000002316        16.744595217473123     
  -352.74022777133922        1.0000000000002314        16.675396599964738     
  -352.51976512898204        1.0000000000002318        16.603585536765500     
  -352.29930248662487        1.0000000000002325        16.529173638826403     
  -352.07883984426769        1.0000000000002331        16.452172941542287     
  -351.85837720191051        1.0000000000002311        16.372595906143214     
  -351.63791455955334        1.0000000000002363        16.290455416380798     
  -351.41745191719616        1.0000000000002356        16.205764776203583     
  -351.19698927483898        1.0000000000002345        16.118537711221215     
  -350.97652663248181        1.0000000000002376        16.028788365884765     
  -350.75606399012463        1.0000000000002365        15.936531300774680     
  -350.53560134776745        1.0000000000002351        15.841781493763950     
  -350.31513870541028        1.0000000000002367        15.744554337474337     
  -350.09467606305310        1.0000000000002383        15.644865636412062     
  -349.87421342069592        1.0000000000002363        15.542731608139924     
  -349.65375077833875        1.0000000000002356        15.438168881163453     
  -349.43328813598157        1.0000000000002309        15.331194491782433     
  -349.21282549362439        1.0000000000002334        15.221825884981854     
  -348.99236285126722        1.0000000000002311        15.110080912860989     
  -348.77190020891004        1.0000000000002307        14.995977831674860     
  -348.55143756655286        1.0000000000002278        14.879535302596146     
  -348.33097492419569        1.0000000000002320        14.760772390507446     
  -348.11051228183851        1.0000000000002296        14.639708561135272     
  -347.89004963948133        1.0000000000002269        14.516363681756410     
  -347.66958699712416        1.0000000000002292        14.390758020665906     
  -347.44912435476698        1.0000000000002289        14.262912244774835     
  -347.22866171240980        1.0000000000002278        14.132847420219901     
  -347.00819907005263        1.0000000000002309        14.000585012322158     
  -346.78773642769545        1.0000000000002303        13.866146883878375     
  -346.56727378533827        1.0000000000002269        13.729555296060372     
  -346.34681114298110        1.0000000000002311        13.590832909092574     
  -346.12634850062392        1.0000000000002285        13.450002781417668     
  -345.90588585826674        1.0000000000002314        13.307088370952378     
  -345.68542321590957        1.0000000000002327        13.162113536603302     
  -345.46496057355239        1.0000000000002269        13.015102538816551     
  -345.24449793119521        1.0000000000002300        12.866080041680549     
  -345.02403528883804        1.0000000000002294        12.715071115440706     
  -344.80357264648086        1.0000000000002338        12.562101238747100     
  -344.58311000412368        1.0000000000002340        12.407196302134555     
  -344.36264736176651        1.0000000000002303        12.250382612007511     
  -344.14218471940933        1.0000000000002300        12.091686895206882     
  -343.92172207705215        1.0000000000002336        11.931136304550263     
  -343.70125943469498        1.0000000000002314        11.768758424827256     
  -343.48079679233780        1.0000000000002298        11.604581280542117     
  -343.26033414998062        1.0000000000002318        11.438633344651667     
  -343.03987150762345        1.0000000000002267        11.270943547450768     
  -342.81940886526627        1.0000000000002287        11.101541288523958     
  -342.59894622290909        1.0000000000002276        10.930456450224753     
  -342.37848358055192        1.0000000000002289        10.757719411052683     
  -342.15802093819474        1.0000000000002272        10.583361063570328     
  -341.93755829583756        1.0000000000002256        10.407412834707296     
  -341.71709565348038        1.0000000000002238        10.229906705726222     
  -341.49663301112321        1.0000000000002256        10.050875238774644     
  -341.27617036876603        1.0000000000002218        9.8703516076677928     
  -341.05570772640885        1.0000000000002305        9.6883696281700171     
  -340.83524508405168        1.0000000000002309        9.5049637969802276     
  -340.61478244169450        1.0000000000002278        9.3201693378542316     
  -340.39431979933732        1.0000000000002263        9.1340222481181428     
  -340.17385715698015        1.0000000000002267        8.9465593571682636     
  -339.95339451462297        1.0000000000002274        8.7578183964505758     
  -339.73293187226579        1.0000000000002240        8.5678380714152542     
  -339.51246922990862        1.0000000000002223        8.3766581500426707     
  -339.29200658755144        1.0000000000002223        8.1843195704519918     
  -339.07154394519426        1.0000000000002245        7.9908645551801998     
  -338.85108130283709        1.0000000000002274        7.7963367491258220     
  -338.63061866047991        1.0000000000002267        7.6007813877909980     
  -338.41015601812273        1.0000000000002247        7.4042454813997995     
  -338.18969337576556        1.0000000000002232        7.2067780360323432     
  -337.96923073340838        1.0000000000002223        7.0084303253499192     
  -337.74876809105120        1.0000000000002227        6.8092561967298959     
  -337.52830544869403        1.0000000000002225        6.6093124377318428     
  -337.30784280633685        1.0000000000002236        6.4086592284412651     
  -337.08738016397967        1.0000000000002269        6.2073606669920087     
  -336.86691752162250        1.0000000000002245        6.0054854037653449     
  -336.64645487926532        1.0000000000002229        5.8031074289853013     
  -336.42599223690814        1.0000000000002229        5.6003070119962750     
  -336.20552959455097        1.0000000000002216        5.3971718487665354     
  -335.98506695219379        1.0000000000002209        5.1937985021102104     
  -335.76460430983661        1.0000000000002249        4.9902941674791705     
  -335.54414166747944        1.0000000000002243        4.7867788691703357     
  -335.32367902512226        1.0000000000002227        4.5833882530023651     
  -335.10321638276508        1.0000000000002218        4.3802771011157562     
  -334.88275374040791        1.0000000000002203        4.1776238026152432     
  -334.66229109805073        1.0000000000002180        3.9756361438777499     
  -334.44182845569355        1.0000000000002220        3.7745587919940133     
  -334.22136581333638        1.0000000000002209        3.5746830452975247     
  -334.00090317097920        1.0000000000002212        3.3763597187272887     
  -333.78044052862202        1.0000000000002189        3.1800162088581052     
  -333.55997788626485        1.0000000000002198        2.9861792175980200     
  -333.33951524390767        1.0000000000002229        2.7955052425429319     
  -333.11905260155049        1.0000000000002225        2.6088214203429065     
  -332.89858995919332        1.0000000000002218        2.4271799366084248     
  -332.67812731683614        1.0000000000002207        2.2519296216820099     
  -332.45766467447896        1.0000000000002200        2.0848071720723911     
  -332.23720203212179        1.0000000000002172        1.9280461501105017     
  -332.01673938976461        1.0000000000002165        1.7844907808211197     
  -331.79627674740743        1.0000000000002214        1.6576772373901498     
  -331.57581410505026        1.0000000000002214        1.5518044542459739     
  -331.35535146269308        1.0000000000002194        1.4714726058764604     
  -331.13488882033590        1.0000000000002189        1.4210738896685737     
  -330.91442617797873        1.0000000000002176        1.4038686697591936     
  -330.69396353562155        1.0000000000002172        1.4210738875688815     
  -330.47350089326437        1.0000000000002154        1.4714726063873096     
  -330.25303825090720        1.0000000000002158        1.5518044542256153     
  -330.03257560855002        1.0000000000002152        1.6576772358269174     
  -329.81211296619284        1.0000000000002163        1.7844907817824951     
  -329.59165032383567        1.0000000000002214        1.9280461513991631     
  -329.37118768147849        1.0000000000002225        2.0848071717325705     
  -329.15072503912131        1.0000000000002198        2.2519296228039938     
  -328.93026239676414        1.0000000000002196        2.4271799378616348     
  -328.70979975440696        1.0000000000002200        2.6088214194353916     
  -328.48933711204978        1.0000000000002200        2.7955052423321574     
  -328.26887446969261        1.0000000000002185        2.9861792183155171     
  -328.04841182733543        1.0000000000002178        3.1800162083535479     
  -327.82794918497825        1.0000000000002183        3.3763597187990726     
  -327.60748654262107        1.0000000000002187        3.5746830463725323     
  -327.38702390026390        1.0000000000002192        3.7745587919601036     
  -327.16656125790672        1.0000000000002198        3.9756361440868475     
  -326.94609861554954        1.0000000000002172        4.1776238038768199     
  -326.72563597319237        1.0000000000002134        4.3802771012230801     
  -326.50517333083519        1.0000000000002143        4.5833882526537968     
  -326.28471068847801        1.0000000000002152        4.7867788697516405     
  -326.06424804612084        1.0000000000002160        4.9902941675145858     
  -325.84378540376366        1.0000000000002165        5.1937985019906403     
  -325.62332276140648        1.0000000000002165        5.3971718496827421     
  -325.40286011904931        1.0000000000002167        5.6003070123516192     
  -325.18239747669213        1.0000000000002176        5.8031074287762072     
  -324.96193483433495        1.0000000000002136        6.0054854045001864     
  -324.74147219197778        1.0000000000002132        6.2073606675058892     
  -324.52100954962060        1.0000000000002160        6.4086592282682187     
  -324.30054690726342        1.0000000000002165        6.6093124381584527     
  -324.08008426490625        1.0000000000002163        6.8092561969982741     
  -323.85962162254907        1.0000000000002178        7.0084303251112665     
  -323.63915898019189        1.0000000000002116        7.2067780366303626     
  -323.41869633783472        1.0000000000002123        7.4042454821082693     
  -323.19823369547754        1.0000000000002132        7.6007813877544734     
  -322.97777105312036        1.0000000000002149        7.7963367494838627     
  -322.75730841076319        1.0000000000002101        7.9908645557004405     
  -322.53684576840601        1.0000000000002112        8.1843195704114517     
  -322.31638312604883        1.0000000000002149        8.3766581503582103     
  -322.09592048369166        1.0000000000002156        8.5678380718815497     
  -321.87545784133448        1.0000000000002101        8.7578183963059004     
  -321.65499519897730        1.0000000000002107        8.9465593573471107     
  -321.43453255662013        1.0000000000002129        9.1340222487323501     
  -321.21406991426295        1.0000000000002163        9.3201693380490216     
  -320.99360727190577        1.0000000000002154        9.5049637972472318     
  -320.77314462954860        1.0000000000002132        9.6883696286530530     
  -320.55268198719142        1.0000000000002138        9.8703516077387654     
  -320.33221934483424        1.0000000000002147        10.050875238937111     
  -320.11175670247707        1.0000000000002156        10.229906706208627     
  -319.89129406011989        1.0000000000002114        10.407412834854314     
  -319.67083141776271        1.0000000000002136        10.583361063659737     
  -319.45036877540554        1.0000000000002121        10.757719411424924     
  -319.22990613304836        1.0000000000002127        10.930456450455841     
  -319.00944349069118        1.0000000000002156        11.101541288731918     
  -318.78898084833401        1.0000000000002125        11.270943547834472     
  -318.56851820597683        1.0000000000002072        11.438633344869100     
  -318.34805556361965        1.0000000000002089        11.604581280682725     
  -318.12759292126248        1.0000000000002096        11.768758425121851     
  -317.90713027890530        1.0000000000002085        11.931136304807321     
  -317.68666763654812        1.0000000000002116        12.091686895404846     
  -317.46620499419095        1.0000000000002114        12.250382612248460     
  -317.24574235183377        1.0000000000002096        12.407196302378193     
  -317.02527970947659        1.0000000000002085        12.562101238983413     
  -316.80481706711942        1.0000000000002116        12.715071115634686     
  -316.58435442476224        1.0000000000002103        12.866080041888713     
  -316.36389178240506        1.0000000000002123        13.015102539091085     
  -316.14342914004789        1.0000000000002116        13.162113536795630     
  -315.92296649769071        1.0000000000002105        13.307088371166648     
  -315.70250385533353        1.0000000000002121        13.450002781727635     
  -315.48204121297636        1.0000000000002118        13.590832909206522     
  -315.26157857061918        1.0000000000002103        13.729555296194119     
  -315.04111592826200        1.0000000000002101        13.866146884264893     
  -314.82065328590483        1.0000000000002087        14.000585012468658     
  -314.60019064354765        1.0000000000002127        14.132847420253670     
  -314.37972800119047        1.0000000000002103        14.262912245107479     
  -314.15926535883330        1.0000000000002083        14.390758020814291     
  -313.93880271647612        1.0000000000002116        14.516363681857012     
  -313.71834007411894        1.0000000000002087        14.639708561646062     
  -313.49787743176176        1.0000000000002123        14.760772390669434     
  -313.27741478940459        1.0000000000002092        14.879535302448925     
  -313.05695214704741        1.0000000000002112        14.995977832061344     
  -312.83648950469023        1.0000000000002081        15.110080913108421     
  -312.61602686233306        1.0000000000002112        15.221825884887410     
  -312.39556421997588        1.0000000000002125        15.331194492166295     
  -312.17510157761870        1.0000000000002078        15.438168881312812     
  -311.95463893526153        1.0000000000002083        15.542731607891085     
  -311.73417629290435        1.0000000000002103        15.644865636939786     
  -311.51371365054717        1.0000000000002065        15.744554337954588     
  -311.29325100819000        1.0000000000002074        15.841781493498550     
  -311.07278836583282        1.0000000000002085        15.936531301014879     
  -310.85232572347564        1.0000000000002085        16.028788366173991     
  -310.63186308111847        1.0000000000002103        16.118537710922027     
  -310.41140043876129        1.0000000000002105        16.205764776631987     
  -310.19093779640411        1.0000000000002058        16.290455416868586     
  -309.97047515404694        1.0000000000002061        16.372595905624387     
  -309.75001251168976        1.0000000000002043        16.452172941671616     
  -309.52954986933258        1.0000000000002065        16.529173639466947     
  -309.30908722697541        1.0000000000002069        16.603585536538656     
  -309.08862458461823        1.0000000000002087        16.675396600151423     
  -308.86816194226105        1.0000000000002085        16.744595217937206     
  -308.64769929990388        1.0000000000002078        16.811170203970875     
  -308.42723665754670        1.0000000000002085        16.875110806254622     
  -308.20677401518952        1.0000000000002109        16.936406696340821     
  -307.98631137283235        1.0000000000002109        16.995047974681768     
  -307.76584873047517        1.0000000000002105        17.051025180595133     
  -307.54538608811799        1.0000000000002103        17.104329281390289     
  -307.32492344576082        1.0000000000002085        17.154951675091603     
  -307.10446080340364        1.0000000000002074        17.202884201466190     
  -306.88399816104646        1.0000000000002083        17.248119131717690     
  -306.66353551868929        1.0000000000002087        17.290649170201814     
  -306.44307287633211        1.0000000000002085        17.330467466906189     
  -306.22261023397493        1.0000000000002087        17.367567606508960     
  -306.00214759161776        1.0000000000002085        17.401943607234102     
  -305.78168494926058        1.0000000000002078        17.433589935032455     
  -305.56122230690340        1.0000000000002078        17.462501494410574     
  -305.34075966454623        1.0000000000002081        17.488673625236295     
  -305.12029702218905        1.0000000000002069        17.512102116894933     
  -304.89983437983187        1.0000000000002092        17.532783199282328     
  -304.67937173747470        1.0000000000002116        17.550713537612367     
  -304.45890909511752        1.0000000000002121        17.565890248292707     
  -304.23844645276034        1.0000000000002107        17.578310891745225     
  -304.01798381040317        1.0000000000002107        17.587973464033578     
  -303.79752116804599        1.0000000000002098        17.594876411894415     
  -303.57705852568881        1.0000000000002123        17.599018627408348     
  -303.35659588333164        1.0000000000002085        17.600399438602210     
  -303.13613324097446        1.0000000000002121        17.599018624931976     
  -302.91567059861728        1.0000000000002116        17.594876413138053     
  -302.69520795626011        1.0000000000002118        17.587973464645692     
  -302.47474531390293        1.0000000000002103        17.578310890369092     
  -302.25428267154575        1.0000000000002134        17.565890249825856     
  -302.03382002918858        1.0000000000002109        17.550713537625480     
  -301.81335738683140        1.0000000000002103        17.532783196669055     
  -301.59289474447422        1.0000000000002134        17.512102118223989     
  -301.37243210211705        1.0000000000002121        17.488673626697704     
  -301.15196945975987        1.0000000000002132        17.462501492499381     
  -300.93150681740269        1.0000000000002127        17.433589935375963     
  -300.71104417504552        1.0000000000002132        17.401943607744283     
  -300.49058153268834        1.0000000000002136        17.367567604495996     
  -300.27011889033116        1.0000000000002156        17.330467468006038     
  -300.04965624797399        1.0000000000002112        17.290649171768326     
  -299.82919360561681        1.0000000000002127        17.248119129295759     
  -299.60873096325963        1.0000000000002152        17.202884201008651     
  -299.38826832090245        1.0000000000002132        17.154951676413937     
  -299.16780567854528        1.0000000000002163        17.104329280016781     
  -298.94734303618810        1.0000000000002143        17.051025180798529     
  -298.72688039383092        1.0000000000002145        16.995047975877508     
  -298.50641775147375        1.0000000000002165        16.936406694060473     
  -298.28595510911657        1.0000000000002149        16.875110805657446     
  -298.06549246675939        1.0000000000002147        16.811170205958874     
  -297.84502982440222        1.0000000000002143        16.744595216882452     
  -297.62456718204504        1.0000000000002127        16.675396599207673     
  -297.40410453968786        1.0000000000002129        16.603585537432394     
  -297.18364189733069        1.0000000000002138        16.529173637938086     
  -296.96317925497351        1.0000000000002149        16.452172940998043     
  -296.74271661261633        1.0000000000002152        16.372595907448350     
  -296.52225397025916        1.0000000000002178        16.290455415778396     
  -296.30179132790198        1.0000000000002143        16.205764774945354     
  -296.08132868554480        1.0000000000002145        16.118537711919316     
  -295.86086604318763        1.0000000000002147        16.028788365685038     
  -295.64040340083045        1.0000000000002118        15.936531300115330     
  -295.41994075847327        1.0000000000002149        15.841781494606453     
  -295.19947811611610        1.0000000000002180        15.744554336983219     
  -294.97901547375892        1.0000000000002152        15.644865635181878     
  -294.75855283140174        1.0000000000002174        15.542731608937297     
  -294.53809018904457        1.0000000000002132        15.438168881378868     
  -294.31762754668739        1.0000000000002163        15.331194490815154     
  -294.09716490433021        1.0000000000002127        15.221825885234658     
  -293.87670226197304        1.0000000000002145        15.110080912648151     
  -293.65623961961586        1.0000000000002112        14.995977830723829     
  -293.43577697725868        1.0000000000002141        14.879535303182839     
  -293.21531433490151        1.0000000000002156        14.760772390745823     
  -292.99485169254433        1.0000000000002118        14.639708560073387     
  -292.77438905018715        1.0000000000002138        14.516363681767956     
  -292.55392640782998        1.0000000000002152        14.390758020889692     
  -292.33346376547280        1.0000000000002101        14.262912244181720     
  -292.11300112311562        1.0000000000002121        14.132847420380056     
  -291.89253848075845        1.0000000000002112        14.000585012412133     
  -291.67207583840127        1.0000000000002101        13.866146883052636     
  -291.45161319604409        1.0000000000002094        13.729555295960694     
  -291.23115055368692        1.0000000000002081        13.590832909356322     
  -291.01068791132974        1.0000000000002118        13.450002780987964     
  -290.79022526897256        1.0000000000002103        13.307088370739269     
  -290.56976262661539        1.0000000000002089        13.162113536597285     
  -290.34929998425821        1.0000000000002123        13.015102538487739     
  -290.12883734190103        1.0000000000002069        12.866080041524873     
  -289.90837469954386        1.0000000000002074        12.715071115399329     
  -289.68791205718668        1.0000000000002076        12.562101238565875     
  -289.46744941482950        1.0000000000002078        12.407196301935471     
  -289.24698677247233        1.0000000000002061        12.250382611800912     
  -289.02652413011515        1.0000000000002081        12.091686895183626     
  -288.80606148775797        1.0000000000002101        11.931136304342827     
  -288.58559884540080        1.0000000000002078        11.768758424359131     
  -288.36513620304362        1.0000000000002085        11.604581280770446     
  -288.14467356068644        1.0000000000002076        11.438633344770738     
  -287.92421091832927        1.0000000000002085        11.270943546696802     
  -287.70374827597209        1.0000000000002078        11.101541288516337     
  -287.48328563361491        1.0000000000002116        10.930456450353445     
  -287.26282299125774        1.0000000000002092        10.757719410291168     
  -287.04236034890056        1.0000000000002118        10.583361064019277     
  -286.82189770654338        1.0000000000002118        10.407412835120718     
  -286.60143506418621        1.0000000000002116        10.229906704149716     
  -286.38097242182903        1.0000000000002096        10.050875238743219     
  -286.16050977947185        1.0000000000002112        9.8703516087865957     
  -285.94004713711468        1.0000000000002072        9.6883696271098003     
  -285.71958449475750        1.0000000000002109        9.5049637969632137     
  -285.49912185240032        1.0000000000002098        9.3201693386392765     
  -285.27865921004314        1.0000000000002094        9.1340222461145029     
  -285.05819656768597        1.0000000000002089        8.9465593572860342     
  -284.83773392532879        1.0000000000002103        8.7578183988928302     
  -284.61727128297161        1.0000000000002114        8.5678380696442247     
  -284.39680864061444        1.0000000000002063        8.3766581486784393     
  -284.17634599825726        1.0000000000002076        8.1843195720845028     
  -283.95588335590008        1.0000000000002103        7.9908645534485450     
  -283.73542071354291        1.0000000000002081        7.7963367487594510     
  -283.51495807118573        1.0000000000002074        7.6007813909335118     
  -283.29449542882855        1.0000000000002087        7.4042454786648770     
  -283.07403278647138        1.0000000000002089        7.2067780333429488     
  -282.85357014411420        1.0000000000002094        7.0084303293045833     
  -282.63310750175702        1.0000000000002096        6.8092561963789544     
  -282.41264485939985        1.0000000000002092        6.6093124357543109     
  -282.19218221704267        1.0000000000002105        6.4086592316832682     
  -281.97171957468549        1.0000000000002101        6.2073606640603822     
  -281.75125693232832        1.0000000000002118        6.0054853998168118     
  -281.53079428997114        1.0000000000002094        5.8031074351215439     
  -281.31033164761396        1.0000000000002107        5.6003070120399814     
  -281.08986900525679        1.0000000000002118        5.3971718426410327     
  -280.86940636289961        1.0000000000002123        5.1937985055856890     
  -280.64894372054243        1.0000000000002129        4.9902941673445289     
  -280.42848107818526        1.0000000000002112        4.7867788648243987     
  -280.20801843582808        1.0000000000002098        4.5833882609170091     
  -279.98755579347090        1.0000000000002123        4.3802771014674784     
  -279.76709315111373        1.0000000000002132        4.1776237913080019     
  -279.54663050875655        1.0000000000002103        3.9756361489914069     
  -279.32616786639937        1.0000000000002112        3.7745587972363777     
  -279.10570522404220        1.0000000000002107        3.5746830374911194     
  -278.88524258168502        1.0000000000002092        3.3763597246600123     
  -278.66477993932784        1.0000000000002096        3.1800162106205163     
  -278.44431729697067        1.0000000000002107        2.9861792022629015     
  -278.22385465461349        1.0000000000002105        2.7955052519739922     
  -278.00339201225631        1.0000000000002103        2.6088214337675160     
  -277.78292936989914        1.0000000000002094        2.4271799192187196     
  -277.56246672754196        1.0000000000002078        2.2519296211754027     
  -277.34200408518478        1.0000000000002101        2.0848071812112696     
  -277.12154144282761        1.0000000000002078        1.9280461323112421     
  -276.90107880047043        1.0000000000002087        1.7844907929733060     
  -276.68061615811325        1.0000000000002101        1.6576772606294832     
  -276.46015351575608        1.0000000000002092        1.5518044224557708     
  -276.23969087339890        1.0000000000002105        1.4714726000282981     
  -276.01922823104172        1.0000000000002101        1.4210739201669682     
  -275.79876558868455        1.0000000000002098        1.4038686530914226     
  -275.57830294632737        1.0000000000002107        1.4210738860281038     
  -275.35784030397019        1.0000000000002083        1.4714726262235931     
  -275.13737766161302        1.0000000000002094        1.5518044240576248     
  -274.91691501925584        1.0000000000002085        1.6576772298633942     
  -274.69645237689866        1.0000000000002076        1.7844908154426675     
  -274.47598973454149        1.0000000000002063        1.9280461420981700     
  -274.25552709218431        1.0000000000002072        2.0848071596768838     
  -274.03506444982713        1.0000000000002065        2.2519296373028874     
  -273.81460180746996        1.0000000000002072        2.4271799282890112     
  -273.59413916511278        1.0000000000002056        2.6088214147825486     
  -273.37367652275560        1.0000000000002038        2.7955052613733598     
  -273.15321388039843        1.0000000000002049        2.9861792102392695     
  -272.93275123804125        1.0000000000002041        3.1800161946015666     
  -272.71228859568407        1.0000000000002034        3.3763597312648308     
  -272.49182595332690        1.0000000000002029        3.5746830479010261     
  -272.27136331096972        1.0000000000002023        3.7745587869932691     
  -272.05090066861254        1.0000000000002012        3.9756361539965681     
  -271.83043802625537        1.0000000000002012        4.1776238000284547     
  -271.60997538389819        1.0000000000002018        4.3802770914158868     
  -271.38951274154101        1.0000000000002014        4.5833882625971105     
  -271.16905009918383        1.0000000000002023        4.7867788727705562     
  -270.94858745682666        1.0000000000002027        4.9902941594114187     
  -270.72812481446948        1.0000000000002018        5.1937985059346810     
  -270.50766217211230        1.0000000000002010        5.3971718506074522     
  -270.28719952975513        1.0000000000002005        5.6003070074438206     
  -270.06673688739795        1.0000000000001996        5.8031074362651438     
  -269.84627424504077        1.0000000000002003        6.0054854076311344     
  -269.62581160268360        1.0000000000001992        6.2073606596707593     
  -269.40534896032642        1.0000000000001992        6.4086592302109535     
  -269.18488631796924        1.0000000000002016        6.6093124418140121     
  -268.96442367561207        1.0000000000002025        6.8092561934144147     
  -268.74396103325489        1.0000000000002010        7.0084303279125688     
  -268.52349839089771        1.0000000000002010        7.2067780388415796     
  -268.30303574854054        1.0000000000002014        7.4042454768363353     
  -268.08257310618336        1.0000000000001987        7.6007813898893870     
  -267.86211046382618        1.0000000000001985        7.7963367544683511     
  -267.64164782146901        1.0000000000002005        7.9908645528653546     
  -267.42118517911183        1.0000000000001985        8.1843195702279967     
  -267.20072253675465        1.0000000000001992        8.3766581524689929     
  -266.98025989439748        1.0000000000001983        8.5678380692275837     
  -266.75979725204030        1.0000000000001996        8.7578183975503521     
  -266.53933460968312        1.0000000000001994        8.9465593611413894     
  -266.31887196732595        1.0000000000001994        9.1340222465230099     
  -266.09840932496877        1.0000000000001994        9.3201693372738585     
  -265.87794668261159        1.0000000000001992        9.5049638000820629     
  -265.65748404025442        1.0000000000001990        9.6883696281628087     
  -265.43702139789724        1.0000000000001990        9.8703516078423004     
  -265.21655875554006        1.0000000000001976        10.050875240951692     
  -264.99609611318289        1.0000000000002012        10.229906704886433     
  -264.77563347082571        1.0000000000002010        10.407412834287184     
  -264.55517082846853        1.0000000000002001        10.583361066123654     
  -264.33470818611136        1.0000000000001981        10.757719411786150     
  -264.11424554375418        1.0000000000001992        10.930456450158363     
  -263.89378290139700        1.0000000000001994        11.101541290035462     
  -263.67332025903983        1.0000000000002001        11.270943547988026     
  -263.45285761668265        1.0000000000002003        11.438633344917607     
  -263.23239497432547        1.0000000000001961        11.604581281997719     
  -263.01193233196830        1.0000000000001965        11.768758425534271     
  -262.79146968961112        1.0000000000001972        11.931136304771435     
  -262.57100704725394        1.0000000000001967        12.091686896171010     
  -262.35054440489677        1.0000000000001978        12.250382612975933     
  -262.13008176253959        1.0000000000001936        12.407196302881506     
  -261.90961912018241        1.0000000000001938        12.562101239418352     
  -261.68915647782524        1.0000000000001958        12.715071116300969     
  -261.46869383546806        1.0000000000001925        12.866080042802990     
  -261.24823119311088        1.0000000000001923        13.015102539306723     
  -261.02776855075371        1.0000000000001950        13.162113537214783     
  -260.80730590839653        1.0000000000001961        13.307088372331586     
  -260.58684326603935        1.0000000000001954        13.450002782012945     
  -260.36638062368218        1.0000000000001947        13.590832909890358     
  -260.14591798132500        1.0000000000001956        13.729555297781843     
  -259.92545533896782        1.0000000000001974        13.866146883870417     
  -259.70499269661065        1.0000000000001950        14.000585012269122     
  -259.48453005425347        1.0000000000001927        14.132847422389233     
  -259.26406741189629        1.0000000000001961        14.262912245596167     
  -259.04360476953912        1.0000000000001947        14.390758020723187     
  -258.82314212718194        1.0000000000001941        14.516363683731397     
  -258.60267948482476        1.0000000000001950        14.639708561463260     
  -258.38221684246759        1.0000000000001943        14.760772390297333     
  -258.16175420011041        1.0000000000001958        14.879535305450135     
  -257.94129155775323        1.0000000000001921        14.995977832467025     
  -257.72082891539605        1.0000000000001932        15.110080911385262     
  -257.50036627303888        1.0000000000001932        15.221825886796386     
  -257.27990363068170        1.0000000000001925        15.331194493043167     
  -257.05944098832452        1.0000000000001914        15.438168880826375     
  -256.83897834596735        1.0000000000001912        15.542731611133703     
  -256.61851570361017        1.0000000000001898        15.644865637630019     
  -256.39805306125299        1.0000000000001894        15.744554335410465     
  -256.17759041889582        1.0000000000001892        15.841781495960520     
  -255.95712777653864        1.0000000000001887        15.936531303032170     
  -255.73666513418146        1.0000000000001876        16.028788364141914     
  -255.51620249182429        1.0000000000001876        16.118537712381286     
  -255.29573984946711        1.0000000000001852        16.205764777371911     
  -255.07527720710993        1.0000000000001832        16.290455414255536     
  -254.85481456475276        1.0000000000001825        16.372595908817061     
  -254.63435192239558        1.0000000000001801        16.452172945165842     
  -254.41388928003840        1.0000000000001807        16.529173636566711     
  -254.19342663768123        1.0000000000001807        16.603585537090378     
  -253.97296399532405        1.0000000000001810        16.675396602416647     
  -253.75250135296687        1.0000000000001796        16.744595215509435     
  -253.53203871060970        1.0000000000001783        16.811170205556699     
  -253.31157606825252        1.0000000000001774        16.875110808833277     
  -253.09111342589534        1.0000000000001774        16.936406691904054     
  -252.87065078353817        1.0000000000001785        16.995047974524116     
  -252.65018814118099        1.0000000000001772        17.051025185138080     
  -252.42972549882381        1.0000000000001779        17.104329279722524     
  -252.20926285646664        1.0000000000001776        17.154951674812555     
  -251.98880021410946        1.0000000000001765        17.202884203844029     
  -251.76833757175228        1.0000000000001779        17.248119127548883     
  -251.54787492939511        1.0000000000001805        17.290649169370504     
  -251.32741228703793        1.0000000000001801        17.330467471836840     
  -251.10694964468075        1.0000000000001807        17.367567603812219     
  -250.88648700232358        1.0000000000001787        17.401943604232319     
  -250.66602435996640        1.0000000000001794        17.433589938172780     
  -250.44556171760922        1.0000000000001790        17.462501492595322     
  -250.22509907525205        1.0000000000001783        17.488673624019157     
  -250.00463643289487        1.0000000000001774        17.512102121040428     
  -249.78417379053769        1.0000000000001763        17.532783195449703     
  -249.56371114818052        1.0000000000001745        17.550713532179635     
  -249.34324850582334        1.0000000000001730        17.565890251617713     
  -249.12278586346616        1.0000000000001734        17.578310891078612     
  -248.90232322110899        1.0000000000001734        17.587973460586660     
  -248.68186057875181        1.0000000000001721        17.594876414577911     
  -248.46139793639463        1.0000000000001730        17.599018624997399     
  -248.24093529403746        1.0000000000001721        17.600399433897906     
  -248.02047265168028        1.0000000000001723        17.599018629140915     
  -247.80001000932310        1.0000000000001721        17.594876412791024     
  -247.57954736696593        1.0000000000001703        17.587973457657654     
  -247.35908472460875        1.0000000000001694        17.578310890297498     
  -247.13862208225157        1.0000000000001692        17.565890248421091     
  -246.91815943989440        1.0000000000001652        17.550713532646377     
  -246.69769679753722        1.0000000000001652        17.532783199556079     
  -246.47723415518004        1.0000000000001645        17.512102118063087     
  -246.25677151282287        1.0000000000001639        17.488673619077986     
  -246.03630887046569        1.0000000000001608        17.462501492770471     
  -245.81584622810851        1.0000000000001623        17.433589936613917     
  -245.59538358575134        1.0000000000001610        17.401943601855599     
  -245.37492094339416        1.0000000000001608        17.367567603429386     
  -245.15445830103698        1.0000000000001608        17.330467466463173     
  -244.93399565867981        1.0000000000001610        17.290649163675443     
  -244.71353301632263        1.0000000000001605        17.248119129115032     
  -244.49307037396545        1.0000000000001608        17.202884203589203     
  -244.27260773160828        1.0000000000001579        17.154951670000710     
  -244.05214508925110        1.0000000000001588        17.104329276874537     
  -243.83168244689392        1.0000000000001579        17.051025180688235     
  -243.61121980453674        1.0000000000001572        16.995047969390153     
  -243.39075716217957        1.0000000000001572        16.936406692047200     
  -243.17029451982239        1.0000000000001570        16.875110806457890     
  -242.94983187746521        1.0000000000001592        16.811170197846899     
  -242.72936923510804        1.0000000000001581        16.744595211902286     
  -242.50890659275086        1.0000000000001574        16.675396600788599     
  -242.28844395039368        1.0000000000001577        16.603585533021509     
  -242.06798130803651        1.0000000000001568        16.529173634299056     
  -241.84751866567933        1.0000000000001570        16.452172940850197     
  -241.62705602332215        1.0000000000001559        16.372595900158480     
  -241.40659338096498        1.0000000000001565        16.290455410188706     
  -241.18613073860780        1.0000000000001550        16.205764776153220     
  -240.96566809625062        1.0000000000001543        16.118537706937662     
  -240.74520545389345        1.0000000000001557        16.028788359119403     
  -240.52474281153627        1.0000000000001561        15.936531299239784     
  -240.30428016917909        1.0000000000001543        15.841781490062372     
  -240.08381752682192        1.0000000000001532        15.744554332327743     
  -239.86335488446474        1.0000000000001528        15.644865635891641     
  -239.64289224210756        1.0000000000001528        15.542731604061311     
  -239.42242959975039        1.0000000000001523        15.438168873587639     
  -239.20196695739321        1.0000000000001532        15.331194489234795     
  -238.98150431503603        1.0000000000001563        15.221825881833491     
  -238.76104167267886        1.0000000000001570        15.110080906891145     
  -238.54057903032168        1.0000000000001568        14.995977829195660     
  -238.32011638796450        1.0000000000001563        14.879535299100072     
  -238.09965374560733        1.0000000000001554        14.760772384391691     
  -237.87919110325015        1.0000000000001568        14.639708558968225     
  -237.65872846089297        1.0000000000001554        14.516363679414230     
  -237.43826581853580        1.0000000000001541        14.390758014620955     
  -237.21780317617862        1.0000000000001554        14.262912240747129     
  -236.99734053382144        1.0000000000001550        14.132847416821351     
  -236.77687789146427        1.0000000000001557        14.000585007004117     
  -236.55641524910709        1.0000000000001565        13.866146880702527     
  -236.33595260674991        1.0000000000001581        13.729555293329355     
  -236.11548996439274        1.0000000000001568        13.590832904031606     
  -235.89502732203556        1.0000000000001581        13.450002777546512     
  -235.67456467967838        1.0000000000001557        13.307088368057766     
  -235.45410203732121        1.0000000000001588        13.162113532353906     
  -235.23363939496403        1.0000000000001541        13.015102534835982     
  -235.01317675260685        1.0000000000001583        12.866080038155992     
  -234.79271411024968        1.0000000000001559        12.715071111524077     
  -234.57225146789250        1.0000000000001539        12.562101235001077     
  -234.35178882553532        1.0000000000001545        12.407196298453959     
  -234.13132618317815        1.0000000000001545        12.250382608565692     
  -233.91086354082097        1.0000000000001570        12.091686891572174     
  -233.69040089846379        1.0000000000001574        11.931136300447392     
  -233.46993825610662        1.0000000000001545        11.768758421878466     
  -233.24947561374944        1.0000000000001565        11.604581277109309     
  -233.02901297139226        1.0000000000001557        11.438633339778487     
  -232.80855032903509        1.0000000000001568        11.270943545183906     
  -232.58808768667791        1.0000000000001528        11.101541286582490     
  -232.36762504432073        1.0000000000001525        10.930456445096922     
  -232.14716240196356        1.0000000000001517        10.757719407894680     
  -231.92669975960638        1.0000000000001510        10.583361060812043     
  -231.70623711724920        1.0000000000001505        10.407412828583301     
  -231.48577447489203        1.0000000000001503        10.229906703822781     
  -231.26531183253485        1.0000000000001519        10.050875238440421     
  -231.04484919017767        1.0000000000001514        9.8703516009163526     
  -230.82438654782050        1.0000000000001508        9.6883696248789999     
  -230.60392390546332        1.0000000000001519        9.5049637977104329     
  -230.38346126310614        1.0000000000001508        9.3201693320939736     
  -230.16299862074897        1.0000000000001503        9.1340222449666992     
  -229.94253597839179        1.0000000000001499        8.9465593569345341     
  -229.72207333603461        1.0000000000001490        8.7578183865454271     
  -229.50161069367743        1.0000000000001481        8.5678380660992435     
  -229.28114805132026        1.0000000000001474        8.3766581543991094     
  -229.06068540896308        1.0000000000001465        8.1843195650298917     
  -228.84022276660590        1.0000000000001459        7.9908645500231383     
  -228.61976012424873        1.0000000000001463        7.7963367525902276     
  -228.39929748189155        1.0000000000001461        7.6007813804149951     
  -228.17883483953437        1.0000000000001461        7.4042454756967908     
  -227.95837219717720        1.0000000000001446        7.2067780425867189     
  -227.73790955482002        1.0000000000001439        7.0084303158365158     
  -227.51744691246284        1.0000000000001454        6.8092561826797873     
  -227.29698427010567        1.0000000000001463        6.6093124424303822     
  -227.07652162774849        1.0000000000001459        6.4086592245365637     
  -226.85605898539131        1.0000000000001452        6.2073606594853201     
  -226.63559634303414        1.0000000000001457        6.0054854140474392     
  -226.41513370067696        1.0000000000001448        5.8031074221906085     
  -226.19467105831978        1.0000000000001439        5.6003069950366475     
  -225.97420841596261        1.0000000000001448        5.3971718595832856     
  -225.75374577360543        1.0000000000001450        5.1937985014318979     
  -225.53328313124825        1.0000000000001454        4.9902941472313787     
  -225.31282048889108        1.0000000000001452        4.7867788738282888     
  -225.09235784653390        1.0000000000001459        4.5833882490745816     
  -224.87189520417672        1.0000000000001452        4.3802770821392043     
  -224.65143256181955        1.0000000000001450        4.1776238224741311     
  -224.43096991946237        1.0000000000001448        3.9756361522844466     
  -224.21050727710519        1.0000000000001470        3.7745587596780124     
  -223.99004463474802        1.0000000000001465        3.5746830484671492     
  -223.76958199239084        1.0000000000001465        3.3763597256312732     
  -223.54911935003366        1.0000000000001481        3.1800161789260337     
  -223.32865670767649        1.0000000000001477        2.9861792296724139     
  -223.10819406531931        1.0000000000001479        2.7955052538293268     
  -222.88773142296213        1.0000000000001481        2.6088213739992034     
  -222.66726878060496        1.0000000000001492        2.4271799522702291     
  -222.44680613824778        1.0000000000001499        2.2519296682306154     
  -222.22634349589060        1.0000000000001492        2.0848071350710122     
  -222.00588085353343        1.0000000000001485        1.9280461456465383     
  -221.78541821117625        1.0000000000001485        1.7844908001542585     
  -221.56495556881907        1.0000000000001485        1.6576771643379358     
  -221.34449292646190        1.0000000000001494        1.5518044573799186     
  -221.12403028410472        1.0000000000001485        1.4714726778422182     
  -220.90356764174754        1.0000000000001485        1.4210738279872133     
  -220.68310499939037        1.0000000000001488        1.4038686512320808     
  -220.46264235703319        1.0000000000001459        1.4210739658293068     
  -220.24217971467601        1.0000000000001468        1.4714725827074957     
  -220.02171707231884        1.0000000000001477        1.5518044560082775     
  -219.80125442996166        1.0000000000001474        1.6576772934356363     
  -219.58079178760448        1.0000000000001483        1.7844907237169947     
  -219.36032914524731        1.0000000000001490        1.9280461128347344     
  -219.13986650289013        1.0000000000001483        2.0848072271457827     
  -218.91940386053295        1.0000000000001492        2.2519296154580597     
  -218.69894121817578        1.0000000000001494        2.4271799220761241     
  -218.47847857581860        1.0000000000001508        2.6088214597807102     
  -218.25801593346142        1.0000000000001508        2.7955052337635276     
  -218.03755329110425        1.0000000000001490        2.9861792072603897     
  -217.81709064874707        1.0000000000001492        3.1800162528283540     
  -217.59662800638989        1.0000000000001483        3.3763597172075595     
  -217.37616536403272        1.0000000000001485        3.5746830192192838     
  -217.15570272167554        1.0000000000001488        3.7745588126217156     
  -216.93524007931836        1.0000000000001470        3.9756361493443362     
  -216.71477743696119        1.0000000000001470        4.1776237963087040     
  -216.49431479460401        1.0000000000001470        4.3802771302119128     
  -216.27385215224683        1.0000000000001485        4.5833882589966581     
  -216.05338950988966        1.0000000000001492        4.7867788532893041     
  -215.83292686753248        1.0000000000001497        4.9902941872027524     
  -215.61246422517530        1.0000000000001492        5.1937985150041417     
  -215.39200158281812        1.0000000000001501        5.3971718389384664     
  -215.17153894046095        1.0000000000001508        5.6003070239781589     
  -214.95107629810377        1.0000000000001523        5.8031074364716595     
  -214.73061365574659        1.0000000000001510        6.0054853968424311     
  -214.51015101338942        1.0000000000001517        6.2073606861279815     
  -214.28968837103224        1.0000000000001521        6.4086592463122578     
  -214.06922572867506        1.0000000000001517        6.6093124322344288     
  -213.84876308631789        1.0000000000001528        6.8092562048051386     
  -213.62830044396071        1.0000000000001528        7.0084303369639400     
  -213.40783780160353        1.0000000000001537        7.2067780330509050     
  -213.18737515924636        1.0000000000001534        7.4042454910743887     
  -212.96691251688918        1.0000000000001525        7.6007813998096045     
  -212.74644987453200        1.0000000000001528        7.7963367453309580     
  -212.52598723217483        1.0000000000001530        7.9908645630586381     
  -212.30552458981765        1.0000000000001534        8.1843195872074599     
  -212.08506194746047        1.0000000000001543        8.3766581540315741     
  -211.86459930510330        1.0000000000001559        8.5678380790090074     
  -211.64413666274612        1.0000000000001561        8.7578184080521382     
  -211.42367402038894        1.0000000000001570        8.9465593580979821     
  -211.20321137803177        1.0000000000001574        9.1340222546069487     
  -210.98274873567459        1.0000000000001572        9.3201693516302662     
  -210.76228609331741        1.0000000000001577        9.5049638012743607     
  -210.54182345096024        1.0000000000001559        9.6883696335787519     
  -210.32136080860306        1.0000000000001568        9.8703516198474368     
  -210.10089816624588        1.0000000000001570        10.050875245818210     
  -209.88043552388871        1.0000000000001568        10.229906713683741     
  -209.65997288153153        1.0000000000001574        10.407412846914822     
  -209.43951023917435        1.0000000000001577        10.583361069943562     
  -209.21904759681718        1.0000000000001572        10.757719417078894     
  -208.99858495446000        1.0000000000001574        10.930456461543690     
  -208.77812231210282        1.0000000000001583        11.101541297606232     
  -208.55765966974565        1.0000000000001563        11.270943555603557     
  -208.33719702738847        1.0000000000001570        11.438633355520494     
  -208.11673438503129        1.0000000000001572        11.604581289912883     
  -207.89627174267412        1.0000000000001583        11.768758433739324     
  -207.67580910031694        1.0000000000001585        11.931136315384142     
  -207.45534645795976        1.0000000000001601        12.091686905373679     
  -207.23488381560259        1.0000000000001574        12.250382621622673     
  -207.01442117324541        1.0000000000001597        12.407196312470063     
  -206.79395853088823        1.0000000000001590        12.562101249557236     
  -206.57349588853106        1.0000000000001619        12.715071126398332     
  -206.35303324617388        1.0000000000001574        12.866080051793688     
  -206.13257060381670        1.0000000000001590        13.015102549663061     
  -205.91210796145953        1.0000000000001590        13.162113548777699     
  -205.69164531910235        1.0000000000001594        13.307088381283100     
  -205.47118267674517        1.0000000000001592        13.450002792066677     
  -205.25072003438800        1.0000000000001590        13.590832921906021     
  -205.03025739203082        1.0000000000001581        13.729555306813465     
  -204.80979474967364        1.0000000000001585        13.866146895489260     
  -204.58933210731647        1.0000000000001574        14.000585026940199     
  -204.36886946495929        1.0000000000001574        14.132847430556568     
  -204.14840682260211        1.0000000000001568        14.262912254128992     
  -203.92794418024494        1.0000000000001561        14.390758034906328     
  -203.70748153788776        1.0000000000001563        14.516363693244907     
  -203.48701889553058        1.0000000000001581        14.639708571461712     
  -203.26655625317341        1.0000000000001572        14.760772405634153     
  -203.04609361081623        1.0000000000001568        14.879535313683203     
  -202.82563096845905        1.0000000000001572        14.995977841038602     
  -202.60516832610188        1.0000000000001545        15.110080929577018     
  -202.38470568374470        1.0000000000001561        15.221825897942123     
  -202.16424304138752        1.0000000000001554        15.331194499331735     
  -201.94378039903035        1.0000000000001570        15.438168894588678     
  -201.72331775667317        1.0000000000001577        15.542731619246151     
  -201.50285511431599        1.0000000000001570        15.644865644002280     
  -201.28239247195881        1.0000000000001565        15.744554353439339     
  -201.06192982960164        1.0000000000001563        15.841781506845940     
  -200.84146718724446        1.0000000000001577        15.936531306218408     
  -200.62100454488728        1.0000000000001557        16.028788379464576     
  -200.40054190253011        1.0000000000001565        16.118537725072752     
  -200.18007926017293        1.0000000000001561        16.205764782209087     
  -199.95961661781575        1.0000000000001557        16.290455428367263     
  -199.73915397545858        1.0000000000001570        16.372595916709273     
  -199.51869133310140        1.0000000000001561        16.452172943212062     
  -199.29822869074422        1.0000000000001554        16.529173649892158     
  -199.07776604838705        1.0000000000001545        16.603585551096359     
  -198.85730340602987        1.0000000000001537        16.675396603172956     
  -198.63684076367269        1.0000000000001534        16.744595225298319     
  -198.41637812131552        1.0000000000001517        16.811170215205689     
  -198.19591547895834        1.0000000000001494        16.875110806887577     
  -197.97545283660116        1.0000000000001488        16.936406702393622     
  -197.75499019424399        1.0000000000001483        16.995047985647719     
  -197.53452755188681        1.0000000000001481        17.051025177814278     
  -197.31406490952963        1.0000000000001472        17.104329281805011     
  -197.09360226717246        1.0000000000001470        17.154951685067122     
  -196.87313962481528        1.0000000000001474        17.202884201197921     
  -196.65267698245810        1.0000000000001465        17.248119132523865     
  -196.43221434010093        1.0000000000001465        17.290649177725996     
  -196.21175169774375        1.0000000000001452        17.330467461112985     
  -195.99128905538657        1.0000000000001457        17.367567600992455     
  -195.77082641302940        1.0000000000001437        17.401943613137011     
  -195.55036377067222        1.0000000000001437        17.433589929475154     
  -195.32990112831504        1.0000000000001430        17.462501485035904     
  -195.10943848595787        1.0000000000001426        17.488673626470064     
  -194.88897584360069        1.0000000000001414        17.512102109457558     
  -194.66851320124351        1.0000000000001399        17.532783189578261     
  -194.44805055888634        1.0000000000001408        17.550713539627647     
  -194.22758791652916        1.0000000000001379        17.565890238863172     
  -194.00712527417198        1.0000000000001377        17.578310873782684     
  -193.78666263181481        1.0000000000001372        17.587973458251270     
  -193.56619998945763        1.0000000000001374        17.594876400183153     
  -193.34573734710045        1.0000000000001361        17.599018608245309     
  -193.12527470474328        1.0000000000001346        17.600399430521612     
  -192.90481206238610        1.0000000000001348        17.599018610138039     
  -192.68434942002892        1.0000000000001343        17.594876389509846     
  -192.46388677767175        1.0000000000001332        17.587973454772989     
  -192.24342413531457        1.0000000000001315        17.578310877144350     
  -192.02296149295739        1.0000000000001306        17.565890223494950     
  -191.80249885060022        1.0000000000001292        17.550713519904111     
  -191.58203620824304        1.0000000000001288        17.532783176613677     
  -191.36157356588586        1.0000000000001272        17.512102087500377     
  -191.14111092352869        1.0000000000001268        17.488673607314318     
  -190.92064828117151        1.0000000000001277        17.462501472589068     
  -190.70018563881433        1.0000000000001268        17.433589901029606     
  -190.47972299645716        1.0000000000001266        17.401943582109020     
  -190.25926035409998        1.0000000000001263        17.367567582365783     
  -190.03879771174280        1.0000000000001257        17.330467433449297     
  -189.81833506938563        1.0000000000001250        17.290649143452296     
  -189.59787242702845        1.0000000000001243        17.248119102816805     
  -189.37740978467127        1.0000000000001246        17.202884160556199     
  -189.15694714231410        1.0000000000001250        17.154951643180681     
  -188.93648449995692        1.0000000000001246        17.104329254027792     
  -188.71602185759974        1.0000000000001257        17.051025141673112     
  -188.49555921524257        1.0000000000001252        16.995047939074404     
  -188.27509657288539        1.0000000000001223        16.936406663075495     
  -188.05463393052821        1.0000000000001208        16.875110762882475     
  -187.83417128817104        1.0000000000001212        16.811170166274700     
  -187.61370864581386        1.0000000000001199        16.744595184738138     
  -187.39324600345668        1.0000000000001177        16.675396554212192     
  -187.17278336109950        1.0000000000001183        16.603585492212694     
  -186.95232071874233        1.0000000000001181        16.529173602681229     
  -186.73185807638515        1.0000000000001159        16.452172897606818     
  -186.51139543402797        1.0000000000001150        16.372595863470796     
  -186.29093279167080        1.0000000000001148        16.290455379757322     
  -186.07047014931362        1.0000000000001152        16.205764729039711     
  -185.85000750695644        1.0000000000001152        16.118537663464686     
  -185.62954486459927        1.0000000000001150        16.028788327253324     
  -185.40908222224209        1.0000000000001137        15.936531254817677     
  -185.18861957988491        1.0000000000001117        15.841781444591645     
  -184.96815693752774        1.0000000000001117        15.744554295074163     
  -184.74769429517056        1.0000000000001104        15.644865588518327     
  -184.52723165281338        1.0000000000001108        15.542731559119309     
  -184.30676901045621        1.0000000000001097        15.438168840640792     
  -184.08630636809903        1.0000000000001079        15.331194445748805     
  -183.86584372574185        1.0000000000001101        15.221825833975453     
  -183.64538108338468        1.0000000000001075        15.110080868734380     
  -183.42491844102750        1.0000000000001077        14.995977785446502     
  -183.20445579867032        1.0000000000001095        14.879535253152737     
  -182.98399315631315        1.0000000000001090        14.760772346811802     
  -182.76353051395597        1.0000000000001106        14.639708514731485     
  -182.54306787159879        1.0000000000001101        14.516363631345550     
  -182.32260522924162        1.0000000000001101        14.390757976397509     
  -182.10214258688444        1.0000000000001101        14.262912200468753     
  -181.88167994452726        1.0000000000001128        14.132847371759686     
  -181.66121730217009        1.0000000000001115        14.000584967064531     
  -181.44075465981291        1.0000000000001101        13.866146838590472     
  -181.22029201745573        1.0000000000001104        13.729555248270838     
  -180.99982937509856        1.0000000000001106        13.590832864843925     
  -180.77936673274138        1.0000000000001119        13.450002737919123     
  -180.55890409038420        1.0000000000001115        13.307088324901169     
  -180.33844144802703        1.0000000000001124        13.162113492254482     
  -180.11797880566985        1.0000000000001110        13.015102495667962     
  -179.89751616331267        1.0000000000001110        12.866079997650969     
  -179.67705352095550        1.0000000000001115        12.715071072018560     
  -179.45659087859832        1.0000000000001101        12.562101195912364     
  -179.23612823624114        1.0000000000001106        12.407196259796509     
  -179.01566559388397        1.0000000000001110        12.250382569784330     
  -178.79520295152679        1.0000000000001104        12.091686852891653     
  -178.57474030916961        1.0000000000001108        11.931136263855313     
  -178.35427766681244        1.0000000000001090        11.768758383682837     
  -178.13381502445526        1.0000000000001099        11.604581238673209     
  -177.91335238209808        1.0000000000001097        11.438633306132035     
  -177.69288973974091        1.0000000000001099        11.270943507632646     
  -177.47242709738373        1.0000000000001097        11.101541245671113     
  -177.25196445502655        1.0000000000001110        10.930456412778947     
  -177.03150181266938        1.0000000000001101        10.757719374245589     
  -176.81103917031220        1.0000000000001110        10.583361022309473     
  -176.59057652795502        1.0000000000001121        10.407412798484483     
  -176.37011388559785        1.0000000000001106        10.229906668920307     
  -176.14965124324067        1.0000000000001128        10.050875195488011     
  -175.92918860088349        1.0000000000001108        9.8703515729947924     
  -175.70872595852632        1.0000000000001119        9.6883695958978500     
  -175.48826331616914        1.0000000000001097        9.5049637538919196     
  -175.26780067381196        1.0000000000001108        9.3201693011425473     
  -175.04733803145479        1.0000000000001115        9.1340222160243130     
  -174.82687538909761        1.0000000000001110        8.9465593148769127     
  -174.60641274674043        1.0000000000001132        8.7578183627663755     
  -174.38595010438326        1.0000000000001112        8.5678380425145484     
  -174.16548746202608        1.0000000000001112        8.3766581034730727     
  -173.94502481966890        1.0000000000001099        8.1843195313973762     
  -173.72456217731173        1.0000000000001108        7.9908645294332104     
  -173.50409953495455        1.0000000000001110        7.7963367075976571     
  -173.28363689259737        1.0000000000001090        7.6007813506129818     
  -173.06317425024019        1.0000000000001086        7.4042454555224424     
  -172.84271160788302        1.0000000000001084        7.2067779892522781     
  -172.62224896552584        1.0000000000001092        7.0084302851499434     
  -172.40178632316866        1.0000000000001099        6.8092561780503162     
  -172.18132368081149        1.0000000000001095        6.6093123939291116     
  -171.96086103845431        1.0000000000001090        6.4086591799001758     
  -171.74039839609713        1.0000000000001095        6.2073606421166758     
  -171.51993575373996        1.0000000000001112        6.0054853590058741     
  -171.29947311138278        1.0000000000001117        5.8031073845537895     
  -171.07901046902560        1.0000000000001121        5.6003069979475288     
  -170.85854782666843        1.0000000000001121        5.3971718041071712     
  -170.63808518431125        1.0000000000001124        5.1937984439528169     
  -170.41762254195407        1.0000000000001124        4.9902941514661938     
  -170.19715989959690        1.0000000000001121        4.7867788336323072     
  -169.97669725723972        1.0000000000001141        4.5833881975258386     
  -169.75623461488254        1.0000000000001141        4.3802770838408023     
  -169.53577197252537        1.0000000000001159        4.1776237570011219     
  -169.31530933016819        1.0000000000001157        3.9756360738786909     
  -169.09484668781101        1.0000000000001157        3.7745587852807385     
  -168.87438404545384        1.0000000000001161        3.5746830198532886     
  -168.65392140309666        1.0000000000001170        3.3763596420624853     
  -168.43345876073948        1.0000000000001168        3.1800161884018836     
  -168.21299611838231        1.0000000000001181        2.9861791876769943     
  -167.99253347602513        1.0000000000001164        2.7955051654761163     
  -167.77207083366795        1.0000000000001201        2.6088214230138620     
  -167.55160819131078        1.0000000000001199        2.4271799255010129     
  -167.33114554895360        1.0000000000001206        2.2519295162129089     
  -167.11068290659642        1.0000000000001188        2.0848071581536836     
  -166.89022026423925        1.0000000000001206        1.9280461671498816     
  -166.66975762188207        1.0000000000001192        1.7844906962016334     
  -166.44929497952489        1.0000000000001199        1.6576772405546558     
  -166.22883233716772        1.0000000000001210        1.5518044765342798     
  -166.00836969481054        1.0000000000001215        1.4714724898642522     
  -165.78790705245336        1.0000000000001230        1.4210739044466358     
  -165.56744441009619        1.0000000000001217        1.4038687656697839     
  -165.34698176773901        1.0000000000001212        1.4210738192658450     
  -165.12651912538183        1.0000000000001223        1.4714726061243266     
  -164.90605648302466        1.0000000000001250        1.5518045297981435     
  -164.68559384066748        1.0000000000001232        1.6576771978271525     
  -164.46513119831030        1.0000000000001250        1.7844908174809604     
  -164.24466855595313        1.0000000000001239        1.9280462566663841     
  -164.02420591359595        1.0000000000001239        2.0848071592604200     
  -163.80374327123877        1.0000000000001261        2.2519296398171562     
  -163.58328062888160        1.0000000000001248        2.4271800344416929     
  -163.36281798652442        1.0000000000001250        2.6088214466562532     
  -163.14235534416724        1.0000000000001263        2.7955052770746547     
  -162.92189270181007        1.0000000000001272        2.9861793005861821     
  -162.70143005945289        1.0000000000001281        3.1800162263717571     
  -162.48096741709571        1.0000000000001290        3.3763597430425913     
  -162.26050477473854        1.0000000000001315        3.5746831318276562     
  -162.04004213238136        1.0000000000001321        3.7745588351629653     
  -161.81957949002418        1.0000000000001339        3.9756361746823545     
  -161.59911684766701        1.0000000000001328        4.1776238780572736     
  -161.37865420530983        1.0000000000001337        4.3802771481953382     
  -161.15819156295265        1.0000000000001339        4.5833882925947007     
  -160.93772892059548        1.0000000000001343        4.7867789491459352     
  -160.71726627823830        1.0000000000001343        4.9902942192058211     
  -160.49680363588112        1.0000000000001350        5.1937985339920525     
  -160.27634099352395        1.0000000000001339        5.3971719174544175     
  -160.05587835116677        1.0000000000001357        5.6003070706423852     
  -159.83541570880959        1.0000000000001346        5.8031074722739504     
  -159.61495306645241        1.0000000000001334        6.0054854742534918     
  -159.39449042409524        1.0000000000001330        6.2073607261088890     
  -159.17402778173806        1.0000000000001343        6.4086592703167451     
  -158.95356513938088        1.0000000000001341        6.6093125066352139     
  -158.73310249702371        1.0000000000001352        6.8092562626447917     
  -158.51263985466653        1.0000000000001354        7.0084303717915146     
  -158.29217721230935        1.0000000000001368        7.2067781000441773     
  -158.07171456995218        1.0000000000001381        7.4042455461038639     
  -157.85125192759500        1.0000000000001379        7.6007814393390056     
  -157.63078928523782        1.0000000000001394        7.7963368182977923     
  -157.41032664288065        1.0000000000001403        7.9908646262561103     
  -157.18986400052347        1.0000000000001414        8.1843196248956716     
  -156.96940135816629        1.0000000000001410        8.3766582157081348     
  -156.74893871580912        1.0000000000001406        8.5678381427560897     
  -156.52847607345194        1.0000000000001401        8.7578184560516465     
  -156.30801343109476        1.0000000000001406        8.9465594248982008     
  -156.08755078873759        1.0000000000001394        9.1340223205819893     
  -155.86708814638041        1.0000000000001421        9.3201694000949171     
  -155.64662550402323        1.0000000000001432        9.5049638669004715     
  -155.42616286166606        1.0000000000001426        9.6883697058397047     
  -155.20570021930888        1.0000000000001423        9.8703516771480455     
  -154.98523757695170        1.0000000000001423        10.050875311167928     
  -154.76477493459453        1.0000000000001421        10.229906783818292     
  -154.54431229223735        1.0000000000001423        10.407412907391965     
  -154.32384964988017        1.0000000000001412        10.583361139345204     
  -154.10338700752300        1.0000000000001426        10.757719492671379     
  -153.88292436516582        1.0000000000001412        10.930456527781290     
  -153.66246172280864        1.0000000000001430        11.101541367403186     
  -153.44199908045147        1.0000000000001421        11.270943631690612     
  -153.22153643809429        1.0000000000001432        11.438633427613036     
  -153.00107379573711        1.0000000000001426        11.604581364329226     
  -152.78061115337994        1.0000000000001443        11.768758511968796     
  -152.56014851102276        1.0000000000001439        11.931136391420599     
  -152.33968586866558        1.0000000000001448        12.091686983034128     
  -152.11922322630841        1.0000000000001443        12.250382702351866     
  -151.89876058395123        1.0000000000001421        12.407196393617115     
  -151.67829794159405        1.0000000000001410        12.562101331277201     
  -151.45783529923688        1.0000000000001448        12.715071208834527     
  -151.23737265687970        1.0000000000001446        12.866080137024474     
  -151.01691001452252        1.0000000000001430        13.015102635716545     
  -150.79644737216535        1.0000000000001426        13.162113632636053     
  -150.57598472980817        1.0000000000001410        13.307088469471410     
  -150.35552208745099        1.0000000000001423        13.450002883066752     
  -150.13505944509382        1.0000000000001414        13.590833008863777     
  -149.91459680273664        1.0000000000001394        13.729555397697451     
  -149.69413416037946        1.0000000000001394        13.866146988713760     
  -149.47367151802229        1.0000000000001390        14.000585113612345     
  -149.25320887566511        1.0000000000001381        14.132847523373339     
  -149.03274623330793        1.0000000000001357        14.262912352866024     
  -148.81228359095076        1.0000000000001379        14.390758123797964     
  -148.59182094859358        1.0000000000001372        14.516363785000964     
  -148.37135830623640        1.0000000000001372        14.639708670775951     
  -148.15089566387923        1.0000000000001363        14.760772495905114     
  -147.93043302152205        1.0000000000001357        14.879535407699203     
  -147.70997037916487        1.0000000000001343        14.995977943264613     
  -147.48950773680770        1.0000000000001337        15.110081017595203     
  -147.26904509445052        1.0000000000001328        15.221825986641866     
  -147.04858245209334        1.0000000000001310        15.331194601881542     
  -146.82811980973617        1.0000000000001315        15.438168985882353     
  -146.60765716737899        1.0000000000001299        15.542731707780197     
  -146.38719452502181        1.0000000000001321        15.644865743714535     
  -146.16673188266464        1.0000000000001306        15.744554439088809     
  -145.94626924030746        1.0000000000001290        15.841781589507011     
  -145.72580659795028        1.0000000000001286        15.936531405971314     
  -145.50534395559310        1.0000000000001270        16.028788465271198     
  -145.28488131323593        1.0000000000001268        16.118537799946399     
  -145.06441867087875        1.0000000000001263        16.205764872746450     
  -144.84395602852157        1.0000000000001250        16.290455509419548     
  -144.62349338616440        1.0000000000001246        16.372595989142173     
  -144.40303074380722        1.0000000000001246        16.452173032772659     
  -144.18256810145004        1.0000000000001239        16.529173725919382     
  -143.96210545909287        1.0000000000001248        16.603585609811905     
  -143.74164281673569        1.0000000000001250        16.675396680388296     
  -143.52118017437851        1.0000000000001246        16.744595296299849     
  -143.30071753202134        1.0000000000001232        16.811170267329793     
  -143.08025488966416        1.0000000000001248        16.875110872708820     
  -142.85979224730698        1.0000000000001226        16.936406760069669     
  -142.63932960494981        1.0000000000001237        16.995048023601811     
  -142.41886696259263        1.0000000000001226        17.051025235229787     
  -142.19840432023545        1.0000000000001221        17.104329336982765     
  -141.97794167787828        1.0000000000001223        17.154951713210998     
  -141.75747903552110        1.0000000000001217        17.202884240107451     
  -141.53701639316392        1.0000000000001219        17.248119171028851     
  -141.31655375080675        1.0000000000001190        17.290649192255252     
  -141.09609110844957        1.0000000000001188        17.330467487950667     
  -140.87562846609239        1.0000000000001210        17.367567627573646     
  -140.65516582373522        1.0000000000001212        17.401943608824372     
  -140.43470318137804        1.0000000000001197        17.433589934600345     
  -140.21424053902086        1.0000000000001188        17.462501498961895     
  -139.99377789666369        1.0000000000001186        17.488673613523947     
  -139.77331525430651        1.0000000000001199        17.512102100021277     
  -139.55285261194933        1.0000000000001203        17.532783184303668     
  -139.33238996959216        1.0000000000001199        17.550713504143157     
  -139.11192732723498        1.0000000000001179        17.565890207826314     
  -138.89146468487780        1.0000000000001181        17.578310855081746     
  -138.67100204252063        1.0000000000001197        17.587973409790965     
  -138.45053940016345        1.0000000000001197        17.594876347818762     
  -138.23007675780627        1.0000000000001168        17.599018568044897     
  -138.00961411544910        1.0000000000001181        17.600399365586085     
  -137.78915147309192        1.0000000000001168        17.599018542622950     
  -137.56868883073474        1.0000000000001186        17.594876334524606     
  -137.34822618837757        1.0000000000001183        17.587973369801603     
  -137.12776354602039        1.0000000000001181        17.578310781364777     
  -136.90730090366321        1.0000000000001175        17.565890144279464     
  -136.68683826130604        1.0000000000001181        17.550713419780525     
  -136.46637561894886        1.0000000000001175        17.532783065562093     
  -136.24591297659168        1.0000000000001175        17.512101991023528     
  -136.02545033423451        1.0000000000001186        17.488673489494392     
  -135.80498769187733        1.0000000000001175        17.462501342443019     
  -135.58452504952015        1.0000000000001170        17.433589789628726     
  -135.36406240716298        1.0000000000001175        17.401943452297633     
  -135.14359976480580        1.0000000000001166        17.367567431877209     
  -134.92313712244862        1.0000000000001157        17.330467295864828     
  -134.70267448009145        1.0000000000001166        17.290648991649061     
  -134.48221183773427        1.0000000000001155        17.248118934570957     
  -134.26174919537709        1.0000000000001164        17.202884009358311     
  -134.04128655301992        1.0000000000001161        17.154951480352935     
  -133.82082391066274        1.0000000000001170        17.104329069743379     
  -133.60036126830556        1.0000000000001166        17.051024972877389     
  -133.37989862594839        1.0000000000001183        16.995047765087588     
  -133.15943598359121        1.0000000000001186        16.936406468004794     
  -132.93897334123403        1.0000000000001152        16.875110578540745     
  -132.71851069887686        1.0000000000001150        16.811169975530888     
  -132.49804805651968        1.0000000000001141        16.744594972224846     
  -132.27758541416250        1.0000000000001144        16.675396355666386     
  -132.05712277180533        1.0000000000001141        16.603585295467841     
  -131.83666012944815        1.0000000000001157        16.529173384104940     
  -131.61619748709097        1.0000000000001135        16.452172686889579     
  -131.39573484473379        1.0000000000001148        16.372595654968805     
  -131.17527220237662        1.0000000000001146        16.290455151534058     
  -130.95480956001944        1.0000000000001128        16.205764508834452     
  -130.73434691766226        1.0000000000001110        16.118537447543769     
  -130.51388427530509        1.0000000000001104        16.028788090215823     
  -130.29342163294791        1.0000000000001101        15.936531023202367     
  -130.07295899059073        1.0000000000001104        15.841781223298526     
  -129.85249634823356        1.0000000000001099        15.744554058986949     
  -129.63203370587638        1.0000000000001084        15.644865356077597     
  -129.41157106351920        1.0000000000001077        15.542731334710574     
  -129.19110842116203        1.0000000000001090        15.438168599847836     
  -128.97064577880485        1.0000000000001084        15.331194206434779     
  -128.75018313644767        1.0000000000001104        15.221825605943810     
  -128.52972049409050        1.0000000000001081        15.110080627778078     
  -128.30925785173332        1.0000000000001084        14.995977542902445     
  -128.08879520937614        1.0000000000001072        14.879535021514126     
  -127.86833256701897        1.0000000000001068        14.760772107125977     
  -127.64786992466179        1.0000000000001068        14.639708275453451     
  -127.42740728230461        1.0000000000001059        14.516363403619984     
  -127.20694463994744        1.0000000000001055        14.390757740970994     
  -126.98648199759026        1.0000000000001050        14.262911961578121     
  -126.76601935523308        1.0000000000001037        14.132847143018845     
  -126.54555671287591        1.0000000000001033        14.000584735153380     
  -126.32509407051873        1.0000000000001037        13.866146604338187     
  -126.10463142816155        1.0000000000001039        13.729555022171148     
  -125.88416878580438        1.0000000000001024        13.590832637030042     
  -125.66370614344720        1.0000000000001013        13.450002508485335     
  -125.44324350109002        1.0000000000001006        13.307088102883489     
  -125.22278085873285        1.0000000000000995        13.162113270988451     
  -125.00231821637567        1.0000000000001010        13.015102273033216     
  -124.78185557401849        1.0000000000001010        12.866079779069779     
  -124.56139293166132        1.0000000000001001        12.715070855621869     
  -124.34093028930414        1.0000000000001010        12.562100980820297     
  -124.12046764694696        1.0000000000001004        12.407196046547385     
  -123.90000500458979        1.0000000000000995        12.250382358945298     
  -123.67954236223261        1.0000000000000997        12.091686645808489     
  -123.45907971987543        1.0000000000000984        11.931136056211054     
  -123.23861707751826        1.0000000000000990        11.768758177633165     
  -123.01815443516108        1.0000000000000977        11.604581038847751     
  -122.79769179280390        1.0000000000000981        11.438633103580930     
  -122.57722915044673        1.0000000000000988        11.270943306784606     
  -122.35676650808955        1.0000000000000995        11.101541056552907     
  -122.13630386573237        1.0000000000000988        10.930456218509786     
  -121.91584122337520        1.0000000000000999        10.757719175971438     
  -121.69537858101802        1.0000000000000990        10.583360838057356     
  -121.47491593866084        1.0000000000000990        10.407412609422730     
  -121.25445329630367        1.0000000000000988        10.229906474040806     
  -121.03399065394649        1.0000000000000993        10.050875018539472     
  -120.81352801158931        1.0000000000001001        9.8703513884940648     
  -120.59306536923214        1.0000000000000993        9.6883693995311866     
  -120.37260272687496        1.0000000000000999        9.5049635840186841     
  -120.15214008451778        1.0000000000001006        9.3201691303118785     
  -119.93167744216061        1.0000000000001008        9.1340220256661038     
  -119.71121479980343        1.0000000000001006        8.9465591474110315     
  -119.49075215744625        1.0000000000001015        8.7578181915828672     
  -119.27028951508908        1.0000000000000990        8.5678378464058067     
  -119.04982687273190        1.0000000000000995        8.3766579404981787     
  -118.82936423037472        1.0000000000001019        8.1843193719345919     
  -118.60890158801755        1.0000000000001028        7.9908643307313501     
  -118.38843894566037        1.0000000000001028        7.7963365392924935     
  -118.16797630330319        1.0000000000001028        7.6007811977000088     
  -117.94751366094602        1.0000000000001019        7.4042452636646825     
  -117.72705101858884        1.0000000000001052        7.2067778296162475     
  -117.50658837623166        1.0000000000001044        7.0084301385518719     
  -117.28612573387448        1.0000000000001052        6.8092559698777197     
  -117.06566309151731        1.0000000000001057        6.6093122183150639     
  -116.84520044916013        1.0000000000001068        6.4086590440085498     
  -116.62473780680295        1.0000000000001061        6.2073604441634798     
  -116.40427516444578        1.0000000000001037        6.0054851827296618     
  -116.18381252208860        1.0000000000001052        5.8031072498530136     
  -115.96334987973142        1.0000000000001055        5.6003067913541997     
  -115.74288723737425        1.0000000000001050        5.3971716259993343     
  -115.52242459501707        1.0000000000001059        5.1937983323158674     
  -115.30196195265989        1.0000000000001035        4.9902939445147378     
  -115.08149931030272        1.0000000000001055        4.7867786224989386     
  -114.86103666794554        1.0000000000001044        4.5833880723142624     
  -114.64057402558836        1.0000000000001050        4.3802768803686494     
  -114.42011138323119        1.0000000000001052        4.1776235592543012     
  -114.19964874087401        1.0000000000001070        3.9756359840049282     
  -113.97918609851683        1.0000000000001068        3.7745585854354293     
  -113.75872345615966        1.0000000000001064        3.5746827901961664     
  -113.53826081380248        1.0000000000001066        3.3763595630398768     
  -113.31779817144530        1.0000000000001070        3.1800160112453755     
  -113.09733552908813        1.0000000000001086        2.9861789387825137     
  -112.87687288673095        1.0000000000001086        2.7955050707103202     
  -112.65641024437377        1.0000000000001090        2.6088212214538000     
  -112.43594760201660        1.0000000000001101        2.4271796543757636     
  -112.21548495965942        1.0000000000001099        2.2519295042084839     
  -111.99502231730224        1.0000000000001106        2.0848070607804652     
  -111.77455967494507        1.0000000000001108        1.9280459027446215     
  -111.55409703258789        1.0000000000001121        1.7844906996868355     
  -111.33363439023071        1.0000000000001128        1.6576771779751633     
  -111.11317174787354        1.0000000000001144        1.5518042120126028     
  -110.89270910551636        1.0000000000001139        1.4714725519113774     
  -110.67224646315918        1.0000000000001159        1.4210739034243742     
  -110.45178382080201        1.0000000000001141        1.4038685007678848     
  -110.23132117844483        1.0000000000001135        1.4210739512038506     
  -110.01085853608765        1.0000000000001130        1.4714728113643780     
  -109.79039589373048        1.0000000000001144        1.5518044886931737     
  -109.56993325137330        1.0000000000001146        1.6576774100934326     
  -109.34947060901612        1.0000000000001146        1.7844910440668011     
  -109.12900796665895        1.0000000000001164        1.9280462409892460     
  -108.90854532430177        1.0000000000001175        2.0848073400538620     
  -108.68808268194459        1.0000000000001183        2.2519298822910097     
  -108.46762003958742        1.0000000000001177        2.4271800763054432     
  -108.24715739723024        1.0000000000001183        2.6088216165151197     
  -108.02669475487306        1.0000000000001192        2.7955055381102003     
  -107.80623211251589        1.0000000000001195        2.9861794282559471     
  -107.58576947015871        1.0000000000001208        3.1800164429386450     
  -107.36530682780153        1.0000000000001192        3.3763600236950913     
  -107.14484418544436        1.0000000000001212        3.5746832678317269     
  -106.92438154308718        1.0000000000001241        3.7745590115335217     
  -106.70391890073000        1.0000000000001226        3.9756364293046960     
  -106.48345625837283        1.0000000000001219        4.1776240344264277     
  -106.26299361601565        1.0000000000001246        4.3802773307307561     
  -106.04253097365847        1.0000000000001239        4.5833885492640922     
  -105.82206833130130        1.0000000000001237        4.7867791293001014     
  -105.60160568894412        1.0000000000001248        4.9902944159002898     
  -105.38114304658694        1.0000000000001241        5.1937988030136637     
  -105.16068040422977        1.0000000000001257        5.3971721152933982     
  -104.94021776187259        1.0000000000001259        5.6003072542029253     
  -104.71975511951541        1.0000000000001255        5.8031077160498832     
  -104.49929247715824        1.0000000000001255        6.0054856726670387     
  -104.27882983480106        1.0000000000001286        6.2073609187222178     
  -104.05836719244388        1.0000000000001279        6.4086595263604034     
  -103.83790455008671        1.0000000000001290        6.6093127277144630     
  -103.61744190772953        1.0000000000001286        6.8092564659751380     
  -103.39697926537235        1.0000000000001308        7.0084306304965933     
  -103.17651662301517        1.0000000000001295        7.2067783348395151     
  -102.95605398065800        1.0000000000001292        7.4042457541368742     
  -102.73559133830082        1.0000000000001286        7.6007816869057407     
  -102.51512869594364        1.0000000000001288        7.7963370477113054     
  -102.29466605358647        1.0000000000001299        7.9908648342683115     
  -102.07420341122929        1.0000000000001310        8.1843198782553515     
  -101.85374076887211        1.0000000000001299        8.3766584665573109     
  -101.63327812651494        1.0000000000001303        8.5678383703644911     
  -101.41281548415776        1.0000000000001328        8.7578187161492913     
  -101.19235284180058        1.0000000000001310        8.9465596859396292     
  -100.97189019944341        1.0000000000001319        9.1340225605789431     
  -100.75142755708623        1.0000000000001317        9.3201696655419184     
  -100.53096491472905        1.0000000000001303        9.5049641343814244     
  -100.31050227237188        1.0000000000001328        9.6883699520934226     
  -100.09003963001470        1.0000000000001334        9.8703519452477746     
  -99.869576987657524        1.0000000000001328        10.050875590844363     
  -99.649114345300347        1.0000000000001321        10.229907050009489     
  -99.428651702943171        1.0000000000001339        10.407413188589528     
  -99.208189060585994        1.0000000000001330        10.583361429536124     
  -98.987726418228817        1.0000000000001321        10.757719771478307     
  -98.767263775871641        1.0000000000001301        10.930456818427757     
  -98.546801133514464        1.0000000000001328        11.101541669101859     
  -98.326338491157287        1.0000000000001303        11.270943926238754     
  -98.105875848800110        1.0000000000001306        11.438633729317411     
  -97.885413206442934        1.0000000000001303        11.604581676317990     
  -97.664950564085757        1.0000000000001308        11.768758822917949     
  -97.444487921728580        1.0000000000001306        11.931136708027942     
  -97.224025279371403        1.0000000000001303        12.091687306882619     
  -97.003562637014227        1.0000000000001323        12.250383027835817     
  -96.783099994657050        1.0000000000001323        12.407196723117920     
  -96.562637352299873        1.0000000000001330        12.562101665667999     
  -96.342174709942697        1.0000000000001339        12.715071548900520     
  -96.121712067585520        1.0000000000001334        12.866080480825492     
  -95.901249425228343        1.0000000000001326        13.015102980725953     
  -95.680786782871166        1.0000000000001339        13.162113986272537     
  -95.460324140513990        1.0000000000001334        13.307088826982120     
  -95.239861498156813        1.0000000000001323        13.450003235835561     
  -95.019398855799636        1.0000000000001328        13.590833371085621     
  -94.798936213442460        1.0000000000001326        13.729555767182262     
  -94.578473571085283        1.0000000000001337        13.866147351793256     
  -94.358010928728106        1.0000000000001328        14.000585487377013     
  -94.137548286370929        1.0000000000001343        14.132847904708608     
  -93.917085644013753        1.0000000000001326        14.262912721075081     
  -93.696623001656576        1.0000000000001321        14.390758502391991     
  -93.476160359299399        1.0000000000001330        14.516364176253935     
  -93.255697716942223        1.0000000000001330        14.639709044158167     
  -93.035235074585046        1.0000000000001306        14.760772873589703     
  -92.814772432227869        1.0000000000001308        14.879535798956715     
  -92.594309789870692        1.0000000000001272        14.995978316064216     
  -92.373847147513516        1.0000000000001283        15.110081397335865     
  -92.153384505156339        1.0000000000001257        15.221826385888441     
  -91.932921862799162        1.0000000000001279        15.331194975518894     
  -91.712459220441986        1.0000000000001288        15.438169356086648     
  -91.491996578084809        1.0000000000001283        15.542732100941160     
  -91.271533935727632        1.0000000000001272        15.644866114209831     
  -91.051071293370455        1.0000000000001261        15.744554802377117     
  -90.830608651013279        1.0000000000001255        15.841781974191624     
  -90.610146008656102        1.0000000000001246        15.936531761581133     
  -90.389683366298925        1.0000000000001263        16.028788808532795     
  -90.169220723941748        1.0000000000001257        16.118538175176450     
  -89.948758081584572        1.0000000000001239        16.205765224303438     
  -89.728295439227395        1.0000000000001239        16.290455836429423     
  -89.507832796870218        1.0000000000001255        16.372596340437607     
  -89.287370154513042        1.0000000000001246        16.452173359722249     
  -89.066907512155865        1.0000000000001250        16.529174027641428     
  -88.846444869798688        1.0000000000001252        16.603585942674730     
  -88.625982227441511        1.0000000000001243        16.675396988931244     
  -88.405519585084335        1.0000000000001232        16.744595564053739     
  -88.185056942727158        1.0000000000001223        16.811170563467769     
  -87.964594300369981        1.0000000000001212        16.875111156122248     
  -87.744131658012805        1.0000000000001210        16.936407003205787     
  -87.523669015655628        1.0000000000001195        16.995048289422197     
  -87.303206373298451        1.0000000000001186        17.051025481436927     
  -87.082743730941274        1.0000000000001201        17.104329530951762     
  -86.862281088584098        1.0000000000001181        17.154951933238017     
  -86.641818446226921        1.0000000000001172        17.202884456455884     
  -86.421355803869744        1.0000000000001179        17.248119331830946     
  -86.200893161512568        1.0000000000001168        17.290649366514263     
  -85.980430519155391        1.0000000000001168        17.330467658144997     
  -85.759967876798214        1.0000000000001159        17.367567742885623     
  -85.539505234441037        1.0000000000001148        17.401943739656463     
  -85.319042592083861        1.0000000000001164        17.433590065392497     
  -85.098579949726684        1.0000000000001152        17.462501561373209     
  -84.878117307369507        1.0000000000001155        17.488673676598946     
  -84.657654665012330        1.0000000000001150        17.512102172992499     
  -84.437192022655154        1.0000000000001164        17.532783201235720     
  -84.216729380297977        1.0000000000001150        17.550713521692533     
  -83.996266737940800        1.0000000000001152        17.565890234756026     
  -83.775804095583624        1.0000000000001157        17.578310818728124     
  -83.555341453226447        1.0000000000001155        17.587973366510166     
  -83.334878810869270        1.0000000000001148        17.594876323280083     
  -83.114416168512093        1.0000000000001155        17.599018483316275     
  -82.893953526154917        1.0000000000001166        17.600399258873878     
  -82.673490883797740        1.0000000000001161        17.599018449442212     
  -82.453028241440563        1.0000000000001161        17.594876187089067     
  -82.232565599083387        1.0000000000001175        17.587973205772848     
  -82.012102956726210        1.0000000000001157        17.578310642322357     
  -81.791640314369033        1.0000000000001164        17.565889953310084     
  -81.571177672011856        1.0000000000001157        17.550713197369173     
  -81.350715029654680        1.0000000000001159        17.532782865156740     
  -81.130252387297503        1.0000000000001137        17.512101747083744     
  -80.909789744940326        1.0000000000001137        17.488673211911074     
  -80.689327102583150        1.0000000000001135        17.462501084463177     
  -80.468864460225973        1.0000000000001130        17.433589488509281     
  -80.248401817868796        1.0000000000001139        17.401943113663428     
  -80.027939175511619        1.0000000000001117        17.367567121784692     
  -79.807476533154443        1.0000000000001108        17.330466957643175     
  -79.587013890797266        1.0000000000001106        17.290648610977740     
  -79.366551248440089        1.0000000000001092        17.248118572603957     
  -79.146088606082913        1.0000000000001097        17.202883619352050     
  -78.925625963725736        1.0000000000001104        17.154951046736635     
  -78.705163321368559        1.0000000000001104        17.104328659289596     
  -78.484700679011382        1.0000000000001088        17.051024543589492     
  -78.264238036654206        1.0000000000001099        16.995047287788658     
  -78.043775394297029        1.0000000000001092        16.936406011370728     
  -77.823312751939852        1.0000000000001075        16.875110116079732     
  -77.602850109582675        1.0000000000001099        16.811169471202252     
  -77.382387467225499        1.0000000000001088        16.744594485159389     
  -77.161924824868322        1.0000000000001090        16.675395860455598     
  -76.941462182511145        1.0000000000001070        16.603584749974587     
  -76.720999540153969        1.0000000000001070        16.529172852962283     
  -76.500536897796792        1.0000000000001068        16.452172161559538     
  -76.280074255439615        1.0000000000001068        16.372595086529667     
  -76.059611613082438        1.0000000000001090        16.290454593437552     
  -75.839148970725262        1.0000000000001066        16.205763960613435     
  -75.618686328368085        1.0000000000001075        16.118536861886927     
  -75.398223686010908        1.0000000000001064        16.028787517322101     
  -75.177761043653732        1.0000000000001068        15.936530466412444     
  -74.957298401296555        1.0000000000001052        15.841780625485272     
  -74.736835758939378        1.0000000000001033        15.744553461132833     
  -74.516373116582201        1.0000000000001013        15.644864776759292     
  -74.295910474225025        1.0000000000001013        15.542730725666159     
  -74.075447831867848        1.0000000000001024        15.438167993903177     
  -73.854985189510671        1.0000000000001028        15.331193621913670     
  -73.634522547153495        1.0000000000001017        15.221824993402704     
  -73.414059904796318        1.0000000000001013        15.110080014975798     
  -73.193597262439141        1.0000000000000997        14.995976957480744     
  -72.973134620081964        1.0000000000000984        14.879534417157117     
  -72.752671977724788        1.0000000000000997        14.760771496858590     
  -72.532209335367611        1.0000000000001008        14.639707686030127     
  -72.311746693010434        1.0000000000001010        14.516362799192212     
  -72.091284050653258        1.0000000000001001        14.390757133781804     
  -71.870821408296081        1.0000000000000995        14.262911379471394     
  -71.650358765938904        1.0000000000000968        14.132846552260517     
  -71.429896123581727        1.0000000000000961        14.000584137398510     
  -71.209433481224551        1.0000000000000944        13.866146026533903     
  -70.988970838867374        1.0000000000000946        13.729554442866009     
  -70.768508196510197        1.0000000000000915        13.590832054460474     
  -70.548045554153020        1.0000000000000935        13.450001941823720     
  -70.327582911795844        1.0000000000000930        13.307087536562964     
  -70.107120269438667        1.0000000000000913        13.162112702716424     
  -69.886657627081490        1.0000000000000902        13.015101718079586     
  -69.666194984724314        1.0000000000000908        12.866079229938101     
  -69.445732342367137        1.0000000000000902        12.715070308150393     
  -69.225269700009960        1.0000000000000906        12.562100439852017     
  -69.004807057652783        1.0000000000000915        12.407195512172496     
  -68.784344415295607        1.0000000000000926        12.250381831779421     
  -68.563881772938430        1.0000000000000928        12.091686119976654     
  -68.343419130581253        1.0000000000000930        11.931135536287925     
  -68.122956488224077        1.0000000000000924        11.768757672388507     
  -67.902493845866900        1.0000000000000941        11.604580532295007     
  -67.682031203509723        1.0000000000000935        11.438632600705120     
  -67.461568561152546        1.0000000000000935        11.270942822595833     
  -67.241105918795370        1.0000000000000946        11.101540562745994     
  -67.020643276438193        1.0000000000000950        10.930455723925549     
  -66.800180634081016        1.0000000000000939        10.757718713637443     
  -66.579717991723840        1.0000000000000939        10.583360366054452     
  -66.359255349366663        1.0000000000000935        10.407412125189603     
  -66.138792707009486        1.0000000000000933        10.229906026300371     
  -65.918330064652309        1.0000000000000941        10.050874562847355     
  -65.697867422295133        1.0000000000000939        9.8703509189144683     
  -65.477404779937956        1.0000000000000926        9.6883689789463912     
  -65.256942137580779        1.0000000000000948        9.5049631476442666     
  -65.036479495223602        1.0000000000000959        9.3201686538836146     
  -64.816016852866426        1.0000000000000944        9.1340216071538105     
  -64.595554210509249        1.0000000000000953        8.9465587323778735     
  -64.375091568152072        1.0000000000000979        8.7578177315122954     
  -64.154628925794896        1.0000000000000964        8.5678374451585295     
  -63.934166283437719        1.0000000000000986        8.3766575354523898     
  -63.713703641080542        1.0000000000000981        8.1843189008586723     
  -63.493240998723365        1.0000000000000993        7.9908639415117912     
  -63.272778356366189        1.0000000000000990        7.7963361730101868     
  -63.052315714009012        1.0000000000000973        7.6007807318198815     
  -62.831853071651835        1.0000000000000977        7.4042448556921849     
  -62.611390429294659        1.0000000000000981        7.2067774558627828     
  -62.390927786937482        1.0000000000000986        7.0084296686037639     
  -62.170465144580305        1.0000000000001001        6.8092555882015082     
  -61.950002502223128        1.0000000000001008        6.6093118923595693     
  -61.729539859865952        1.0000000000001021        6.4086585641205964     
  -61.509077217508775        1.0000000000001041        6.2073600279253522     
  -61.288614575151598        1.0000000000001037        6.0054848757498016     
  -61.068151932794422        1.0000000000001048        5.8031067967460190     
  -60.847689290437245        1.0000000000001033        5.6003063820247494     
  -60.627226648080068        1.0000000000001041        5.3971713167235480     
  -60.406764005722891        1.0000000000001041        5.1937978239889899     
  -60.186301363365715        1.0000000000001041        4.9902934959078733     
  -59.965838721008538        1.0000000000001050        4.7867783878701866     
  -59.745376078651361        1.0000000000001041        4.5833876329998509     
  -59.524913436294185        1.0000000000001048        4.3802764146362820     
  -59.304450793937008        1.0000000000001055        4.1776233077793909     
  -59.083988151579831        1.0000000000001055        3.9756355244025658     
  -58.863525509222654        1.0000000000001035        3.7745581201600786     
  -58.643062866865478        1.0000000000001041        3.5746826265502003     
  -58.422600224508301        1.0000000000001075        3.3763591082530393     
  -58.202137582151124        1.0000000000001066        3.1800154147961850     
  -57.981674939793947        1.0000000000001064        2.9861787598952283     
  -57.761212297436771        1.0000000000001081        2.7955047156428510     
  -57.540749655079594        1.0000000000001066        2.6088207036797986     
  -57.320287012722417        1.0000000000001084        2.4271795794647932     
  -57.099824370365241        1.0000000000001079        2.2519291300600082     
  -56.879361728008064        1.0000000000001066        2.0848063902465723     
  -56.658899085650887        1.0000000000001075        1.9280459393180245     
  -56.438436443293710        1.0000000000001092        1.7844905876887938     
  -56.217973800936534        1.0000000000001101        1.6576765529832835     
  -55.997511158579357        1.0000000000001115        1.5518042817148667     
  -55.777048516222180        1.0000000000001101        1.4714725403640103     
  -55.556585873865004        1.0000000000001108        1.4210734093251782     
  -55.336123231507827        1.0000000000001139        1.4038689103087802     
  -55.115660589150650        1.0000000000001132        1.4210742807661187     
  -54.895197946793473        1.0000000000001152        1.4714723561695497     
  -54.674735304436297        1.0000000000001164        1.5518047371751300     
  -54.454272662079120        1.0000000000001155        1.6576778483842367     
  -54.233810019721943        1.0000000000001159        1.7844909664350950     
  -54.013347377364767        1.0000000000001137        1.9280466689967626     
  -53.792884735007590        1.0000000000001157        2.0848078712911229     
  -53.572422092650413        1.0000000000001150        2.2519299159162909     
  -53.351959450293236        1.0000000000001155        2.4271805051081410     
  -53.131496807936060        1.0000000000001152        2.6088222569569242     
  -52.911034165578883        1.0000000000001146        2.7955057343046694     
  -52.690571523221706        1.0000000000001159        2.9861797727015187     
  -52.470108880864530        1.0000000000001164        3.1800169444802120     
  -52.249646238507353        1.0000000000001164        3.3763602190049160     
  -52.029183596150176        1.0000000000001164        3.5746836361431957     
  -51.808720953792999        1.0000000000001170        3.7745595777574974     
  -51.588258311435823        1.0000000000001183        3.9756367018737810     
  -51.367795669078646        1.0000000000001190        4.1776243671650946     
  -51.147333026721469        1.0000000000001192        4.3802778720476692     
  -50.926870384364292        1.0000000000001188        4.5833888987767457     
  -50.706407742007116        1.0000000000001190        4.7867795021417132     
  -50.485945099649939        1.0000000000001192        4.9902949381100905     
  -50.265482457292762        1.0000000000001192        5.1937991302249236     
  -50.045019814935586        1.0000000000001199        5.3971724467292672     
  -49.824557172578409        1.0000000000001219        5.6003077800883245     
  -49.604094530221232        1.0000000000001230        5.8031081161085849     
  -49.383631887864055        1.0000000000001235        6.0054860262350065     
  -49.163169245506879        1.0000000000001219        6.2073614083742381     
  -48.942706603149702        1.0000000000001230        6.4086599166657781     
  -48.722243960792525        1.0000000000001228        6.6093130863873153     
  -48.501781318435349        1.0000000000001232        6.8092569678157799     
  -48.281318676078172        1.0000000000001252        7.0084310467054713     
  -48.060856033720995        1.0000000000001261        7.2067786799176758     
  -47.840393391363818        1.0000000000001250        7.4042462256229253     
  -47.619930749006642        1.0000000000001259        7.6007821312088106     
  -47.399468106649465        1.0000000000001248        7.7963374428083112     
  -47.179005464292288        1.0000000000001259        7.9908653272749524     
  -46.958542821935112        1.0000000000001259        8.1843203316299054     
  -46.738080179577935        1.0000000000001261        8.3766588538498841     
  -46.517617537220758        1.0000000000001257        8.5678388521900093     
  -46.297154894863581        1.0000000000001268        8.7578191950717184     
  -46.076692252506405        1.0000000000001259        8.9465601004142385     
  -45.856229610149228        1.0000000000001263        9.1340230348213662     
  -45.635766967792051        1.0000000000001279        9.3201701430459636     
  -45.415304325434874        1.0000000000001272        9.5049645694027891     
  -45.194841683077698        1.0000000000001263        9.6883704504009849     
  -44.974379040720521        1.0000000000001279        9.8703524557285700     
  -44.753916398363344        1.0000000000001272        10.050876049932807     
  -44.533453756006168        1.0000000000001259        10.229907545500007     
  -44.312991113648991        1.0000000000001268        10.407413706471315     
  -44.092528471291814        1.0000000000001275        10.583361918761796     
  -43.872065828934637        1.0000000000001270        10.757720288633966     
  -43.651603186577461        1.0000000000001277        10.930457352172875     
  -43.431140544220284        1.0000000000001279        11.101542178743916     
  -43.210677901863107        1.0000000000001288        11.270944457998976     
  -42.990215259505931        1.0000000000001270        11.438634284301685     
  -42.769752617148754        1.0000000000001288        11.604582219286566     
  -42.549289974791577        1.0000000000001279        11.768759375006853     
  -42.328827332434400        1.0000000000001277        11.931137274668984     
  -42.108364690077224        1.0000000000001272        12.091687872836903     
  -41.887902047720047        1.0000000000001288        12.250383602147258     
  -41.667439405362870        1.0000000000001292        12.407197307256427     
  -41.446976763005694        1.0000000000001283        12.562102256881030     
  -41.226514120648517        1.0000000000001277        12.715072146158121     
  -41.006051478291340        1.0000000000001277        12.866081081208787     
  -40.785588835934163        1.0000000000001270        13.015103594562648     
  -40.565126193576987        1.0000000000001268        13.162114603906101     
  -40.344663551219810        1.0000000000001275        13.307089439248477     
  -40.124200908862633        1.0000000000001270        13.450003871028597     
  -39.903738266505457        1.0000000000001257        13.590834015316229     
  -39.683275624148280        1.0000000000001259        13.729556393306055     
  -39.462812981791103        1.0000000000001252        13.866147997444060     
  -39.242350339433926        1.0000000000001228        14.000586145421364     
  -39.021887697076750        1.0000000000001239        14.132848541744423     
  -38.801425054719573        1.0000000000001235        14.262913383084495     
  -38.580962412362396        1.0000000000001228        14.390759177974955     
  -38.360499770005219        1.0000000000001228        14.516364813313983     
  -38.140037127648043        1.0000000000001217        14.639709704546030     
  -37.919574485290866        1.0000000000001203        14.760773565919433     
  -37.699111842933689        1.0000000000001190        14.879536453693984     
  -37.478649200576513        1.0000000000001197        14.995978983467870     
  -37.258186558219336        1.0000000000001201        15.110082088714938     
  -37.037723915862159        1.0000000000001199        15.221827026350295     
  -36.817261273504982        1.0000000000001192        15.331195631955941     
  -36.596798631147806        1.0000000000001199        15.438170056993638     
  -36.376335988790629        1.0000000000001197        15.542732742695589     
  -36.155873346433452        1.0000000000001172        15.644866748008930     
  -35.935410704076276        1.0000000000001183        15.744555483570982     
  -35.714948061719099        1.0000000000001179        15.841782607764966     
  -35.494485419361922        1.0000000000001177        15.936532393800013     
  -35.274022777004745        1.0000000000001179        16.028789492700572     
  -35.053560134647569        1.0000000000001172        16.118538788000858     
  -34.833097492290392        1.0000000000001161        16.205765807235004     
  -34.612634849933215        1.0000000000001177        16.290456488192394     
  -34.392172207576039        1.0000000000001175        16.372596944401046     
  -34.171709565218862        1.0000000000001148        16.452173924255970     
  -33.951246922861685        1.0000000000001157        16.529174647828537     
  -33.730784280504508        1.0000000000001150        16.603586504022857     
  -33.510321638147332        1.0000000000001161        16.675397506854754     
  -33.289858995790155        1.0000000000001166        16.744596165008314     
  -33.069396353432978        1.0000000000001177        16.811171116323326     
  -32.848933711075802        1.0000000000001164        16.875111624971403     
  -32.628471068718625        1.0000000000001161        16.936407530017167     
  -32.408008426361448        1.0000000000001144        16.995048783200883     
  -32.187545784004271        1.0000000000001141        17.051025907788581     
  -31.967083141647095        1.0000000000001135        17.104330030971219     
  -31.746620499289918        1.0000000000001124        17.154952395483587     
  -31.526157856932741        1.0000000000001141        17.202884812945385     
  -31.305695214575564        1.0000000000001130        17.248119757581648     
  -31.085232572218388        1.0000000000001137        17.290649792414904     
  -30.864769929861211        1.0000000000001112        17.330467981429067     
  -30.644307287504034        1.0000000000001119        17.367568107039208     
  -30.423844645146858        1.0000000000001121        17.401944084779302     
  -30.203382002789681        1.0000000000001106        17.433590296709699     
  -29.982919360432504        1.0000000000001106        17.462501855254118     
  -29.762456718075327        1.0000000000001101        17.488673993393554     
  -29.541994075718151        1.0000000000001084        17.512102362914327     
  -29.321531433360974        1.0000000000001112        17.532783410517720     
  -29.101068791003797        1.0000000000001099        17.550713754313467     
  -28.880606148646621        1.0000000000001101        17.565890359503882     
  -28.660143506289444        1.0000000000001090        17.578310972453494     
  -28.439680863932267        1.0000000000001072        17.587973547404040     
  -28.219218221575090        1.0000000000001070        17.594876367657513     
  -27.998755579217914        1.0000000000001064        17.599018530000905     
  -27.778292936860737        1.0000000000001041        17.600399366921980     
  -27.557830294503560        1.0000000000001026        17.599018457317822     
  -27.337367652146384        1.0000000000001039        17.594876183413774     
  -27.116905009789207        1.0000000000001026        17.587973241680032     
  -26.896442367432030        1.0000000000001017        17.578310562169413     
  -26.675979725074853        1.0000000000001001        17.565889858239625     
  -26.455517082717677        1.0000000000000986        17.550713175100814     
  -26.235054440360500        1.0000000000000997        17.532782741661784     
  -26.014591798003323        1.0000000000001004        17.512101573421358     
  -25.794129155646147        1.0000000000000997        17.488673098359122     
  -25.573666513288970        1.0000000000000981        17.462500894473749     
  -25.353203870931793        1.0000000000000957        17.433589266506711     
  -25.132741228574616        1.0000000000000937        17.401942964154756     
  -24.912278586217440        1.0000000000000944        17.367566884306758     
  -24.691815943860263        1.0000000000000935        17.330466649052489     
  -24.471353301503086        1.0000000000000930        17.290648377331266     
  -24.250890659145909        1.0000000000000939        17.248118290474483     
  -24.030428016788733        1.0000000000000935        17.202883272172443     
  -23.809965374431556        1.0000000000000915        17.154950760140618     
  -23.589502732074379        1.0000000000000919        17.104328316529124     
  -23.369040089717203        1.0000000000000924        17.051024129637092     
  -23.148577447360026        1.0000000000000906        16.995046956915612     
  -22.928114805002849        1.0000000000000913        16.936405654554605     
  -22.707652162645672        1.0000000000000915        16.875109666228560     
  -22.487189520288496        1.0000000000000915        16.811169071266338     
  -22.266726877931319        1.0000000000000897        16.744594068447022     
  -22.046264235574142        1.0000000000000895        16.675395371988667     
  -21.825801593216966        1.0000000000000888        16.603584330139601     
  -21.605338950859789        1.0000000000000895        16.529172426736181     
  -21.384876308502612        1.0000000000000877        16.452171639101092     
  -21.164413666145435        1.0000000000000866        16.372594615287763     
  -20.943951023788259        1.0000000000000864        16.290454145257460     
  -20.723488381431082        1.0000000000000873        16.205763435686372     
  -20.503025739073905        1.0000000000000884        16.118536371561294     
  -20.282563096716729        1.0000000000000866        16.028787034907488     
  -20.062100454359552        1.0000000000000879        15.936529898592312     
  -19.841637812002375        1.0000000000000862        15.841780100607455     
  -19.621175169645198        1.0000000000000859        15.744552981020176     
  -19.400712527288022        1.0000000000000866        15.644864222958494     
  -19.180249884930845        1.0000000000000853        15.542730186077508     
  -18.959787242573668        1.0000000000000839        15.438167490465109     
  -18.739324600216491        1.0000000000000842        15.331193060857085     
  -18.518861957859315        1.0000000000000835        15.221824454874110     
  -18.298399315502138        1.0000000000000819        15.110079518307785     
  -18.077936673144961        1.0000000000000828        14.995976395154896     
  -17.857474030787785        1.0000000000000826        14.879533854411420     
  -17.637011388430608        1.0000000000000822        14.760770985295032     
  -17.416548746073431        1.0000000000000810        14.639707141202813     
  -17.196086103716254        1.0000000000000804        14.516362256167136     
  -16.975623461359078        1.0000000000000815        14.390756628668116     
  -16.755160819001901        1.0000000000000793        14.262910838023773     
  -16.534698176644724        1.0000000000000793        14.132846008223959     
  -16.314235534287548        1.0000000000000799        14.000583638470967     
  -16.093772891930371        1.0000000000000790        13.866145508541440     
  -15.873310249573192        1.0000000000000795        13.729553912984473     
  -15.652847607216014        1.0000000000000802        13.590831553474668     
  -15.432384964858835        1.0000000000000793        13.450001433759194     
  -15.211922322501657        1.0000000000000786        13.307087026923577     
  -14.991459680144478        1.0000000000000779        13.162112217831428     
  -14.770997037787300        1.0000000000000788        13.015101230391581     
  -14.550534395430121        1.0000000000000770        12.866078738173254     
  -14.330071753072943        1.0000000000000755        12.715069830184243     
  -14.109609110715764        1.0000000000000770        12.562099969034803     
  -13.889146468358586        1.0000000000000775        12.407195045578902     
  -13.668683826001407        1.0000000000000773        12.250381366559859     
  -13.448221183644229        1.0000000000000788        12.091685665817026     
  -13.227758541287050        1.0000000000000790        11.931135097973257     
  -13.007295898929872        1.0000000000000782        11.768757221855974     
  -12.786833256572693        1.0000000000000764        11.604580086339899     
  -12.566370614215515        1.0000000000000779        11.438632181051197     
  -12.345907971858336        1.0000000000000797        11.270942387545354     
  -12.125445329501158        1.0000000000000810        11.101540137385813     
  -11.904982687143979        1.0000000000000817        10.930455338223464     
  -11.684520044786801        1.0000000000000822        10.757718291852573     
  -11.464057402429622        1.0000000000000819        10.583359940207016     
  -11.243594760072444        1.0000000000000815        10.407411766317331     
  -11.023132117715265        1.0000000000000826        10.229905636201648     
  -10.802669475358087        1.0000000000000817        10.050874147877112     
  -10.582206833000908        1.0000000000000815        9.8703505668775318     
  -10.361744190643730        1.0000000000000822        9.6883685832412603     
  -10.141281548286551        1.0000000000000824        9.5049627302422035     
  -9.9208189059293730        1.0000000000000835        9.3201683493011718     
  -9.7003562635721945        1.0000000000000839        9.1340212617924603     
  -9.4798936212150160        1.0000000000000833        8.9465583114123550     
  -9.2594309788578375        1.0000000000000846        8.7578174195800393     
  -9.0389683365006590        1.0000000000000842        8.5678371138996248     
  -8.8185056941434805        1.0000000000000842        8.3766571317688818     
  -8.5980430517863020        1.0000000000000855        8.1843186252836961     
  -8.3775804094291235        1.0000000000000866        7.9908636185614323     
  -8.1571177670719450        1.0000000000000873        7.7963357120990411     
  -7.9366551247147665        1.0000000000000884        7.6007804443704030     
  -7.7161924823575880        1.0000000000000875        7.4042446045010317     
  -7.4957298400004095        1.0000000000000893        7.2067770462361747     
  -7.2752671976432310        1.0000000000000879        7.0084293934789210     
  -7.0548045552860525        1.0000000000000890        6.8092553179682538     
  -6.8343419129288741        1.0000000000000908        6.6093114263436767     
  -6.6138792705716956        1.0000000000000902        6.4086583113199689     
  -6.3934166282145171        1.0000000000000913        6.2073598597116995     
  -6.1729539858573386        1.0000000000000915        6.0054844094380373     
  -5.9524913435001601        1.0000000000000933        5.8031064727355446     
  -5.7320287011429816        1.0000000000000919        5.6003062142362978     
  -5.5115660587858031        1.0000000000000939        5.3971708957143258     
  -5.2911034164286246        1.0000000000000944        5.1937975935822802     
  -5.0706407740714461        1.0000000000000941        4.9902934129912264     
  -4.8501781317142676        1.0000000000000928        4.7867778488728918     
  -4.6297154893570891        1.0000000000000941        4.5833872279972256     
  -4.4092528469999106        1.0000000000000946        4.3802763720905036     
  -4.1887902046427321        1.0000000000000953        4.1776228730515070     
  -3.9683275622855536        1.0000000000000979        3.9756351515206898     
  -3.7478649199283751        1.0000000000000970        3.7745580908289216     
  -3.5274022775711966        1.0000000000000979        3.5746821098450958     
  -3.3069396352140181        1.0000000000000981        3.3763587426599333     
  -3.0864769928568396        1.0000000000000988        3.1800156978676291     
  -2.8660143504996611        1.0000000000000984        2.9861784094744914     
  -2.6455517081424826        1.0000000000000979        2.7955041309505093     
  -2.4250890657853041        1.0000000000000970        2.6088207966713242     
  -2.2046264234281256        1.0000000000000977        2.4271791491819736     
  -1.9841637810709472        1.0000000000000979        2.2519286078297260     
  -1.7637011387137687        1.0000000000000975        2.0848068305136538     
  -1.5432384963565902        1.0000000000000993        1.9280455393108069     
  -1.3227758539994117        1.0000000000000997        1.7844896695115198     
  -1.1023132116422332        1.0000000000001010        1.6576770931433678     
 -0.88185056928505468        1.0000000000000997        1.5518043762904528     
 -0.66138792692787618        1.0000000000000993        1.4714718743290347     
 -0.44092528457069774        1.0000000000000995        1.4210739860018138     
 -0.22046264221351930        1.0000000000001004        1.4038687601399318     
   1.4365914013936276E-010   1.0000000000001006        1.4210733863630889     
  0.22046264250083758        1.0000000000001006        1.4714732294403554     
  0.44092528485801602        1.0000000000001010        1.5518053038807127     
  0.66138792721519446        1.0000000000001017        1.6576772806434654     
  0.88185056957237284        1.0000000000001026        1.7844914190171830     
   1.1023132119295513        1.0000000000001037        1.9280470525843187     
   1.3227758542867298        1.0000000000001028        2.0848075586419603     
   1.5432384966439083        1.0000000000001041        2.2519304524445101     
   1.7637011390010868        1.0000000000001041        2.4271809171502357     
   1.9841637813582653        1.0000000000001064        2.6088218452728391     
   2.2046264237154438        1.0000000000001055        2.7955059910972824     
   2.4250890660726223        1.0000000000001039        2.9861803026486031     
   2.6455517084298008        1.0000000000001055        3.1800169312291713     
   2.8660143507869793        1.0000000000001059        3.3763605637438916     
   3.0864769931441578        1.0000000000001041        3.5746840652298144     
   3.3069396355013363        1.0000000000001068        3.7745594765337929     
   3.5274022778585148        1.0000000000001048        3.9756369529688826     
   3.7478649202156933        1.0000000000001059        4.1776248564511791     
   3.9683275625728718        1.0000000000001052        4.3802778622547347     
   4.1887902049300498        1.0000000000001044        4.5833890111367195     
   4.4092528472872283        1.0000000000001052        4.7867798520024785     
   4.6297154896444068        1.0000000000001050        4.9902949911044638     
   4.8501781320015853        1.0000000000001048        5.1937993521254429     
   5.0706407743587638        1.0000000000001057        5.3971728827846759     
   5.2911034167159423        1.0000000000001070        5.6003078455892314     
   5.5115660590731208        1.0000000000001064        5.8031082117699917     
   5.7320287014302993        1.0000000000001068        6.0054863892799952     
   5.9524913437874778        1.0000000000001070        6.2073615559344866     
   6.1729539861446563        1.0000000000001070        6.4086600574398425     
   6.3934166285018348        1.0000000000001075        6.6093134072970274     
   6.6138792708590133        1.0000000000001070        6.8092570777315684     
   6.8343419132161918        1.0000000000001068        7.0084311621730446     
   7.0548045555733703        1.0000000000001070        7.2067790371180127     
   7.2752671979305488        1.0000000000001066        7.4042464250751578     
   7.4957298402877273        1.0000000000001059        7.6007822361229112     
   7.7161924826449058        1.0000000000001068        7.7963377039424957     
   7.9366551250020843        1.0000000000001068        7.9908654932212100     
   8.1571177673592619        1.0000000000001061        8.1843204586274343     
   8.3775804097164404        1.0000000000001055        8.3766591450330488     
   8.5980430520736189        1.0000000000001057        8.5678390499031050     
   8.8185056944307973        1.0000000000001068        8.7578193031947453     
   9.0389683367879758        1.0000000000001072        8.9465603531358653     
   9.2594309791451543        1.0000000000001077        9.1340232656437266     
   9.4798936215023328        1.0000000000001092        9.3201702999281135     
   9.7003562638595113        1.0000000000001090        9.5049648107639779     
   9.9208189062166898        1.0000000000001097        9.6883706516991435     
   10.141281548573868        1.0000000000001108        9.8703525894031419     
   10.361744190931047        1.0000000000001112        10.050876281256153     
   10.582206833288225        1.0000000000001108        10.229907781788052     
   10.802669475645404        1.0000000000001124        10.407413875112338     
   11.023132118002582        1.0000000000001124        10.583362135783274     
   11.243594760359761        1.0000000000001121        10.757720514208799     
   11.464057402716939        1.0000000000001124        10.930457538234307     
   11.684520045074118        1.0000000000001139        11.101542404743423     
   11.904982687431296        1.0000000000001137        11.270944689118174     
   12.125445329788475        1.0000000000001132        11.438634474740857     
   12.345907972145653        1.0000000000001115        11.604582431162841     
   12.566370614502832        1.0000000000001115        11.768759604878003     
   12.786833256860010        1.0000000000001108        11.931137489707215     
   13.007295899217189        1.0000000000001101        12.091688094709852     
   13.227758541574367        1.0000000000001097        12.250383830385291     
   13.448221183931546        1.0000000000001092        12.407197533235806     
   13.668683826288724        1.0000000000001099        12.562102483483548     
   13.889146468645903        1.0000000000001106        12.715072371965391     
   14.109609111003081        1.0000000000001095        12.866081317127277     
   14.330071753360260        1.0000000000001101        13.015103828836571     
   14.550534395717438        1.0000000000001110        13.162114831848742     
   14.770997038074617        1.0000000000001101        13.307089688409109     
   14.991459680431795        1.0000000000001121        13.450004109979767     
   15.211922322788974        1.0000000000001112        13.590834230224839     
   15.432384965146152        1.0000000000001115        13.729556644703713     
   15.652847607503331        1.0000000000001090        13.866148253639274     
   15.873310249860509        1.0000000000001086        14.000586366604896     
   16.093772892217686        1.0000000000001072        14.132848794615303     
   16.314235534574863        1.0000000000001055        14.262913639298452     
   16.534698176932039        1.0000000000001072        14.390759394632900     
   16.755160819289216        1.0000000000001048        14.516365079147604     
   16.975623461646393        1.0000000000001028        14.639709981531464     
   17.196086104003570        1.0000000000001026        14.760773770556607     
   17.416548746360746        1.0000000000001024        14.879536691475041     
   17.637011388717923        1.0000000000001019        14.995979255072573     
   17.857474031075100        1.0000000000001030        15.110082304411531     
   18.077936673432276        1.0000000000001008        15.221827282529823     
   18.298399315789453        1.0000000000001024        15.331195917575895     
   18.518861958146630        1.0000000000001024        15.438170256502698     
   18.739324600503807        1.0000000000001010        15.542732979997748     
   18.959787242860983        1.0000000000001015        15.644867052345022     
   19.180249885218160        1.0000000000000997        15.744555703024742     
   19.400712527575337        1.0000000000000984        15.841782831164741     
   19.621175169932513        1.0000000000000973        15.936532671348838     
   19.841637812289690        1.0000000000000975        16.028789688533639     
   20.062100454646867        1.0000000000000968        16.118539012684455     
   20.282563097004044        1.0000000000000995        16.205766124334474     
   20.503025739361220        1.0000000000000984        16.290456703677670     
   20.723488381718397        1.0000000000000970        16.372597135602938     
   20.943951024075574        1.0000000000000959        16.452174212542463     
   21.164413666432750        1.0000000000000968        16.529174866664970     
   21.384876308789927        1.0000000000000953        16.603586707121131     
   21.605338951147104        1.0000000000000933        16.675397804410988     
   21.825801593504281        1.0000000000000937        16.744596364670493     
   22.046264235861457        1.0000000000000924        16.811171278135330     
   22.266726878218634        1.0000000000000919        16.875111931366391     
   22.487189520575811        1.0000000000000915        16.936407785745310     
   22.707652162932987        1.0000000000000921        16.995048966463749     
   22.928114805290164        1.0000000000000924        17.051026187917433     
   23.148577447647341        1.0000000000000906        17.104330243560856     
   23.369040090004518        1.0000000000000921        17.154952542508731     
   23.589502732361694        1.0000000000000917        17.202885102744684     
   23.809965374718871        1.0000000000000899        17.248119999581487     
   24.030428017076048        1.0000000000000917        17.290649915276330     
   24.250890659433225        1.0000000000000904        17.330468227539821     
   24.471353301790401        1.0000000000000904        17.367568358951004     
   24.691815944147578        1.0000000000000890        17.401944252070550     
   24.912278586504755        1.0000000000000884        17.433590581985900     
   25.132741228861931        1.0000000000000897        17.462502111026517     
   25.353203871219108        1.0000000000000879        17.488674104187268     
   25.573666513576285        1.0000000000000888        17.512102595444375     
   25.794129155933462        1.0000000000000873        17.532783685941613     
   26.014591798290638        1.0000000000000866        17.550713897832409     
   26.235054440647815        1.0000000000000859        17.565890579758705     
   26.455517083004992        1.0000000000000870        17.578311220333134     
   26.675979725362168        1.0000000000000864        17.587973673302756     
   26.896442367719345        1.0000000000000864        17.594876603339184     
   27.116905010076522        1.0000000000000870        17.599018830644269     
   27.337367652433699        1.0000000000000855        17.600399504236002     
   27.557830294790875        1.0000000000000846        17.599018634530349     
   27.778292937148052        1.0000000000000839        17.594876443774389     
   27.998755579505229        1.0000000000000826        17.587973394149991     
   28.219218221862405        1.0000000000000810        17.578310773978782     
   28.439680864219582        1.0000000000000810        17.565890149011683     
   28.660143506576759        1.0000000000000797        17.550713319161495     
   28.880606148933936        1.0000000000000817        17.532782914784722     
   29.101068791291112        1.0000000000000786        17.512101871999423     
   29.321531433648289        1.0000000000000770        17.488673287296319     
   29.541994076005466        1.0000000000000779        17.462501070422810     
   29.762456718362643        1.0000000000000759        17.433589529280855     
   29.982919360719819        1.0000000000000757        17.401943118455439     
   30.203382003076996        1.0000000000000775        17.367567051331395     
   30.423844645434173        1.0000000000000768        17.330466957833906     
   30.644307287791349        1.0000000000000751        17.290648588505935     
   30.864769930148526        1.0000000000000742        17.248118451215813     
   31.085232572505703        1.0000000000000742        17.202883549289325     
   31.305695214862880        1.0000000000000735        17.154950974760247     
   31.526157857220056        1.0000000000000711        17.104328498356704     
   31.746620499577233        1.0000000000000699        17.051024424771079     
   31.967083141934410        1.0000000000000704        16.995047166825319     
   32.187545784291586        1.0000000000000695        16.936405795482774     
   32.408008426648763        1.0000000000000704        16.875109947662136     
   32.628471069005940        1.0000000000000693        16.811169333787952     
   32.848933711363117        1.0000000000000673        16.744594258796646     
   33.069396353720293        1.0000000000000646        16.675395655916038     
   33.289858996077470        1.0000000000000653        16.603584572081559     
   33.510321638434647        1.0000000000000644        16.529172592821062     
   33.730784280791823        1.0000000000000646        16.452171926911724     
   33.951246923149000        1.0000000000000622        16.372594893539098     
   34.171709565506177        1.0000000000000611        16.290454315497723     
   34.392172207863354        1.0000000000000615        16.205763688037429     
   34.612634850220530        1.0000000000000593        16.118536642952623     
   34.833097492577707        1.0000000000000606        16.028787236577330     
   35.053560134934884        1.0000000000000602        15.936530186532144     
   35.274022777292060        1.0000000000000600        15.841780392262248     
   35.494485419649237        1.0000000000000597        15.744553161484360     
   35.714948062006414        1.0000000000000588        15.644864468493351     
   35.935410704363591        1.0000000000000584        15.542730479238573     
   36.155873346720767        1.0000000000000584        15.438167703389739     
   36.376335989077944        1.0000000000000573        15.331193312976342     
   36.596798631435121        1.0000000000000571        15.221824736271982     
   36.817261273792298        1.0000000000000555        15.110079723589671     
   37.037723916149474        1.0000000000000557        14.995976649113015     
   37.258186558506651        1.0000000000000562        14.879534160900485     
   37.478649200863828        1.0000000000000546        14.760771210913521     
   37.699111843221004        1.0000000000000535        14.639707369090726     
   37.919574485578181        1.0000000000000511        14.516362526213261     
   38.140037127935358        1.0000000000000515        14.390756850971368     
   38.360499770292535        1.0000000000000513        14.262911075881423     
   38.580962412649711        1.0000000000000497        14.132846286778189     
   38.801425055006888        1.0000000000000511        14.000583865835171     
   39.021887697364065        1.0000000000000513        13.866145733137246     
   39.242350339721241        1.0000000000000513        13.729554180655056     
   39.462812982078418        1.0000000000000502        13.590831795452882     
   39.683275624435595        1.0000000000000497        13.450001664281018     
   39.903738266792772        1.0000000000000486        13.307087276670256     
   40.124200909149948        1.0000000000000469        13.162112448886932     
   40.344663551507125        1.0000000000000497        13.015101456577952     
   40.565126193864302        1.0000000000000491        12.866078980540378     
   40.785588836221478        1.0000000000000482        12.715070065557439     
   41.006051478578655        1.0000000000000486        12.562100197026448     
   41.226514120935832        1.0000000000000491        12.407195272464447     
   41.446976763293009        1.0000000000000486        12.250381596587790     
   41.667439405650185        1.0000000000000504        12.091685895880408     
   41.887902048007362        1.0000000000000495        11.931135309149546     
   42.108364690364539        1.0000000000000493        11.768757444703482     
   42.328827332721715        1.0000000000000477        11.604580329945513     
   42.549289975078892        1.0000000000000491        11.438632391457501     
   42.769752617436069        1.0000000000000480        11.270942598283597     
   42.990215259793246        1.0000000000000497        11.101540371675329     
   43.210677902150422        1.0000000000000506        10.930455527324613     
   43.431140544507599        1.0000000000000488        10.757718494769261     
   43.651603186864776        1.0000000000000486        10.583360195898157     
   43.872065829221953        1.0000000000000502        10.407411950681462     
   44.092528471579129        1.0000000000000522        10.229905808339302     
   44.312991113936306        1.0000000000000511        10.050874404656119     
   44.533453756293483        1.0000000000000502        9.8703507696384243     
   44.753916398650659        1.0000000000000493        9.6883687657233111     
   44.974379041007836        1.0000000000000513        9.5049629917576954     
   45.194841683365013        1.0000000000000497        9.3201685118730175     
   45.415304325722190        1.0000000000000511        9.1340213850465179     
   45.635766968079366        1.0000000000000508        8.9465585899759592     
   45.856229610436543        1.0000000000000497        8.7578176358018993     
   46.076692252793720        1.0000000000000511        8.5678372416078314     
   46.297154895150896        1.0000000000000504        8.3766573964408817     
   46.517617537508073        1.0000000000000500        8.1843188267921878     
   46.738080179865250        1.0000000000000506        7.9908637400482530     
   46.958542822222427        1.0000000000000500        7.7963360321201858     
   47.179005464579603        1.0000000000000500        7.6007806769470463     
   47.399468106936780        1.0000000000000504        7.4042446365582464     
   47.619930749293957        1.0000000000000500        7.2067772908414547     
   47.840393391651133        1.0000000000000511        7.0084296578285707     
   48.060856034008310        1.0000000000000500        6.8092554153417275     
   48.281318676365487        1.0000000000000497        6.6093117437254083     
   48.501781318722664        1.0000000000000502        6.4086585829122189     
   48.722243961079840        1.0000000000000513        6.2073598416845375     
   48.942706603437017        1.0000000000000524        6.0054846864600764     
   49.163169245794194        1.0000000000000531        5.8031068465171298     
   49.383631888151371        1.0000000000000546        5.6003062155862740     
   49.604094530508547        1.0000000000000533        5.3971710902955721     
   49.824557172865724        1.0000000000000540        5.1937979024271348     
   50.045019815222901        1.0000000000000533        4.9902933875889168     
   50.265482457580077        1.0000000000000540        4.7867781925845438     
   50.485945099937254        1.0000000000000537        4.5833877946504273     
   50.706407742294431        1.0000000000000555        4.3802763266206579     
   50.926870384651608        1.0000000000000555        4.1776229938558318     
   51.147333027008784        1.0000000000000546        3.9756356454737234     
   51.367795669365961        1.0000000000000555        3.7745580593899501     
   51.588258311723138        1.0000000000000560        3.5746822739233779     
   51.808720954080314        1.0000000000000564        3.3763592738803001     
   52.029183596437491        1.0000000000000573        3.1800154339210938     
   52.249646238794668        1.0000000000000577        2.9861783932577239     
   52.470108881151845        1.0000000000000564        2.7955050201117260     
   52.690571523509021        1.0000000000000564        2.6088209139681999     
   52.911034165866198        1.0000000000000557        2.4271791055934373     
   53.131496808223375        1.0000000000000573        2.2519293003350507     
   53.351959450580551        1.0000000000000575        2.0848065541376397     
   53.572422092937728        1.0000000000000591        1.9280452880987400     
   53.792884735294905        1.0000000000000584        1.7844908047986363     
   54.013347377652082        1.0000000000000586        1.6576769482023250     
   54.233810020009258        1.0000000000000584        1.5518035401878425     
   54.454272662366435        1.0000000000000591        1.4714727534403591     
   54.674735304723612        1.0000000000000595        1.4210741019555644     
   54.895197947080788        1.0000000000000597        1.4038682959933779     
   55.115660589437965        1.0000000000000611        1.4210743846455287     
   55.336123231795142        1.0000000000000613        1.4714728923971152     
   55.556585874152319        1.0000000000000608        1.5518040285662291     
   55.777048516509495        1.0000000000000613        1.6576777959293452     
   55.997511158866672        1.0000000000000615        1.7844915588566788     
   56.217973801223849        1.0000000000000615        1.9280462709851554     
   56.438436443581026        1.0000000000000628        2.0848077604591060     
   56.658899085938202        1.0000000000000617        2.2519303357931575     
   56.879361728295379        1.0000000000000631        2.4271801923371426     
   57.099824370652556        1.0000000000000611        2.6088220924880181     
   57.320287013009732        1.0000000000000620        2.7955060338996822     
   57.540749655366909        1.0000000000000620        2.9861794812731937     
   57.761212297724086        1.0000000000000635        3.1800166927692826     
   57.981674940081263        1.0000000000000646        3.3763604642346214     
   58.202137582438439        1.0000000000000631        3.5746835163457247     
   58.422600224795616        1.0000000000000642        3.7745594207703008     
   58.643062867152793        1.0000000000000633        3.9756369162191629     
   58.863525509509969        1.0000000000000639        4.1776242513059323     
   59.083988151867146        1.0000000000000639        4.3802776467118800     
   59.304450794224323        1.0000000000000648        4.5833890139302067     
   59.524913436581500        1.0000000000000635        4.7867793853245049     
   59.745376078938676        1.0000000000000639        4.9902946738952840     
   59.965838721295853        1.0000000000000664        5.1937991668945447     
   60.186301363653030        1.0000000000000659        5.3971723580721793     
   60.406764006010206        1.0000000000000668        5.6003075679319387     
   60.627226648367383        1.0000000000000682        5.8031081683359682     
   60.847689290724560        1.0000000000000671        6.0054859747116245     
   61.068151933081737        1.0000000000000691        6.2073611824140515     
   61.288614575438913        1.0000000000000677        6.4086598970197350     
   61.509077217796090        1.0000000000000673        6.6093130196801582     
   61.729539860153267        1.0000000000000682        6.8092567419184711     
   61.950002502510443        1.0000000000000686        7.0084309893321466     
   62.170465144867620        1.0000000000000693        7.2067786079634111     
   62.390927787224797        1.0000000000000706        7.4042460089372000     
   62.611390429581974        1.0000000000000713        7.6007820596498616     
   62.831853071939150        1.0000000000000706        7.7963373844201218     
   63.052315714296327        1.0000000000000719        7.9908651189548650     
   63.272778356653504        1.0000000000000711        8.1843202130743791     
   63.493240999010681        1.0000000000000704        8.3766587601337719     
   63.713703641367857        1.0000000000000731        8.5678386369320361     
   63.934166283725034        1.0000000000000724        8.7578190570263779     
   64.154628926082211        1.0000000000000744        8.9465600052711647     
   64.375091568439387        1.0000000000000742        9.1340228337508567     
   64.595554210796564        1.0000000000000748        9.3201699909891627     
   64.816016853153741        1.0000000000000748        9.5049644650521685     
   65.036479495510918        1.0000000000000739        9.6883702571256762     
   65.256942137868094        1.0000000000000737        9.8703522820264951     
   65.477404780225271        1.0000000000000746        10.050875913044786     
   65.697867422582448        1.0000000000000762        10.229907336938657     
   65.918330064939624        1.0000000000000759        10.407413510319769     
   66.138792707296801        1.0000000000000768        10.583361765848881     
   66.359255349653978        1.0000000000000757        10.757720087587812     
   66.579717992011155        1.0000000000000766        10.930457150318658     
   66.800180634368331        1.0000000000000782        11.101542007241108     
   67.020643276725508        1.0000000000000755        11.270944252269237     
   67.241105919082685        1.0000000000000764        11.438634070285401     
   67.461568561439861        1.0000000000000779        11.604582023316793     
   67.682031203797038        1.0000000000000766        11.768759157487759     
   67.902493846154215        1.0000000000000784        11.931137048055628     
   68.122956488511392        1.0000000000000779        12.091687655970832     
   68.343419130868568        1.0000000000000782        12.250383377941603     
   68.563881773225745        1.0000000000000799        12.407197075913110     
   68.784344415582922        1.0000000000000788        12.562102020994018     
   69.004807057940099        1.0000000000000782        12.715071909248397     
   69.225269700297275        1.0000000000000779        12.866080842018665     
   69.445732342654452        1.0000000000000788        13.015103339491370     
   69.666194985011629        1.0000000000000786        13.162114353563148     
   69.886657627368805        1.0000000000000779        13.307089196648917     
   70.107120269725982        1.0000000000000777        13.450003604261781     
   70.327582912083159        1.0000000000000764        13.590833754501542     
   70.548045554440336        1.0000000000000762        13.729556146601844     
   70.768508196797512        1.0000000000000742        13.866147713792435     
   70.988970839154689        1.0000000000000753        14.000585865462277     
   71.209433481511866        1.0000000000000728        14.132848291071852     
   71.429896123869042        1.0000000000000737        14.262913093684517     
   71.650358766226219        1.0000000000000728        14.390758888915185     
   71.870821408583396        1.0000000000000726        14.516364564474641     
   72.091284050940573        1.0000000000000735        14.639709413365530     
   72.311746693297749        1.0000000000000715        14.760773268496372     
   72.532209335654926        1.0000000000000697        14.879536206279923     
   72.752671978012103        1.0000000000000717        14.995978687074208     
   72.973134620369279        1.0000000000000704        15.110081771296683     
   73.193597262726456        1.0000000000000699        15.221826772659073     
   73.414059905083633        1.0000000000000693        15.331195342876498     
   73.634522547440810        1.0000000000000695        15.438169746705825     
   73.854985189797986        1.0000000000000695        15.542732508769445     
   74.075447832155163        1.0000000000000686        15.644866479628218     
   74.295910474512340        1.0000000000000677        15.744555175631541     
   74.516373116869516        1.0000000000000675        15.841782381017559     
   74.736835759226693        1.0000000000000673        15.936532139021944     
   74.957298401583870        1.0000000000000655        16.028789180295625     
   75.177761043941047        1.0000000000000651        16.118538558116267     
   75.398223686298223        1.0000000000000648        16.205765565918753     
   75.618686328655400        1.0000000000000644        16.290456190969973     
   75.839148971012577        1.0000000000000631        16.372596746728519     
   76.059611613369754        1.0000000000000606        16.452173732972394     
   76.280074255726930        1.0000000000000626        16.529174380220475     
   76.500536898084107        1.0000000000000626        16.603586324338860     
   76.720999540441284        1.0000000000000622        16.675397345127884     
   76.941462182798460        1.0000000000000622        16.744595917263286     
   77.161924825155637        1.0000000000000620        16.811170953279866     
   77.382387467512814        1.0000000000000617        16.875111498106122     
   77.602850109869991        1.0000000000000613        16.936407314304105     
   77.823312752227167        1.0000000000000611        16.995048656674488     
   78.043775394584344        1.0000000000000611        17.051025846625318     
   78.264238036941521        1.0000000000000604        17.104329875224508     
   78.484700679298697        1.0000000000000611        17.154952305591589     
   78.705163321655874        1.0000000000000617        17.202884791816000     
   78.925625964013051        1.0000000000000620        17.248119634784569     
   79.146088606370228        1.0000000000000626        17.290649727942302     
   79.366551248727404        1.0000000000000631        17.330468011898986     
   79.587013891084581        1.0000000000000613        17.367568044954041     
   79.807476533441758        1.0000000000000604        17.401944072598180     
   80.027939175798934        1.0000000000000591        17.433590402718380     
   80.248401818156111        1.0000000000000600        17.462501879756179     
   80.468864460513288        1.0000000000000600        17.488674046727812     
   80.689327102870465        1.0000000000000602        17.512102530697000     
   80.909789745227641        1.0000000000000588        17.532783487869469     
   81.130252387584818        1.0000000000000582        17.550713836701568     
   81.350715029941995        1.0000000000000573        17.565890572625317     
   81.571177672299171        1.0000000000000568        17.578311119996890     
   81.791640314656348        1.0000000000000544        17.587973693247616     
   82.012102957013525        1.0000000000000537        17.594876654933774     
   82.232565599370702        1.0000000000000537        17.599018769023509     
   82.453028241727878        1.0000000000000533        17.600399590331346     
   82.673490884085055        1.0000000000000535        17.599018820280897     
   82.893953526442232        1.0000000000000537        17.594876501457378     
   83.114416168799409        1.0000000000000542        17.587973515853339     
   83.334878811156585        1.0000000000000533        17.578310970649820     
   83.555341453513762        1.0000000000000531        17.565890247627003     
   83.775804095870939        1.0000000000000520        17.550713521959462     
   83.996266738228115        1.0000000000000531        17.532783226380776     
   84.216729380585292        1.0000000000000504        17.512102054273893     
   84.437192022942469        1.0000000000000484        17.488673519188325     
   84.657654665299646        1.0000000000000486        17.462501439936375     
   84.878117307656822        1.0000000000000500        17.433589819593827     
   85.098579950013999        1.0000000000000493        17.401943441290243     
   85.319042592371176        1.0000000000000484        17.367567470304735     
   85.539505234728352        1.0000000000000491        17.330467261377795     
   85.759967877085529        1.0000000000000502        17.290648919511057     
   85.980430519442706        1.0000000000000488        17.248118944032594     
   86.200893161799883        1.0000000000000477        17.202883974356507     
   86.421355804157059        1.0000000000000480        17.154951383533028     
   86.641818446514236        1.0000000000000475        17.104329025604201     
   86.862281088871413        1.0000000000000491        17.051024890113947     
   87.082743731228589        1.0000000000000475        16.995047629791049     
   87.303206373585766        1.0000000000000493        16.936406392895488     
   87.523669015942943        1.0000000000000480        16.875110466791710     
   87.744131658300120        1.0000000000000469        16.811169790432640     
   87.964594300657296        1.0000000000000453        16.744594846382199     
   88.185056943014473        1.0000000000000457        16.675396231029225     
   88.405519585371650        1.0000000000000455        16.603585114873592     
   88.625982227728827        1.0000000000000460        16.529173248132089     
   88.846444870086003        1.0000000000000464        16.452172538309576     
   89.066907512443180        1.0000000000000462        16.372595438033677     
   89.287370154800357        1.0000000000000446        16.290454983640860     
   89.507832797157533        1.0000000000000457        16.205764354472130     
   89.728295439514710        1.0000000000000462        16.118537225042193     
   89.948758081871887        1.0000000000000457        16.028787894243475     
   90.169220724229064        1.0000000000000453        15.936530844441462     
   90.389683366586240        1.0000000000000451        15.841780994295139     
   90.610146008943417        1.0000000000000444        15.744553865010802     
   90.830608651300594        1.0000000000000437        15.644865183599800     
   91.051071293657770        1.0000000000000435        15.542731097687771     
   91.271533936014947        1.0000000000000420        15.438168376585731     
   91.491996578372124        1.0000000000000426        15.331194017129688     
   91.712459220729301        1.0000000000000426        15.221825375934362     
   91.932921863086477        1.0000000000000415        15.110080410044874     
   92.153384505443654        1.0000000000000411        14.995977352654426     
   92.373847147800831        1.0000000000000415        14.879534789368073     
   92.594309790158007        1.0000000000000426        14.760771884686385     
   92.814772432515184        1.0000000000000426        14.639708091139688     
   93.035235074872361        1.0000000000000404        14.516363186416315     
   93.255697717229538        1.0000000000000400        14.390757516480758     
   93.476160359586714        1.0000000000000395        14.262911763287173     
   93.696623001943891        1.0000000000000395        14.132846924061585     
   93.917085644301068        1.0000000000000382        14.000584518034104     
   94.137548286658244        1.0000000000000384        13.866146417088503     
   94.358010929015421        1.0000000000000375        13.729554819067735     
   94.578473571372598        1.0000000000000362        13.590832427149163     
   94.798936213729775        1.0000000000000369        13.450002321431054     
   95.019398856086951        1.0000000000000373        13.307087911126025     
   95.239861498444128        1.0000000000000380        13.162113074098631     
   95.460324140801305        1.0000000000000384        13.015102087931373     
   95.680786783158482        1.0000000000000377        12.866079592551630     
   95.901249425515658        1.0000000000000384        12.715070668872103     
   96.121712067872835        1.0000000000000366        12.562100801283705     
   96.342174710230012        1.0000000000000364        12.407195871222752     
   96.562637352587188        1.0000000000000364        12.250382187406860     
   96.783099994944365        1.0000000000000373        12.091686471663300     
   97.003562637301542        1.0000000000000380        11.931135889135124     
   97.224025279658719        1.0000000000000384        11.768758021569363     
   97.444487922015895        1.0000000000000386        11.604580868448060     
   97.664950564373072        1.0000000000000391        11.438632939997268     
   97.885413206730249        1.0000000000000393        11.270943170352425     
   98.105875849087425        1.0000000000000373        11.101540901877513     
   98.326338491444602        1.0000000000000366        10.930456062062383     
   98.546801133801779        1.0000000000000373        10.757719048193049     
   98.767263776158956        1.0000000000000366        10.583360680544503     
   98.987726418516132        1.0000000000000360        10.407412451387204     
   99.208189060873309        1.0000000000000375        10.229906370813833     
   99.428651703230486        1.0000000000000366        10.050874880948296     
   99.649114345587662        1.0000000000000362        9.8703512285085999     
   99.869576987944839        1.0000000000000360        9.6883693054522855     
   100.09003963030202        1.0000000000000395        9.5049634646242076     
   100.31050227265919        1.0000000000000380        9.3201689845288360     
   100.53096491501637        1.0000000000000371        9.1340219527346171     
   100.75142755737355        1.0000000000000386        8.9465590252969047     
   100.97189019973072        1.0000000000000393        8.7578180100870000     
   101.19235284208790        1.0000000000000384        8.5678377719999279     
   101.41281548444508        1.0000000000000417        8.3766578561255436     
   101.63327812680225        1.0000000000000400        8.1843192146020112     
   101.85374076915943        1.0000000000000420        7.9908642736208710     
   102.07420341151661        1.0000000000000431        7.7963364628360470     
   102.29466605387378        1.0000000000000422        7.6007810283795258     
   102.51512869623096        1.0000000000000437        7.4042452294008942     
   102.73559133858814        1.0000000000000446        7.2067777916289657     
   102.95605398094531        1.0000000000000453        7.0084299389479963     
   103.17651662330249        1.0000000000000431        6.8092558853709466     
   103.39697926565967        1.0000000000000451        6.6093121808973390     
   103.61744190801684        1.0000000000000446        6.4086588723518165     
   103.83790455037402        1.0000000000000444        6.2073604237062519     
   104.05836719273120        1.0000000000000446        6.0054852107681969     
   104.27882983508837        1.0000000000000462        5.8031070512461325     
   104.49929247744555        1.0000000000000480        5.6003067305310683     
   104.71975511980273        1.0000000000000477        5.3971716943679073     
   104.94021776215990        1.0000000000000488        5.1937981547120735     
   105.16068040451708        1.0000000000000480        4.9902938529105469     
   105.38114304687426        1.0000000000000484        4.7867786601018922     
   105.60160568923143        1.0000000000000491        4.5833878411381228     
   105.82206833158861        1.0000000000000506        4.3802768094701783     
   106.04253097394579        1.0000000000000495        4.1776237569405863     
   106.26299361630296        1.0000000000000495        3.9756358299896206     
   106.48345625866014        1.0000000000000502        3.7745584438088926     
   106.70391890101732        1.0000000000000497        3.5746829459230258     
   106.92438154337449        1.0000000000000488        3.3763593838837478     
   107.14484418573167        1.0000000000000497        3.1800158721869551     
   107.36530682808885        1.0000000000000493        2.9861791843969572     
   107.58576947044602        1.0000000000000497        2.7955048431804368     
   107.80623211280320        1.0000000000000502        2.6088209340327078     
   108.02669475516038        1.0000000000000486        2.4271800187555548     
   108.24715739751755        1.0000000000000513        2.2519295025293360     
   108.46762003987473        1.0000000000000482        2.0848068383794645     
   108.68808268223191        1.0000000000000486        1.9280462710724287     
   108.90854532458908        1.0000000000000511        1.7844904976165299     
   109.12900796694626        1.0000000000000502        1.6576766779449241     
   109.34947060930344        1.0000000000000515        1.5518047352331330     
   109.56993325166061        1.0000000000000533        1.4714725990826414     
   109.79039589401779        1.0000000000000520        1.4210733076310182     
   110.01085853637497        1.0000000000000537        1.4038688935803563     
   110.23132117873214        1.0000000000000542        1.4210740808292117     
   110.45178382108932        1.0000000000000548        1.4714724354797455     
   110.67224646344650        1.0000000000000551        1.5518049915154823     
   110.89270910580368        1.0000000000000562        1.6576775197301055     
   111.11317174816085        1.0000000000000564        1.7844904392386063     
   111.33363439051803        1.0000000000000571        1.9280463847212845     
   111.55409703287521        1.0000000000000564        2.0848075226374418     
   111.77455967523238        1.0000000000000555        2.2519295793532637     
   111.99502231758956        1.0000000000000580        2.4271802225061059     
   112.21548495994674        1.0000000000000557        2.6088217357145007     
   112.43594760230391        1.0000000000000573        2.7955052358498902     
   112.65641024466109        1.0000000000000571        2.9861795317542916     
   112.87687288701827        1.0000000000000560        3.1800166247206221     
   113.09733552937544        1.0000000000000584        3.3763597668756824     
   113.31779817173262        1.0000000000000571        3.5746831998041837     
   113.53826081408980        1.0000000000000571        3.7745590671630831     
   113.75872345644697        1.0000000000000571        3.9756362290224283     
   113.97918609880415        1.0000000000000597        4.1776240357747776     
   114.19964874116133        1.0000000000000597        4.3802774451782813     
   114.42011138351850        1.0000000000000604        4.5833883666570081     
   114.64057402587568        1.0000000000000613        4.7867790452577195     
   114.86103666823286        1.0000000000000613        4.9902944906386715     
   115.08149931059003        1.0000000000000604        5.1937986721717344     
   115.30196195294721        1.0000000000000604        5.3971720221985331     
   115.52242459530439        1.0000000000000608        5.6003072684163131     
   115.74288723766156        1.0000000000000604        5.8031075528754128     
   115.96334988001874        1.0000000000000611        6.0054855629658137     
   116.18381252237592        1.0000000000000613        6.2073609657336766     
   116.40427516473309        1.0000000000000622        6.4086594279503846     
   116.62473780709027        1.0000000000000617        6.6093126045796113     
   116.84520044944745        1.0000000000000635        6.8092564519557630     
   117.06566309180462        1.0000000000000646        7.0084305137086584     
   117.28612573416180        1.0000000000000653        7.2067782086664565     
   117.50658837651898        1.0000000000000648        7.4042457344255643     
   117.72705101887615        1.0000000000000653        7.6007815701099819     
   117.94751366123333        1.0000000000000666        7.7963368940001008     
   118.16797630359051        1.0000000000000664        7.9908647902345740     
   118.38843894594768        1.0000000000000675        8.1843197888610835     
   118.60890158830486        1.0000000000000675        8.3766583369043222     
   118.82936423066204        1.0000000000000671        8.5678383099987041     
   119.04982687301921        1.0000000000000675        8.7578186036531278     
   119.27028951537639        1.0000000000000668        8.9465595305607746     
   119.49075215773357        1.0000000000000679        9.1340224801848375     
   119.71121480009074        1.0000000000000697        9.3201695616577318     
   119.93167744244792        1.0000000000000682        9.5049639815054032     
   120.15214008480510        1.0000000000000693        9.6883698485217220     
   120.37260272716227        1.0000000000000702        9.8703518317552028     
   120.59306536951945        1.0000000000000691        10.050875442666598     
   120.81352801187663        1.0000000000000695        10.229906941426714     
   121.03399065423380        1.0000000000000699        10.407413068837924     
   121.25445329659098        1.0000000000000706        10.583361267928479     
   121.47491593894816        1.0000000000000717        10.757719635558498     
   121.69537858130533        1.0000000000000715        10.930456686335171     
   121.91584122366251        1.0000000000000719        11.101541510666912     
   122.13630386601969        1.0000000000000728        11.270943781964025     
   122.35676650837686        1.0000000000000731        11.438633586036193     
   122.57722915073404        1.0000000000000706        11.604581512884181     
   122.79769179309122        1.0000000000000706        11.768758666662562     
   123.01815443544839        1.0000000000000706        11.931136553628244     
   123.23861707780557        1.0000000000000724        12.091687139092773     
   123.45907972016275        1.0000000000000715        12.250382858204244     
   123.67954236251992        1.0000000000000699        12.407196553295920     
   123.90000500487710        1.0000000000000704        12.562101493422780     
   124.12046764723428        1.0000000000000708        12.715071371026692     
   124.34093028959145        1.0000000000000708        12.866080297103624     
   124.56139293194863        1.0000000000000719        13.015102802538957     
   124.78185557430581        1.0000000000000728        13.162113801305679     
   125.00231821666299        1.0000000000000708        13.307088629880022     
   125.22278085902016        1.0000000000000708        13.450003050030249     
   125.44324350137734        1.0000000000000693        13.590833178990231     
   125.66370614373452        1.0000000000000688        13.729555559394516     
   125.88416878609169        1.0000000000000686        13.866147165140339     
   126.10463142844887        1.0000000000000677        14.000585296070991     
   126.32509407080605        1.0000000000000686        14.132847684026112     
   126.54555671316322        1.0000000000000673        14.262912521527653     
   126.76601935552040        1.0000000000000655        14.390758305661072     
   126.98648199787758        1.0000000000000657        14.516363948807296     
   127.20694464023475        1.0000000000000653        14.639708842884620     
   127.42740728259193        1.0000000000000646        14.760772679193332     
   127.64786992494911        1.0000000000000668        14.879535565095662     
   127.86833256730628        1.0000000000000671        14.995978113189942     
   128.08879520966346        1.0000000000000662        15.110081215552066     
   128.30925785202064        1.0000000000000651        15.221826157225644     
   128.52972049437781        1.0000000000000639        15.331194766751310     
   128.75018313673499        1.0000000000000642        15.438169170012612     
   128.97064577909217        1.0000000000000631        15.542731866491794     
   129.19110842144934        1.0000000000000608        15.644865907141707     
   129.41157106380652        1.0000000000000611        15.744554635239343     
   129.63203370616370        1.0000000000000602        15.841781753374793     
   129.85249634852087        1.0000000000000597        15.936531557460064     
   130.07295899087805        1.0000000000000595        16.028788655435381     
   130.29342163323523        1.0000000000000568        16.118537973113128     
   130.51388427559240        1.0000000000000571        16.205765032234879     
   130.73434691794958        1.0000000000000564        16.290455696288607     
   130.95480956030676        1.0000000000000564        16.372596143630474     
   131.17527220266393        1.0000000000000555        16.452173167426952     
   131.39573484502111        1.0000000000000540        16.529173910350792     
   131.61619748737829        1.0000000000000522        16.603585784105910     
   131.83666012973546        1.0000000000000520        16.675396824854527     
   132.05712277209264        1.0000000000000508        16.744595474025928     
   132.27758541444982        1.0000000000000502        16.811170433457768     
   132.49804805680699        1.0000000000000515        16.875111013974593     
   132.71851069916417        1.0000000000000502        16.936406943468224     
   132.93897334152135        1.0000000000000493        16.995048191750833     
   133.15943598387852        1.0000000000000480        17.051025353247670     
   133.37989862623570        1.0000000000000495        17.104329490296184     
   133.60036126859288        1.0000000000000493        17.154951877899649     
   133.82082391095005        1.0000000000000495        17.202884374927471     
   134.04128655330723        1.0000000000000477        17.248119340232886     
   134.26174919566441        1.0000000000000471        17.290649360478586     
   134.48221183802158        1.0000000000000466        17.330467608463426     
   134.70267448037876        1.0000000000000471        17.367567784053417     
   134.92313712273594        1.0000000000000446        17.401943784876622     
   135.14359976509311        1.0000000000000460        17.433590060222624     
   135.36406240745029        1.0000000000000469        17.462501638232069     
   135.58452504980747        1.0000000000000460        17.488673768738273     
   135.80498769216464        1.0000000000000451        17.512102218588783     
   136.02545033452182        1.0000000000000435        17.532783335365345     
   136.24591297687900        1.0000000000000431        17.550713683915230     
   136.46637561923617        1.0000000000000431        17.565890333825486     
   136.68683826159335        1.0000000000000444        17.578310986286418     
   136.90730090395053        1.0000000000000422        17.587973574059415     
   137.12776354630770        1.0000000000000404        17.594876476297884     
   137.34822618866488        1.0000000000000402        17.599018703674432     
   137.56868883102206        1.0000000000000397        17.600399528462820     
   137.78915147337923        1.0000000000000382        17.599018661118915     
   138.00961411573641        1.0000000000000404        17.594876460201476     
   138.23007675809359        1.0000000000000391        17.587973546411138     
   138.45053940045077        1.0000000000000384        17.578310928037229     
   138.67100204280794        1.0000000000000375        17.565890277734809     
   138.89146468516512        1.0000000000000386        17.550713582646871     
   139.11192732752230        1.0000000000000380        17.532783196490183     
   139.33238996987947        1.0000000000000375        17.512102116782778     
   139.55285261223665        1.0000000000000377        17.488673659922512     
   139.77331525459383        1.0000000000000375        17.462501484567117     
   139.99377789695100        1.0000000000000377        17.433589910107116     
   140.21424053930818        1.0000000000000389        17.401943616269318     
   140.43470318166536        1.0000000000000369        17.367567587861870     
   140.65516582402253        1.0000000000000371        17.330467437335752     
   140.87562846637971        1.0000000000000366        17.290649166905524     
   141.09609110873689        1.0000000000000360        17.248119087042369     
   141.31655375109406        1.0000000000000364        17.202884133091242     
   141.53701639345124        1.0000000000000355        17.154951645362665     
   141.75747903580842        1.0000000000000369        17.104329234857772     
   141.97794167816559        1.0000000000000349        17.051025110910278     
   142.19840432052277        1.0000000000000351        16.995047931554520     
   142.41886696287995        1.0000000000000313        16.936406633593322     
   142.63932960523712        1.0000000000000313        16.875110722025624     
   142.85979224759430        1.0000000000000322        16.811170153425394     
   143.08025488995148        1.0000000000000351        16.744595151836464     
   143.30071753230865        1.0000000000000331        16.675396497192711     
   143.52118017466583        1.0000000000000331        16.603585455698003     
   143.74164281702301        1.0000000000000322        16.529173556877282     
   143.96210545938018        1.0000000000000311        16.452172838448867     
   144.18256810173736        1.0000000000000302        16.372595828747407     
   144.40303074409454        1.0000000000000291        16.290455335318036     
   144.62349338645171        1.0000000000000291        16.205764663152330     
   144.84395602880889        1.0000000000000302        16.118537618948430     
   145.06441867116607        1.0000000000000315        16.028788281443695     
   145.28488131352324        1.0000000000000302        15.936531188441753     
   145.50534395588042        1.0000000000000282        15.841781391354621     
   145.72580659823760        1.0000000000000275        15.744554238862058     
   145.94626924059477        1.0000000000000255        15.644865514985453     
   146.16673188295195        1.0000000000000253        15.542731504310478     
   146.38719452530913        1.0000000000000258        15.438168790896382     
   146.60765716766630        1.0000000000000251        15.331194376560537     
   146.82811981002348        1.0000000000000244        15.221825773464669     
   147.04858245238066        1.0000000000000249        15.110080812915621     
   147.26904509473783        1.0000000000000255        14.995977715370024     
   147.48950773709501        1.0000000000000249        14.879535192377441     
   147.70997037945219        1.0000000000000231        14.760772291378135     
   147.93043302180936        1.0000000000000244        14.639708444598099     
   148.15089566416654        1.0000000000000240        14.516363568378445     
   148.37135830652372        1.0000000000000224        14.390757923719709     
   148.59182094888089        1.0000000000000213        14.262912138674999     
   148.81228359123807        1.0000000000000224        14.132847312549142     
   149.03274623359525        1.0000000000000240        14.000584912799944     
   149.25320887595242        1.0000000000000238        13.866146775223028     
   149.47367151830960        1.0000000000000233        13.729555187201299     
   149.69413416066678        1.0000000000000233        13.590832810801970     
   149.91459680302395        1.0000000000000231        13.450002678712394     
   150.13505944538113        1.0000000000000226        13.307088266113539     
   150.35552208773831        1.0000000000000238        13.162113438889037     
   150.57598473009548        1.0000000000000226        13.015102441148194     
   150.79644737245266        1.0000000000000240        12.866079943761525     
   151.01691001480984        1.0000000000000242        12.715071020445066     
   151.23737265716701        1.0000000000000226        12.562101144285492     
   151.45783529952419        1.0000000000000238        12.407196208722191     
   151.67829794188137        1.0000000000000264        12.250382518943942     
   151.89876058423854        1.0000000000000251        12.091686804332330     
   152.11922322659572        1.0000000000000253        11.931136216562194     
   152.33968586895290        1.0000000000000253        11.768758333732741     
   152.56014851131008        1.0000000000000253        11.604581193349466     
   152.78061115366725        1.0000000000000251        11.438633264003958     
   153.00107379602443        1.0000000000000260        11.270943458305863     
   153.22153643838161        1.0000000000000260        11.101541201119746     
   153.44199908073878        1.0000000000000260        10.930456376192371     
   153.66246172309596        1.0000000000000275        10.757719330584512     
   153.88292436545314        1.0000000000000262        10.583360983834341     
   154.10338700781031        1.0000000000000264        10.407412767139435     
   154.32384965016749        1.0000000000000269        10.229906622177612     
   154.54431229252467        1.0000000000000269        10.050875151959303     
   154.76477493488184        1.0000000000000258        9.8703515439179039     
   154.98523757723902        1.0000000000000260        9.6883695509389369     
   155.20570021959620        1.0000000000000253        9.5049637087316032     
   155.42616286195337        1.0000000000000258        9.3201692742066449     
   155.64662550431055        1.0000000000000258        9.1340221758087079     
   155.86708814666773        1.0000000000000271        8.9465592796652977     
   156.08755078902490        1.0000000000000282        8.7578183537503609     
   156.30801343138208        1.0000000000000302        8.5678380108108065     
   156.52847607373926        1.0000000000000313        8.3766580603761795     
   156.74893871609643        1.0000000000000329        8.1843195155488786     
   156.96940135845361        1.0000000000000335        7.9908644961197268     
   157.18986400081079        1.0000000000000335        7.7963366637942038     
   157.41032664316796        1.0000000000000335        7.6007813384304370     
   157.63078928552514        1.0000000000000340        7.4042454213754860     
   157.85125192788232        1.0000000000000320        7.2067779396551046     
   158.07171457023949        1.0000000000000313        7.0084302835435688     
   158.29217721259667        1.0000000000000313        6.8092561634740596     
   158.51263985495385        1.0000000000000320        6.6093123474461164     
   158.73310249731102        1.0000000000000315        6.4086591700503295     
   158.95356513966820        1.0000000000000338        6.2073606167204067     
   159.17402778202538        1.0000000000000346        6.0054853048576682     
   159.39449042438255        1.0000000000000329        5.8031073901844348     
   159.61495306673973        1.0000000000000340        5.6003069974262347     
   159.83541570909691        1.0000000000000342        5.3971717520670150     
   160.05587835145408        1.0000000000000346        5.1937984469691081     
   160.27634099381126        1.0000000000000333        4.9902941615087029     
   160.49680363616844        1.0000000000000349        4.7867787873603573     
   160.71726627852561        1.0000000000000362        4.5833882005235314     
   160.93772892088279        1.0000000000000371        4.3802770798857082     
   161.15819156323997        1.0000000000000386        4.1776236696542703     
   161.37865420559714        1.0000000000000373        3.9756360587451374     
   161.59911684795432        1.0000000000000391        3.7745588153901721     
   161.81957949031150        1.0000000000000391        3.5746829678142773     
   162.04004213266867        1.0000000000000380        3.3763596469980390     
   162.26050477502585        1.0000000000000404        3.1800162317785508     
   162.48096741738303        1.0000000000000402        2.9861791248224456     
   162.70143005974020        1.0000000000000409        2.7955051730077560     
   162.92189270209738        1.0000000000000404        2.6088214932875249     
   163.14235534445456        1.0000000000000400        2.4271798327862961     
   163.36281798681173        1.0000000000000391        2.2519294623886261     
   163.58328062916891        1.0000000000000406        2.0848072264393238     
   163.80374327152609        1.0000000000000440        1.9280461083314695     
   164.02420591388326        1.0000000000000433        1.7844907063310935     
   164.24466855624044        1.0000000000000453        1.6576773848664852     
   164.46513119859762        1.0000000000000435        1.5518043880132357     
   164.68559384095479        1.0000000000000449        1.4714724136815271     
   164.90605648331197        1.0000000000000451        1.4210740338003500     
   165.12651912566915        1.0000000000000451        1.4038686861067615     
   165.34698176802632        1.0000000000000442        1.4210737128540782     
   165.56744441038350        1.0000000000000442        1.4714726871729842     
   165.78790705274068        1.0000000000000437        1.5518044588266189     
   166.00836969509785        1.0000000000000444        1.6576771500481369     
   166.22883233745503        1.0000000000000435        1.7844909720742284     
   166.44929497981221        1.0000000000000444        1.9280462676467218     
   166.66975762216939        1.0000000000000442        2.0848070941007992     
   166.89022026452656        1.0000000000000482        2.2519296976034866     
   167.11068290688374        1.0000000000000460        2.4271800132448798     
   167.33114554924092        1.0000000000000466        2.6088213842001937     
   167.55160819159809        1.0000000000000469        2.7955053193029435     
   167.77207083395527        1.0000000000000464        2.9861792799749631     
   167.99253347631245        1.0000000000000471        3.1800161589553086     
   168.21299611866962        1.0000000000000455        3.3763597763714777     
   168.43345876102680        1.0000000000000460        3.5746831420676255     
   168.65392140338398        1.0000000000000462        3.7745587909473026     
   168.87438404574115        1.0000000000000475        3.9756361833280920     
   169.09484668809833        1.0000000000000449        4.1776238607062117     
   169.31530933045551        1.0000000000000462        4.3802770911664135     
   169.53577197281268        1.0000000000000466        4.5833882996975053     
   169.75623461516986        1.0000000000000475        4.7867789536859098     
   169.97669725752704        1.0000000000000464        4.9902941804266217     
   170.19715989988421        1.0000000000000464        5.1937985350290612     
   170.41762254224139        1.0000000000000451        5.3971719204146504     
   170.63808518459857        1.0000000000000431        5.6003070374775774     
   170.85854782695574        1.0000000000000442        5.8031074650777477     
   171.07901046931292        1.0000000000000435        6.0054854610625972     
   171.29947311167010        1.0000000000000444        6.2073606724830741     
   171.51993575402727        1.0000000000000451        6.4086592413897563     
   171.74039839638445        1.0000000000000442        6.6093124923419886     
   171.96086103874163        1.0000000000000444        6.8092562252312261     
   172.18132368109880        1.0000000000000457        7.0084303525558207     
   172.40178632345598        1.0000000000000462        7.2067780900944829     
   172.62224896581316        1.0000000000000466        7.4042455128632589     
   172.84271160817033        1.0000000000000471        7.6007814192255925     
   173.06317425052751        1.0000000000000464        7.7963368073646837     
   173.28363689288469        1.0000000000000469        7.9908645905449838     
   173.50409953524186        1.0000000000000477        8.1843195923219270     
   173.72456217759904        1.0000000000000482        8.3766581927557642     
   173.94502481995622        1.0000000000000477        8.5678381052993782     
   174.16548746231339        1.0000000000000488        8.7578184242650909     
   174.38595010467057        1.0000000000000497        8.9465594019796395     
   174.60641274702775        1.0000000000000497        9.1340222823566037     
   174.82687538938492        1.0000000000000488        9.3201693624121322     
   175.04733803174210        1.0000000000000497        9.5049638383112001     
   175.26780067409928        1.0000000000000502        9.6883696676014086     
   175.48826331645645        1.0000000000000504        9.8703516384288648     
   175.70872595881363        1.0000000000000502        10.050875279249931     
   175.92918860117081        1.0000000000000500        10.229906744880561     
   176.14965124352798        1.0000000000000500        10.407412868505562     
   176.37011388588516        1.0000000000000504        10.583361106845409     
   176.59057652824234        1.0000000000000502        10.757719454000025     
   176.81103917059951        1.0000000000000495        10.930456485471550     
   177.03150181295669        1.0000000000000504        11.101541327621673     
   177.25196445531387        1.0000000000000500        11.270943587727523     
   177.47242709767104        1.0000000000000511        11.438633381495897     
   177.69288974002822        1.0000000000000493        11.604581320443110     
   177.91335238238540        1.0000000000000497        11.768758465941419     
   178.13381502474257        1.0000000000000475        11.931136343872820     
   178.35427766709975        1.0000000000000511        12.091686936494884     
   178.57474030945693        1.0000000000000488        12.250382654719258     
   178.79520295181410        1.0000000000000488        12.407196344442756     
   179.01566559417128        1.0000000000000488        12.562101280932147     
   179.23612823652846        1.0000000000000506        12.715071157895286     
   179.45659087888563        1.0000000000000466        12.866080085615502     
   179.67705352124281        1.0000000000000473        13.015102582018239     
   179.89751616359999        1.0000000000000480        13.162113578687837     
   180.11797880595716        1.0000000000000469        13.307088416107993     
   180.33844144831434        1.0000000000000462        13.450002826529131     
   180.55890409067152        1.0000000000000469        13.590832952248853     
   180.77936673302870        1.0000000000000464        13.729555342659875     
   180.99982937538587        1.0000000000000444        13.866146929688535     
   181.22029201774305        1.0000000000000466        14.000585055098224     
   181.44075466010023        1.0000000000000475        14.132847468830834     
   181.66121730245740        1.0000000000000444        14.262912294133747     
   181.88167994481458        1.0000000000000455        14.390758064130283     
   182.10214258717176        1.0000000000000460        14.516363728852307     
   182.32260522952893        1.0000000000000469        14.639708609032636     
   182.54306787188611        1.0000000000000464        14.760772432630040     
   182.76353051424329        1.0000000000000453        14.879535349721641     
   182.98399315660046        1.0000000000000453        14.995977880130626     
   183.20445579895764        1.0000000000000457        15.110080952874338     
   183.42491844131482        1.0000000000000437        15.221825929994869     
   183.64538108367199        1.0000000000000435        15.331194542374933     
   183.86584372602917        1.0000000000000442        15.438168924853892     
   184.08630636838635        1.0000000000000435        15.542731654906278     
   184.30676901074352        1.0000000000000444        15.644865686512688     
   184.52723165310070        1.0000000000000426        15.744554378140244     
   184.74769429545788        1.0000000000000424        15.841781537993921     
   184.96815693781505        1.0000000000000424        15.936531352134471     
   185.18861958017223        1.0000000000000406        16.028788407390731     
   185.40908222252941        1.0000000000000409        16.118537752315216     
   185.62954486488658        1.0000000000000389        16.205764824143326     
   185.85000750724376        1.0000000000000417        16.290455456376026     
   186.07047014960094        1.0000000000000391        16.372595946823491     
   186.29093279195811        1.0000000000000404        16.452172989488833     
   186.51139543431529        1.0000000000000395        16.529173675518908     
   186.73185807667247        1.0000000000000402        16.603585570051806     
   186.95232071902964        1.0000000000000400        16.675396643269139     
   187.17278336138682        1.0000000000000411        16.744595254662705     
   187.39324600374400        1.0000000000000386        16.811170238868204     
   187.61370864610117        1.0000000000000375        16.875110849294867     
   187.83417128845835        1.0000000000000393        16.936406731116694     
   188.05463393081553        1.0000000000000404        16.995048006806496     
   188.27509657317270        1.0000000000000397        17.051025224074412     
   188.49555921552988        1.0000000000000389        17.104329317868253     
   188.71602185788706        1.0000000000000380        17.154951703374497     
   188.93648450024423        1.0000000000000366        17.202884236787863     
   189.15694714260141        1.0000000000000355        17.248119161372262     
   189.37740978495859        1.0000000000000340        17.290649194515151     
   189.59787242731576        1.0000000000000351        17.330467501050578     
   189.81833506967294        1.0000000000000346        17.367567634753200     
   190.03879771203012        1.0000000000000351        17.401943625614297     
   190.25926035438729        1.0000000000000342        17.433589962585426     
   190.47972299674447        1.0000000000000338        17.462501521004171     
   190.70018563910165        1.0000000000000340        17.488673643904701     
   190.92064828145882        1.0000000000000353        17.512102142771933     
   191.14111092381600        1.0000000000000346        17.532783222238290     
   191.36157356617318        1.0000000000000326        17.550713551406822     
   191.58203620853035        1.0000000000000315        17.565890271893618     
   191.80249885088753        1.0000000000000313        17.578310916939266     
   192.02296149324471        1.0000000000000300        17.587973478110577     
   192.24342413560188        1.0000000000000306        17.594876429894651     
   192.46388677795906        1.0000000000000302        17.599018645311528     
   192.68434942031624        1.0000000000000315        17.600399446628181     
   192.90481206267341        1.0000000000000302        17.599018638621526     
   193.12527470503059        1.0000000000000289        17.594876427996230     
   193.34573734738777        1.0000000000000282        17.587973467137584     
   193.56619998974494        1.0000000000000289        17.578310896444304     
   193.78666263210212        1.0000000000000264        17.565890261398184     
   194.00712527445930        1.0000000000000269        17.550713541643141     
   194.22758791681647        1.0000000000000271        17.532783204069336     
   194.44805055917365        1.0000000000000269        17.512102128944900     
   194.66851320153083        1.0000000000000266        17.488673627334634     
   194.88897584388801        1.0000000000000264        17.462501495794694     
   195.10943848624518        1.0000000000000269        17.433589945275930     
   195.32990112860236        1.0000000000000271        17.401943608727926     
   195.55036377095954        1.0000000000000258        17.367567604065226     
   195.77082641331671        1.0000000000000255        17.330467471690636     
   195.99128905567389        1.0000000000000258        17.290649167774461     
   196.21175169803107        1.0000000000000260        17.248119125725520     
   196.43221434038824        1.0000000000000260        17.202884203327791     
   196.65267698274542        1.0000000000000269        17.154951670223671     
   196.87313962510260        1.0000000000000244        17.104329270914970     
   197.09360226745977        1.0000000000000260        17.051025178305526     
   197.31406490981695        1.0000000000000235        16.995047969327132     
   197.53452755217413        1.0000000000000235        16.936406686361828     
   197.75499019453130        1.0000000000000220        16.875110803752509     
   197.97545283688848        1.0000000000000229        16.811170198666854     
   198.19591547924566        1.0000000000000222        16.744595207110777     
   198.41637812160283        1.0000000000000195        16.675396596604894     
   198.63684076396001        1.0000000000000198        16.603585531615238     
   198.85730340631719        1.0000000000000207        16.529173627524404     
   199.07776604867436        1.0000000000000195        16.452172934325237     
   199.29822869103154        1.0000000000000211        16.372595897350209     
   199.51869133338872        1.0000000000000195        16.290455402435331     
   199.73915397574589        1.0000000000000191        16.205764767060248     
   199.95961661810307        1.0000000000000200        16.118537701703971     
   200.18007926046025        1.0000000000000191        16.028788350595178     
   200.40054190281742        1.0000000000000187        15.936531289367267     
   200.62100454517460        1.0000000000000169        15.841781483997829     
   200.84146718753178        1.0000000000000187        15.744554323619965     
   201.06192982988895        1.0000000000000178        15.644865625749953     
   201.28239247224613        1.0000000000000171        15.542731598724208     
   201.50285511460331        1.0000000000000182        15.438168867306043     
   201.72331775696048        1.0000000000000195        15.331194480548387     
   201.94378039931766        1.0000000000000184        15.221825876011502     
   202.16424304167484        1.0000000000000171        15.110080899839007     
   202.38470568403201        1.0000000000000182        14.995977819516305     
   202.60516832638919        1.0000000000000189        14.879535292092532     
   202.82563096874637        1.0000000000000198        14.760772376749673     
   203.04609361110354        1.0000000000000191        14.639708548328615     
   203.26655625346072        1.0000000000000200        14.516363670999747     
   203.48701889581790        1.0000000000000178        14.390758007113840     
   203.70748153817507        1.0000000000000191        14.262912231445181     
   203.92794418053225        1.0000000000000193        14.132847409137700     
   204.14840682288943        1.0000000000000187        14.000584999828133     
   204.36886946524660        1.0000000000000193        13.866146871598053     
   204.58933210760378        1.0000000000000193        13.729555285496803     
   204.80979474996096        1.0000000000000180        13.590832897407848     
   205.03025739231813        1.0000000000000169        13.450002769656162     
   205.25072003467531        1.0000000000000198        13.307088360567866     
   205.47118267703249        1.0000000000000189        13.162113525651616     
   205.69164531938966        1.0000000000000220        13.015102527504524     
   205.91210796174684        1.0000000000000184        12.866080030963834     
   206.13257060410402        1.0000000000000207        12.715071104649610     
   206.35303324646119        1.0000000000000202        12.562101227940605     
   206.57349588881837        1.0000000000000202        12.407196291491775     
   206.79395853117555        1.0000000000000182        12.250382601752946     
   207.01442117353272        1.0000000000000218        12.091686885407086     
   207.23488381588990        1.0000000000000207        11.931136294419156     
   207.45534645824708        1.0000000000000184        11.768758415221258     
   207.67580910060425        1.0000000000000200        11.604581271656395     
   207.89627174296143        1.0000000000000213        11.438633334659047     
   208.11673438531861        1.0000000000000200        11.270943537973226     
   208.33719702767578        1.0000000000000211        11.101541280393056     
   208.55765967003296        1.0000000000000195        10.930456440267541     
   208.77812231239014        1.0000000000000213        10.757719401103898     
   208.99858495474732        1.0000000000000209        10.583361055617655     
   209.21904759710449        1.0000000000000195        10.407412824843929     
   209.43951023946167        1.0000000000000193        10.229906695923880     
   209.65997288181885        1.0000000000000189        10.050875231933912     
   209.88043552417602        1.0000000000000187        9.8703515985890498     
   210.10089816653320        1.0000000000000173        9.6883696187079344     
   210.32136080889038        1.0000000000000187        9.5049637918284287     
   210.54182345124755        1.0000000000000169        9.3201693307903266     
   210.76228609360473        1.0000000000000169        9.1340222396014958     
   210.98274873596191        1.0000000000000173        8.9465593528448597     
   211.20321137831908        1.0000000000000164        8.7578183894081185     
   211.42367402067626        1.0000000000000167        8.5678380615772731     
   211.64413666303344        1.0000000000000175        8.3766581451836615     
   211.86459930539061        1.0000000000000164        8.1843195630991712     
   212.08506194774779        1.0000000000000173        7.9908645435883647     
   212.30552459010497        1.0000000000000173        7.7963367432897597     
   212.52598723246214        1.0000000000000184        7.6007813809113598     
   212.74644987481932        1.0000000000000184        7.4042454700738123     
   212.96691251717650        1.0000000000000200        7.2067780314902707     
   213.18737515953367        1.0000000000000173        7.0084303203231846     
   213.40783780189085        1.0000000000000193        6.8092561853448750     
   213.62830044424803        1.0000000000000182        6.6093124335971822     
   213.84876308660520        1.0000000000000200        6.4086592256670230     
   214.06922572896238        1.0000000000000193        6.2073606567959230     
   214.28968837131956        1.0000000000000187        6.0054854008127911     
   214.51015101367673        1.0000000000000191        5.8031074284768076     
   214.73061365603391        1.0000000000000224        5.6003070020598162     
   214.95107629839109        1.0000000000000224        5.3971718454084279     
   215.17153894074826        1.0000000000000211        5.1937985019972661     
   215.39200158310544        1.0000000000000213        4.9902941545774375     
   215.61246422546262        1.0000000000000211        4.7867788609412543     
   215.83292686781979        1.0000000000000220        4.5833882502459229     
   216.05338951017697        1.0000000000000204        4.3802770852543000     
   216.27385215253415        1.0000000000000198        4.1776237928038054     
   216.49431479489132        1.0000000000000193        3.9756361448021833     
   216.71477743724850        1.0000000000000187        3.7745587799774940     
   216.93524007960568        1.0000000000000193        3.5746830388750142     
   217.15570272196285        1.0000000000000202        3.3763597263174354     
   217.37616536432003        1.0000000000000187        3.1800162001861789     
   217.59662800667721        1.0000000000000204        2.9861792101854361     
   217.81709064903438        1.0000000000000198        2.7955052518421351     
   218.03755329139156        1.0000000000000191        2.6088214107811529     
   218.25801593374874        1.0000000000000198        2.4271799251741140     
   218.47847857610591        1.0000000000000198        2.2519296334797501     
   218.69894121846309        1.0000000000000184        2.0848071646611355     
   218.91940386082027        1.0000000000000202        1.9280461370049595     
   219.13986650317744        1.0000000000000193        1.7844907967176222     
   219.36032914553462        1.0000000000000198        1.6576772286310986     
   219.58079178789180        1.0000000000000182        1.5518044279333112     
   219.80125443024897        1.0000000000000191        1.4714726132750633     
   220.02171707260615        1.0000000000000200        1.4210738772963649     
   220.24217971496333        1.0000000000000215        1.4038686415453547     
   220.46264235732050        1.0000000000000218        1.4210739020130216     
   220.68310499967768        1.0000000000000215        1.4714726106420422     
   220.90356764203486        1.0000000000000229        1.5518044429071540     
   221.12403028439203        1.0000000000000244        1.6576772611671666     
   221.34449292674921        1.0000000000000229        1.7844907999316106     
   221.56495556910639        1.0000000000000235        1.9280461469647054     
   221.78541821146356        1.0000000000000242        2.0848071863803797     
   222.00588085382074        1.0000000000000235        2.2519296316096784     
   222.22634349617792        1.0000000000000233        2.4271799292046179     
   222.44680613853509        1.0000000000000220        2.6088214279297923     
   222.66726878089227        1.0000000000000233        2.7955052510389868     
   222.88773142324945        1.0000000000000231        2.9861792116450276     
   223.10819406560663        1.0000000000000231        3.1800162128070983     
   223.32865670796380        1.0000000000000255        3.3763597261268270     
   223.54911935032098        1.0000000000000251        3.5746830418087767     
   223.76958199267816        1.0000000000000240        3.7745587944768366     
   223.99004463503533        1.0000000000000238        3.9756361492079786     
   224.21050727739251        1.0000000000000238        4.1776237992980612     
   224.43096991974969        1.0000000000000244        4.3802771039808022     
   224.65143256210686        1.0000000000000233        4.5833882624270501     
   224.87189520446404        1.0000000000000266        4.7867788730506673     
   225.09235784682122        1.0000000000000240        4.9902941740729574     
   225.31282048917839        1.0000000000000249        5.1937985123446850     
   225.53328313153557        1.0000000000000249        5.3971718529187305     
   225.75374577389275        1.0000000000000246        5.6003070165084665     
   225.97420841624992        1.0000000000000251        5.8031074358119268     
   226.19467105860710        1.0000000000000260        6.0054854044802459     
   226.41513370096428        1.0000000000000253        6.2073606667883299     
   226.63559634332145        1.0000000000000255        6.4086592317795263     
   226.85605898567863        1.0000000000000255        6.6093124388258078     
   227.07652162803581        1.0000000000000258        6.8092561982812585     
   227.29698427039298        1.0000000000000266        7.0084303301237494     
   227.51744691275016        1.0000000000000260        7.2067780385315778     
   227.73790955510734        1.0000000000000258        7.4042454834879505     
   227.95837219746451        1.0000000000000275        7.6007813929840378     
   228.17883483982169        1.0000000000000244        7.7963367531243675     
   228.39929748217887        1.0000000000000238        7.9908645582210358     
   228.61976012453604        1.0000000000000255        8.1843195754776286     
   228.84022276689322        1.0000000000000240        8.3766581543265399     
   229.06068540925040        1.0000000000000246        8.5678380751256835     
   229.28114805160757        1.0000000000000244        8.7578184018349319     
   229.50161069396475        1.0000000000000262        8.9465593614236614     
   229.72207333632193        1.0000000000000260        9.1340222505485720     
   229.94253597867910        1.0000000000000273        9.3201693408853359     
   230.16299862103628        1.0000000000000269        9.5049637996099534     
   230.38346126339346        1.0000000000000253        9.6883696300431197     
   230.60392390575063        1.0000000000000273        9.8703516105274769     
   230.82438654810781        1.0000000000000264        10.050875241791486     
   231.04484919046499        1.0000000000000271        10.229906708465920     
   231.26531183282216        1.0000000000000240        10.407412838600584     
   231.48577447517934        1.0000000000000244        10.583361067962525     
   231.70623711753652        1.0000000000000262        10.757719414962439     
   231.92669975989369        1.0000000000000269        10.930456454276905     
   232.14716240225087        1.0000000000000251        11.101541292509587     
   232.36762504460805        1.0000000000000266        11.270943551013541     
   232.58808768696522        1.0000000000000280        11.438633348389034     
   232.80855032932240        1.0000000000000266        11.604581284351211     
   233.02901297167958        1.0000000000000262        11.768758428356355     
   233.24947561403675        1.0000000000000280        11.931136308133311     
   233.46993825639393        1.0000000000000264        12.091686898930011     
   233.69040089875111        1.0000000000000264        12.250382615724892     
   233.91086354110828        1.0000000000000249        12.407196305898220     
   234.13132618346546        1.0000000000000246        12.562101242602571     
   234.35178882582264        1.0000000000000266        12.715071119463298     
   234.57225146817981        1.0000000000000306        12.866080045784031     
   234.79271411053699        1.0000000000000282        13.015102542849908     
   235.01317675289417        1.0000000000000260        13.162113540657838     
   235.23363939525134        1.0000000000000278        13.307088374903351     
   235.45410203760852        1.0000000000000242        13.450002785160381     
   235.67456467996570        1.0000000000000238        13.590832912901716     
   235.89502732232287        1.0000000000000238        13.729555299780531     
   236.11548996468005        1.0000000000000218        13.866146887381815     
   236.33595260703723        1.0000000000000226        14.000585016215094     
   236.55641524939441        1.0000000000000226        14.132847424540886     
   236.77687789175158        1.0000000000000218        14.262912249064094     
   236.99734053410876        1.0000000000000231        14.390758025091642     
   237.21780317646594        1.0000000000000224        14.516363686186905     
   237.43826581882311        1.0000000000000235        14.639708565254555     
   237.65872846118029        1.0000000000000218        14.760772394864857     
   237.87919110353747        1.0000000000000218        14.879535307191514     
   238.09965374589464        1.0000000000000215        14.995977835806562     
   238.32011638825182        1.0000000000000200        15.110080916860660     
   238.54057903060900        1.0000000000000211        15.221825889215111     
   238.76104167296617        1.0000000000000195        15.331194495848758     
   238.98150431532335        1.0000000000000204        15.438168885187221     
   239.20196695768053        1.0000000000000195        15.542731612046358     
   239.42242960003770        1.0000000000000191        15.644865639552807     
   239.64289224239488        1.0000000000000191        15.744554340395936     
   239.86335488475206        1.0000000000000198        15.841781497305869     
   240.08381752710923        1.0000000000000202        15.936531304563598     
   240.30428016946641        1.0000000000000207        16.028788369796974     
   240.52474281182359        1.0000000000000207        16.118537715507877     
   240.74520545418076        1.0000000000000184        16.205764780503493     
   240.96566809653794        1.0000000000000191        16.290455420805642     
   241.18613073889512        1.0000000000000195        16.372595910951841     
   241.40659338125229        1.0000000000000198        16.452172945827286     
   241.62705602360947        1.0000000000000193        16.529173642114543     
   241.84751866596665        1.0000000000000200        16.603585539794288     
   242.06798130832382        1.0000000000000184        16.675396603030414     
   242.28844395068100        1.0000000000000189        16.744595220582053     
   242.50890659303818        1.0000000000000202        16.811170207937792     
   242.72936923539535        1.0000000000000189        16.875110809329151     
   242.94983187775253        1.0000000000000173        16.936406698044518     
   243.17029452010971        1.0000000000000171        16.995047977793600     
   243.39075716246688        1.0000000000000167        17.051025183936321     
   243.61121980482406        1.0000000000000162        17.104329283560574     
   243.83168244718124        1.0000000000000171        17.154951677845762     
   244.05214508953841        1.0000000000000182        17.202884203869932     
   244.27260773189559        1.0000000000000182        17.248119133368061     
   244.49307037425277        1.0000000000000167        17.290649173957000     
   244.71353301660994        1.0000000000000189        17.330467471393654     
   244.93399565896712        1.0000000000000169        17.367567609114275     
   245.15445830132430        1.0000000000000160        17.401943609928423     
   245.37492094368147        1.0000000000000153        17.433589937841020     
   245.59538358603865        1.0000000000000144        17.462501495919074     
   245.81584622839583        1.0000000000000144        17.488673627425182     
   246.03630887075300        1.0000000000000151        17.512102119028334     
   246.25677151311018        1.0000000000000147        17.532783199181985     
   246.47723415546736        1.0000000000000158        17.550713538235019     
   246.69769679782453        1.0000000000000142        17.565890250759210     
   246.91815944018171        1.0000000000000151        17.578310893459857     
   247.13862208253889        1.0000000000000142        17.587973465847867     
   247.35908472489606        1.0000000000000155        17.594876413955237     
   247.57954736725324        1.0000000000000173        17.599018627714425     
   247.80001000961042        1.0000000000000169        17.600399439540166     
   248.02047265196759        1.0000000000000160        17.599018627655564     
   248.24093529432477        1.0000000000000160        17.594876414374454     
   248.46139793668195        1.0000000000000153        17.587973465168275     
   248.68186057903912        1.0000000000000144        17.578310892096724     
   248.90232322139630        1.0000000000000138        17.565890250983106     
   249.12278586375348        1.0000000000000142        17.550713539015430     
   249.34324850611065        1.0000000000000151        17.532783199062710     
   249.56371114846783        1.0000000000000153        17.512102118366109     
   249.78417379082501        1.0000000000000153        17.488673625405664     
   250.00463643318218        1.0000000000000162        17.462501492853175     
   250.22509907553936        1.0000000000000151        17.433589935593048     
   250.44556171789654        1.0000000000000158        17.401943607424084     
   250.66602436025372        1.0000000000000153        17.367567605237731     
   250.88648700261089        1.0000000000000149        17.330467467902590     
   251.10694964496807        1.0000000000000171        17.290649171278329     
   251.32741228732525        1.0000000000000178        17.248119131046806     
   251.54787492968242        1.0000000000000180        17.202884202429384     
   251.76833757203960        1.0000000000000187        17.154951675884927     
   251.98880021439678        1.0000000000000189        17.104329279986295     
   252.20926285675395        1.0000000000000182        17.051025180675961     
   252.42972549911113        1.0000000000000182        16.995047975307713     
   252.65018814146831        1.0000000000000162        16.936406695121548     
   252.87065078382548        1.0000000000000164        16.875110806340746     
   253.09111342618266        1.0000000000000171        16.811170204704901     
   253.31157606853984        1.0000000000000167        16.744595216643852     
   253.53203871089701        1.0000000000000155        16.675396599697940     
   253.75250135325419        1.0000000000000171        16.603585536749662     
   253.97296399561137        1.0000000000000171        16.529173637527421     
   254.19342663796854        1.0000000000000180        16.452172940267939     
   254.41388928032572        1.0000000000000178        16.372595905424394     
   254.63435192268290        1.0000000000000167        16.290455415293664     
   254.85481456504007        1.0000000000000182        16.205764775829572     
   255.07527720739725        1.0000000000000178        16.118537711527058     
   255.29573984975443        1.0000000000000158        16.028788365286335     
   255.51620249211160        1.0000000000000171        15.936531300248783     
   255.73666513446878        1.0000000000000175        15.841781493930672     
   255.95712777682596        1.0000000000000173        15.744554336931063     
   256.17759041918316        1.0000000000000178        15.644865635632687     
   256.39805306154034        1.0000000000000162        15.542731607680471     
   256.61851570389751        1.0000000000000182        15.438168880008211     
   256.83897834625469        1.0000000000000173        15.331194490735365     
   257.05944098861187        1.0000000000000184        15.221825884808746     
   257.27990363096905        1.0000000000000187        15.110080912192915     
   257.50036627332622        1.0000000000000189        14.995977830621680     
   257.72082891568340        1.0000000000000193        14.879535302002129     
   257.94129155804058        1.0000000000000184        14.760772389586961     
   258.16175420039775        1.0000000000000200        14.639708560097093     
   258.38221684275493        1.0000000000000202        14.516363681296459     
   258.60267948511211        1.0000000000000184        14.390758019901632     
   258.82314212746928        1.0000000000000202        14.262912243765026     
   259.04360476982646        1.0000000000000218        14.132847419833148     
   259.26406741218364        1.0000000000000218        14.000585011947296     
   259.48453005454081        1.0000000000000198        13.866146883232870     
   259.70499269689799        1.0000000000000220        13.729555295621159     
   259.92545533925517        1.0000000000000218        13.590832908452304     
   260.14591798161234        1.0000000000000220        13.450002780518350     
   260.36638062396952        1.0000000000000226        13.307088370330547     
   260.58684326632670        1.0000000000000218        13.162113536003062     
   260.80730590868387        1.0000000000000218        13.015102538049208     
   261.02776855104105        1.0000000000000211        12.866080041034213     
   261.24823119339823        1.0000000000000238        12.715071114862052     
   261.46869383575540        1.0000000000000229        12.562101238142471     
   261.68915647811258        1.0000000000000224        12.407196301506451     
   261.90961912046976        1.0000000000000229        12.250382611395619     
   262.13008176282693        1.0000000000000202        12.091686894745285     
   262.35054440518411        1.0000000000000233        11.931136304037373     
   262.57100704754129        1.0000000000000211        11.768758424264178     
   262.79146968989846        1.0000000000000211        11.604581280175761     
   263.01193233225564        1.0000000000000209        11.438633344047238     
   263.23239497461282        1.0000000000000235        11.270943546690315     
   263.45285761696999        1.0000000000000233        11.101541288171774     
   263.67332025932717        1.0000000000000231        10.930456449505304     
   263.89378290168435        1.0000000000000226        10.757719409904674     
   264.11424554404152        1.0000000000000231        10.583361063155644     
   264.33470818639870        1.0000000000000238        10.407412834347776     
   264.55517082875588        1.0000000000000255        10.229906705076036     
   264.77563347111305        1.0000000000000258        10.050875238963638     
   264.99609611347023        1.0000000000000255        9.8703516075320330     
   265.21655875582741        1.0000000000000264        9.6883696271684538     
   265.43702139818458        1.0000000000000233        9.5049637971277701     
   265.65748404054176        1.0000000000000235        9.3201693380807473     
   265.87794668289894        1.0000000000000215        9.1340222470720480     
   266.09840932525611        1.0000000000000229        8.9465593570083204     
   266.31887196761329        1.0000000000000222        8.7578183964133736     
   266.53933460997047        1.0000000000000218        8.5678380701102625     
   266.75979725232764        1.0000000000000233        8.3766581501549755     
   266.98025989468482        1.0000000000000220        8.1843195707642789     
   267.20072253704200        1.0000000000000213        7.9908645529804270     
   267.42118517939917        1.0000000000000229        7.7963367478631680     
   267.64164782175635        1.0000000000000251        7.6007813876937753     
   267.86211046411353        1.0000000000000242        7.4042454795666739     
   268.08257310647070        1.0000000000000238        7.2067780358152200     
   268.30303574882788        1.0000000000000242        7.0084303266399743     
   268.52349839118506        1.0000000000000251        6.8092561954876523     
   268.74396103354223        1.0000000000000264        6.6093124382015178     
   268.96442367589941        1.0000000000000242        6.4086592315360171     
   269.18488631825659        1.0000000000000251        6.2073606666304970     
   269.40534896061376        1.0000000000000249        6.0054854030847356     
   269.62581160297094        1.0000000000000244        5.8031074300648200     
   269.84627424532812        1.0000000000000264        5.6003070092097209     
   270.06673688768529        1.0000000000000258        5.3971718467097709     
   270.28719953004247        1.0000000000000269        5.1937985040139436     
   270.50766217239965        1.0000000000000269        4.9902941649560857     
   270.72812481475682        1.0000000000000258        4.7867788658821455     
   270.94858745711400        1.0000000000000242        4.5833882550201253     
   271.16905009947118        1.0000000000000244        4.3802770998279428     
   271.38951274182836        1.0000000000000246        4.1776238004399993     
   271.60997538418553        1.0000000000000240        3.9756361472645598     
   271.83043802654271        1.0000000000000249        3.7745587901340105     
   272.05090066889989        1.0000000000000244        3.5746830413037984     
   272.27136331125706        1.0000000000000238        3.3763597242926093     
   272.49182595361424        1.0000000000000264        3.1800162112652131     
   272.71228859597142        1.0000000000000255        2.9861792151005764     
   272.93275123832859        1.0000000000000262        2.7955052482019354     
   273.15321388068577        1.0000000000000253        2.6088214206774820     
   273.37367652304295        1.0000000000000262        2.4271799299218615     
   273.59413916540012        1.0000000000000264        2.2519296269427969     
   273.81460180775730        1.0000000000000266        2.0848071718274275     
   274.03506445011448        1.0000000000000262        1.9280461366315929     
   274.25552709247165        1.0000000000000273        1.7844907822380771     
   274.47598973482883        1.0000000000000273        1.6576772398388888     
   274.69645237718601        1.0000000000000273        1.5518044450238457     
   274.91691501954318        1.0000000000000271        1.4714726149744561     
   275.13737766190036        1.0000000000000273        1.4210738967460772     
   275.35784030425754        1.0000000000000269        1.4038686560140858     
   275.57830294661471        1.0000000000000275        1.4210738923941719     
   275.79876558897189        1.0000000000000275        1.4714726156650191     
   276.01922823132907        1.0000000000000275        1.5518044439792280     
   276.23969087368624        1.0000000000000262        1.6576772379125386     
   276.46015351604342        1.0000000000000269        1.7844907885282562     
   276.68061615840060        1.0000000000000298        1.9280461440252885     
   276.90107880075777        1.0000000000000295        2.0848071760138818     
   277.12154144311495        1.0000000000000255        2.2519296326057936     
   277.34200408547213        1.0000000000000289        2.4271799324302505     
   277.56246672782930        1.0000000000000282        2.6088214181710230     
   277.78292937018648        1.0000000000000262        2.7955052467837147     
   278.00339201254366        1.0000000000000264        2.9861792129201912     
   278.22385465490083        1.0000000000000264        3.1800162066974869     
   278.44431729725801        1.0000000000000271        3.3763597226586808     
   278.66477993961519        1.0000000000000275        3.5746830417559501     
   278.88524258197236        1.0000000000000269        3.7745587899441930     
   279.10570522432954        1.0000000000000286        3.9756361489975682     
   279.32616786668672        1.0000000000000253        4.1776238026715102     
   279.54663050904389        1.0000000000000269        4.3802771000909164     
   279.76709315140107        1.0000000000000251        4.5833882563492425     
   279.98755579375825        1.0000000000000255        4.7867788683430783     
   280.20801843611542        1.0000000000000242        4.9902941662438121     
   280.42848107847260        1.0000000000000258        5.1937985060273197     
   280.64894372082978        1.0000000000000269        5.3971718495639234     
   280.86940636318695        1.0000000000000249        5.6003070107451434     
   281.08986900554413        1.0000000000000233        5.8031074314825366     
   281.31033164790131        1.0000000000000222        6.0054854043757713     
   281.53079429025848        1.0000000000000246        6.2073606658030354     
   281.75125693261566        1.0000000000000244        6.4086592300826775     
   281.97171957497284        1.0000000000000233        6.6093124374560803     
   282.19218221733001        1.0000000000000242        6.8092561944668253     
   282.41264485968719        1.0000000000000229        7.0084303263498642     
   282.63310750204437        1.0000000000000240        7.2067780369626027     
   282.85357014440154        1.0000000000000235        7.4042454807418903     
   283.07403278675872        1.0000000000000207        7.6007813892473308     
   283.29449542911590        1.0000000000000222        7.7963367502582743     
   283.51495807147307        1.0000000000000207        7.9908645547191712     
   283.73542071383025        1.0000000000000211        8.1843195718341430     
   283.95588335618743        1.0000000000000202        8.3766581513415677     
   284.17634599854460        1.0000000000000204        8.5678380708090067     
   284.39680864090178        1.0000000000000213        8.7578183969299346     
   284.61727128325896        1.0000000000000211        8.9465593580476988     
   284.83773392561613        1.0000000000000200        9.1340222478690389     
   285.05819656797331        1.0000000000000215        9.3201693385518549     
   285.27865921033049        1.0000000000000189        9.5049637979145487     
   285.49912185268767        1.0000000000000202        9.6883696278099283     
   285.71958449504484        1.0000000000000198        9.8703516078926281     
   285.94004713740202        1.0000000000000182        10.050875239555211     
   286.16050977975920        1.0000000000000209        10.229906705667130     
   286.38097242211637        1.0000000000000207        10.407412834941534     
   286.60143506447355        1.0000000000000202        10.583361064223663     
   286.82189770683073        1.0000000000000184        10.757719411155211     
   287.04236034918790        1.0000000000000202        10.930456450627487     
   287.26282299154508        1.0000000000000198        11.101541289352259     
   287.48328563390226        1.0000000000000193        11.270943547791385     
   287.70374827625943        1.0000000000000195        11.438633344949945     
   287.92421091861661        1.0000000000000189        11.604581281082853     
   288.14467356097379        1.0000000000000175        11.768758425149944     
   288.36513620333096        1.0000000000000209        11.931136304857635     
   288.58559884568814        1.0000000000000191        12.091686895639228     
   288.80606148804532        1.0000000000000184        12.250382612357516     
   289.02652413040249        1.0000000000000209        12.407196302470092     
   289.24698677275967        1.0000000000000209        12.562101239099093     
   289.46744941511685        1.0000000000000200        12.715071115832462     
   289.68791205747402        1.0000000000000198        12.866080042077902     
   289.90837469983120        1.0000000000000231        13.015102539115787     
   290.12883734218838        1.0000000000000207        13.162113537074028     
   290.34929998454555        1.0000000000000220        13.307088371494718     
   290.56976262690273        1.0000000000000226        13.450002781648211     
   290.79022526925991        1.0000000000000180        13.590832909455816     
   291.01068791161708        1.0000000000000184        13.729555296594183     
   291.23115055397426        1.0000000000000189        13.866146884025328     
   291.45161319633144        1.0000000000000191        14.000585012574849     
   291.67207583868861        1.0000000000000213        14.132847420671487     
   291.89253848104579        1.0000000000000195        14.262912244747566     
   292.11300112340297        1.0000000000000224        14.390758020878133     
   292.33346376576014        1.0000000000000220        14.516363682502062     
   292.55392640811732        1.0000000000000211        14.639708561374022     
   292.77438905047450        1.0000000000000204        14.760772390747629     
   292.99485169283167        1.0000000000000220        14.879535303329861     
   293.21531433518885        1.0000000000000215        14.995977831895184     
   293.43577697754603        1.0000000000000224        15.110080913119148     
   293.65623961990320        1.0000000000000218        15.221825885852102     
   293.87670226226038        1.0000000000000189        15.331194491952123     
   294.09716490461756        1.0000000000000198        15.438168881097011     
   294.31762754697473        1.0000000000000207        15.542731608870827     
   294.53809018933191        1.0000000000000193        15.644865636695714     
   294.75855283168909        1.0000000000000207        15.744554337443967     
   294.97901547404626        1.0000000000000189        15.841781494394535     
   295.19947811640344        1.0000000000000204        15.936531300793348     
   295.41994075876062        1.0000000000000175        16.028788365522828     
   295.64040340111779        1.0000000000000184        16.118537711905223     
   295.86086604347497        1.0000000000000202        16.205764776598382     
   296.08132868583215        1.0000000000000187        16.290455416174790     
   296.30179132818932        1.0000000000000200        16.372595906804388     
   296.52225397054650        1.0000000000000191        16.452172942020233     
   296.74271661290368        1.0000000000000195        16.529173638769926     
   296.96317925526085        1.0000000000000193        16.603585537649213     
   297.18364189761803        1.0000000000000187        16.675396600532807     
   297.40410453997521        1.0000000000000184        16.744595217007546     
   297.62456718233238        1.0000000000000204        16.811170204949374     
   297.84502982468956        1.0000000000000207        16.875110806721146     
   298.06549246704674        1.0000000000000193        16.936406695149593     
   298.28595510940391        1.0000000000000204        16.995047975429536     
   298.50641775176109        1.0000000000000193        17.051025181288601     
   298.72688039411827        1.0000000000000180        17.104329280308985     
   298.94734303647544        1.0000000000000200        17.154951675832457     
   299.16780567883262        1.0000000000000187        17.202884202296744     
   299.38826832118980        1.0000000000000193        17.248119130470823     
   299.60873096354698        1.0000000000000193        17.290649170755231     
   299.82919360590415        1.0000000000000178        17.330467468024214     
   300.04965624826133        1.0000000000000173        17.367567605340888     
   300.27011889061851        1.0000000000000173        17.401943607517879     
   300.49058153297568        1.0000000000000178        17.433589936172016     
   300.71104417533286        1.0000000000000178        17.462501493304639     
   300.93150681769004        1.0000000000000182        17.488673625538247     
   301.15196946004721        1.0000000000000167        17.512102118364183     
   301.37243210240439        1.0000000000000184        17.532783198205035     
   301.59289474476157        1.0000000000000162        17.550713537507839     
   301.81335738711874        1.0000000000000169        17.565890249807367     
   302.03382002947592        1.0000000000000171        17.578310890935828     
   302.25428267183310        1.0000000000000167        17.587973463875343     
   302.47474531419027        1.0000000000000167        17.594876413402879     
   302.69520795654745        1.0000000000000175        17.599018626463938     
   302.91567059890463        1.0000000000000171        17.600399438068298     
   303.13613324126180        1.0000000000000169        17.599018626585874     
   303.35659588361898        1.0000000000000164        17.594876412519881     
   303.57705852597616        1.0000000000000187        17.587973463829385     
   303.79752116833333        1.0000000000000164        17.578310891745843     
   304.01798381069051        1.0000000000000173        17.565890249265728     
   304.23844645304769        1.0000000000000187        17.550713536858726     
   304.45890909540486        1.0000000000000171        17.532783198402871     
   304.67937173776204        1.0000000000000164        17.512102118038452     
   304.89983438011922        1.0000000000000178        17.488673625642544     
   305.12029702247639        1.0000000000000187        17.462501494049668     
   305.34075966483357        1.0000000000000189        17.433589935576318     
   305.56122230719075        1.0000000000000180        17.401943606845037     
   305.78168494954792        1.0000000000000162        17.367567605947016     
   306.00214759190510        1.0000000000000171        17.330467468067980     
   306.22261023426228        1.0000000000000169        17.290649170412426     
   306.44307287661945        1.0000000000000173        17.248119130600369     
   306.66353551897663        1.0000000000000173        17.202884201540357     
   306.88399816133381        1.0000000000000167        17.154951675103931     
   307.10446080369098        1.0000000000000144        17.104329280908591     
   307.32492344604816        1.0000000000000144        17.051025181234003     
   307.54538608840534        1.0000000000000140        16.995047974604091     
   307.76584873076251        1.0000000000000149        16.936406695123448     
   307.98631137311969        1.0000000000000158        16.875110806510630     
   308.20677401547687        1.0000000000000149        16.811170204583100     
   308.42723665783404        1.0000000000000153        16.744595217501590     
   308.64769930019122        1.0000000000000144        16.675396600274773     
   308.86816194254840        1.0000000000000162        16.603585536519240     
   309.08862458490557        1.0000000000000167        16.529173638655323     
   309.30908722726275        1.0000000000000158        16.452172942056528     
   309.52954986961993        1.0000000000000171        16.372595906271531     
   309.75001251197710        1.0000000000000178        16.290455416140663     
   309.97047515433428        1.0000000000000173        16.205764776264743     
   310.19093779669146        1.0000000000000178        16.118537711048109     
   310.41140043904863        1.0000000000000187        16.028788365683219     
   310.63186308140581        1.0000000000000184        15.936531301081315     
   310.85232572376299        1.0000000000000175        15.841781493729194     
   311.07278836612016        1.0000000000000173        15.744554337054881     
   311.29325100847734        1.0000000000000178        15.644865636469879     
   311.51371365083452        1.0000000000000173        15.542731608253664     
   311.73417629319169        1.0000000000000158        15.438168881063698     
   311.95463893554887        1.0000000000000173        15.331194491935056     
   312.17510157790605        1.0000000000000182        15.221825884954852     
   312.39556422026322        1.0000000000000151        15.110080912561312     
   312.61602686262040        1.0000000000000153        14.995977831824126     
   312.83648950497758        1.0000000000000142        14.879535302851785     
   313.05695214733475        1.0000000000000151        14.760772390408626     
   313.27741478969193        1.0000000000000142        14.639708561145861     
   313.49787743204911        1.0000000000000147        14.516363681808135     
   313.71834007440629        1.0000000000000120        14.390758020535149     
   313.93880271676346        1.0000000000000151        14.262912244851769     
   314.15926535912064        1.0000000000000184        14.132847420325367     
   314.37972800147782        1.0000000000000147        14.000585012111284     
   314.60019064383499        1.0000000000000164        13.866146883751819     
   314.82065328619217        1.0000000000000167        13.729555296112048     
   315.04111592854935        1.0000000000000169        13.590832909050219     
   315.26157857090652        1.0000000000000195        13.450002781416405     
   315.48204121326370        1.0000000000000173        13.307088371000036     
   315.70250385562088        1.0000000000000175        13.162113536544673     
   315.92296649797805        1.0000000000000189        13.015102538799008     
   316.14342914033523        1.0000000000000204        12.866080041735927     
   316.36389178269241        1.0000000000000202        12.715071115440033     
   316.58435442504958        1.0000000000000171        12.562101238718533     
   316.80481706740676        1.0000000000000164        12.407196302117733     
   317.02527970976394        1.0000000000000191        12.250382612021838     
   317.24574235212111        1.0000000000000189        12.091686895195092     
   317.46620499447829        1.0000000000000158        11.931136304452499     
   317.68666763683547        1.0000000000000147        11.768758424831898     
   317.90713027919264        1.0000000000000147        11.604581280629361     
   318.12759292154982        1.0000000000000133        11.438633344604041     
   318.34805556390700        1.0000000000000180        11.270943547459304     
   318.56851820626417        1.0000000000000158        11.101541288578822     
   318.78898084862135        1.0000000000000173        10.930456450102458     
   319.00944349097853        1.0000000000000162        10.757719411149816     
   319.22990613333570        1.0000000000000153        10.583361063829299     
   319.45036877569288        1.0000000000000151        10.407412834504161     
   319.67083141805006        1.0000000000000180        10.229906705518918     
   319.89129406040723        1.0000000000000169        10.050875238910020     
   320.11175670276441        1.0000000000000167        9.8703516075620605     
   320.33221934512159        1.0000000000000133        9.6883696281721114     
   320.55268198747876        1.0000000000000184        9.5049637972499124     
   320.77314462983594        1.0000000000000162        9.3201693374982479     
   320.99360727219312        1.0000000000000153        9.1340222478116679     
   321.21406991455029        1.0000000000000158        8.9465593576716937     
   321.43453255690747        1.0000000000000151        8.7578183965154874     
   321.65499519926465        1.0000000000000195        8.5678380711061397     
   321.87545784162182        1.0000000000000178        8.3766581502264668     
   322.09592048397900        1.0000000000000178        8.1843195701695333     
   322.31638312633618        1.0000000000000164        7.9908645549138289     
   322.53684576869335        1.0000000000000200        7.7963367500023661     
   322.75730841105053        1.0000000000000155        7.6007813879675794     
   322.97777105340771        1.0000000000000149        7.4042454806476012     
   323.19823369576488        1.0000000000000147        7.2067780363492702     
   323.41869633812206        1.0000000000000164        7.0084303256111600     
   323.63915898047924        1.0000000000000160        6.8092561963889979     
   323.85962162283641        1.0000000000000167        6.6093124383767972     
   324.08008426519359        1.0000000000000144        6.4086592282927946     
   324.30054690755077        1.0000000000000151        6.2073606655512172     
   324.52100954990794        1.0000000000000140        6.0054854042483585     
   324.74147219226512        1.0000000000000160        5.8031074299687866     
   324.96193483462230        1.0000000000000147        5.6003070112523359     
   325.18239747697947        1.0000000000000153        5.3971718488785658     
   325.40286011933665        1.0000000000000142        5.1937985022573994     
   325.62332276169383        1.0000000000000124        4.9902941661394902     
   325.84378540405100        1.0000000000000122        4.7867788700883853     
   326.06424804640818        1.0000000000000142        4.5833882546224078     
   326.28471068876536        1.0000000000000144        4.3802770994012414     
   326.50517333112253        1.0000000000000153        4.1776238019890402     
   326.72563597347971        1.0000000000000178        3.9756361453549367     
   326.94609861583689        1.0000000000000193        3.7745587914821845     
   327.16656125819406        1.0000000000000180        3.5746830462350045     
   327.38702390055124        1.0000000000000171        3.3763597206964544     
   327.60748654290842        1.0000000000000160        3.1800162060011079     
   327.82794918526560        1.0000000000000167        2.9861792161811724     
   328.04841182762277        1.0000000000000164        2.7955052458363685     
   328.26887446997995        1.0000000000000198        2.6088214195058965     
   328.48933711233713        1.0000000000000191        2.4271799347496348     
   328.70979975469430        1.0000000000000209        2.2519296231955788     
   328.93026239705148        1.0000000000000195        2.0848071689433492     
   329.15072503940866        1.0000000000000202        1.9280461487561218     
   329.37118768176583        1.0000000000000175        1.7844907875229177     
   329.59165032412301        1.0000000000000175        1.6576772362034708     
   329.81211296648019        1.0000000000000175        1.5518044482029332     
   330.03257560883736        1.0000000000000158        1.4714726092009198     
   330.25303825119454        1.0000000000000167        1.4210738900136695     
   330.47350089355172        1.0000000000000169        1.4038686682333004     
   330.69396353590889        1.0000000000000182        1.4210738944673995     
   330.91442617826607        1.0000000000000187        1.4714726051792861     
   331.13488882062325        1.0000000000000169        1.5518044478047495     
   331.35535146298042        1.0000000000000175        1.6576772408830824     
   331.57581410533760        1.0000000000000164        1.7844907850065446     
   331.79627674769478        1.0000000000000173        1.9280461478420861     
   332.01673939005195        1.0000000000000175        2.0848071726787607     
   332.23720203240913        1.0000000000000182        2.2519296217002456     
   332.45766467476631        1.0000000000000184        2.4271799336807884     
   332.67812731712348        1.0000000000000178        2.6088214222808062     
   332.89858995948066        1.0000000000000191        2.7955052446221282     
   333.11905260183784        1.0000000000000173        2.9861792148494248     
   333.33951524419501        1.0000000000000180        3.1800162084413008     
   333.55997788655219        1.0000000000000178        3.3763597204402331     
   333.78044052890937        1.0000000000000184        3.5746830451944809     
   334.00090317126654        1.0000000000000202        3.7745587934683815     
   334.22136581362372        1.0000000000000160        3.9756361454440312     
   334.44182845598090        1.0000000000000180        4.1776238011245823     
   334.66229109833807        1.0000000000000182        4.3802771011042383     
   334.88275374069525        1.0000000000000184        4.5833882548448326     
   335.10321638305243        1.0000000000000198        4.7867788690172102     
   335.32367902540960        1.0000000000000213        4.9902941673388659     
   335.54414166776678        1.0000000000000173        5.1937985027658709     
   335.76460431012396        1.0000000000000171        5.3971718481587869     
   335.98506695248113        1.0000000000000184        5.6003070122868683     
   336.20552959483831        1.0000000000000198        5.8031074305074144     
   336.42599223719549        1.0000000000000198        6.0054854035542187     
   336.64645487955266        1.0000000000000218        6.2073606664194392     
   336.86691752190984        1.0000000000000187        6.4086592290362567     
   337.08738016426702        1.0000000000000191        6.6093124378167305     
   337.30784280662419        1.0000000000000182        6.8092561969282182     
   337.52830544898137        1.0000000000000200        7.0084303262837713     
   337.74876809133855        1.0000000000000222        7.2067780359922331     
   337.96923073369572        1.0000000000000213        7.4042454812083482     
   338.18969337605290        1.0000000000000218        7.6007813887109394     
   338.41015601841008        1.0000000000000235        7.7963367496569758     
   338.63061866076725        1.0000000000000178        7.9908645552064348     
   338.85108130312443        1.0000000000000187        8.1843195708701728     
   339.07154394548161        1.0000000000000193        8.3766581500779438     
   339.29200658783878        1.0000000000000193        8.5678380713421092     
   339.51246923019596        1.0000000000000191        8.7578183971034136     
   339.73293187255314        1.0000000000000195        8.9465593575505924     
   339.95339451491031        1.0000000000000204        9.1340222480221094     
   340.17385715726749        1.0000000000000200        9.3201693381656305     
   340.39431979962467        1.0000000000000233        9.5049637973092089     
   340.61478244198184        1.0000000000000238        9.6883696283083403     
   340.83524508433902        1.0000000000000169        9.8703516080854925     
   341.05570772669620        1.0000000000000184        10.050875239032827     
   341.27617036905337        1.0000000000000178        10.229906705696292     
   341.49663301141055        1.0000000000000167        10.407412835001004     
   341.71709565376773        1.0000000000000189        10.583361063972552     
   341.93755829612491        1.0000000000000193        10.757719411248187     
   342.15802093848208        1.0000000000000204        10.930456450497759     
   342.37848358083926        1.0000000000000191        11.101541288791791     
   342.59894622319644        1.0000000000000189        11.270943547596865     
   342.81940886555361        1.0000000000000215        11.438633344915445     
   343.03987150791079        1.0000000000000218        11.604581280835355     
   343.26033415026797        1.0000000000000231        11.768758424996239     
   343.48079679262514        1.0000000000000244        11.931136304742795     
   343.70125943498232        1.0000000000000204        12.091686895447088     
   343.92172207733950        1.0000000000000211        12.250382612227227     
   344.14218471969667        1.0000000000000220        12.407196302345994     
   344.36264736205385        1.0000000000000233        12.562101238953577     
   344.58311000441103        1.0000000000000238        12.715071115669794     
   344.80357264676820        1.0000000000000220        12.866080041899878     
   345.02403528912538        1.0000000000000213        13.015102538996288     
   345.24449793148256        1.0000000000000255        13.162113536823467     
   345.46496057383973        1.0000000000000235        13.307088371160667     
   345.68542321619691        1.0000000000000215        13.450002781589623     
   345.90588585855409        1.0000000000000246        13.590832909355855     
   346.12634850091126        1.0000000000000218        13.729555296267767     
   346.34681114326844        1.0000000000000233        13.866146883938818     
   346.56727378562562        1.0000000000000269        14.000585012507122     
   346.78773642798279        1.0000000000000224        14.132847420469465     
   347.00819907033997        1.0000000000000238        14.262912244912023     
   347.22866171269715        1.0000000000000213        14.390758020888587     
   347.44912435505432        1.0000000000000218        14.516363681963794     
   347.66958699741150        1.0000000000000255        14.639708561176329     
   347.89004963976868        1.0000000000000242        14.760772390730731     
   348.11051228212585        1.0000000000000226        14.879535302913746     
   348.33097492448303        1.0000000000000242        14.995977831732555     
   348.55143756684021        1.0000000000000235        15.110080912958699     
   348.77190020919738        1.0000000000000246        15.221825885195843     
   348.99236285155456        1.0000000000000238        15.331194491861787     
   349.21282549391174        1.0000000000000282        15.438168881399317     
   349.43328813626891        1.0000000000000284        15.542731608478931     
   349.65375077862609        1.0000000000000291        15.644865636416597     
   349.87421342098327        1.0000000000000269        15.744554337509690     
   350.09467606334044        1.0000000000000264        15.841781494037956     
   350.31513870569762        1.0000000000000260        15.936531300855576     
   350.53560134805480        1.0000000000000269        16.028788365951126     
   350.75606399041197        1.0000000000000266        16.118537711411669     
   350.97652663276915        1.0000000000000251        16.205764776141439     
   351.19698927512633        1.0000000000000246        16.290455416410289     
   351.41745191748350        1.0000000000000246        16.372595906525355     
   351.63791455984068        1.0000000000000253        16.452172941691433     
   351.85837720219786        1.0000000000000269        16.529173638821053     
   352.07883984455503        1.0000000000000280        16.603585536966410     
   352.29930248691221        1.0000000000000269        16.675396600015763     
   352.51976512926939        1.0000000000000266        16.744595217517034     
   352.74022777162656        1.0000000000000266        16.811170204908937     
   352.96069041398374        1.0000000000000258        16.875110806272538     
   353.18115305634092        1.0000000000000258        16.936406695310907     
   353.40161569869809        1.0000000000000260        16.995047975183503     
   353.62207834105527        1.0000000000000244        17.051025180969276     
   353.84254098341245        1.0000000000000235        17.104329280807828     
   354.06300362576962        1.0000000000000260        17.154951675635452     
   354.28346626812680        1.0000000000000258        17.202884201486533     
   354.50392891048398        1.0000000000000264        17.248119130622221     
   354.72439155284115        1.0000000000000264        17.290649170885278     
   354.94485419519833        1.0000000000000271        17.330467467743620     
   355.16531683755551        1.0000000000000262        17.367567605667929     
   355.38577947991269        1.0000000000000260        17.401943607369631     
   355.60624212226986        1.0000000000000264        17.433589935431286     
   355.82670476462704        1.0000000000000278        17.462501493601430     
   356.04716740698422        1.0000000000000273        17.488673625848801     
   356.26763004934139        1.0000000000000266        17.512102117784732     
   356.48809269169857        1.0000000000000275        17.532783198111044     
   356.70855533405575        1.0000000000000284        17.550713537460940     
   356.92901797641292        1.0000000000000273        17.565890249284351     
   357.14948061877010        1.0000000000000266        17.578310891271862     
   357.36994326112728        1.0000000000000273        17.587973464227090     
   357.59040590348445        1.0000000000000266        17.594876412689263     
   357.81086854584163        1.0000000000000271        17.599018626293187     
   358.03133118819881        1.0000000000000282        17.600399438419281     
   358.25179383055598        1.0000000000000269        17.599018626355573     
   358.47225647291316        1.0000000000000275        17.594876412707816     
   358.69271911527034        1.0000000000000280        17.587973464148231     
   358.91318175762751        1.0000000000000280        17.578310891168677     
   359.13364439998469        1.0000000000000278        17.565890249245488     
   359.35410704234187        1.0000000000000286        17.550713537499515     
   359.57456968469904        1.0000000000000289        17.532783198161059     
   359.79503232705622        1.0000000000000293        17.512102117741815     
   360.01549496941340        1.0000000000000304        17.488673625722633     
   360.23595761177057        1.0000000000000284        17.462501493531889     
   360.45642025412775        1.0000000000000289        17.433589935444765     
   360.67688289648493        1.0000000000000300        17.401943607363830     
   360.89734553884210        1.0000000000000313        17.367567605608510     
   361.11780818119928        1.0000000000000313        17.330467467643405     
   361.33827082355646        1.0000000000000329        17.290649170793174     
   361.55873346591363        1.0000000000000318        17.248119130637498     
   361.77919610827081        1.0000000000000346        17.202884201545537     
   361.99965875062799        1.0000000000000322        17.154951675574974     
   362.22012139298516        1.0000000000000331        17.104329280672204     
   362.44058403534234        1.0000000000000315        17.051025180865604     
   362.66104667769952        1.0000000000000331        16.995047975104487     
   362.88150932005669        1.0000000000000269        16.936406695268428     
   363.10197196241387        1.0000000000000264        16.875110806213893     
   363.32243460477105        1.0000000000000284        16.811170204732019     
   363.54289724712822        1.0000000000000282        16.744595217340944     
   363.76335988948540        1.0000000000000291        16.675396599960635     
   363.98382253184258        1.0000000000000278        16.603585536913222     
   364.20428517419975        1.0000000000000289        16.529173638713903     
   364.42474781655693        1.0000000000000293        16.452172941564669     
   364.64521045891411        1.0000000000000298        16.372595906351382     
   364.86567310127128        1.0000000000000309        16.290455416285482     
   365.08613574362846        1.0000000000000286        16.205764776137485     
   365.30659838598564        1.0000000000000298        16.118537711356542     
   365.52706102834281        1.0000000000000275        16.028788365797812     
   365.74752367069999        1.0000000000000286        15.936531300733140     
   365.96798631305717        1.0000000000000309        15.841781493926131     
   366.18844895541434        1.0000000000000280        15.744554337394653     
   366.40891159777152        1.0000000000000284        15.644865636330795     
   366.62937424012870        1.0000000000000318        15.542731608303878     
   366.84983688248587        1.0000000000000264        15.438168881143477     
   367.07029952484305        1.0000000000000264        15.331194491699749     
   367.29076216720023        1.0000000000000266        15.221825885085394     
   367.51122480955740        1.0000000000000249        15.110080912805675     
   367.73168745191458        1.0000000000000253        14.995977831586515     
   367.95215009427176        1.0000000000000282        14.879535302741527     
   368.17261273662893        1.0000000000000275        14.760772390529857     
   368.39307537898611        1.0000000000000242        14.639708561056587     
   368.61353802134329        1.0000000000000240        14.516363681856751     
   368.83400066370046        1.0000000000000251        14.390758020693122     
   369.05446330605764        1.0000000000000238        14.262912244717588     
   369.27492594841482        1.0000000000000251        14.132847420304184     
   369.49538859077200        1.0000000000000271        14.000585012329967     
   369.71585123312917        1.0000000000000273        13.866146883788634     
   369.93631387548635        1.0000000000000235        13.729555296109012     
   370.15677651784353        1.0000000000000233        13.590832909135488     
   370.37723916020070        1.0000000000000242        13.450002781381881     
   370.59770180255788        1.0000000000000244        13.307088370986948     
   370.81816444491506        1.0000000000000260        13.162113536629743     
   371.03862708727223        1.0000000000000251        13.015102538793524     
   371.25908972962941        1.0000000000000242        12.866080041700432     
   371.47955237198659        1.0000000000000240        12.715071115465147     
   371.70001501434376        1.0000000000000238        12.562101238751282     
   371.92047765670094        1.0000000000000231        12.407196302138429     
   372.14094029905812        1.0000000000000231        12.250382612019081     
   372.36140294141529        1.0000000000000235        12.091686895242232     
   372.58186558377247        1.0000000000000249        11.931136304531465     
   372.80232822612965        1.0000000000000246        11.768758424797481     
   373.02279086848682        1.0000000000000233        11.604581280617037     
   373.24325351084400        1.0000000000000226        11.438633344654459     
   373.46371615320118        1.0000000000000218        11.270943547390365     
   373.68417879555835        1.0000000000000211        11.101541288612331     
   373.90464143791553        1.0000000000000209        10.930456450229368     
   374.12510408027271        1.0000000000000220        10.757719410979693     
   374.34556672262988        1.0000000000000266        10.583361063731312     
   374.56602936498706        1.0000000000000262        10.407412834718512     
   374.78649200734424        1.0000000000000260        10.229906705515068     
   375.00695464970141        1.0000000000000244        10.050875238897651     
   375.22741729205859        1.0000000000000242        9.8703516077616413     
   375.44787993441577        1.0000000000000238        9.6883696280121487     
   375.66834257677294        1.0000000000000226        9.5049637971757015     
   375.88880521913012        1.0000000000000235        9.3201693379406727     
   376.10926786148730        1.0000000000000238        9.1340222478070174     
   376.32973050384447        1.0000000000000238        8.9465593573843627     
   376.55019314620165        1.0000000000000215        8.7578183966983669     
   376.77065578855883        1.0000000000000226        8.5678380710263013     
   376.99111843091600        1.0000000000000258        8.3766581500779651     
   377.21158107327318        1.0000000000000262        8.1843195706282490     
   377.43204371563036        1.0000000000000264        7.9908645547809858     
   377.65250635798753        1.0000000000000264        7.7963367493995888     
   377.87296900034471        1.0000000000000249        7.6007813882796391     
   378.09343164270189        1.0000000000000235        7.4042454808431417     
   378.31389428505906        1.0000000000000229        7.2067780360140210     
   378.53435692741624        1.0000000000000215        7.0084303259113376     
   378.75481956977342        1.0000000000000218        6.8092561962807014     
   378.97528221213059        1.0000000000000218        6.6093124377397894     
   379.19574485448777        1.0000000000000213        6.4086592289710822     
   379.41620749684495        1.0000000000000207        6.2073606661731837     
   379.63667013920212        1.0000000000000235        6.0054854036558947     
   379.85713278155930        1.0000000000000262        5.8031074301588372     
   380.07759542391648        1.0000000000000266        5.6003070115785727     
   380.29805806627365        1.0000000000000266        5.3971718483707400     
   380.51852070863083        1.0000000000000260        5.1937985029421503     
   380.73898335098801        1.0000000000000253        4.9902941666915952     
   380.95944599334518        1.0000000000000258        4.7867788687496375     
   381.17990863570236        1.0000000000000246        4.5833882544707967     
   381.40037127805954        1.0000000000000255        4.3802771002672296     
   381.62083392041671        1.0000000000000260        4.1776238013389753     
   381.84129656277389        1.0000000000000258        3.9756361454470115     
   382.06175920513107        1.0000000000000244        3.7745587919255215     
   382.28222184748824        1.0000000000000244        3.5746830445509015     
   382.50268448984542        1.0000000000000235        3.3763597206857483     
   382.72314713220260        1.0000000000000226        3.1800162079158025     
   382.94360977455977        1.0000000000000231        2.9861792152993232     
   383.16407241691695        1.0000000000000231        2.7955052451495668     
   383.38453505927413        1.0000000000000218        2.6088214208319926     
   383.60499770163131        1.0000000000000224        2.4271799339618858     
   383.82546034398848        1.0000000000000229        2.2519296238118938     
   384.04592298634566        1.0000000000000231        2.0848071721235817     
   384.26638562870284        1.0000000000000235        1.9280461471110713     
   384.48684827106001        1.0000000000000231        1.7844907852850955     
   384.70731091341719        1.0000000000000233        1.6576772387433947     
   384.92777355577437        1.0000000000000211        1.5518044477495372     
   385.14823619813154        1.0000000000000213        1.4714726077549949     
   385.36869884048872        1.0000000000000226        1.4210738920035682     
   385.58916148284590        1.0000000000000229        1.4038686653551520     
   385.80962412520307        1.0000000000000204        1.4210738913248777     
   386.03008676756025        1.0000000000000175        1.4714726086931544     
   386.25054940991743        1.0000000000000193        1.5518044480955040     
   386.47101205227460        1.0000000000000180        1.6576772382447309     
   386.69147469463178        1.0000000000000171        1.7844907860796693     
   386.91193733698896        1.0000000000000171        1.9280461475565109     
   387.13239997934613        1.0000000000000180        2.0848071717441070     
   387.35286262170331        1.0000000000000198        2.2519296243653781     
   387.57332526406049        1.0000000000000200        2.4271799343752329     
   387.79378790641766        1.0000000000000202        2.6088214205787827     
   388.01425054877484        1.0000000000000209        2.7955052456334557     
   388.23471319113202        1.0000000000000215        2.9861792157553317     
   388.45517583348919        1.0000000000000202        3.1800162077348020     
   388.67563847584637        1.0000000000000202        3.3763597210382561     
   388.89610111820355        1.0000000000000204        3.5746830449995226     
   389.11656376056072        1.0000000000000209        3.7745587918534662     
   389.33702640291790        1.0000000000000204        3.9756361457621079     
   389.55748904527508        1.0000000000000187        4.1776238017817668     
   389.77795168763225        1.0000000000000160        4.3802771002688683     
   389.99841432998943        1.0000000000000167        4.5833882547945430     
   390.21887697234661        1.0000000000000147        4.7867788692622897     
   390.43933961470378        1.0000000000000167        4.9902941667958913     
   390.65980225706096        1.0000000000000162        5.1937985032191127     
   390.88026489941814        1.0000000000000164        5.3971718488235370     
   391.10072754177531        1.0000000000000151        5.6003070116994653     
   391.32119018413249        1.0000000000000158        5.8031074304085690     
   391.54165282648967        1.0000000000000149        6.0054854040815853     
   391.76211546884684        1.0000000000000144        6.2073606662941216     
   391.98257811120402        1.0000000000000142        6.4086592291628950     
   392.20304075356120        1.0000000000000153        6.6093124381404893     
   392.42350339591837        1.0000000000000164        6.8092561964601970     
   392.64396603827555        1.0000000000000180        7.0084303261115863     
   392.86442868063273        1.0000000000000178        7.2067780363786662     
   393.08489132298990        1.0000000000000169        7.4042454810142431     
   393.30535396534708        1.0000000000000169        7.6007813884607147     
   393.52581660770426        1.0000000000000175        7.7963367497652722     
   393.74627925006143        1.0000000000000115        7.9908645550008419     
   393.96674189241861        1.0000000000000118        8.1843195708130860     
   394.18720453477579        1.0000000000000107        8.3766581504150786     
   394.40766717713296        1.0000000000000127        8.5678380712660651     
   394.62812981949014        1.0000000000000129        8.7578183969058170     
   394.84859246184732        1.0000000000000115        8.9465593577173568     
   395.06905510420449        1.0000000000000120        9.1340222480436069     
   395.28951774656167        1.0000000000000127        9.3201693381139119     
   395.50998038891885        1.0000000000000129        9.5049637974612740     
   395.73044303127602        1.0000000000000109        9.6883696282529002     
   395.95090567363320        1.0000000000000122        9.8703516079480096     
   396.17136831599038        1.0000000000000115        10.050875239164014     
   396.39183095834755        1.0000000000000104        10.229906705746487     
   396.61229360070473        1.0000000000000127        10.407412834903392     
   396.83275624306191        1.0000000000000127        10.583361063988557     
   397.05321888541908        1.0000000000000107        10.757719411221192     
   397.27368152777626        1.0000000000000102        10.930456450418923     
   397.49414417013344        1.0000000000000098        11.101541288841629     
   397.71460681249062        1.0000000000000107        11.270943547617508     
   397.93506945484779        1.0000000000000111        11.438633344852223     
   398.15553209720497        1.0000000000000104        11.604581280841904     
   398.37599473956215        1.0000000000000109        11.768758425020625     
   398.59645738191932        1.0000000000000109        11.931136304730352     
   398.81692002427650        1.0000000000000100        12.091686895450582     
   399.03738266663368        1.0000000000000093        12.250382612229208     
   399.25784530899085        1.0000000000000104        12.407196302338887     
   399.47830795134803        1.0000000000000093        12.562101238946347     
   399.69877059370521        1.0000000000000113        12.715071115659475     
   399.91923323606238        1.0000000000000120        12.866080041903599     
   400.13969587841956        1.0000000000000111        13.015102538982674     
   400.36015852077674        1.0000000000000122        13.162113536807624     
   400.58062116313391        1.0000000000000107        13.307088371187193     
   400.80108380549109        1.0000000000000100        13.450002781567578     
   401.02154644784827        1.0000000000000095        13.590832909304059     
   401.24200909020544        1.0000000000000111        13.729555296309995     
   401.46247173256262        1.0000000000000113        13.866146883964495     
   401.68293437491980        1.0000000000000113        14.000585012474621     
   401.90339701727697        1.0000000000000122        14.132847420503669     
   402.12385965963415        1.0000000000000104        14.262912244902500     
   402.34432230199133        1.0000000000000118        14.390758020822352     
   402.56478494434850        1.0000000000000118        14.516363682030361     
   402.78524758670568        1.0000000000000120        14.639708561215981     
   403.00571022906286        1.0000000000000107        14.760772390635553     
   403.22617287142003        1.0000000000000104        14.879535302919914     
   403.44663551377721        1.0000000000000087        14.995977831761307     
   403.66709815613439        1.0000000000000100        15.110080912893123     
   403.88756079849156        1.0000000000000098        15.221825885241751     
   404.10802344084874        1.0000000000000107        15.331194491884734     
   404.32848608320592        1.0000000000000093        15.438168881247034     
   404.54894872556309        1.0000000000000100        15.542731608466569     
   404.76941136792027        1.0000000000000100        15.644865636502981     
   404.98987401027745        1.0000000000000111        15.744554337450786     
   405.21033665263462        1.0000000000000122        15.841781494057036     
   405.43079929499180        1.0000000000000131        15.936531300928426     
   405.65126193734898        1.0000000000000140        16.028788365871510     
   405.87172457970615        1.0000000000000138        16.118537711463325     
   406.09218722206333        1.0000000000000140        16.205764776299322     
   406.31264986442051        1.0000000000000140        16.290455416329642     
   406.53311250677768        1.0000000000000138        16.372595906451359     
   406.75357514913486        1.0000000000000140        16.452172941745356     
   406.97403779149204        1.0000000000000138        16.529173638734658     
   407.19450043384921        1.0000000000000140        16.603585536942301     
   407.41496307620639        1.0000000000000127        16.675396600113977     
   407.63542571856357        1.0000000000000127        16.744595217393407     
   407.85588836092074        1.0000000000000122        16.811170204802934     
   408.07635100327792        1.0000000000000129        16.875110806393732     
   408.29681364563510        1.0000000000000131        16.936406695298338     
   408.51727628799227        1.0000000000000127        16.995047975126109     
   408.73773893034945        1.0000000000000124        17.051025181054388     
   408.95820157270663        1.0000000000000118        17.104329280740185     
   409.17866421506380        1.0000000000000135        17.154951675572978     
   409.39912685742098        1.0000000000000111        17.202884201670042     
   409.61958949977816        1.0000000000000118        17.248119130654572     
   409.84005214213533        1.0000000000000129        17.290649170778590     
   410.06051478449251        1.0000000000000131        17.330467467813929     
   410.28097742684969        1.0000000000000118        17.367567605658806     
   410.50144006920686        1.0000000000000127        17.401943607286668     
   410.72190271156404        1.0000000000000122        17.433589935535217     
   410.94236535392122        1.0000000000000118        17.462501493572304     
   411.16282799627839        1.0000000000000111        17.488673625668497     
   411.38329063863557        1.0000000000000118        17.512102117848180     
   411.60375328099275        1.0000000000000115        17.532783198182649     
   411.82421592334993        1.0000000000000122        17.550713537385263     
   412.04467856570710        1.0000000000000120        17.565890249347419     
   412.26514120806428        1.0000000000000107        17.578310891276999     
   412.48560385042146        1.0000000000000118        17.587973464084634     
   412.70606649277863        1.0000000000000129        17.594876412766155     
   412.92652913513581        1.0000000000000127        17.599018626389281     
   413.14699177749299        1.0000000000000129        17.600399438298503     
   413.36745441985016        1.0000000000000147        17.599018626358525     
   413.58791706220734        1.0000000000000151        17.594876412774731     
   413.80837970456452        1.0000000000000144        17.587973464084921     
   414.02884234692169        1.0000000000000147        17.578310891251476     
   414.24930498927887        1.0000000000000151        17.565890249348715     
   414.46976763163605        1.0000000000000144        17.550713537365084     
   414.69023027399322        1.0000000000000138        17.532783198128783     
   414.91069291635040        1.0000000000000131        17.512102117835880     
   415.13115555870758        1.0000000000000127        17.488673625657380     
   415.35161820106475        1.0000000000000118        17.462501493518793     
   415.57208084342193        1.0000000000000131        17.433589935500695     
   415.79254348577911        1.0000000000000140        17.401943607251265     
   416.01300612813628        1.0000000000000129        17.367567605590448     
   416.23346877049346        1.0000000000000131        17.330467467774355     
   416.45393141285064        1.0000000000000147        17.290649170741389     
   416.67439405520781        1.0000000000000147        17.248119130566714     
   416.89485669756499        1.0000000000000144        17.202884201598827     
   417.11531933992217        1.0000000000000144        17.154951675524490     
   417.33578198227934        1.0000000000000133        17.104329280661599     
   417.55624462463652        1.0000000000000131        17.051025180989530     
   417.77670726699370        1.0000000000000127        16.995047975072541     
   417.99716990935087        1.0000000000000133        16.936406695202336     
   418.21763255170805        1.0000000000000153        16.875110806310179     
   418.43809519406523        1.0000000000000151        16.811170204748368     
   418.65855783642240        1.0000000000000135        16.744595217300759     
   418.87902047877958        1.0000000000000135        16.675396600012913     
   419.09948312113676        1.0000000000000124        16.603585536860070     
   419.31994576349393        1.0000000000000118        16.529173638623671     
   419.54040840585111        1.0000000000000115        16.452172941637478     
   419.76087104820829        1.0000000000000113        16.372595906371096     
   419.98133369056546        1.0000000000000113        16.290455416213614     
   420.20179633292264        1.0000000000000102        16.205764776166635     
   420.42225897527982        1.0000000000000100        16.118537711359611     
   420.64272161763699        1.0000000000000098        16.028788365751527     
   420.86318425999417        1.0000000000000093        15.936531300796821     
   421.08364690235135        1.0000000000000080        15.841781493947037     
   421.30410954470852        1.0000000000000078        15.744554337317833     
   421.52457218706570        1.0000000000000091        15.644865636354760     
   421.74503482942288        1.0000000000000095        15.542731608350199     
   421.96549747178005        1.0000000000000091        15.438168881121047     
   422.18596011413723        1.0000000000000104        15.331194491734015     
   422.40642275649441        1.0000000000000102        15.221825885105783     
   422.62688539885158        1.0000000000000111        15.110080912748034     
   422.84734804120876        1.0000000000000102        14.995977831599749     
   423.06781068356594        1.0000000000000102        14.879535302779383     
   423.28827332592311        1.0000000000000082        14.760772390488590     
   423.50873596828029        1.0000000000000111        14.639708561043387     
   423.72919861063747        1.0000000000000113        14.516363681870645     
   423.94966125299464        1.0000000000000100        14.390758020665880     
   424.17012389535182        1.0000000000000107        14.262912244729083     
   424.39058653770900        1.0000000000000100        14.132847420337127     
   424.61104918006617        1.0000000000000111        14.000585012305347     
   424.83151182242335        1.0000000000000115        13.866146883776937     
   425.05197446478053        1.0000000000000113        13.729555296130288     
   425.27243710713770        1.0000000000000102        13.590832909130214     
   425.49289974949488        1.0000000000000100        13.450002781380389     
   425.71336239185206        1.0000000000000120        13.307088370999693     
   425.93382503420924        1.0000000000000113        13.162113536622092     
   426.15428767656641        1.0000000000000120        13.015102538789625     
   426.37475031892359        1.0000000000000115        12.866080041709699     
   426.59521296128077        1.0000000000000113        12.715071115464887     
   426.81567560363794        1.0000000000000104        12.562101238746900     
   427.03613824599512        1.0000000000000109        12.407196302136498     
   427.25660088835230        1.0000000000000111        12.250382612023834     
   427.47706353070947        1.0000000000000107        12.091686895245390     
   427.69752617306665        1.0000000000000107        11.931136304520610     
   427.91798881542383        1.0000000000000107        11.768758424803176     
   428.13845145778100        1.0000000000000089        11.604581280632694     
   428.35891410013818        1.0000000000000084        11.438633344642113     
   428.57937674249536        1.0000000000000069        11.270943547390257     
   428.79983938485253        1.0000000000000087        11.101541288622713     
   429.02030202720971        1.0000000000000107        10.930456450205570     
   429.24076466956689        1.0000000000000089        10.757719410990854     
   429.46122731192406        1.0000000000000080        10.583361063771278     
   429.68168995428124        1.0000000000000102        10.407412834688019     
   429.90215259663842        1.0000000000000095        10.229906705493566     
   430.12261523899559        1.0000000000000102        10.050875238925583     
   430.34307788135277        1.0000000000000087        9.8703516077339373     
   430.56354052370995        1.0000000000000089        9.6883696280021567     
   430.78400316606712        1.0000000000000075        9.5049637972154404     
   431.00446580842430        1.0000000000000082        9.3201693378889594     
   431.22492845078148        1.0000000000000075        9.1340222477747997     
   431.44539109313865        1.0000000000000069        8.9465593574684661     
   431.66585373549583        1.0000000000000087        8.7578183967043728     
   431.88631637785301        1.0000000000000098        8.5678380709991107     
   432.10677902021018        1.0000000000000087        8.3766581501333590     
   432.32724166256736        1.0000000000000084        8.1843195705913363     
   432.54770430492454        1.0000000000000073        7.9908645547374908     
   432.76816694728171        1.0000000000000078        7.7963367495045945     
   432.98862958963889        1.0000000000000064        7.6007813882702360     
   433.20909223199607        1.0000000000000058        7.4042454807426701     
   433.42955487435324        1.0000000000000060        7.2067780360756180     
   433.65001751671042        1.0000000000000056        7.0084303259229115     
   433.87048015906760        1.0000000000000058        6.8092561962202955     
   434.09094280142477        1.0000000000000080        6.6093124378323695     
   434.31140544378195        1.0000000000000064        6.4086592289388395     
   434.53186808613913        1.0000000000000064        6.2073606659990999     
   434.75233072849630        1.0000000000000047        6.0054854037330738     
   434.97279337085348        1.0000000000000042        5.8031074302325107     
   435.19325601321066        1.0000000000000038        5.6003070114722497     
   435.41371865556783        1.0000000000000031        5.3971718484473250     
   435.63418129792501        1.0000000000000020        5.1937985029872520     
   435.85464394028219        1.0000000000000011        4.9902941665616964     
   436.07510658263936        1.0000000000000018        4.7867788689109050     
   436.29556922499654        1.0000000000000009        4.5833882546270734     
   436.51603186735372       0.99999999999999944        4.3802771000565333     
   436.73649450971089        1.0000000000000000        4.1776238013327101     
   436.95695715206807       0.99999999999999967        3.9756361455618179     
   437.17741979442525       0.99999999999999989        3.7745587917721166     
   437.39788243678242       0.99999999999999978        3.5746830446591553     
   437.61834507913960       0.99999999999999967        3.3763597208527414     
   437.83880772149678       0.99999999999999989        3.1800162075821459     
   438.05927036385395        1.0000000000000000        2.9861792152527107     
   438.27973300621113       0.99999999999999944        2.7955052454381288     
   438.50019564856831        1.0000000000000009        2.6088214206085887     
   438.72065829092548        1.0000000000000009        2.4271799338605313     
   438.94112093328266        1.0000000000000007        2.2519296239937847     
   439.16158357563984        1.0000000000000009        2.0848071717529959     
   439.38204621799701        1.0000000000000004        1.9280461471377661     
   439.60250886035419        1.0000000000000018        1.7844907859690244     
   439.82297150271137        1.0000000000000022        1.6576772385545715     
   440.04343414506855        1.0000000000000013        1.5518044474880897     
   440.26389678742572        1.0000000000000016        1.4714726082258465     
   440.48435942978290        1.0000000000000024        1.4210738917979548     
   440.70482207214008        1.0000000000000004        1.4038686652113694     
   440.92528471449725        1.0000000000000011        1.4210738918616146     
   441.14574735685443        1.0000000000000002        1.4714726082926011     
   441.36620999921161       0.99999999999999933        1.5518044476140391     
   441.58667264156878       0.99999999999999967        1.6576772387298480     
   441.80713528392596        1.0000000000000004        1.7844907861324319     
   442.02759792628314        1.0000000000000002        1.9280461473355177     
   442.24806056864031        1.0000000000000002        2.0848071719832162     
   442.46852321099749       0.99999999999999989        2.2519296242094056     
   442.68898585335467        1.0000000000000002        2.4271799340956695     
   442.90944849571184        1.0000000000000002        2.6088214208600293     
   443.12991113806902        1.0000000000000000        2.7955052456691591     
   443.35037378042620        1.0000000000000011        2.9861792154972964     
   443.57083642278337        1.0000000000000007        3.1800162078425123     
   443.79129906514055       0.99999999999999967        3.3763597210946354     
   444.01176170749773        1.0000000000000016        3.5746830449080127     
   444.23222434985490        1.0000000000000000        3.7745587920339450     
   444.45268699221208        1.0000000000000000        3.9756361458110887     
   444.67314963456926        1.0000000000000000        4.1776238015919338     
   444.89361227692643        1.0000000000000013        4.3802771003286702     
   445.11407491928361        1.0000000000000013        4.5833882548841025     
   445.33453756164079        1.0000000000000020        4.7867788691719788     
   445.55500020399796        1.0000000000000018        4.9902941668353957     
   445.77546284635514        1.0000000000000002        5.1937985032495639     
   445.99592548871232        1.0000000000000018        5.3971718487110740     
   446.21638813106949        1.0000000000000011        5.6003070117434675     
   446.43685077342667        1.0000000000000009        5.8031074304898631     
   446.65731341578385        1.0000000000000009        6.0054854039910701     
   446.87777605814102        1.0000000000000000        6.2073606662674345     
   447.09823870049820        1.0000000000000004        6.4086592291957087     
   447.31870134285538        1.0000000000000022        6.6093124380857518     
   447.53916398521255        1.0000000000000007        6.8092561964809430     
   447.75962662756973        1.0000000000000000        7.0084303261747785     
   447.98008926992691       0.99999999999999856        7.2067780363268472     
   448.20055191228408        1.0000000000000000        7.4042454810026621     
   448.42101455464126       0.99999999999999933        7.6007813885211437     
   448.64147719699844       0.99999999999999978        7.7963367497512479     
   448.86193983935561       0.99999999999999833        7.9908645549923847     
   449.08240248171279       0.99999999999999811        8.1843195708408913     
   449.30286512406997       0.99999999999999989        8.3766581503789936     
   449.52332776642714       0.99999999999999933        8.5678380712499269     
   449.74379040878432       0.99999999999999900        8.7578183969481032     
   449.96425305114150       0.99999999999999922        8.9465593577072937     
   450.18471569349867       0.99999999999999900        9.1340222480200435     
   450.40517833585585       0.99999999999999867        9.3201693381300572     
   450.62564097821303       0.99999999999999978        9.5049637974504311     
   450.84610362057020       0.99999999999999944        9.6883696282402418     
   451.06656626292738       0.99999999999999734        9.8703516079682672     
   451.28702890528456       0.99999999999999778        10.050875239155186     
   451.50749154764173       0.99999999999999756        10.229906705726311     
   451.72795418999891       0.99999999999999722        10.407412834917158     
   451.94841683235609       0.99999999999999833        10.583361063994193     
   452.16887947471326       0.99999999999999745        10.757719411215247     
   452.38934211707044       0.99999999999999734        10.930456450428267     
   452.60980475942762       0.99999999999999889        11.101541288840988     
   452.83026740178479       0.99999999999999889        11.270943547608653     
   453.05073004414197       0.99999999999999911        11.438633344858161     
   453.27119268649915       0.99999999999999800        11.604581280844483     
   453.49165532885633       0.99999999999999845        11.768758425014413     
   453.71211797121350       0.99999999999999645        11.931136304730062     
   453.93258061357068       0.99999999999999667        12.091686895451280     
   454.15304325592786       0.99999999999999745        12.250382612227506     
   454.37350589828503       0.99999999999999689        12.407196302337990     
   454.59396854064221       0.99999999999999689        12.562101238945843     
   454.81443118299939       0.99999999999999800        12.715071115660807     
   455.03489382535656       0.99999999999999734        12.866080041902748     
   455.25535646771374       0.99999999999999667        13.015102538981319     
   455.47581911007092       0.99999999999999623        13.162113536810621     
   455.69628175242809       0.99999999999999500        13.307088371184699     
   455.91674439478527       0.99999999999999556        13.450002781564708     
   456.13720703714245       0.99999999999999556        13.590832909310558     
   456.35766967949962       0.99999999999999656        13.729555296306637     
   456.57813232185680       0.99999999999999634        13.866146883954556     
   456.79859496421398       0.99999999999999412        14.000585012478945     
   457.01905760657115       0.99999999999999556        14.132847420503934     
   457.23952024892833       0.99999999999999623        14.262912244896729     
   457.45998289128551       0.99999999999999489        14.390758020830452     
   457.68044553364268       0.99999999999999578        14.516363682028828     
   457.90090817599986       0.99999999999999734        14.639708561203738     
   458.12137081835704       0.99999999999999800        14.760772390644906     
   458.34183346071421       0.99999999999999722        14.879535302925955     
   458.56229610307139       0.99999999999999789        14.995977831749521     
   458.78275874542857       0.99999999999999734        15.110080912897052     
   459.00322138778574       0.99999999999999833        15.221825885244311     
   459.22368403014292       0.99999999999999933        15.331194491873834     
   459.44414667250010       0.99999999999999900        15.438168881258976     
   459.66460931485727       0.99999999999999711        15.542731608476920     
   459.88507195721445       0.99999999999999789        15.644865636486292     
   460.10553459957163       0.99999999999999878        15.744554337451520     
   460.32599724192880       0.99999999999999800        15.841781494066248     
   460.54645988428598       0.99999999999999811        15.936531300916576     
   460.76692252664316       0.99999999999999734        16.028788365874668     
   460.98738516900033       0.99999999999999789        16.118537711470204     
   461.20784781135751       0.99999999999999734        16.205764776279057     
   461.42831045371469       0.99999999999999822        16.290455416328953     
   461.64877309607186       0.99999999999999756        16.372595906468376     
   461.86923573842904       0.99999999999999778        16.452172941734144     
   462.08969838078622       0.99999999999999489        16.529173638729748     
   462.31016102314339       0.99999999999999700        16.603585536951652     
   462.53062366550057       0.99999999999999667        16.675396600100413     
   462.75108630785775       0.99999999999999656        16.744595217394142     
   462.97154895021492       0.99999999999999611        16.811170204824631     
   463.19201159257210       0.99999999999999656        16.875110806384185     
   463.41247423492928       0.99999999999999678        16.936406695289737     
   463.63293687728645       0.99999999999999722        16.995047975143304     
   463.85339951964363       0.99999999999999589        17.051025181050754     
   464.07386216200081       0.99999999999999589        17.104329280735573     
   464.29432480435798       0.99999999999999445        17.154951675587032     
   464.51478744671516       0.99999999999999434        17.202884201655337     
   464.73525008907234       0.99999999999999512        17.248119130637168     
   464.95571273142951       0.99999999999999478        17.290649170794431     
   465.17617537378669       0.99999999999999356        17.330467467812319     
   465.39663801614387       0.99999999999999367        17.367567605645480     
   465.61710065850104       0.99999999999999445        17.401943607297518     
   465.83756330085822       0.99999999999999445        17.433589935530865     
   466.05802594321540       0.99999999999999589        17.462501493561259     
   466.27848858557257       0.99999999999999500        17.488673625687948     
   466.49895122792975       0.99999999999999600        17.512102117850255     
   466.71941387028693       0.99999999999999467        17.532783198163497     
   466.93987651264410       0.99999999999999434        17.550713537393772     
   467.16033915500128       0.99999999999999434        17.565890249352176     
   467.38080179735846       0.99999999999999611        17.578310891267041     
   467.60126443971564       0.99999999999999467        17.587973464098386     
   467.82172708207281       0.99999999999999356        17.594876412769551     
   468.04218972442999       0.99999999999999301        17.599018626370373     
   468.26265236678717       0.99999999999999201        17.600399438307612     
   468.48311500914434       0.99999999999999312        17.599018626369570     
   468.70357765150152       0.99999999999999167        17.594876412760858     
   468.92404029385870       0.99999999999999167        17.587973464087280     
   469.14450293621587       0.99999999999999112        17.578310891254734     
   469.36496557857305       0.99999999999999090        17.565890249332501     
   469.58542822093023       0.99999999999999056        17.550713537372022     
   469.80589086328740       0.99999999999999101        17.532783198141228     
   470.02635350564458       0.99999999999999056        17.512102117819950     
   470.24681614800176       0.99999999999998945        17.488673625654251     
   470.46727879035893       0.99999999999998812        17.462501493527757     
   470.68774143271611       0.99999999999998823        17.433589935490808     
   470.90820407507329       0.99999999999998768        17.401943607253987     
   471.12866671743046       0.99999999999998801        17.367567605601614     
   471.34912935978764       0.99999999999998823        17.330467467761249     
   471.56959200214482       0.99999999999998812        17.290649170739371     
   471.79005464450199       0.99999999999998734        17.248119130583071     
   472.01051728685917       0.99999999999998712        17.202884201595111     
   472.23097992921635       0.99999999999998657        17.154951675521726     
   472.45144257157352       0.99999999999998568        17.104329280670299     
   472.67190521393070       0.99999999999998612        17.051025180979774     
   472.89236785628788       0.99999999999998546        16.995047975067752     
   473.11283049864505       0.99999999999998546        16.936406695214856     
   473.33329314100223       0.99999999999998646        16.875110806303560     
   473.55375578335941       0.99999999999998546        16.811170204737941     
   473.77421842571658       0.99999999999998501        16.744595217307662     
   473.99468106807376       0.99999999999998512        16.675396600009751     
   474.21514371043094       0.99999999999998579        16.603585536855483     
   474.43560635278811       0.99999999999998479        16.529173638633495     
   474.65606899514529       0.99999999999998435        16.452172941633421     
   474.87653163750247       0.99999999999998446        16.372595906361539     
   475.09699427985964       0.99999999999998357        16.290455416222471     
   475.31745692221682       0.99999999999998368        16.205764776169403     
   475.53791956457400       0.99999999999998512        16.118537711354335     
   475.75838220693117       0.99999999999998501        16.028788365757897     
   475.97884484928835       0.99999999999998435        15.936531300796684     
   476.19930749164553       0.99999999999998490        15.841781493940605     
   476.41977013400270       0.99999999999998423        15.744554337325471     
   476.64023277635988       0.99999999999998390        15.644865636357698     
   476.86069541871706       0.99999999999998468        15.542731608341896     
   477.08115806107423       0.99999999999998535        15.438168881122488     
   477.30162070343141       0.99999999999998568        15.331194491735429     
   477.52208334578859       0.99999999999998646        15.221825885100436     
   477.74254598814576       0.99999999999998634        15.110080912751522     
   477.96300863050294       0.99999999999998745        14.995977831601792     
   478.18347127286012       0.99999999999998646        14.879535302772588     
   478.40393391521729       0.99999999999998701        14.760772390489688     
   478.62439655757447       0.99999999999998834        14.639708561047327     
   478.84485919993165       0.99999999999998801        14.516363681867427     
   479.06532184228882       0.99999999999998901        14.390758020666500     
   479.28578448464600       0.99999999999998812        14.262912244731112     
   479.50624712700318       0.99999999999998801        14.132847420333819     
   479.72670976936035       0.99999999999998856        14.000585012306452     
   479.94717241171753       0.99999999999998723        13.866146883780571     
   480.16763505407471       0.99999999999998668        13.729555296128479     
   480.38809769643188       0.99999999999998712        13.590832909129487     
   480.60856033878906       0.99999999999998712        13.450002781382040     
   480.82902298114624       0.99999999999998723        13.307088370998743     
   481.04948562350341       0.99999999999998734        13.162113536621868     
   481.26994826586059       0.99999999999998768        13.015102538790577     
   481.49041090821777       0.99999999999998701        12.866080041709012     
   481.71087355057495       0.99999999999998701        12.715071115464413     
   481.93133619293212       0.99999999999998701        12.562101238747195     
   482.15179883528930       0.99999999999998734        12.407196302136839     
   482.37226147764648       0.99999999999998779        12.250382612023841     
   482.59272412000365       0.99999999999998745        12.091686895244878     
   482.81318676236083       0.99999999999998768        11.931136304521809     
   483.03364940471801       0.99999999999998668        11.768758424804115     
   483.25411204707518       0.99999999999998701        11.604581280630725     
   483.47457468943236       0.99999999999998701        11.438633344642758     
   483.69503733178954       0.99999999999998779        11.270943547392108     
   483.91549997414671       0.99999999999998734        11.101541288620734     
   484.13596261650389       0.99999999999998690        10.930456450206318     
   484.35642525886107       0.99999999999998690        10.757719410992413     
   484.57688790121824       0.99999999999998679        10.583361063766780     
   484.79735054357542       0.99999999999998623        10.407412834688371     
   485.01781318593260       0.99999999999998745        10.229906705498276     
   485.23827582828977       0.99999999999998723        10.050875238921904     
   485.45873847064695       0.99999999999998657        9.8703516077324842     
   485.67920111300413       0.99999999999998723        9.6883696280060700     
   485.89966375536130       0.99999999999998856        9.5049637972114791     
   486.12012639771848       0.99999999999998779        9.3201693378893644     
   486.34058904007566       0.99999999999998823        9.1340222477824646     
   486.56105168243283       0.99999999999998823        8.9465593574633608     
   486.78151432479001       0.99999999999998868        8.7578183967004328     
   487.00197696714719       0.99999999999998879        8.5678380710076496     
   487.22243960950436       0.99999999999998901        8.3766581501319877     
   487.44290225186154       0.99999999999998834        8.1843195705891034     
   487.66336489421872       0.99999999999998834        7.9908645547458512     
   487.88382753657589       0.99999999999998956        7.7963367494986073     
   488.10429017893307       0.99999999999998834        7.6007813882628934     
   488.32475282129025       0.99999999999998890        7.4042454807541134     
   488.54521546364742       0.99999999999998801        7.2067780360738931     
   488.76567810600460       0.99999999999998812        7.0084303259119167     
   488.98614074836178       0.99999999999998745        6.8092561962267482     
   489.20660339071895       0.99999999999998668        6.6093124378287982     
   489.42706603307613       0.99999999999998646        6.4086592289296131     
   489.64752867543331       0.99999999999998512        6.2073606660136500     
   489.86799131779048       0.99999999999998390        6.0054854037338234     
   490.08845396014766       0.99999999999998568        5.8031074302162420     
   490.30891660250484       0.99999999999998723        5.6003070114836833     
   490.52937924486201       0.99999999999998679        5.3971718484552325     
   490.74984188721919       0.99999999999998601        5.1937985029773381     
   490.97030452957637       0.99999999999998490        4.9902941665761924     
   491.19076717193354       0.99999999999998623        4.7867788689152269     
   491.41122981429072       0.99999999999998590        4.5833882546059126     
   491.63169245664790       0.99999999999998512        4.3802771000710621     
   491.85215509900507       0.99999999999998646        4.1776238013485036     
   492.07261774136225       0.99999999999998535        3.9756361455392297     
   492.29308038371943       0.99999999999998501        3.7745587917749406     
   492.51354302607660       0.99999999999998468        3.5746830446666000     
   492.73400566843378       0.99999999999998368        3.3763597208251213     
   492.95446831079096       0.99999999999998468        3.1800162075942189     
   493.17493095314813       0.99999999999998412        2.9861792152751394     
   493.39539359550531       0.99999999999998324        2.7955052454002565     
   493.61585623786249       0.99999999999998146        2.6088214206047367     
   493.83631888021966       0.99999999999998257        2.4271799338918378     
   494.05678152257684       0.99999999999998379        2.2519296239695050     
   494.27724416493402       0.99999999999998379        2.0848071717600818     
   494.49770680729119       0.99999999999998390        1.9280461471741945     
   494.71816944964837       0.99999999999998501        1.7844907859202821     
   494.93863209200555       0.99999999999998412        1.6576772385475707     
   495.15909473436272       0.99999999999998457        1.5518044475564634     
   495.37955737671990       0.99999999999998279        1.4714726081983094     
   495.60002001907708       0.99999999999998401        1.4210738917766463     
   495.82048266143426       0.99999999999998379        1.4038686652586794     
   496.04094530379143       0.99999999999998446        1.4210738918254704     
   496.26140794614861       0.99999999999998113        1.4714726082798806     
   496.48187058850579       0.99999999999998157        1.5518044476765673     
   496.70233323086296       0.99999999999998190        1.6576772387022418     
   496.92279587322014       0.99999999999998124        1.7844907860921544     
   497.14325851557732       0.99999999999998157        1.9280461473662649     
   497.36372115793449       0.99999999999998124        2.0848071719718031     
   497.58418380029167       0.99999999999998146        2.2519296241881728     
   497.80464644264885       0.99999999999998157        2.4271799341201139     
   498.02510908500602       0.99999999999998235        2.6088214208449463     
   498.24557172736320       0.99999999999998235        2.7955052456430214     
   498.46603436972038       0.99999999999998235        2.9861792155217035     
   498.68649701207755       0.99999999999998079        3.1800162078479692     
   498.90695965443473       0.99999999999998279        3.3763597210793224     
   499.12742229679191       0.99999999999998312        3.5746830449218034     
   499.34788493914908       0.99999999999998190        3.7745587920349881     
   499.56834758150626       0.99999999999998224        3.9756361457989930     
   499.78881022386344       0.99999999999998201        4.1776238016076581     
   500.00927286622061       0.99999999999998213        4.3802771003336174     
   500.22973550857779       0.99999999999998224        4.5833882548681961     
   500.45019815093497       0.99999999999997979        4.7867788691761035     
   500.67066079329214       0.99999999999998046        4.9902941668391145     
   500.89112343564932       0.99999999999997990        5.1937985032396332     
   501.11158607800650       0.99999999999998102        5.3971718487155407     
   501.33204872036367       0.99999999999998146        5.6003070117454312     
   501.55251136272085       0.99999999999998124        5.8031074304776649     
   501.77297400507803       0.99999999999998168        6.0054854039930419     
   501.99343664743520       0.99999999999998168        6.2073606662735141     
   502.21389928979238       0.99999999999998157        6.4086592291891451     
   502.43436193214956       0.99999999999998257        6.6093124380860999     
   502.65482457450673       0.99999999999998301        6.8092561964841085     
   502.87528721686391       0.99999999999998246        7.0084303261687229     
   503.09574985922109       0.99999999999998279        7.2067780363281040     
   503.31621250157826       0.99999999999998168        7.4042454810077487     
   503.53667514393544       0.99999999999998213        7.6007813885160207     
   503.75713778629262       0.99999999999998179        7.7963367497493321     
   503.97760042864979       0.99999999999998157        7.9908645549955963     
   504.19806307100697       0.99999999999998368        8.1843195708381398     
   504.41852571336415       0.99999999999998368        8.3766581503785833     
   504.63898835572132       0.99999999999998290        8.5678380712529076     
   504.85945099807850       0.99999999999998357        8.7578183969449075     
   505.07991364043568       0.99999999999998201        8.9465593577053877     
   505.30037628279285       0.99999999999998168        9.1340222480227116     
   505.52083892515003       0.99999999999998290        9.3201693381285242     
   505.74130156750721       0.99999999999998168        9.5049637974483563     
   505.96176420986438       0.99999999999998235        9.6883696282410465     
   506.18222685222156       0.99999999999998279        9.8703516079662439     
   506.40268949457874       0.99999999999998168        10.050875239153328     
   506.62315213693591       0.99999999999998068        10.229906705727535     
   506.84361477929309       0.99999999999998224        10.407412834916151     
   507.06407742165027       0.99999999999998179        10.583361063992314     
   507.28454006400744       0.99999999999998135        10.757719411215652     
   507.50500270636462       0.99999999999998124        10.930456450427810     
   507.72546534872180       0.99999999999998190        11.101541288839924     
   507.94592799107897       0.99999999999998268        11.270943547608907     
   508.16639063343615       0.99999999999998268        11.438633344857584     
   508.38685327579333       0.99999999999998135        11.604581280843265     
   508.60731591815050       0.99999999999998079        11.768758425014161     
   508.82777856050768       0.99999999999998201        11.931136304729636     
   509.04824120286486       0.99999999999998079        12.091686895450307     
   509.26870384522203       0.99999999999998113        12.250382612226833     
   509.48916648757921       0.99999999999998046        12.407196302337393     
   509.70962912993639       0.99999999999997946        12.562101238945280     
   509.93009177229357       0.99999999999997924        12.715071115660056     
   510.15055441465074       0.99999999999997857        12.866080041902043     
   510.37101705700792       0.99999999999997879        13.015102538981010     
   510.59147969936510       0.99999999999997957        13.162113536809818     
   510.81194234172227       0.99999999999997857        13.307088371183948     
   511.03240498407945       0.99999999999997913        13.450002781564477     
   511.25286762643663       0.99999999999997813        13.590832909309514     
   511.47333026879380       0.99999999999997902        13.729555296305602     
   511.69379291115098       0.99999999999997957        13.866146883954725     
   511.91425555350816       0.99999999999997924        14.000585012478162     
   512.13471819586539       0.99999999999997824        14.132847420502586     
   512.35518083822262       0.99999999999997669        14.262912244896722     
   512.57564348057986       0.99999999999997757        14.390758020829660     
   512.79610612293709       0.99999999999997780        14.516363682027526     
   513.01656876529432       0.99999999999997791        14.639708561203966     
   513.23703140765156       0.99999999999997746        14.760772390644009     
   513.45749405000879       0.99999999999997791        14.879535302923907     
   513.67795669236602       0.99999999999997768        14.995977831749473     
   513.89841933472326       0.99999999999997713        15.110080912896631     
   514.11888197708049       0.99999999999997757        15.221825885242588     
   514.33934461943772       0.99999999999997780        15.331194491873784     
   514.55980726179496       0.99999999999997757        15.438168881258420     
   514.78026990415219       0.99999999999997791        15.542731608474879     
   515.00073254650943       0.99999999999997935        15.644865636486500     
   515.22119518886666       0.99999999999997935        15.744554337451662     
   515.44165783122389       0.99999999999997946        15.841781494064104     
   515.66212047358113       0.99999999999998046        15.936531300916032     
   515.88258311593836       0.99999999999997924        16.028788365874462     
   516.10304575829559       0.99999999999998035        16.118537711468090     
   516.32350840065283       0.99999999999997935        16.205764776278681     
   516.54397104301006       0.99999999999997835        16.290455416328840     
   516.76443368536729       0.99999999999997935        16.372595906465584     
   516.98489632772453       0.99999999999997957        16.452172941732858     
   517.20535897008176       0.99999999999997935        16.529173638729734     
   517.42582161243899       0.99999999999998035        16.603585536949350     
   517.64628425479623       0.99999999999997946        16.675396600099173     
   517.86674689715346       0.99999999999997879        16.744595217393979     
   518.08720953951070       0.99999999999997868        16.811170204822055     
   518.30767218186793       0.99999999999997935        16.875110806382949     
   518.52813482422516       0.99999999999997902        16.936406695290351     
   518.74859746658240       0.99999999999997824        16.995047975141279     
   518.96906010893963       0.99999999999997879        17.051025181048860     
   519.18952275129686       0.99999999999997990        17.104329280735527     
   519.40998539365410       0.99999999999997935        17.154951675584876     
   519.63044803601133       0.99999999999997968        17.202884201653561     
   519.85091067836856       0.99999999999997946        17.248119130637406     
   520.07137332072580       0.99999999999997924        17.290649170792047     
   520.29183596308303       0.99999999999997613        17.330467467809516     
   520.51229860544026       0.99999999999997624        17.367567605645199     
   520.73276124779750       0.99999999999997569        17.401943607295500     
   520.95322389015473       0.99999999999997735        17.433589935528119     
   521.17368653251197       0.99999999999997613        17.462501493560477     
   521.39414917486920       0.99999999999997635        17.488673625685323     
   521.61461181722643       0.99999999999997735        17.512102117846958     
   521.83507445958367       0.99999999999997535        17.532783198162900     
   522.05553710194090       0.99999999999997335        17.550713537391847     
   522.27599974429813       0.99999999999997258        17.565890249348847     
   522.49646238665537       0.99999999999997269        17.578310891265900     
   522.71692502901260       0.99999999999997324        17.587973464096475     
   522.93738767136983       0.99999999999997136        17.594876412766340     
   523.15785031372707       0.99999999999997113        17.599018626369425     
   523.37831295608430       0.99999999999997102        17.600399438305637     
   523.59877559844153       0.99999999999997025        17.599018626365652     
   523.81923824079877       0.99999999999997236        17.594876412759035     
   524.03970088315600       0.99999999999997136        17.587973464085369     
   524.26016352551324       0.99999999999997125        17.578310891251107     
   524.48062616787047       0.99999999999997247        17.565890249330476     
   524.70108881022770       0.99999999999997258        17.550713537369717     
   524.92155145258494       0.99999999999997280        17.532783198136983     
   525.14201409494217       0.99999999999997335        17.512102117817488     
   525.36247673729940       0.99999999999997380        17.488673625652151     
   525.58293937965664       0.99999999999997313        17.462501493523565     
   525.80340202201387       0.99999999999997224        17.433589935487685     
   526.02386466437110       0.99999999999997169        17.401943607251329     
   526.24432730672834       0.99999999999997180        17.367567605597380     
   526.46478994908557       0.99999999999997102        17.330467467758197     
   526.68525259144280       0.99999999999997280        17.290649170736998     
   526.90571523380004       0.99999999999997247        17.248119130578615     
   527.12617787615727       0.99999999999997269        17.202884201591335     
   527.34664051851450       0.99999999999997347        17.154951675519055     
   527.56710316087174       0.99999999999997413        17.104329280666022     
   527.78756580322897       0.99999999999997324        17.051025180975859     
   528.00802844558621       0.99999999999997347        16.995047975064729     
   528.22849108794344       0.99999999999997224        16.936406695210163     
   528.44895373030067       0.99999999999997280        16.875110806299304     
   528.66941637265791       0.99999999999997213        16.811170204734960     
   528.88987901501514       0.99999999999997258        16.744595217303196     
   529.11034165737237       0.99999999999997236        16.675396600004976     
   529.33080429972961       0.99999999999997169        16.603585536851742     
   529.55126694208684       0.99999999999997158        16.529173638628560     
   529.77172958444407       0.99999999999997202        16.452172941628373     
   529.99219222680131       0.99999999999997180        16.372595906357663     
   530.21265486915854       0.99999999999997091        16.290455416217458     
   530.43311751151577       0.99999999999997136        16.205764776163868     
   530.65358015387301       0.99999999999997125        16.118537711350029     
   530.87404279623024       0.99999999999997258        16.028788365752916     
   531.09450543858748       0.99999999999997113        15.936531300791231     
   531.31496808094471       0.99999999999997158        15.841781493936031     
   531.53543072330194       0.99999999999997036        15.744554337320178     
   531.75589336565918       0.99999999999996980        15.644865636351826     
   531.97635600801641       0.99999999999996947        15.542731608337006     
   532.19681865037364       0.99999999999996958        15.438168881117248     
   532.41728129273088       0.99999999999997091        15.331194491729404     
   532.63774393508811       0.99999999999997158        15.221825885095102     
   532.85820657744534       0.99999999999997058        15.110080912745865     
   533.07866921980258       0.99999999999997180        14.995977831595583     
   533.29913186215981       0.99999999999997125        14.879535302766968     
   533.51959450451704       0.99999999999997136        14.760772390483877     
   533.74005714687428       0.99999999999997202        14.639708561040763     
   533.96051978923151       0.99999999999997202        14.516363681861332     
   534.18098243158875       0.99999999999997136        14.390758020660428     
   534.40144507394598       0.99999999999997136        14.262912244724481     
   534.62190771630321       0.99999999999997113        14.132847420327426     
   534.84237035866045       0.99999999999997113        14.000585012300009     
   535.06283300101768       0.99999999999997269        13.866146883773649     
   535.28329564337491       0.99999999999997191        13.729555296121719     
   535.50375828573215       0.99999999999997080        13.590832909122774     
   535.72422092808938       0.99999999999997136        13.450002781374936     
   535.94468357044661       0.99999999999997147        13.307088370991634     
   536.16514621280385       0.99999999999997102        13.162113536614781     
   536.38560885516108       0.99999999999997202        13.015102538783275     
   536.60607149751831       0.99999999999997158        12.866080041701657     
   536.82653413987555       0.99999999999997280        12.715071115457025     
   537.04699678223278       0.99999999999997247        12.562101238739613     
   537.26745942459002       0.99999999999997291        12.407196302129140     
   537.48792206694725       0.99999999999997313        12.250382612016057     
   537.70838470930448       0.99999999999997280        12.091686895237055     
   537.92884735166172       0.99999999999997258        11.931136304513819     
   538.14930999401895       0.99999999999997291        11.768758424795941     
   538.36977263637618       0.99999999999997247        11.604581280622698     
   538.59023527873342       0.99999999999997347        11.438633344634582     
   538.81069792109065       0.99999999999997391        11.270943547383578     
   539.03116056344788       0.99999999999997313        11.101541288612401     
   539.25162320580512       0.99999999999997369        10.930456450197971     
   539.47208584816235       0.99999999999997358        10.757719410983626     
   539.69254849051958       0.99999999999997380        10.583361063758279     
   539.91301113287682       0.99999999999997380        10.407412834679866     
   540.13347377523405       0.99999999999997280        10.229906705489144     
   540.35393641759129       0.99999999999997391        10.050875238913090     
   540.57439905994852       0.99999999999997247        9.8703516077238600     
   540.79486170230575       0.99999999999997213        9.6883696279966713     
   541.01532434466299       0.99999999999997213        9.5049637972022882     
   541.23578698702022       0.99999999999997324        9.3201693378804169     
   541.45624962937745       0.99999999999997236        9.1340222477726840     
   541.67671227173469       0.99999999999997258        8.9465593574538840     
   541.89717491409192       0.99999999999997236        8.7578183966915297     
   542.11763755644915       0.99999999999997158        8.5678380709977020     
   542.33810019880639       0.99999999999997247        8.3766581501221200     
   542.55856284116362       0.99999999999997125        8.1843195705799907     
   542.77902548352085       0.99999999999997202        7.9908645547357438     
   542.99948812587809       0.99999999999997191        7.7963367494885327     
   543.21995076823532       0.99999999999997125        7.6007813882537096     
   543.44041341059256       0.99999999999997258        7.4042454807436666     
   543.66087605294979       0.99999999999997191        7.2067780360632776     
   543.88133869530702       0.99999999999997280        7.0084303259026983     
   544.10180133766426       0.99999999999997213        6.8092561962165128     
   544.32226398002149       0.99999999999997036        6.6093124378180459     
   544.54272662237872       0.99999999999996980        6.4086592289201567     
   544.76318926473596       0.99999999999997069        6.2073606660029839     
   544.98365190709319       0.99999999999997002        6.0054854037225187     
   545.20411454945042       0.99999999999996936        5.8031074302067536     
   545.42457719180766       0.99999999999996958        5.6003070114730411     
   545.64503983416489       0.99999999999996991        5.3971718484433255     
   545.86550247652212       0.99999999999996980        5.1937985029673799     
   546.08596511887936       0.99999999999996925        4.9902941665656124     
   546.30642776123659       0.99999999999996947        4.7867788689034683     
   546.52689040359382       0.99999999999996925        4.5833882545964055     
   546.74735304595106       0.99999999999996880        4.3802771000607112     
   546.96781568830829       0.99999999999996925        4.1776238013360691     
   547.18827833066553       0.99999999999996791        3.9756361455294522     
   547.40874097302276       0.99999999999996825        3.7745587917651822     
   547.62920361537999       0.99999999999996825        3.5746830446544031     
   547.84966625773723       0.99999999999996758        3.3763597208154783     
   548.07012890009446       0.99999999999996780        3.1800162075846963     
   548.29059154245169       0.99999999999996692        2.9861792152627231     
   548.51105418480893       0.99999999999996780        2.7955052453912645     
   548.73151682716616       0.99999999999996725        2.6088214205967399     
   548.95197946952339       0.99999999999996714        2.4271799338794384     
   549.17244211188063       0.99999999999996669        2.2519296239599349     
   549.39290475423786       0.99999999999996669        2.0848071717526300     
   549.61336739659509       0.99999999999996658        1.9280461471625212     
   549.83383003895233       0.99999999999996758        1.7844907859127346     
   550.05429268130956       0.99999999999996803        1.6576772385436016     
   550.27475532366680       0.99999999999996592        1.5518044475469122     
   550.49521796602403       0.99999999999996669        1.4714726081933560     
   550.71568060838126       0.99999999999996747        1.4210738917782619     
   550.93614325073850       0.99999999999996703        1.4038686652554375     
   551.15660589309573       0.99999999999996847        1.4210738918256813     
   551.37706853545296       0.99999999999996836        1.4714726082858327     
   551.59753117781020       0.99999999999996658        1.5518044476780268     
   551.81799382016743       0.99999999999996536        1.6576772387067797     
   552.03845646252466       0.99999999999996636        1.7844907861025856     
   552.25891910488190       0.99999999999996703        1.9280461473729926     
   552.47938174723913       0.99999999999996725        2.0848071719790808     
   552.69984438959636       0.99999999999996647        2.2519296241995512     
   552.92030703195360       0.99999999999996658        2.4271799341290397     
   553.14076967431083       0.99999999999996736        2.6088214208539626     
   553.36123231666807       0.99999999999996658        2.7955052456550180     
   553.58169495902530       0.99999999999996825        2.9861792155314397     
   553.80215760138253       0.99999999999996791        3.1800162078570908     
   554.02262024373977       0.99999999999996780        3.3763597210911853     
   554.24308288609700       0.99999999999996736        3.5746830449326064     
   554.46354552845423       0.99999999999996725        3.7745587920450654     
   554.68400817081147       0.99999999999996714        3.9756361458109573     
   554.90447081316870       0.99999999999996747        4.1776238016187177     
   555.12493345552593       0.99999999999996803        4.3802771003439229     
   555.34539609788317       0.99999999999996680        4.5833882548802265     
   555.56585874024040       0.99999999999996503        4.7867788691876445     
   555.78632138259763       0.99999999999996592        4.9902941668497114     
   556.00678402495487       0.99999999999996447        5.1937985032514300     
   556.22724666731210       0.99999999999996503        5.3971718487271865     
   556.44770930966934       0.99999999999996492        5.6003070117563682     
   556.66817195202657       0.99999999999996547        5.8031074304895780     
   556.88863459438380       0.99999999999996458        6.0054854040047880     
   557.10909723674104       0.99999999999996381        6.2073606662844005     
   557.32955987909827       0.99999999999996436        6.4086592292007314     
   557.55002252145550       0.99999999999996414        6.6093124380977901     
   557.77048516381274       0.99999999999996425        6.8092561964951388     
   557.99094780616997       0.99999999999996381        7.0084303261802052     
   558.21141044852720       0.99999999999996336        7.2067780363396672     
   558.43187309088444       0.99999999999996381        7.4042454810187142     
   558.65233573324167       0.99999999999996347        7.6007813885274009     
   558.87279837559890       0.99999999999996314        7.7963367497609077     
   559.09326101795614       0.99999999999996247        7.9908645550066035     
   559.31372366031337       0.99999999999996270        8.1843195708492811     
   559.53418630267061       0.99999999999996270        8.3766581503898738     
   559.75464894502784       0.99999999999996214        8.5678380712637932     
   559.97511158738507       0.99999999999996148        8.7578183969558978     
   560.19557422974231       0.99999999999996159        8.9465593577165414     
   560.41603687209954       0.99999999999996192        9.1340222480334692     
   560.63649951445677       0.99999999999996225        9.3201693381393049     
   560.85696215681401       0.99999999999996370        9.5049637974592986     
   561.07742479917124       0.99999999999996381        9.6883696282517189     
   561.29788744152847       0.99999999999996414        9.8703516079768612     
   561.51835008388571       0.99999999999996425        10.050875239164043     
   561.73881272624294       0.99999999999996592        10.229906705737976     
   561.95927536860017       0.99999999999996558        10.407412834926513     
   562.17973801095741       0.99999999999996492        10.583361064002775     
   562.40020065331464       0.99999999999996503        10.757719411225889     
   562.62066329567187       0.99999999999996614        10.930456450437925     
   562.84112593802911       0.99999999999996680        11.101541288850063     
   563.06158858038634       0.99999999999996658        11.270943547618868     
   563.28205122274358       0.99999999999996658        11.438633344867439     
   563.50251386510081       0.99999999999996569        11.604581280853102     
   563.72297650745804       0.99999999999996558        11.768758425023830     
   563.94343914981528       0.99999999999996625        11.931136304739152     
   564.16390179217251       0.99999999999996658        12.091686895459789     
   564.38436443452974       0.99999999999996736        12.250382612236175     
   564.60482707688698       0.99999999999996769        12.407196302346629     
   564.82528971924421       0.99999999999996836        12.562101238954435     
   565.04575236160144       0.99999999999996825        12.715071115669103     
   565.26621500395868       0.99999999999996825        12.866080041910964     
   565.48667764631591       0.99999999999996969        13.015102538989789     
   565.70714028867314       0.99999999999996880        13.162113536818426     
   565.92760293103038       0.99999999999996891        13.307088371192481     
   566.14806557338761       0.99999999999996914        13.450002781572877     
   566.36852821574485       0.99999999999996936        13.590832909317752     
   566.58899085810208       0.99999999999997014        13.729555296313746     
   566.80945350045931       0.99999999999997002        13.866146883962717     
   567.02991614281655       0.99999999999996914        14.000585012486031     
   567.25037878517378       0.99999999999996902        14.132847420510391     
   567.47084142753101       0.99999999999997025        14.262912244904342     
   567.69130406988825       0.99999999999996902        14.390758020837158     
   567.91176671224548       0.99999999999996958        14.516363682034937     
   568.13222935460271       0.99999999999996947        14.639708561211231     
   568.35269199695995       0.99999999999996925        14.760772390651121     
   568.57315463931718       0.99999999999996925        14.879535302930998     
   568.79361728167441       0.99999999999996914        14.995977831756354     
   569.01407992403165       0.99999999999996858        15.110080912903340     
   569.23454256638888       0.99999999999996969        15.221825885249292     
   569.45500520874612       0.99999999999996947        15.331194491880316     
   569.67546785110335       0.99999999999996969        15.438168881264712     
   569.89593049346058       0.99999999999996991        15.542731608481141     
   570.11639313581782       0.99999999999996880        15.644865636492577     
   570.33685577817505       0.99999999999996847        15.744554337457476     
   570.55731842053228       0.99999999999996902        15.841781494069881     
   570.77778106288952       0.99999999999996925        15.936531300921668     
   570.99824370524675       0.99999999999996969        16.028788365879794     
   571.21870634760398       0.99999999999996891        16.118537711473390     
   571.43916898996122       0.99999999999996991        16.205764776283786     
   571.65963163231845       0.99999999999996947        16.290455416333749     
   571.88009427467568       0.99999999999996936        16.372595906470405     
   572.10055691703292       0.99999999999996980        16.452172941737604     
   572.32101955939015       0.99999999999996947        16.529173638734139     
   572.54148220174739       0.99999999999996991        16.603585536953684     
   572.76194484410462       0.99999999999996914        16.675396600103380     
   572.98240748646185       0.99999999999996925        16.744595217397908     
   573.20287012881909       0.99999999999996869        16.811170204825878     
   573.42333277117632       0.99999999999996925        16.875110806386651     
   573.64379541353355       0.99999999999996914        16.936406695293766     
   573.86425805589079       0.99999999999996914        16.995047975144608     
   574.08472069824802       0.99999999999996869        17.051025181052090     
   574.30518334060525       0.99999999999996869        17.104329280738440     
   574.52564598296249       0.99999999999996769        17.154951675587707     
   574.74610862531972       0.99999999999996803        17.202884201656289     
   574.96657126767695       0.99999999999996869        17.248119130639815     
   575.18703391003419       0.99999999999996902        17.290649170794342     
   575.40749655239142       0.99999999999996803        17.330467467811811     
   575.62795919474866       0.99999999999996847        17.367567605647142     
   575.84842183710589       0.99999999999996891        17.401943607297309     
   576.06888447946312       0.99999999999996925        17.433589935529923     
   576.28934712182036       0.99999999999996914        17.462501493561927     
   576.50980976417759       0.99999999999996858        17.488673625686630     
   576.73027240653482       0.99999999999996836        17.512102117848183     
   576.95073504889206       0.99999999999996869        17.532783198163912     
   577.17119769124929       0.99999999999996880        17.550713537392667     
   577.39166033360652       0.99999999999996869        17.565890249349586     
   577.61212297596376       0.99999999999996969        17.578310891266366     
   577.83258561832099       0.99999999999996914        17.587973464096738     
   578.05304826067822       0.99999999999996880        17.594876412766620     
   578.27351090303546       0.99999999999996902        17.599018626369421     
   578.49397354539269       0.99999999999996891        17.600399438305416     
   578.71443618774993       0.99999999999996991        17.599018626365368     
   578.93489883010716       0.99999999999996958        17.594876412758520     
   579.15536147246439       0.99999999999997069        17.587973464084627     
   579.37582411482163       0.99999999999997113        17.578310891250307     
   579.59628675717886       0.99999999999997202        17.565890249329467     
   579.81674939953609       0.99999999999997236        17.550713537368512     
   580.03721204189333       0.99999999999997258        17.532783198135771     
   580.25767468425056       0.99999999999997291        17.512102117816035     
   580.47813732660779       0.99999999999997236        17.488673625650485     
   580.69859996896503       0.99999999999997236        17.462501493521817     
   580.91906261132226       0.99999999999997302        17.433589935485795     
   581.13952525367949       0.99999999999997391        17.401943607249184     
   581.35998789603673       0.99999999999997413        17.367567605595085     
   581.58045053839396       0.99999999999997424        17.330467467755739     
   581.80091318075119       0.99999999999997480        17.290649170734348     
   582.02137582310843       0.99999999999997413        17.248119130575844     
   582.24183846546566       0.99999999999997369        17.202884201588418     
   582.46230110782290       0.99999999999997180        17.154951675515886     
   582.68276375018013       0.99999999999997335        17.104329280662707     
   582.90322639253736       0.99999999999997236        17.051025180972445     
   583.12368903489460       0.99999999999997180        16.995047975061059     
   583.34415167725183       0.99999999999997313        16.936406695206358     
   583.56461431960906       0.99999999999997236        16.875110806295368     
   583.78507696196630       0.99999999999997091        16.811170204730782     
   584.00553960432353       0.99999999999997102        16.744595217298937     
   584.22600224668076       0.99999999999997113        16.675396600000674     
   584.44646488903800       0.99999999999997102        16.603585536847145     
   584.66692753139523       0.99999999999997291        16.529173638623849     
   584.88739017375246       0.99999999999997358        16.452172941623548     
   585.10785281610970       0.99999999999997302        16.372595906352572     
   585.32831545846693       0.99999999999997258        16.290455416212183     
   585.54877810082417       0.99999999999997380        16.205764776158471     
   585.76924074318140       0.99999999999997335        16.118537711344445     
   585.98970338553863       0.99999999999997202        16.028788365747182     
   586.21016602789587       0.99999999999997191        15.936531300785381     
   586.43062867025310       0.99999999999997335        15.841781493929993     
   586.65109131261033       0.99999999999997169        15.744554337313975     
   586.87155395496757       0.99999999999997269        15.644865636345507     
   587.09201659732480       0.99999999999997291        15.542731608330547     
   587.31247923968203       0.99999999999997324        15.438168881110558     
   587.53294188203927       0.99999999999997324        15.331194491722645     
   587.75340452439650       0.99999999999997324        15.221825885088137     
   587.97386716675373       0.99999999999997424        15.110080912738761     
   588.19432980911097       0.99999999999997358        14.995977831588347     
   588.41479245146820       0.99999999999997335        14.879535302759583     
   588.63525509382544       0.99999999999997258        14.760772390476331     
   588.85571773618267       0.99999999999997236        14.639708561033073     
   589.07618037853990       0.99999999999997125        14.516363681853470     
   589.29664302089714       0.99999999999997247        14.390758020652441     
   589.51710566325437       0.99999999999997313        14.262912244716373     
   589.73756830561160       0.99999999999997291        14.132847420319239     
   589.95803094796884       0.99999999999997247        14.000585012291696     
   590.17849359032607       0.99999999999997335        13.866146883765223     
   590.39895623268330       0.99999999999997324        13.729555296113185     
   590.61941887504054       0.99999999999997302        13.590832909114118     
   590.83988151739777       0.99999999999997313        13.450002781366166     
   591.06034415975500       0.99999999999997291        13.307088370982752     
   591.28080680211224       0.99999999999997302        13.162113536605748     
   591.50126944446947       0.99999999999997435        13.015102538774071     
   591.72173208682671       0.99999999999997446        12.866080041692346     
   591.94219472918394       0.99999999999997369        12.715071115447559     
   592.16265737154117       0.99999999999997224        12.562101238730024     
   592.38312001389841       0.99999999999997236        12.407196302119452     
   592.60358265625564       0.99999999999997313        12.250382612006241     
   592.82404529861287       0.99999999999997224        12.091686895227127     
   593.04450794097011       0.99999999999997258        11.931136304503775     
   593.26497058332734       0.99999999999997291        11.768758424785801     
   593.48543322568457       0.99999999999997302        11.604581280612457     
   593.70589586804181       0.99999999999997347        11.438633344624243     
   593.92635851039904       0.99999999999997369        11.270943547373161     
   594.14682115275627       0.99999999999997413        11.101541288601872     
   594.36728379511351       0.99999999999997446        10.930456450187307     
   594.58774643747074       0.99999999999997435        10.757719410972889     
   594.80820907982798       0.99999999999997380        10.583361063747409     
   595.02867172218521       0.99999999999997446        10.407412834668879     
   595.24913436454244       0.99999999999997435        10.229906705478077     
   595.46959700689968       0.99999999999997435        10.050875238901920     
   595.69005964925691       0.99999999999997369        9.8703516077126068     
   595.91052229161414       0.99999999999997335        9.6883696279853151     
   596.13098493397138       0.99999999999997435        9.5049637971908538     
   596.35144757632861       0.99999999999997546        9.3201693378688866     
   596.57191021868584       0.99999999999997502        9.1340222477611022     
   596.79237286104308       0.99999999999997458        8.9465593574422648     
   597.01283550340031       0.99999999999997491        8.7578183966798235     
   597.23329814575754       0.99999999999997558        8.5678380709859088     
   597.45376078811478       0.99999999999997535        8.3766581501102824     
   597.67422343047201       0.99999999999997524        8.1843195705680536     
   597.89468607282924       0.99999999999997391        7.9908645547237400     
   598.11514871518648       0.99999999999997369        7.7963367494764864     
   598.33561135754371       0.99999999999997380        7.6007813882415549     
   598.55607399990095       0.99999999999997446        7.4042454807314719     
   598.77653664225818       0.99999999999997502        7.2067780360510660     
   598.99699928461541       0.99999999999997446        7.0084303258903713     
   599.21746192697265       0.99999999999997513        6.8092561962041209     
   599.43792456932988       0.99999999999997435        6.6093124378056753     
   599.65838721168711       0.99999999999997480        6.4086592289076751     
   599.87884985404435       0.99999999999997435        6.2073606659904392     
   600.09931249640158       0.99999999999997469        6.0054854037099927     
   600.31977513875881       0.99999999999997424        5.8031074301941210     
   600.54023778111605       0.99999999999997402        5.6003070114603632     
   600.76070042347328       0.99999999999997435        5.3971718484307054     
   600.98116306583051       0.99999999999997480        5.1937985029546763     
   601.20162570818775       0.99999999999997391        4.9902941665528537     
   601.42208835054498       0.99999999999997424        4.7867788688908028     
   601.64255099290222       0.99999999999997469        4.5833882545836859     
   601.86301363525945       0.99999999999997413        4.3802771000479304     
   602.08347627761668       0.99999999999997391        4.1776238013234384     
   602.30393891997392       0.99999999999997424        3.9756361455168228     
   602.52440156233115       0.99999999999997369        3.7745587917525030     
   602.74486420468838       0.99999999999997446        3.5746830446419358     
   602.96532684704562       0.99999999999997458        3.3763597208030740     
   603.18578948940285       0.99999999999997491        3.1800162075722893     
   603.40625213176008       0.99999999999997513        2.9861792152506146     
   603.62671477411732       0.99999999999997480        2.7955052453793439     
   603.84717741647455       0.99999999999997424        2.6088214205849014     
   604.06764005883178       0.99999999999997446        2.4271799338680844     
   604.28810270118902       0.99999999999997335        2.2519296239490272     
   604.50856534354625       0.99999999999997324        2.0848071717420358     
   604.72902798590349       0.99999999999997258        1.9280461471527717     
   604.94949062826072       0.99999999999997291        1.7844907859039290     
   605.16995327061795       0.99999999999997347        1.6576772385356446     
   605.39041591297519       0.99999999999997424        1.5518044475405355     
   605.61087855533242       0.99999999999997313        1.4714726081887948     
   605.83134119768965       0.99999999999997369        1.4210738917753249     
   606.05180384004689       0.99999999999997280        1.4038686652547694     
   606.27226648240412       0.99999999999997313        1.4210738918273100     
   606.49272912476135       0.99999999999997247        1.4714726082891552     
   606.71319176711859       0.99999999999997147        1.5518044476832162     
   606.93365440947582       0.99999999999997213        1.6576772387136081     
   607.15411705183305       0.99999999999997213        1.7844907861103712     
   607.37457969419029       0.99999999999997247        1.9280461473817958     
   607.59504233654752       0.99999999999997236        2.0848071719888015     
   607.81550497890476       0.99999999999997158        2.2519296242097000     
   608.03596762126199       0.99999999999997291        2.4271799341396791     
   608.25643026361922       0.99999999999997313        2.6088214208651053     
   608.47689290597646       0.99999999999997391        2.7955052456663396     
   608.69735554833369       0.99999999999997347        2.9861792155430003     
   608.91781819069092       0.99999999999997358        3.1800162078689436     
   609.13828083304816       0.99999999999997369        3.3763597211031078     
   609.35874347540539       0.99999999999997469        3.5746830449446314     
   609.57920611776262       0.99999999999997502        3.7745587920572725     
   609.79966876011986       0.99999999999997446        3.9756361458231826     
   610.02013140247709       0.99999999999997546        4.1776238016309852     
   610.24059404483432       0.99999999999997680        4.3802771003563210     
   610.46105668719156       0.99999999999997580        4.5833882548926308     
   610.68151932954879       0.99999999999997624        4.7867788692000364     
   610.90198197190603       0.99999999999997558        4.9902941668621752     
   611.12244461426326       0.99999999999997546        5.1937985032638849     
   611.34290725662049       0.99999999999997524        5.3971718487396068     
   611.56336989897773       0.99999999999997535        5.6003070117688214     
   611.78383254133496       0.99999999999997669        5.8031074305020205     
   612.00429518369219       0.99999999999997602        6.0054854040171710     
   612.22475782604943       0.99999999999997602        6.2073606662967844     
   612.44522046840666       0.99999999999997724        6.4086592292130655     
   612.66568311076389       0.99999999999997669        6.6093124381100656     
   612.88614575312113       0.99999999999997580        6.8092561965073761     
   613.10660839547836       0.99999999999997502        7.0084303261924159     
   613.32707103783559       0.99999999999997458        7.2067780363518015     
   613.54753368019283       0.99999999999997458        7.4042454810308147     
   613.76799632255006       0.99999999999997446        7.6007813885394606     
   613.98845896490730       0.99999999999997435        7.7963367497728759     
   614.20892160726453       0.99999999999997513        7.9908645550185158     
   614.42938424962176       0.99999999999997458        8.1843195708611542     
   614.64984689197900       0.99999999999997491        8.3766581504016564     
   614.87030953433623       0.99999999999997469        8.5678380712755171     
   615.09077217669346       0.99999999999997524        8.7578183969675543     
   615.31123481905070       0.99999999999997458        8.9465593577281233     
   615.53169746140793       0.99999999999997424        9.1340222480449906     
   615.75216010376516       0.99999999999997358        9.3201693381507464     
   615.97262274612240       0.99999999999997280        9.5049637974706602     
   616.19308538847963       0.99999999999997191        9.6883696282629863     
   616.41354803083686       0.99999999999997247        9.8703516079880629     
   616.63401067319410       0.99999999999997191        10.050875239175163     
   616.85447331555133       0.99999999999997147        10.229906705749004     
   617.07493595790856       0.99999999999997069        10.407412834937471     
   617.29539860026580       0.99999999999997036        10.583361064013594     
   617.51586124262303       0.99999999999997047        10.757719411236636     
   617.73632388498027       0.99999999999997002        10.930456450448574     
   617.95678652733750       0.99999999999996980        11.101541288860577     
   618.17724916969473       0.99999999999996969        11.270943547629324     
   618.39771181205197       0.99999999999996947        11.438633344877807     
   618.61817445440920       0.99999999999996958        11.604581280863311     
   618.83863709676643       0.99999999999997014        11.768758425033983     
   619.05909973912367       0.99999999999997014        11.931136304749193     
   619.27956238148090       0.99999999999996914        12.091686895469731     
   619.50002502383813       0.99999999999996991        12.250382612246009     
   619.72048766619537       0.99999999999996947        12.407196302356358     
   619.94095030855260       0.99999999999997025        12.562101238964027     
   620.16141295090983       0.99999999999997047        12.715071115678542     
   620.38187559326707       0.99999999999997158        12.866080041920355     
   620.60233823562430       0.99999999999997113        13.015102538999054     
   620.82280087798154       0.99999999999997036        13.162113536827608     
   621.04326352033877       0.99999999999997014        13.307088371201484     
   621.26372616269600       0.99999999999997091        13.450002781581743     
   621.48418880505324       0.99999999999997125        13.590832909326542     
   621.70465144741047       0.99999999999997047        13.729555296322383     
   621.92511408976770       0.99999999999997091        13.866146883971188     
   622.14557673212494       0.99999999999997036        14.000585012494366     
   622.36603937448217       0.99999999999997047        14.132847420518580     
   622.58650201683940       0.99999999999997102        14.262912244912386     
   622.80696465919664       0.99999999999997136        14.390758020845066     
   623.02742730155387       0.99999999999997125        14.516363682042698     
   623.24788994391110       0.99999999999997102        14.639708561218823     
   623.46835258626834       0.99999999999997125        14.760772390658619     
   623.68881522862557       0.99999999999997169        14.879535302938306     
   623.90927787098281       0.99999999999997091        14.995977831763588     
   624.12974051334004       0.99999999999997102        15.110080912910457     
   624.35020315569727       0.99999999999997113        15.221825885256187     
   624.57066579805451       0.99999999999997080        15.331194491887091     
   624.79112844041174       0.99999999999997014        15.438168881271372     
   625.01159108276897       0.99999999999997091        15.542731608487635     
   625.23205372512621       0.99999999999997113        15.644865636498917     
   625.45251636748344       0.99999999999997202        15.744554337463665     
   625.67297900984067       0.99999999999997158        15.841781494075924     
   625.89344165219791       0.99999999999997069        15.936531300927516     
   626.11390429455514       0.99999999999997091        16.028788365885557     
   626.33436693691237       0.99999999999997158        16.118537711478975     
   626.55482957926961       0.99999999999997113        16.205764776289197     
   626.77529222162684       0.99999999999997025        16.290455416339022     
   626.99575486398408       0.99999999999997025        16.372595906475500     
   627.21621750634131       0.99999999999997002        16.452172941742536     
   627.43668014869854       0.99999999999996925        16.529173638738921     
   627.65714279105578       0.99999999999996869        16.603585536958281     
   627.87760543341301       0.99999999999996858        16.675396600107824     
   628.09806807577024       0.99999999999996703        16.744595217402196     
   628.31853071812748       0.99999999999996714        16.811170204829970     
   628.53899336048471       0.99999999999996658        16.875110806390584     
   628.75945600284194       0.99999999999996592        16.936406695297563     
   628.97991864519918       0.99999999999996569        16.995047975148214     
   629.20038128755641       0.99999999999996336        17.051025181055575     
   629.42084392991364       0.99999999999996270        17.104329280741716     
   629.64130657227088       0.99999999999996292        17.154951675590809     
   629.86176921462811       0.99999999999996314        17.202884201659266     
   630.08223185698535       0.99999999999996303        17.248119130642579     
   630.30269449934258       0.99999999999996325        17.290649170796982     
   630.52315714169981       0.99999999999996247        17.330467467814234     
   630.74361978405705       0.99999999999996281        17.367567605649445     
   630.96408242641428       0.99999999999996292        17.401943607299351     
   631.18454506877151       0.99999999999996281        17.433589935531781     
   631.40500771112875       0.99999999999996270        17.462501493563661     
   631.62547035348598       0.99999999999996203        17.488673625688183     
   631.84593299584321       0.99999999999996159        17.512102117849530     
   632.06639563820045       0.99999999999996114        17.532783198165085     
   632.28685828055768       0.99999999999996225        17.550713537393687     
   632.50732092291491       0.99999999999996103        17.565890249350453     
   632.72778356527215       0.99999999999996181        17.578310891267080     
   632.94824620762938       0.99999999999996192        17.587973464097207     
   633.16870884998661       0.99999999999996170        17.594876412766915     
   633.38917149234385       0.99999999999996170        17.599018626369588     
   633.60963413470108       0.99999999999996148        17.600399438305406     
   633.83009677705832       0.99999999999996159        17.599018626365179     
   634.05055941941555       0.99999999999996159        17.594876412758175     
   634.27102206177278       0.99999999999996048        17.587973464084119     
   634.49148470413002       0.99999999999996125        17.578310891249600     
   634.71194734648725       0.99999999999996159        17.565890249328586     
   634.93240998884448       0.99999999999996037        17.550713537367468     
   635.15287263120172       0.99999999999995992        17.532783198134513     
   635.37333527355895       0.99999999999996114        17.512102117814649     
   635.59379791591618       0.99999999999996125        17.488673625648879     
   635.81426055827342       0.99999999999996170        17.462501493520051     
   636.03472320063065       0.99999999999996136        17.433589935483887     
   636.25518584298788       0.99999999999996136        17.401943607247116     
   636.47564848534512       0.99999999999996136        17.367567605592861     
   636.69611112770235       0.99999999999996192        17.330467467753333     
   636.91657377005959       0.99999999999996259        17.290649170731736     
   637.13703641241682       0.99999999999996214        17.248119130573112     
   637.35749905477405       0.99999999999996203        17.202884201585459     
   637.57796169713129       0.99999999999996259        17.154951675512731     
   637.79842433948852       0.99999999999996225        17.104329280659421     
   638.01888698184575       0.99999999999996170        17.051025180968963     
   638.23934962420299       0.99999999999996170        16.995047975057403     
   638.45981226656022       0.99999999999996170        16.936406695202557     
   638.68027490891745       0.99999999999996203        16.875110806291339     
   638.90073755127469       0.99999999999996259        16.811170204726601     
   639.12120019363192       0.99999999999996136        16.744595217294641     
   639.34166283598915       0.99999999999996092        16.675396599996169     
   639.56212547834639       0.99999999999996070        16.603585536842491     
   639.78258812070362       0.99999999999996037        16.529173638618996     
   640.00305076306086       0.99999999999996114        16.452172941618532     
   640.22351340541809       0.99999999999996292        16.372595906347467     
   640.44397604777532       0.99999999999996292        16.290455416206886     
   640.66443869013256       0.99999999999996325        16.205764776153096     
   640.88490133248979       0.99999999999996336        16.118537711338877     
   641.10536397484702       0.99999999999996447        16.028788365741477     
   641.32582661720426       0.99999999999996381        15.936531300779516     
   641.54628925956149       0.99999999999996347        15.841781493923978     
   641.76675190191872       0.99999999999996281        15.744554337307784     
   641.98721454427596       0.99999999999996381        15.644865636339171     
   642.20767718663319       0.99999999999996425        15.542731608324011     
   642.42813982899042       0.99999999999996314        15.438168881103904     
   642.64860247134766       0.99999999999996281        15.331194491715845     
   642.86906511370489       0.99999999999996236        15.221825885081198     
   643.08952775606213       0.99999999999996203        15.110080912731686     
   643.30999039841936       0.99999999999996092        14.995977831581103     
   643.53045304077659       0.99999999999996125        14.879535302752185     
   643.75091568313383       0.99999999999996170        14.760772390468812     
   643.97137832549106       0.99999999999996170        14.639708561025424     
   644.19184096784829       0.99999999999996070        14.516363681845705     
   644.41230361020553       0.99999999999996159        14.390758020644491     
   644.63276625256276       0.99999999999996081        14.262912244708307     
   644.85322889491999       0.99999999999996148        14.132847420311016     
   645.07369153727723       0.99999999999996225        14.000585012283359     
   645.29415417963446       0.99999999999996192        13.866146883756775     
   645.51461682199169       0.99999999999996281        13.729555296104554     
   645.73507946434893       0.99999999999996236        13.590832909105366     
   645.95554210670616       0.99999999999996314        13.450002781357259     
   646.17600474906340       0.99999999999996370        13.307088370973718     
   646.39646739142063       0.99999999999996425        13.162113536596586     
   646.61693003377786       0.99999999999996436        13.015102538764802     
   646.83739267613510       0.99999999999996425        12.866080041682944     
   647.05785531849233       0.99999999999996358        12.715071115438061     
   647.27831796084956       0.99999999999996303        12.562101238720439     
   647.49878060320680       0.99999999999996347        12.407196302109710     
   647.71924324556403       0.99999999999996303        12.250382611996347     
   647.93970588792126       0.99999999999996236        12.091686895217075     
   648.16016853027850       0.99999999999996292        11.931136304493652     
   648.38063117263573       0.99999999999996303        11.768758424775559     
   648.60109381499296       0.99999999999996303        11.604581280602083     
   648.82155645735020       0.99999999999996314        11.438633344613736     
   649.04201909970743       0.99999999999996325        11.270943547362533     
   649.26248174206467       0.99999999999996347        11.101541288591136     
   649.48294438442190       0.99999999999996469        10.930456450176475     
   649.70340702677913       0.99999999999996514        10.757719410961938     
   649.92386966913637       0.99999999999996581        10.583361063736366     
   650.14433231149360       0.99999999999996625        10.407412834657748     
   650.36479495385083       0.99999999999996547        10.229906705466842     
   650.58525759620807       0.99999999999996503        10.050875238890576     
   650.80572023856530       0.99999999999996525        9.8703516077011617     
   651.02618288092253       0.99999999999996569        9.6883696279737794     
   651.24664552327977       0.99999999999996492        9.5049637971792169     
   651.46710816563700       0.99999999999996558        9.3201693378571306     
   651.68757080799423       0.99999999999996503        9.1340222477492681     
   651.90803345035147       0.99999999999996481        8.9465593574303437     
   652.12849609270870       0.99999999999996558        8.7578183966677940     
   652.34895873506593       0.99999999999996558        8.5678380709738224     
   652.56942137742317       0.99999999999996614        8.3766581500980930     
   652.78988401978040       0.99999999999996669        8.1843195705557878     
   653.01034666213764       0.99999999999996647        7.9908645547114121     
   653.23080930449487       0.99999999999996692        7.7963367494640892     
   653.45127194685210       0.99999999999996636        7.6007813882290840     
   653.67173458920934       0.99999999999996614        7.4042454807189220     
   653.89219723156657       0.99999999999996647        7.2067780360384681     
   654.11265987392380       0.99999999999996525        7.0084303258777165     
   654.33312251628104       0.99999999999996536        6.8092561961914297     
   654.55358515863827       0.99999999999996569        6.6093124377929282     
   654.77404780099550       0.99999999999996569        6.4086592288948863     
   654.99451044335274       0.99999999999996525        6.2073606659776086     
   655.21497308570997       0.99999999999996547        6.0054854036971221     
   655.43543572806720       0.99999999999996636        5.8031074301812113     
   655.65589837042444       0.99999999999996647        5.6003070114474269     
   655.87636101278167       0.99999999999996692        5.3971718484177407     
   656.09682365513891       0.99999999999996714        5.1937985029417213     
   656.31728629749614       0.99999999999996714        4.9902941665398908     
   656.53774893985337       0.99999999999996769        4.7867788688778239     
   656.75821158221061       0.99999999999996769        4.5833882545707212     
   656.97867422456784       0.99999999999996703        4.3802771000349816     
   657.19913686692507       0.99999999999996614        4.1776238013105313     
   657.41959950928231       0.99999999999996614        3.9756361455039464     
   657.64006215163954       0.99999999999996692        3.7745587917396830     
   657.86052479399677       0.99999999999996725        3.5746830446291828     
   658.08098743635401       0.99999999999996803        3.3763597207904112     
   658.30145007871124       0.99999999999996891        3.1800162075597598     
   658.52191272106847       0.99999999999996914        2.9861792152382467     
   658.74237536342571       0.99999999999996847        2.7955052453671816     
   658.96283800578294       0.99999999999996825        2.6088214205730091     
   659.18330064814018       0.99999999999996803        2.4271799338565256     
   659.40376329049741       0.99999999999996891        2.2519296239378934     
   659.62422593285464       0.99999999999996769        2.0848071717314545     
   659.84468857521188       0.99999999999996858        1.9280461471429036     
   660.06515121756911       0.99999999999996925        1.7844907858949528     
   660.28561385992634       0.99999999999996803        1.6576772385278213     
   660.50607650228358       0.99999999999996847        1.5518044475341457     
   660.72653914464081       0.99999999999996736        1.4714726081841236     
   660.94700178699804       0.99999999999996814        1.4210738917726475     
   661.16746442935528       0.99999999999996858        1.4038686652542418     
   661.38792707171251       0.99999999999996869        1.4210738918289347     
   661.60838971406974       0.99999999999996880        1.4714726082928093     
   661.82885235642698       0.99999999999996869        1.5518044476886541     
   662.04931499878421       0.99999999999996769        1.6576772387205327     
   662.26977764114145       0.99999999999996869        1.7844907861185089     
   662.49024028349868       0.99999999999996847        1.9280461473909067     
   662.71070292585591       0.99999999999996869        2.0848071719986705     
   662.93116556821315       0.99999999999996825        2.2519296242201716     
   663.15162821057038       0.99999999999996880        2.4271799341506339     
   663.37209085292761       0.99999999999996914        2.6088214208764318     
   663.59255349528485       0.99999999999996791        2.7955052456779654     
   663.81301613764208       0.99999999999996703        2.9861792155548690     
   664.03347877999931       0.99999999999996703        3.1800162078810001     
   664.25394142235655       0.99999999999996780        3.3763597211153131     
   664.47440406471378       0.99999999999996736        3.5746830449569638     
   664.69486670707101       0.99999999999996747        3.7745587920697066     
   664.91532934942825       0.99999999999996669        3.9756361458356908     
   665.13579199178548       0.99999999999996625        4.1776238016435556     
   665.35625463414272       0.99999999999996492        4.3802771003689323     
   665.57671727649995       0.99999999999996558        4.5833882549052616     
   665.79717991885718       0.99999999999996381        4.7867788692126982     
   666.01764256121442       0.99999999999996458        4.9902941668748477     
   666.23810520357165       0.99999999999996547        5.1937985032765575     
   666.45856784592888       0.99999999999996669        5.3971718487522775     
   666.67903048828612       0.99999999999996692        5.6003070117814797     
   666.89949313064335       0.99999999999996658        5.8031074305146584     
   667.11995577300058       0.99999999999996636        6.0054854040297920     
   667.34041841535782       0.99999999999996592        6.2073606663093788     
   667.56088105771505       0.99999999999996581        6.4086592292256377     
   667.78134370007228       0.99999999999996514        6.6093124381225676     
   668.00180634242952       0.99999999999996469        6.8092561965198515     
   668.22226898478675       0.99999999999996481        7.0084303262048353     
   668.44273162714398       0.99999999999996458        7.2067780363641871     
   668.66319426950122       0.99999999999996581        7.4042454810431497     
   668.88365691185845       0.99999999999996458        7.6007813885517113     
   669.10411955421569       0.99999999999996425        7.7963367497850751     
   669.32458219657292       0.99999999999996425        7.9908645550306563     
   669.54504483893015       0.99999999999996525        8.1843195708732193     
   669.76550748128739       0.99999999999996614        8.3766581504136752     
   669.98597012364462       0.99999999999996692        8.5678380712874631     
   670.20643276600185       0.99999999999996636        8.7578183969794061     
   670.42689540835909       0.99999999999996614        8.9465593577398952     
   670.64735805071632       0.99999999999996647        9.1340222480566755     
   670.86782069307355       0.99999999999996614        9.3201693381623674     
   671.08828333543079       0.99999999999996536        9.5049637974821870     
   671.30874597778802       0.99999999999996436        9.6883696282744083     
   671.52920862014525       0.99999999999996403        9.8703516079994014     
   671.74967126250249       0.99999999999996414        10.050875239186396     
   671.97013390485972       0.99999999999996347        10.229906705760147     
   672.19059654721696       0.99999999999996358        10.407412834948529     
   672.41105918957419       0.99999999999996492        10.583361064024553     
   672.63152183193142       0.99999999999996581        10.757719411247493     
   672.85198447428866       0.99999999999996603        10.930456450459330     
   673.07244711664589       0.99999999999996492        11.101541288871253     
   673.29290975900312       0.99999999999996536        11.270943547639861     
   673.51337240136036       0.99999999999996603        11.438633344888219     
   673.73383504371759       0.99999999999996647        11.604581280873685     
   673.95429768607482       0.99999999999996647        11.768758425044190     
   674.17476032843206       0.99999999999996736        11.931136304759288     
   674.39522297078929       0.99999999999996669        12.091686895479697     
   674.61568561314652       0.99999999999996625        12.250382612255869     
   674.83614825550376       0.99999999999996547        12.407196302366096     
   675.05661089786099       0.99999999999996547        12.562101238973604     
   675.27707354021823       0.99999999999996536        12.715071115688033     
   675.49753618257546       0.99999999999996514        12.866080041929711     
   675.71799882493269       0.99999999999996492        13.015102539008280     
   675.93846146728993       0.99999999999996469        13.162113536836680     
   676.15892410964716       0.99999999999996525        13.307088371210442     
   676.37938675200439       0.99999999999996558        13.450002781590596     
   676.59984939436163       0.99999999999996558        13.590832909335267     
   676.82031203671886       0.99999999999996569        13.729555296330966     
   677.04077467907609       0.99999999999996647        13.866146883979658     
   677.26123732143333       0.99999999999996647        14.000585012502677     
   677.48169996379056       0.99999999999996525        14.132847420526799     
   677.70216260614779       0.99999999999996447        14.262912244920457     
   677.92262524850503       0.99999999999996414        14.390758020853010     
   678.14308789086226       0.99999999999996381        14.516363682050521     
   678.36355053321950       0.99999999999996281        14.639708561226522     
   678.58401317557673       0.99999999999996270        14.760772390666114     
   678.80447581793396       0.99999999999996081        14.879535302945708     
   679.02493846029120       0.99999999999995992        14.995977831770807     
   679.24540110264843       0.99999999999995925        15.110080912917486     
   679.46586374500566       0.99999999999995859        15.221825885263103     
   679.68632638736290       0.99999999999995826        15.331194491893809     
   679.90678902972013       0.99999999999995903        15.438168881277910     
   680.12725167207736       0.99999999999995859        15.542731608494034     
   680.34771431443460       0.99999999999995837        15.644865636505154     
   680.56817695679183       0.99999999999995781        15.744554337469754     
   680.78863959914906       0.99999999999995726        15.841781494081859     
   681.00910224150630       0.99999999999995748        15.936531300933321     
   681.22956488386353       0.99999999999995770        16.028788365891149     
   681.45002752622077       0.99999999999995859        16.118537711484439     
   681.67049016857800       0.99999999999995870        16.205764776294494     
   681.89095281093523       0.99999999999995826        16.290455416344194     
   682.11141545329247       0.99999999999995781        16.372595906480495     
   682.33187809564970       0.99999999999995859        16.452172941747385     
   682.55234073800693       0.99999999999995814        16.529173638743657     
   682.77280338036417       0.99999999999995792        16.603585536962814     
   682.99326602272140       0.99999999999995803        16.675396600112173     
   683.21372866507863       0.99999999999995770        16.744595217406367     
   683.43419130743587       0.99999999999995703        16.811170204834035     
   683.65465394979310       0.99999999999995692        16.875110806394467     
   683.87511659215033       0.99999999999995792        16.936406695301272     
   684.09557923450757       0.99999999999995803        16.995047975151753     
   684.31604187686480       0.99999999999995837        17.051025181058925     
   684.53650451922204       0.99999999999995937        17.104329280744970     
   684.75696716157927       0.99999999999995881        17.154951675593878     
   684.97742980393650       0.99999999999995903        17.202884201662101     
   685.19789244629374       0.99999999999995925        17.248119130645289     
   685.41835508865097       0.99999999999995848        17.290649170799487     
   685.63881773100820       0.99999999999995726        17.330467467816565     
   685.85928037336544       0.99999999999995592        17.367567605651558     
   686.07974301572267       0.99999999999995615        17.401943607301366     
   686.30020565807990       0.99999999999995615        17.433589935533643     
   686.52066830043714       0.99999999999995670        17.462501493565338     
   686.74113094279437       0.99999999999995659        17.488673625689664     
   686.96159358515160       0.99999999999995637        17.512102117850887     
   687.18205622750884       0.99999999999995570        17.532783198166172     
   687.40251886986607       0.99999999999995659        17.550713537394589     
   687.62298151222330       0.99999999999995670        17.565890249351185     
   687.84344415458054       0.99999999999995637        17.578310891267645     
   688.06390679693777       0.99999999999995592        17.587973464097672     
   688.28436943929501       0.99999999999995604        17.594876412767146     
   688.50483208165224       0.99999999999995559        17.599018626369627     
   688.72529472400947       0.99999999999995615        17.600399438305338     
   688.94575736636671       0.99999999999995648        17.599018626364931     
   689.16622000872394       0.99999999999995715        17.594876412757699     
   689.38668265108117       0.99999999999995703        17.587973464083518     
   689.60714529343841       0.99999999999995626        17.578310891248819     
   689.82760793579564       0.99999999999995692        17.565890249327644     
   690.04807057815287       0.99999999999995681        17.550713537366306     
   690.26853322051011       0.99999999999995637        17.532783198133210     
   690.48899586286734       0.99999999999995737        17.512102117813157     
   690.70945850522457       0.99999999999995826        17.488673625647262     
   690.92992114758181       0.99999999999995803        17.462501493518236     
   691.15038378993904       0.99999999999995759        17.433589935481891     
   691.37084643229628       0.99999999999995670        17.401943607244945     
   691.59130907465351       0.99999999999995692        17.367567605590512     
   691.81177171701074       0.99999999999995814        17.330467467750836     
   692.03223435936798       0.99999999999995759        17.290649170729061     
   692.25269700172521       0.99999999999995681        17.248119130570235     
   692.47315964408244       0.99999999999995648        17.202884201582467     
   692.69362228643968       0.99999999999995670        17.154951675509622     
   692.91408492879691       0.99999999999995637        17.104329280656156     
   693.13454757115414       0.99999999999995703        17.051025180965528     
   693.35501021351138       0.99999999999995703        16.995047975053790     
   693.57547285586861       0.99999999999995703        16.936406695198741     
   693.79593549822584       0.99999999999995592        16.875110806287427     
   694.01639814058308       0.99999999999995426        16.811170204722462     
   694.23686078294031       0.99999999999995381        16.744595217290335     
   694.45732342529755       0.99999999999995426        16.675396599991668     
   694.67778606765478       0.99999999999995481        16.603585536837887     
   694.89824871001201       0.99999999999995492        16.529173638614193     
   695.11871135236925       0.99999999999995570        16.452172941613608     
   695.33917399472648       0.99999999999995548        16.372595906342351     
   695.55963663708371       0.99999999999995492        16.290455416201656     
   695.78009927944095       0.99999999999995492        16.205764776147671     
   696.00056192179818       0.99999999999995537        16.118537711333289     
   696.22102456415541       0.99999999999995637        16.028788365735714     
   696.44148720651265       0.99999999999995715        15.936531300773579     
   696.66194984886988       0.99999999999995670        15.841781493917853     
   696.88241249122711       0.99999999999995759        15.744554337301524     
   697.10287513358435       0.99999999999995826        15.644865636332739     
   697.32333777594158       0.99999999999995826        15.542731608317455     
   697.54380041829882       0.99999999999995903        15.438168881097184     
   697.76426306065605       0.99999999999995959        15.331194491708994     
   697.98472570301328       0.99999999999995925        15.221825885074182     
   698.20518834537052       0.99999999999995981        15.110080912724476     
   698.42565098772775       0.99999999999995937        14.995977831573802     
   698.64611363008498       0.99999999999995970        14.879535302744729     
   698.86657627244222       0.99999999999995959        14.760772390461197     
   699.08703891479945       0.99999999999995903        14.639708561017647     
   699.30750155715668       0.99999999999995914        14.516363681837758     
   699.52796419951392       0.99999999999995937        14.390758020636403     
   699.74842684187115       0.99999999999995959        14.262912244700042     
   699.96888948422838       0.99999999999995925        14.132847420302603     
   700.18935212658562       0.99999999999995959        14.000585012274771     
   700.40981476894285       0.99999999999996014        13.866146883748048     
   700.63027741130009       0.99999999999996092        13.729555296095720     
   700.85074005365732       0.99999999999996014        13.590832909096383     
   701.07120269601455       0.99999999999996014        13.450002781348170     
   701.29166533837179       0.99999999999996059        13.307088370964458     
   701.51212798072902       0.99999999999996081        13.162113536587189     
   701.73259062308625       0.99999999999996037        13.015102538755301     
   701.95305326544349       0.99999999999995981        12.866080041673312     
   702.17351590780072       0.99999999999995970        12.715071115428294     
   702.39397855015795       0.99999999999995914        12.562101238710529     
   702.61444119251519       0.99999999999995859        12.407196302099708     
   702.83490383487242       0.99999999999995803        12.250382611986252     
   703.05536647722965       0.99999999999995759        12.091686895206900     
   703.27582911958689       0.99999999999995715        11.931136304483392     
   703.49629176194412       0.99999999999995659        11.768758424765153     
   703.71675440430135       0.99999999999995659        11.604581280591574     
   703.93721704665859       0.99999999999995604        11.438633344603137     
   704.15767968901582       0.99999999999995581        11.270943547351830     
   704.37814233137306       0.99999999999995592        11.101541288580295     
   704.59860497373029       0.99999999999995692        10.930456450165527     
   704.81906761608752       0.99999999999995703        10.757719410950902     
   705.03953025844476       0.99999999999995681        10.583361063725274     
   705.25999290080199       0.99999999999995670        10.407412834646534     
   705.48045554315922       0.99999999999995548        10.229906705455551     
   705.70091818551646       0.99999999999995559        10.050875238879218     
   705.92138082787369       0.99999999999995548        9.8703516076897184     
   706.14184347023092       0.99999999999995437        9.6883696279622757     
   706.36230611258816       0.99999999999995304        9.5049637971676066     
   706.58276875494539       0.99999999999995348        9.3201693378454369     
   706.80323139730262       0.99999999999995404        9.1340222477374748     
   707.02369403965986       0.99999999999995381        8.9465593574184652     
   707.24415668201709       0.99999999999995359        8.7578183966558605     
   707.46461932437433       0.99999999999995315        8.5678380709618018     
   707.68508196673156       0.99999999999995326        8.3766581500860333     
   707.90554460908879       0.99999999999995326        8.1843195705436447     
   708.12600725144603       0.99999999999995337        7.9908645546992183     
   708.34646989380326       0.99999999999995370        7.7963367494518492     
   708.56693253616049       0.99999999999995504        7.6007813882167499     
   708.78739517851773       0.99999999999995637        7.4042454807065399     
   709.00785782087496       0.99999999999995615        7.2067780360260469     
   709.22832046323219       0.99999999999995637        7.0084303258652341     
   709.44878310558943       0.99999999999995615        6.8092561961788887     
   709.66924574794666       0.99999999999995637        6.6093124377803383     
   709.88970839030389       0.99999999999995703        6.4086592288822386     
   710.11017103266113       0.99999999999995604        6.2073606659649148     
   710.33063367501836       0.99999999999995537        6.0054854036844008     
   710.55109631737560       0.99999999999995615        5.8031074301684633     
   710.77155895973283       0.99999999999995681        5.6003070114346443     
   710.99202160209006       0.99999999999995737        5.3971718484049420     
   711.21248424444730       0.99999999999995703        5.1937985029288933     
   711.43294688680453       0.99999999999995748        4.9902941665270513     
   711.65340952916176       0.99999999999995748        4.7867788688649844     
   711.87387217151900       0.99999999999995759        4.5833882545578897     
   712.09433481387623       0.99999999999995781        4.3802771000221572     
   712.31479745623346       0.99999999999995692        4.1776238012977203     
   712.53526009859070       0.99999999999995681        3.9756361454911744     
   712.75572274094793       0.99999999999995681        3.7745587917269647     
   712.97618538330516       0.99999999999995504        3.5746830446165379     
   713.19664802566240       0.99999999999995492        3.3763597207778679     
   713.41711066801963       0.99999999999995448        3.1800162075473350     
   713.63757331037687       0.99999999999995426        2.9861792152259827     
   713.85803595273410       0.99999999999995515        2.7955052453551148     
   714.07849859509133       0.99999999999995537        2.6088214205611924     
   714.29896123744857       0.99999999999995426        2.4271799338450326     
   714.51942387980580       0.99999999999995393        2.2519296239268147     
   714.73988652216303       0.99999999999995381        2.0848071717209065     
   714.96034916452027       0.99999999999995359        1.9280461471330355     
   715.18081180687750       0.99999999999995381        1.7844907858859667     
   715.40127444923473       0.99999999999995370        1.6576772385199532     
   715.62173709159197       0.99999999999995393        1.5518044475276724     
   715.84219973394920       0.99999999999995415        1.4714726081793388     
   716.06266237630643       0.99999999999995437        1.4210738917698069     
   716.28312501866367       0.99999999999995404        1.4038686652535088     
   716.50358766102090       0.99999999999995448        1.4210738918303256     
   716.72405030337814       0.99999999999995370        1.4714726082961942     
   716.94451294573537       0.99999999999995348        1.5518044476937953     
   717.16497558809260       0.99999999999995359        1.6576772387271490     
   717.38543823044984       0.99999999999995315        1.7844907861263299     
   717.60590087280707       0.99999999999995448        1.9280461473996857     
   717.82636351516430       0.99999999999995448        2.0848071720082113     
   718.04682615752154       0.99999999999995459        2.2519296242303155     
   718.26728879987877       0.99999999999995548        2.4271799341612512     
   718.48775144223600       0.99999999999995570        2.6088214208874279     
   718.70821408459324       0.99999999999995604        2.7955052456892653     
   718.92867672695047       0.99999999999995692        2.9861792155664055     
   719.14913936930770       0.99999999999995692        3.1800162078927356     
   719.36960201166494       0.99999999999995715        3.3763597211271996     
   719.59006465402217       0.99999999999995759        3.5746830449689764     
   719.81052729637941       0.99999999999995737        3.7745587920818124     
   720.03098993873664       0.99999999999995814        3.9756361458478691     
   720.25145258109387       0.99999999999995948        4.1776238016557983     
   720.47191522345111       0.99999999999995959        4.3802771003812193     
   720.69237786580834       0.99999999999995981        4.5833882549175859     
   720.91284050816557       0.99999999999996003        4.7867788692250377     
   721.13330315052281       0.99999999999996059        4.9902941668872032     
   721.35376579288004       0.99999999999996025        5.1937985032889245     
   721.57422843523727       0.99999999999996003        5.3971718487646427     
   721.79469107759451       0.99999999999995970        5.6003070117938503     
   722.01515371995174       0.99999999999996014        5.8031074305269961     
   722.23561636230897       0.99999999999995959        6.0054854040421137     
   722.45607900466621       0.99999999999995881        6.2073606663216720     
   722.67654164702344       0.99999999999995870        6.4086592292379096     
   722.89700428938067       0.99999999999995859        6.6093124381348050     
   723.11746693173791       0.99999999999995925        6.8092561965320400     
   723.33792957409514       0.99999999999995937        7.0084303262169740     
   723.55839221645238       0.99999999999995959        7.2067780363762752     
   723.77885485880961       0.99999999999995948        7.4042454810552014     
   723.99931750116684       0.99999999999995859        7.6007813885637177     
   724.21978014352408       0.99999999999995848        7.7963367497970202     
   724.44024278588131       0.99999999999995848        7.9908645550425446     
   724.66070542823854       0.99999999999995759        8.1843195708850534     
   724.88116807059578       0.99999999999995781        8.3766581504254187     
   725.10163071295301       0.99999999999995837        8.5678380712991320     
   725.32209335531024       0.99999999999995748        8.7578183969910217     
   725.54255599766748       0.99999999999995692        8.9465593577514309     
   725.76301864002471       0.99999999999995670        9.1340222480681188     
   725.98348128238194       0.99999999999995692        9.3201693381737272     
   726.20394392473918       0.99999999999995637        9.5049637974934669     
   726.42440656709641       0.99999999999995592        9.6883696282856224     
   726.64486920945365       0.99999999999995548        9.8703516080105462     
   726.86533185181088       0.99999999999995548        10.050875239197424     
   727.08579449416811       0.99999999999995537        10.229906705771091     
   727.30625713652535       0.99999999999995592        10.407412834959359     
   727.52671977888258       0.99999999999995592        10.583361064035300     
   727.74718242123981       0.99999999999995581        10.757719411258151     
   727.96764506359705       0.99999999999995581        10.930456450469867     
   728.18810770595428       0.99999999999995537        11.101541288881682     
   728.40857034831151       0.99999999999995437        11.270943547650203     
   728.62903299066875       0.99999999999995492        11.438633344898426     
   728.84949563302598       0.99999999999995470        11.604581280883759     
   729.06995827538321       0.99999999999995470        11.768758425054184     
   729.29042091774045       0.99999999999995415        11.931136304769186     
   729.51088356009768       0.99999999999995404        12.091686895489470     
   729.73134620245492       0.99999999999995470        12.250382612265541     
   729.95180884481215       0.99999999999995381        12.407196302375649     
   730.17227148716938       0.99999999999995404        12.562101238983070     
   730.39273412952662       0.99999999999995404        12.715071115697397     
   730.61319677188385       0.99999999999995415        12.866080041938929     
   730.83365941424108       0.99999999999995404        13.015102539017406     
   731.05412205659832       0.99999999999995359        13.162113536845691     
   731.27458469895555       0.99999999999995370        13.307088371219320     
   731.49504734131278       0.99999999999995381        13.450002781599318     
   731.71550998367002       0.99999999999995437        13.590832909343824     
   731.93597262602725       0.99999999999995526        13.729555296339383     
   732.15643526838448       0.99999999999995548        13.866146883987946     
   732.37689791074172       0.99999999999995559        14.000585012510852     
   732.59736055309895       0.99999999999995581        14.132847420534807     
   732.81782319545619       0.99999999999995526        14.262912244928318     
   733.03828583781342       0.99999999999995537        14.390758020860693     
   733.25874848017065       0.99999999999995492        14.516363682058055     
   733.47921112252789       0.99999999999995470        14.639708561233912     
   733.69967376488512       0.99999999999995548        14.760772390673401     
   733.92013640724235       0.99999999999995526        14.879535302952840     
   734.14059904959959       0.99999999999995437        14.995977831777809     
   734.36106169195682       0.99999999999995504        15.110080912924344     
   734.58152433431405       0.99999999999995470        15.221825885269842     
   734.80198697667129       0.99999999999995459        15.331194491900431     
   735.02244961902852       0.99999999999995537        15.438168881284383     
   735.24291226138575       0.99999999999995481        15.542731608500349     
   735.46337490374299       0.99999999999995537        15.644865636511332     
   735.68383754610022       0.99999999999995504        15.744554337475760     
   735.90430018845746       0.99999999999995515        15.841781494087673     
   736.12476283081469       0.99999999999995515        15.936531300939009     
   736.34522547317192       0.99999999999995581        16.028788365896734     
   736.56568811552916       0.99999999999995637        16.118537711489900     
   736.78615075788639       0.99999999999995659        16.205764776299791     
   737.00661340024362       0.99999999999995681        16.290455416349271     
   737.22707604260086       0.99999999999995592        16.372595906485476     
   737.44753868495809       0.99999999999995537        16.452172941752181     
   737.66800132731532       0.99999999999995548        16.529173638748183     
   737.88846396967256       0.99999999999995492        16.603585536967248     
   738.10892661202979       0.99999999999995504        16.675396600116486     
   738.32938925438702       0.99999999999995415        16.744595217410517     
   738.54985189674426       0.99999999999995426        16.811170204838039     
   738.77031453910149       0.99999999999995448        16.875110806398254     
   738.99077718145872       0.99999999999995426        16.936406695304882     
   739.21123982381596       0.99999999999995337        16.995047975155188     
   739.43170246617319       0.99999999999995315        17.051025181062236     
   739.65216510853043       0.99999999999995315        17.104329280748061     
   739.87262775088766       0.99999999999995248        17.154951675596752     
   740.09309039324489       0.99999999999995226        17.202884201664901     
   740.31355303560213       0.99999999999995226        17.248119130647837     
   740.53401567795936       0.99999999999995226        17.290649170801867     
   740.75447832031659       0.99999999999995259        17.330467467818831     
   740.97494096267383       0.99999999999995104        17.367567605653665     
   741.19540360503106       0.99999999999995004        17.401943607303252     
   741.41586624738829       0.99999999999995015        17.433589935535370     
   741.63632888974553       0.99999999999994948        17.462501493566879     
   741.85679153210276       0.99999999999994937        17.488673625691078     
   742.07725417445999       0.99999999999994904        17.512102117852091     
   742.29771681681723       0.99999999999994882        17.532783198167262     
   742.51817945917446       0.99999999999994804        17.550713537395506     
   742.73864210153170       0.99999999999994749        17.565890249351941     
   742.95910474388893       0.99999999999994604        17.578310891268224     
   743.17956738624616       0.99999999999994615        17.587973464098049     
   743.40003002860340       0.99999999999994493        17.594876412767395     
   743.62049267096063       0.99999999999994549        17.599018626369674     
   743.84095531331786       0.99999999999994582        17.600399438305157     
   744.06141795567510       0.99999999999994549        17.599018626364622     
   744.28188059803233       0.99999999999994571        17.594876412757245     
   744.50234324038956       0.99999999999994571        17.587973464082822     
   744.72280588274680       0.99999999999994571        17.578310891247938     
   744.94326852510403       0.99999999999994571        17.565890249326564     
   745.16373116746126       0.99999999999994560        17.550713537365080     
   745.38419380981850       0.99999999999994538        17.532783198131799     
   745.60465645217573       0.99999999999994549        17.512102117811597     
   745.82511909453297       0.99999999999994571        17.488673625645461     
   746.04558173689020       0.99999999999994527        17.462501493516339     
   746.26604437924743       0.99999999999994404        17.433589935479759     
   746.48650702160467       0.99999999999994438        17.401943607242654     
   746.70696966396190       0.99999999999994382        17.367567605588018     
   746.92743230631913       0.99999999999994416        17.330467467748196     
   747.14789494867637       0.99999999999994460        17.290649170726294     
   747.36835759103360       0.99999999999994527        17.248119130567314     
   747.58882023339083       0.99999999999994460        17.202884201579348     
   747.80928287574807       0.99999999999994438        17.154951675506304     
   748.02974551810530       0.99999999999994493        17.104329280652614     
   748.25020816046253       0.99999999999994493        17.051025180961844     
   748.47067080281977       0.99999999999994571        16.995047975049939     
   748.69113344517700       0.99999999999994471        16.936406695194755     
   748.91159608753424       0.99999999999994493        16.875110806283217     
   749.13205872989147       0.99999999999994493        16.811170204718106     
   749.35252137224870       0.99999999999994471        16.744595217285806     
   749.57298401460594       0.99999999999994504        16.675396599986964     
   749.79344665696317       0.99999999999994371        16.603585536833016     
   750.01390929932040       0.99999999999994216        16.529173638609198     
   750.23437194167764       0.99999999999994282        16.452172941608399     
   750.45483458403487       0.99999999999994216        16.372595906336951     
   750.67529722639210       0.99999999999994182        16.290455416196121     
   750.89575986874934       0.99999999999994194        16.205764776141947     
   751.11622251110657       0.99999999999994116        16.118537711327420     
   751.33668515346380       0.99999999999994138        16.028788365729660     
   751.55714779582104       0.99999999999994071        15.936531300767355     
   751.77761043817827       0.99999999999994083        15.841781493911535     
   751.99807308053551       0.99999999999994105        15.744554337295051     
   752.21853572289274       0.99999999999994105        15.644865636326147     
   752.43899836524997       0.99999999999994160        15.542731608310682     
   752.65946100760721       0.99999999999994205        15.438168881090281     
   752.87992364996444       0.99999999999994182        15.331194491701906     
   753.10038629232167       0.99999999999994238        15.221825885066956     
   753.32084893467891       0.99999999999994249        15.110080912717143     
   753.54131157703614       0.99999999999994171        14.995977831566286     
   753.76177421939337       0.99999999999994160        14.879535302737057     
   753.98223686175061       0.99999999999994116        14.760772390453416     
   754.20269950410784       0.99999999999994260        14.639708561009749     
   754.42316214646507       0.99999999999994260        14.516363681829716     
   754.64362478882231       0.99999999999994149        14.390758020628237     
   754.86408743117954       0.99999999999994149        14.262912244691790     
   755.08455007353678       0.99999999999994016        14.132847420294198     
   755.30501271589401       0.99999999999994027        14.000585012266251     
   755.52547535825124       0.99999999999994049        13.866146883739393     
   755.74593800060848       0.99999999999994127        13.729555296086904     
   755.96640064296571       0.99999999999994149        13.590832909087473     
   756.18686328532294       0.99999999999994094        13.450002781339075     
   756.40732592768018       0.99999999999994071        13.307088370955301     
   756.62778857003741       0.99999999999994083        13.162113536577918     
   756.84825121239464       0.99999999999994116        13.015102538745909     
   757.06871385475188       0.99999999999994182        12.866080041663821     
   757.28917649710911       0.99999999999994094        12.715071115418658     
   757.50963913946634       0.99999999999994105        12.562101238700778     
   757.73010178182358       0.99999999999994205        12.407196302089813     
   757.95056442418081       0.99999999999994194        12.250382611976219     
   758.17102706653804       0.99999999999994194        12.091686895196748     
   758.39148970889528       0.99999999999994216        11.931136304473078     
   758.61195235125251       0.99999999999994160        11.768758424754788     
   758.83241499360975       0.99999999999994138        11.604581280581087     
   759.05287763596698       0.99999999999994149        11.438633344592523     
   759.27334027832421       0.99999999999994171        11.270943547341099     
   759.49380292068145       0.99999999999994260        11.101541288569493     
   759.71426556303868       0.99999999999994282        10.930456450154601     
   759.93472820539591       0.99999999999994205        10.757719410939867     
   760.15519084775315       0.99999999999994271        10.583361063714078     
   760.37565349011038       0.99999999999994305        10.407412834635290     
   760.59611613246761       0.99999999999994260        10.229906705444190     
   760.81657877482485       0.99999999999994227        10.050875238867754     
   761.03704141718208       0.99999999999994260        9.8703516076781579     
   761.25750405953931       0.99999999999994316        9.6883696279506051     
   761.47796670189655       0.99999999999994382        9.5049637971558898     
   761.69842934425378       0.99999999999994460        9.3201693378336365     
   761.91889198661102       0.99999999999994460        9.1340222477256034     
   762.13935462896825       0.99999999999994305        8.9465593574064997     
   762.35981727132548       0.99999999999994293        8.7578183966438043     
   762.58027991368272       0.99999999999994271        8.5678380709496853     
   762.80074255603995       0.99999999999994194        8.3766581500737995     
   763.02120519839718       0.99999999999994127        8.1843195705313629     
   763.24166784075442       0.99999999999994216        7.9908645546868362     
   763.46213048311165       0.99999999999994260        7.7963367494393925     
   763.68259312546888       0.99999999999994238        7.6007813882042665     
   763.90305576782612       0.99999999999994227        7.4042454806939872     
   764.12351841018335       0.99999999999994182        7.2067780360134224     
   764.34398105254058       0.99999999999994160        7.0084303258525642     
   764.56444369489782       0.99999999999994238        6.8092561961661504     
   764.78490633725505       0.99999999999994171        6.6093124377675592     
   765.00536897961229       0.99999999999994171        6.4086592288694169     
   765.22583162196952       0.99999999999994138        6.2073606659520593     
   765.44629426432675       0.99999999999994049        6.0054854036715222     
   765.66675690668399       0.99999999999994094        5.8031074301555696     
   765.88721954904122       0.99999999999994116        5.6003070114217133     
   766.10768219139845       0.99999999999994094        5.3971718483919862     
   766.32814483375569       0.99999999999994071        5.1937985029159233     
   766.54860747611292       0.99999999999994138        4.9902941665140714     
   766.76907011847015       0.99999999999994105        4.7867788688520045     
   766.98953276082739       0.99999999999994105        4.5833882545449089     
   767.20999540318462       0.99999999999994171        4.3802771000091960     
   767.43045804554185       0.99999999999994116        4.1776238012847839     
   767.65092068789909       0.99999999999994038        3.9756361454782940     
   767.87138333025632       0.99999999999994071        3.7745587917141461     
   768.09184597261356       0.99999999999994005        3.5746830446038018     
   768.31230861497079       0.99999999999993905        3.3763597207652252     
   768.53277125732802       0.99999999999993927        3.1800162075348144     
   768.75323389968526       0.99999999999993805        2.9861792152136282     
   768.97369654204249       0.99999999999993827        2.7955052453429636     
   769.19415918439972       0.99999999999993738        2.6088214205493032     
   769.41462182675696       0.99999999999993705        2.4271799338334747     
   769.63508446911419       0.99999999999993727        2.2519296239156787     
   769.85554711147142       0.99999999999993661        2.0848071717103180     
   770.07600975382866       0.99999999999993561        1.9280461471231416     
   770.29647239618589       0.99999999999993483        1.7844907858769621     
   770.51693503854312       0.99999999999993572        1.6576772385120817     
   770.73739768090036       0.99999999999993550        1.5518044475212120     
   770.95786032325759       0.99999999999993583        1.4714726081745819     
   771.17832296561483       0.99999999999993494        1.4210738917670129     
   771.39878560797206       0.99999999999993405        1.4038686652528367     
   771.61924825032929       0.99999999999993361        1.4210738918317913     
   771.83971089268653       0.99999999999993339        1.4714726082996623     
   772.06017353504376       0.99999999999993439        1.5518044476990265     
   772.28063617740099       0.99999999999993516        1.6576772387338585     
   772.50109881975823       0.99999999999993561        1.7844907861342416     
   772.72156146211546       0.99999999999993638        1.9280461474085566     
   772.94202410447269       0.99999999999993738        2.0848071720178365     
   773.16248674682993       0.99999999999993749        2.2519296242405415     
   773.38294938918716       0.99999999999993661        2.4271799341719462     
   773.60341203154439       0.99999999999993650        2.6088214208984963     
   773.82387467390163       0.99999999999993661        2.7955052457006273     
   774.04433731625886       0.99999999999993683        2.9861792155780003     
   774.26479995861609       0.99999999999993694        3.1800162079045196     
   774.48526260097333       0.99999999999993672        3.3763597211391341     
   774.70572524333056       0.99999999999993683        3.5746830449810232     
   774.92618788568780       0.99999999999993705        3.7745587920939645     
   775.14665052804503       0.99999999999993794        3.9756361458600913     
   775.36711317040226       0.99999999999993749        4.1776238016680631     
   775.58757581275950       0.99999999999993805        4.3802771003935330     
   775.80803845511673       0.99999999999993761        4.5833882549299227     
   776.02850109747396       0.99999999999993860        4.7867788692373932     
   776.24896373983120       0.99999999999993938        4.9902941668995631     
   776.46942638218843       0.99999999999993938        5.1937985033012790     
   776.68988902454566       0.99999999999993938        5.3971718487769760     
   776.91035166690290       0.99999999999993960        5.6003070118061560     
   777.13081430926013       0.99999999999994038        5.8031074305392796     
   777.35127695161736       0.99999999999993916        6.0054854040543582     
   777.57173959397460       0.99999999999993971        6.2073606663338774     
   777.79220223633183       0.99999999999993971        6.4086592292500608     
   778.01266487868907       0.99999999999993883        6.6093124381469286     
   778.23312752104630       0.99999999999993838        6.8092561965441059     
   778.45359016340353       0.99999999999993827        7.0084303262290000     
   778.67405280576077       0.99999999999993816        7.2067780363882319     
   778.89451544811800       0.99999999999993905        7.4042454810671003     
   779.11497809047523       0.99999999999993894        7.6007813885755624     
   779.33544073283247       0.99999999999993749        7.7963367498087894     
   779.55590337518970       0.99999999999993705        7.9908645550542357     
   779.77636601754693       0.99999999999993727        8.1843195708966583     
   779.99682865990417       0.99999999999993761        8.3766581504369508     
   780.21729130226140       0.99999999999993805        8.5678380713105806     
   780.43775394461863       0.99999999999993794        8.7578183970023957     
   780.65821658697587       0.99999999999993794        8.9465593577627267     
   780.87867922933310       0.99999999999993827        9.1340222480793472     
   781.09914187169034       0.99999999999993816        9.3201693381848703     
   781.31960451404757       0.99999999999993860        9.5049637975045211     
   781.54006715640480       0.99999999999993938        9.6883696282965897     
   781.76052979876204       0.99999999999993938        9.8703516080214104     
   781.98099244111927       0.99999999999993916        10.050875239208198     
   782.20145508347650       0.99999999999993883        10.229906705781769     
   782.42191772583374       0.99999999999993971        10.407412834969954     
   782.64238036819097       0.99999999999994071        10.583361064045793     
   782.86284301054820       0.99999999999994127        10.757719411268541     
   783.08330565290544       0.99999999999993994        10.930456450480150     
   783.30376829526267       0.99999999999993971        11.101541288891873     
   783.52423093761990       0.99999999999993938        11.270943547660263     
   783.74469357997714       0.99999999999993960        11.438633344908403     
   783.96515622233437       0.99999999999993983        11.604581280893607     
   784.18561886469161       0.99999999999993971        11.768758425063913     
   784.40608150704884       0.99999999999993905        11.931136304778782     
   784.62654414940607       0.99999999999993872        12.091686895498954     
   784.84700679176331       0.99999999999993960        12.250382612274910     
   785.06746943412054       0.99999999999993983        12.407196302384897     
   785.28793207647777       0.99999999999993983        12.562101238992176     
   785.50839471883501       0.99999999999993994        12.715071115706367     
   785.72885736119224       0.99999999999993949        12.866080041947788     
   785.94932000354947       0.99999999999993883        13.015102539026095     
   786.16978264590671       0.99999999999993971        13.162113536854266     
   786.39024528826394       0.99999999999993938        13.307088371227788     
   786.61070793062117       0.99999999999993860        13.450002781607694     
   786.83117057297841       0.99999999999993838        13.590832909352065     
   787.05163321533564       0.99999999999993816        13.729555296347492     
   787.27209585769288       0.99999999999993849        13.866146883995892     
   787.49255850005011       0.99999999999993860        14.000585012518643     
   787.71302114240734       0.99999999999993883        14.132847420542470     
   787.93348378476458       0.99999999999993783        14.262912244935860     
   788.15394642712181       0.99999999999993805        14.390758020868118     
   788.37440906947904       0.99999999999993849        14.516363682065350     
   788.59487171183628       0.99999999999993860        14.639708561241049     
   788.81533435419351       0.99999999999993894        14.760772390680359     
   789.03579699655074       0.99999999999993872        14.879535302959642     
   789.25625963890798       0.99999999999993849        14.995977831784449     
   789.47672228126521       0.99999999999993816        15.110080912930862     
   789.69718492362244       0.99999999999993938        15.221825885276212     
   789.91764756597968       0.99999999999993927        15.331194491906651     
   790.13811020833691       0.99999999999993772        15.438168881290446     
   790.35857285069415       0.99999999999993716        15.542731608506255     
   790.57903549305138       0.99999999999993827        15.644865636517082     
   790.79949813540861       0.99999999999993883        15.744554337481375     
   791.01996077776585       0.99999999999993916        15.841781494093150     
   791.24042342012308       0.99999999999993938        15.936531300944335     
   791.46088606248031       0.99999999999994083        16.028788365901878     
   791.68134870483755       0.99999999999994149        16.118537711494856     
   791.90181134719478       0.99999999999994094        16.205764776304587     
   792.12227398955201       0.99999999999994138        16.290455416353918     
   792.34273663190925       0.99999999999994138        16.372595906489959     
   792.56319927426648       0.99999999999994116        16.452172941756498     
   792.78366191662371       0.99999999999994083        16.529173638752368     
   793.00412455898095       0.99999999999994149        16.603585536971263     
   793.22458720133818       0.99999999999994171        16.675396600120298     
   793.44504984369541       0.99999999999994271        16.744595217414158     
   793.66551248605265       0.99999999999994271        16.811170204841517     
   793.88597512840988       0.99999999999994327        16.875110806401608     
   794.10643777076712       0.99999999999994382        16.936406695308079     
   794.32690041312435       0.99999999999994427        16.995047975158208     
   794.54736305548158       0.99999999999994449        17.051025181065061     
   794.76782569783882       0.99999999999994604        17.104329280750775     
   794.98828834019605       0.99999999999994504        17.154951675599364     
   795.20875098255328       0.99999999999994582        17.202884201667292     
   795.42921362491052       0.99999999999994627        17.248119130650093     
   795.64967626726775       0.99999999999994693        17.290649170803960     
   795.87013890962498       0.99999999999994649        17.330467467820718     
   796.09060155198222       0.99999999999994715        17.367567605655392     
   796.31106419433945       0.99999999999994715        17.401943607304840     
   796.53152683669668       0.99999999999994815        17.433589935536808     
   796.75198947905392       0.99999999999994804        17.462501493568155     
   796.97245212141115       0.99999999999994849        17.488673625692169     
   797.19291476376839       0.99999999999994837        17.512102117853001     
   797.41337740612562       0.99999999999994860        17.532783198168012     
   797.63384004848285       0.99999999999994849        17.550713537396124     
   797.85430269084009       0.99999999999994882        17.565890249352382     
   798.07476533319732       0.99999999999994993        17.578310891268504     
   798.29522797555455       0.99999999999994893        17.587973464098145     
   798.51569061791179       0.99999999999994871        17.594876412767334     
   798.73615326026902       0.99999999999994926        17.599018626369457     
   798.95661590262625       0.99999999999994982        17.600399438304773     
   799.17707854498349       0.99999999999995104        17.599018626364085     
   799.39754118734072       0.99999999999995004        17.594876412756584     
   799.61800382969795       0.99999999999994993        17.587973464081973     
   799.83846647205519       0.99999999999994926        17.578310891246947     
   800.05892911441242       0.99999999999994915        17.565890249325456     
   800.27939175676966       0.99999999999994971        17.550713537363794     
   800.49985439912689       0.99999999999995004        17.532783198130332     
   800.72031704148412       0.99999999999995037        17.512102117809956     
   800.94077968384136       0.99999999999994948        17.488673625643727     
   801.16124232619859       0.99999999999994982        17.462501493514335     
   801.38170496855582       0.99999999999995015        17.433589935477613     
   801.60216761091306       0.99999999999994915        17.401943607240398     
   801.82263025327029       0.99999999999994826        17.367567605585592     
   802.04309289562752       0.99999999999994915        17.330467467745592     
   802.26355553798476       0.99999999999994982        17.290649170723526     
   802.48401818034199       0.99999999999994993        17.248119130564355     
   802.70448082269922       0.99999999999995060        17.202884201576175     
   802.92494346505646       0.99999999999995071        17.154951675502986     
   803.14540610741369       0.99999999999994971        17.104329280649136     
   803.36586874977093       0.99999999999995004        17.051025180958220     
   803.58633139212816       0.99999999999995015        16.995047975046123     
   803.80679403448539       0.99999999999995037        16.936406695190755     
   804.02725667684263       0.99999999999995004        16.875110806279068     
   804.24771931919986       0.99999999999994926        16.811170204713846     
   804.46818196155709       0.99999999999994860        16.744595217281368     
   804.68864460391433       0.99999999999994849        16.675396599982392     
   804.90910724627156       0.99999999999994915        16.603585536828273     
   805.12956988862879       0.99999999999994948        16.529173638604274     
   805.35003253098603       0.99999999999995115        16.452172941603319     
   805.57049517334326       0.99999999999995204        16.372595906331750     
   805.79095781570049       0.99999999999995304        16.290455416190767     
   806.01142045805773       0.99999999999995315        16.205764776136455     
   806.23188310041496       0.99999999999995348        16.118537711321800     
   806.45234574277220       0.99999999999995337        16.028788365723901     
   806.67280838512943       0.99999999999995381        15.936531300761429     
   806.89327102748666       0.99999999999995337        15.841781493905419     
   807.11373366984390       0.99999999999995337        15.744554337288777     
   807.33419631220113       0.99999999999995237        15.644865636319699     
   807.55465895455836       0.99999999999995215        15.542731608304106     
   807.77512159691560       0.99999999999995215        15.438168881083586     
   807.99558423927283       0.99999999999995270        15.331194491695076     
   808.21604688163006       0.99999999999995326        15.221825885059969     
   808.43650952398730       0.99999999999995393        15.110080912709989     
   808.65697216634453       0.99999999999995381        14.995977831558994     
   808.87743480870176       0.99999999999995415        14.879535302729646     
   809.09789745105900       0.99999999999995404        14.760772390445869     
   809.31836009341623       0.99999999999995393        14.639708561002012     
   809.53882273577346       0.99999999999995326        14.516363681821902     
   809.75928537813070       0.99999999999995348        14.390758020620256     
   809.97974802048793       0.99999999999995415        14.262912244683664     
   810.20021066284517       0.99999999999995381        14.132847420285964     
   810.42067330520240       0.99999999999995404        14.000585012257838     
   810.64113594755963       0.99999999999995337        13.866146883730849     
   810.86159858991687       0.99999999999995315        13.729555296078249     
   811.08206123227410       0.99999999999995315        13.590832909078683     
   811.30252387463133       0.99999999999995393        13.450002781330177     
   811.52298651698857       0.99999999999995404        13.307088370946266     
   811.74344915934580       0.99999999999995404        13.162113536568734     
   811.96391180170303       0.99999999999995404        13.015102538736626     
   812.18437444406027       0.99999999999995481        12.866080041654433     
   812.40483708641750       0.99999999999995592        12.715071115409133     
   812.62529972877473       0.99999999999995570        12.562101238691140     
   812.84576237113197       0.99999999999995504        12.407196302080102     
   813.06622501348920       0.99999999999995481        12.250382611966407     
   813.28668765584644       0.99999999999995492        12.091686895186793     
   813.50715029820367       0.99999999999995370        11.931136304463038     
   813.72761294056090       0.99999999999995393        11.768758424744613     
   813.94807558291814       0.99999999999995326        11.604581280570811     
   814.16853822527537       0.99999999999995359        11.438633344582167     
   814.38900086763260       0.99999999999995359        11.270943547330658     
   814.60946350998984       0.99999999999995348        11.101541288558931     
   814.82992615234707       0.99999999999995326        10.930456450143973     
   815.05038879470430       0.99999999999995293        10.757719410929116     
   815.27085143706154       0.99999999999995137        10.583361063703258     
   815.49131407941877       0.99999999999995048        10.407412834624369     
   815.71177672177600       0.99999999999995015        10.229906705433176     
   815.93223936413324       0.99999999999994971        10.050875238856650     
   816.15270200649047       0.99999999999995071        9.8703516076669668     
   816.37316464884771       0.99999999999995060        9.6883696279393501     
   816.59362729120494       0.99999999999995126        9.5049637971445371     
   816.81408993356217       0.99999999999995004        9.3201693378221897     
   817.03455257591941       0.99999999999994893        9.1340222477140482     
   817.25501521827664       0.99999999999994837        8.9465593573948965     
   817.47547786063387       0.99999999999994760        8.7578183966321461     
   817.69594050299111       0.99999999999994782        8.5678380709379276     
   817.91640314534834       0.99999999999994715        8.3766581500620028     
   818.13686578770557       0.99999999999994682        8.1843195705194862     
   818.35732843006281       0.99999999999994593        7.9908645546748938     
   818.57779107242004       0.99999999999994638        7.7963367494273896     
   818.79825371477727       0.99999999999994615        7.6007813881921864     
   819.01871635713451       0.99999999999994638        7.4042454806818485     
   819.23917899949174       0.99999999999994693        7.2067780360012241     
   819.45964164184898       0.99999999999994615        7.0084303258402985     
   819.68010428420621       0.99999999999994671        6.8092561961538394     
   819.90056692656344       0.99999999999994682        6.6093124377552162     
   820.12102956892068       0.99999999999994726        6.4086592288570428     
   820.34149221127791       0.99999999999994760        6.2073606659396408     
   820.56195485363514       0.99999999999994793        6.0054854036590850     
   820.78241749599238       0.99999999999994693        5.8031074301430809     
   821.00288013834961       0.99999999999994704        5.6003070114091980     
   821.22334278070684       0.99999999999994682        5.3971718483794566     
   821.44380542306408       0.99999999999994649        5.1937985029033760     
   821.66426806542131       0.99999999999994627        4.9902941665015241     
   821.88473070777854       0.99999999999994615        4.7867788688394564     
   822.10519335013578       0.99999999999994693        4.5833882545323847     
   822.32565599249301       0.99999999999994627        4.3802770999966878     
   822.54611863485025       0.99999999999994627        4.1776238012723113     
   822.76658127720748       0.99999999999994615        3.9756361454658675     
   822.98704391956471       0.99999999999994693        3.7745587917017764     
   823.20750656192195       0.99999999999994660        3.5746830445915014     
   823.42796920427918       0.99999999999994627        3.3763597207530198     
   823.64843184663641       0.99999999999994593        3.1800162075227498     
   823.86889448899365       0.99999999999994649        2.9861792152017128     
   824.08935713135088       0.99999999999994704        2.7955052453312517     
   824.30981977370811       0.99999999999994749        2.6088214205378519     
   824.53028241606535       0.99999999999994782        2.4271799338223485     
   824.75074505842258       0.99999999999994760        2.2519296239049651     
   824.97120770077981       0.99999999999994882        2.0848071717001346     
   825.19167034313705       0.99999999999994926        1.9280461471136465     
   825.41213298549428       0.99999999999994837        1.7844907858683403     
   825.63259562785152       0.99999999999994815        1.6576772385045715     
   825.85305827020875       0.99999999999994749        1.5518044475150823     
   826.07352091256598       0.99999999999994715        1.4714726081701186     
   826.29398355492322       0.99999999999994704        1.4210738917644670     
   826.51444619728045       0.99999999999994715        1.4038686652523604     
   826.73490883963768       0.99999999999994749        1.4210738918333945     
   826.95537148199492       0.99999999999994671        1.4714726083032119     
   827.17583412435215       0.99999999999994627        1.5518044477042878     
   827.39629676670938       0.99999999999994627        1.6576772387405558     
   827.61675940906662       0.99999999999994604        1.7844907861421020     
   827.83722205142385       0.99999999999994549        1.9280461474173447     
   828.05768469378108       0.99999999999994582        2.0848071720273587     
   828.27814733613832       0.99999999999994593        2.2519296242506366     
   828.49860997849555       0.99999999999994638        2.4271799341824969     
   828.71907262085278       0.99999999999994604        2.6088214209094120     
   828.93953526321002       0.99999999999994538        2.7955052457118277     
   829.15999790556725       0.99999999999994538        2.9861792155894307     
   829.38046054792449       0.99999999999994538        3.1800162079161352     
   829.60092319028172       0.99999999999994549        3.3763597211508989     
   829.82138583263895       0.99999999999994560        3.5746830449929132     
   830.04184847499619       0.99999999999994515        3.7745587921059296     
   830.26231111735342       0.99999999999994527        3.9756361458721390     
   830.48277375971065       0.99999999999994538        4.1776238016801708     
   830.70323640206789       0.99999999999994449        4.3802771004056700     
   830.92369904442512       0.99999999999994504        4.5833882549421014     
   831.14416168678235       0.99999999999994460        4.7867788692495701     
   831.36462432913959       0.99999999999994449        4.9902941669117444     
   831.58508697149682       0.99999999999994438        5.1937985033134622     
   831.80554961385405       0.99999999999994404        5.3971718487891467     
   832.02601225621129       0.99999999999994416        5.6003070118183107     
   832.24647489856852       0.99999999999994416        5.8031074305514263     
   832.46693754092576       0.99999999999994404        6.0054854040664809     
   832.68740018328299       0.99999999999994460        6.2073606663459646     
   832.90786282564022       0.99999999999994593        6.4086592292621205     
   833.12832546799746       0.99999999999994471        6.6093124381589368     
   833.34878811035469       0.99999999999994515        6.8092561965560856     
   833.56925075271192       0.99999999999994460        7.0084303262409300     
   833.78971339506916       0.99999999999994393        7.2067780364001122     
   834.01017603742639       0.99999999999994293        7.4042454810789113     
   834.23063867978362       0.99999999999994360        7.6007813885873059     
   834.45110132214086       0.99999999999994360        7.7963367498204832     
   834.67156396449809       0.99999999999994393        7.9908645550658708     
   834.89202660685532       0.99999999999994327        8.1843195709082401     
   835.11248924921256       0.99999999999994416        8.3766581504484723     
   835.33295189156979       0.99999999999994449        8.5678380713220310     
   835.55341453392703       0.99999999999994471        8.7578183970137484     
   835.77387717628426       0.99999999999994449        8.9465593577740083     
   835.99433981864149       0.99999999999994504        9.1340222480905542     
   836.21480246099873       0.99999999999994449        9.3201693381959938     
   836.43526510335596       0.99999999999994416        9.5049637975155452     
   836.65572774571319       0.99999999999994460        9.6883696283075249     
   836.87619038807043       0.99999999999994404        9.8703516080322675     
   837.09665303042766       0.99999999999994404        10.050875239218971     
   837.31711567278489       0.99999999999994449        10.229906705792454     
   837.53757831514213       0.99999999999994360        10.407412834980549     
   837.75804095749936       0.99999999999994327        10.583361064056261     
   837.97850359985659       0.99999999999994249        10.757719411278918     
   838.19896624221383       0.99999999999994094        10.930456450490460     
   838.41942888457106       0.99999999999994105        11.101541288902057     
   838.63989152692830       0.99999999999994138        11.270943547670374     
   838.86035416928553       0.99999999999994094        11.438633344918378     
   839.08081681164276       0.99999999999993971        11.604581280903442     
   839.30127945400000       0.99999999999993949        11.768758425073669     
   839.52174209635723       0.99999999999994038        11.931136304788417     
   839.74220473871446       0.99999999999994027        12.091686895508500     
   839.96266738107170       0.99999999999994038        12.250382612284323     
   840.18313002342893       0.99999999999994038        12.407196302394194     
   840.40359266578616       0.99999999999994005        12.562101239001381     
   840.62405530814340       0.99999999999993960        12.715071115715430     
   840.84451795050063       0.99999999999994005        12.866080041956756     
   841.06498059285786       0.99999999999993927        13.015102539034954     
   841.28544323521510       0.99999999999993860        13.162113536862991     
   841.50590587757233       0.99999999999993816        13.307088371236397     
   841.72636851992957       0.99999999999993727        13.450002781616140     
   841.94683116228680       0.99999999999993694        13.590832909360399     
   842.16729380464403       0.99999999999993661        13.729555296355709     
   842.38775644700127       0.99999999999993627        13.866146884003992     
   842.60821908935850       0.99999999999993550        14.000585012526594     
   842.82868173171573       0.99999999999993661        14.132847420550288     
   843.04914437407297       0.99999999999993661        14.262912244943562     
   843.26960701643020       0.99999999999993561        14.390758020875667     
   843.49006965878743       0.99999999999993505        14.516363682072758     
   843.71053230114467       0.99999999999993372        14.639708561248318     
   843.93099494350190       0.99999999999993316        14.760772390687476     
   844.15145758585913       0.99999999999993372        14.879535302966630     
   844.37192022821637       0.99999999999993294        14.995977831791294     
   844.59238287057360       0.99999999999993228        15.110080912937544     
   844.81284551293083       0.99999999999993183        15.221825885282749     
   845.03330815528807       0.99999999999993161        15.331194491913051     
   845.25377079764530       0.99999999999993172        15.438168881296731     
   845.47423344000254       0.99999999999993183        15.542731608512348     
   845.69469608235977       0.99999999999993161        15.644865636523059     
   845.91515872471700       0.99999999999993139        15.744554337487173     
   846.13562136707424       0.99999999999993161        15.841781494098811     
   846.35608400943147       0.99999999999993161        15.936531300949827     
   846.57654665178870       0.99999999999993128        16.028788365907214     
   846.79700929414594       0.99999999999993083        16.118537711500007     
   847.01747193650317       0.99999999999993150        16.205764776309600     
   847.23793457886040       0.99999999999993017        16.290455416358771     
   847.45839722121764       0.99999999999993006        16.372595906494652     
   847.67885986357487       0.99999999999992939        16.452172941761049     
   847.89932250593210       0.99999999999992850        16.529173638756774     
   848.11978514828934       0.99999999999992828        16.603585536975512     
   848.34024779064657       0.99999999999992673        16.675396600124330     
   848.56071043300381       0.99999999999992673        16.744595217418077     
   848.78117307536104       0.99999999999992772        16.811170204845251     
   849.00163571771827       0.99999999999992772        16.875110806405143     
   849.22209836007551       0.99999999999992728        16.936406695311437     
   849.44256100243274       0.99999999999992739        16.995047975161416     
   849.66302364478997       0.99999999999992706        17.051025181068113     
   849.88348628714721       0.99999999999992717        17.104329280753650     
   850.10394892950444       0.99999999999992595        17.154951675602053     
   850.32441157186167       0.99999999999992428        17.202884201669900     
   850.54487421421891       0.99999999999992428        17.248119130652515     
   850.76533685657614       0.99999999999992517        17.290649170806230     
   850.98579949893337       0.99999999999992606        17.330467467822864     
   851.20626214129061       0.99999999999992628        17.367567605657381     
   851.42672478364784       0.99999999999992617        17.401943607306663     
   851.64718742600508       0.99999999999992617        17.433589935538439     
   851.86765006836231       0.99999999999992606        17.462501493569615     
   852.08811271071954       0.99999999999992550        17.488673625693483     
   852.30857535307678       0.99999999999992439        17.512102117854152     
   852.52903799543401       0.99999999999992417        17.532783198169014     
   852.74950063779124       0.99999999999992439        17.550713537396927     
   852.96996328014848       0.99999999999992406        17.565890249352975     
   853.19042592250571       0.99999999999992417        17.578310891268931     
   853.41088856486294       0.99999999999992484        17.587973464098429     
   853.63135120722018       0.99999999999992484        17.594876412767398     
   853.85181384957741       0.99999999999992573        17.599018626369357     
   854.07227649193464       0.99999999999992595        17.600399438304496     
   854.29273913429188       0.99999999999992573        17.599018626363630     
   854.51320177664911       0.99999999999992528        17.594876412755930     
   854.73366441900635       0.99999999999992606        17.587973464081209     
   854.95412706136358       0.99999999999992562        17.578310891246034     
   855.17458970372081       0.99999999999992517        17.565890249324319     
   855.39505234607805       0.99999999999992473        17.550713537362483     
   855.61551498843528       0.99999999999992484        17.532783198128858     
   855.83597763079251       0.99999999999992495        17.512102117808297     
   856.05644027314975       0.99999999999992539        17.488673625641844     
   856.27690291550698       0.99999999999992539        17.462501493512313     
   856.49736555786421       0.99999999999992573        17.433589935475432     
   856.71782820022145       0.99999999999992539        17.401943607238046     
   856.93829084257868       0.99999999999992550        17.367567605583059     
   857.15875348493591       0.99999999999992439        17.330467467742910     
   857.37921612729315       0.99999999999992439        17.290649170720645     
   857.59967876965038       0.99999999999992384        17.248119130561324     
   857.82014141200762       0.99999999999992395        17.202884201572989     
   858.04060405436485       0.99999999999992406        17.154951675499632     
   858.26106669672208       0.99999999999992417        17.104329280645640     
   858.48152933907932       0.99999999999992395        17.051025180954564     
   858.70199198143655       0.99999999999992395        16.995047975042326     
   858.92245462379378       0.99999999999992362        16.936406695186800     
   859.14291726615102       0.99999999999992362        16.875110806274925     
   859.36337990850825       0.99999999999992306        16.811170204709565     
   859.58384255086548       0.99999999999992295        16.744595217276899     
   859.80430519322272       0.99999999999992273        16.675396599977748     
   860.02476783557995       0.99999999999992317        16.603585536823424     
   860.24523047793718       0.99999999999992295        16.529173638599310     
   860.46569312029442       0.99999999999992240        16.452172941598196     
   860.68615576265165       0.99999999999992240        16.372595906326474     
   860.90661840500889       0.99999999999992273        16.290455416185331     
   861.12708104736612       0.99999999999992317        16.205764776130859     
   861.34754368972335       0.99999999999992306        16.118537711316034     
   861.56800633208059       0.99999999999992262        16.028788365717990     
   861.78846897443782       0.99999999999992339        15.936531300755385     
   862.00893161679505       0.99999999999992417        15.841781493899223     
   862.22939425915229       0.99999999999992595        15.744554337282437     
   862.44985690150952       0.99999999999992628        15.644865636313225     
   862.67031954386675       0.99999999999992684        15.542731608297503     
   862.89078218622399       0.99999999999992761        15.438168881076804     
   863.11124482858122       0.99999999999992872        15.331194491688141     
   863.33170747093845       0.99999999999992784        15.221825885052910     
   863.55217011329569       0.99999999999992817        15.110080912702804     
   863.77263275565292       0.99999999999992917        14.995977831551658     
   863.99309539801015       0.99999999999993006        14.879535302722154     
   864.21355804036739       0.99999999999992850        14.760772390438209     
   864.43402068272462       0.99999999999992972        14.639708560994238     
   864.65448332508186       0.99999999999993094        14.516363681813951     
   864.87494596743909       0.99999999999993172        14.390758020612161     
   865.09540860979632       0.99999999999993172        14.262912244675428     
   865.31587125215356       0.99999999999993117        14.132847420277580     
   865.53633389451079       0.99999999999993128        14.000585012249314     
   865.75679653686802       0.99999999999993172        13.866146883722193     
   865.97725917922526       0.99999999999993239        13.729555296069480     
   866.19772182158249       0.99999999999993228        13.590832909069746     
   866.41818446393972       0.99999999999993239        13.450002781321107     
   866.63864710629696       0.99999999999993183        13.307088370937096     
   866.85910974865419       0.99999999999993161        13.162113536559454     
   867.07957239101142       0.99999999999993228        13.015102538727181     
   867.30003503336866       0.99999999999993217        12.866080041644818     
   867.52049767572589       0.99999999999993217        12.715071115399416     
   867.74096031808313       0.99999999999993183        12.562101238681279     
   867.96142296044036       0.99999999999993261        12.407196302070108     
   868.18188560279759       0.99999999999993228        12.250382611956304     
   868.40234824515483       0.99999999999993272        12.091686895176641     
   868.62281088751206       0.99999999999993217        11.931136304452743     
   868.84327352986929       0.99999999999993183        11.768758424734202     
   869.06373617222653       0.99999999999993139        11.604581280560273     
   869.28419881458376       0.99999999999993094        11.438633344571489     
   869.50466145694099       0.99999999999993039        11.270943547319899     
   869.72512409929823       0.99999999999993072        11.101541288548077     
   869.94558674165546       0.99999999999993061        10.930456450132993     
   870.16604938401269       0.99999999999993039        10.757719410918066     
   870.38651202636993       0.99999999999993028        10.583361063692085     
   870.60697466872716       0.99999999999993017        10.407412834613076     
   870.82743731108440       0.99999999999993117        10.229906705421806     
   871.04789995344163       0.99999999999993128        10.050875238845164     
   871.26836259579886       0.99999999999993061        9.8703516076553832     
   871.48882523815610       0.99999999999993061        9.6883696279276688     
   871.70928788051333       0.99999999999993083        9.5049637971327652     
   871.92975052287056       0.99999999999993117        9.3201693378103325     
   872.15021316522780       0.99999999999993006        9.1340222477021360     
   872.37067580758503       0.99999999999992972        8.9465593573828812     
   872.59113844994226       0.99999999999992972        8.7578183966200118     
   872.81160109229950       0.99999999999992950        8.5678380709257311     
   873.03206373465673       0.99999999999992994        8.3766581500497193     
   873.25252637701396       0.99999999999992950        8.1843195705071121     
   873.47298901937120       0.99999999999992961        7.9908645546624708     
   873.69345166172843       0.99999999999992972        7.7963367494149143     
   873.91391430408567       0.99999999999992994        7.6007813881796347     
   874.13437694644290       0.99999999999992895        7.4042454806692319     
   874.35483958880013       0.99999999999992850        7.2067780359885463     
   874.57530223115737       0.99999999999992872        7.0084303258275913     
   874.79576487351460       0.99999999999992883        6.8092561961410851     
   875.01622751587183       0.99999999999992928        6.6093124377423944     
   875.23669015822907       0.99999999999992906        6.4086592288441651     
   875.45715280058630       0.99999999999992872        6.2073606659267133     
   875.67761544294353       0.99999999999992950        6.0054854036460998     
   875.89807808530077       0.99999999999992895        5.8031074301300798     
   876.11854072765800       0.99999999999992939        5.6003070113961870     
   876.33900337001523       0.99999999999992817        5.3971718483664155     
   876.55946601237247       0.99999999999992728        5.1937985028903197     
   876.77992865472970       0.99999999999992695        4.9902941664884590     
   877.00039129708694       0.99999999999992661        4.7867788688264019     
   877.22085393944417       0.99999999999992628        4.5833882545193205     
   877.44131658180140       0.99999999999992573        4.3802770999836564     
   877.66177922415864       0.99999999999992584        4.1776238012592941     
   877.88224186651587       0.99999999999992517        3.9756361454528868     
   878.10270450887310       0.99999999999992539        3.7745587916888423     
   878.32316715123034       0.99999999999992550        3.5746830445786468     
   878.54362979358757       0.99999999999992506        3.3763597207402665     
   878.76409243594480       0.99999999999992406        3.1800162075101155     
   878.98455507830204       0.99999999999992373        2.9861792151892472     
   879.20501772065927       0.99999999999992406        2.7955052453189912     
   879.42548036301650       0.99999999999992439        2.6088214205258509     
   879.64594300537374       0.99999999999992317        2.4271799338106921     
   879.86640564773097       0.99999999999992395        2.2519296238937421     
   880.08686829008820       0.99999999999992384        2.0848071716894707     
   880.30733093244544       0.99999999999992417        1.9280461471036956     
   880.52779357480267       0.99999999999992384        1.7844907858593084     
   880.74825621715991       0.99999999999992362        1.6576772384966953     
   880.96871885951714       0.99999999999992362        1.5518044475086539     
   881.18918150187437       0.99999999999992306        1.4714726081654312     
   881.40964414423161       0.99999999999992262        1.4210738917617838     
   881.63010678658884       0.99999999999992217        1.4038686652518424     
   881.85056942894607       0.99999999999992251        1.4210738918350541     
   882.07103207130331       0.99999999999992206        1.4714726083069105     
   882.29149471366054       0.99999999999992262        1.5518044477097774     
   882.51195735601777       0.99999999999992251        1.6576772387475482     
   882.73241999837501       0.99999999999992217        1.7844907861503139     
   882.95288264073224       0.99999999999992217        1.9280461474265291     
   883.17334528308947       0.99999999999992251        2.0848071720373076     
   883.39380792544671       0.99999999999992295        2.2519296242611948     
   883.61427056780394       0.99999999999992328        2.4271799341935334     
   883.83473321016118       0.99999999999992328        2.6088214209208211     
   884.05519585251841       0.99999999999992362        2.7955052457235392     
   884.27565849487564       0.99999999999992373        2.9861792156013904     
   884.49612113723288       0.99999999999992328        3.1800162079282757     
   884.71658377959011       0.99999999999992306        3.3763597211631851     
   884.93704642194734       0.99999999999992339        3.5746830450053215     
   885.15750906430458       0.99999999999992384        3.7745587921184449     
   885.37797170666181       0.99999999999992462        3.9756361458847249     
   885.59843434901904       0.99999999999992462        4.1776238016928131     
   885.81889699137628       0.99999999999992462        4.3802771004183585     
   886.03935963373351       0.99999999999992406        4.5833882549548122     
   886.25982227609074       0.99999999999992417        4.7867788692623092     
   886.48028491844798       0.99999999999992373        4.9902941669244907     
   886.70074756080521       0.99999999999992384        5.1937985033261924     
   886.92121020316245       0.99999999999992417        5.3971718488018912     
   887.14167284551968       0.99999999999992384        5.6003070118310276     
   887.36213548787691       0.99999999999992406        5.8031074305641273     
   887.58259813023415       0.99999999999992539        6.0054854040791641     
   887.80306077259138       0.99999999999992495        6.2073606663586069     
   888.02352341494861       0.99999999999992528        6.4086592292747309     
   888.24398605730585       0.99999999999992584        6.6093124381715089     
   888.46444869966308       0.99999999999992595        6.8092561965686018     
   888.68491134202031       0.99999999999992595        7.0084303262534080     
   888.90537398437755       0.99999999999992639        7.2067780364125369     
   889.12583662673478       0.99999999999992728        7.4042454810912712     
   889.34629926909201       0.99999999999992772        7.6007813885996285     
   889.56676191144925       0.99999999999992828        7.7963367498327223     
   889.78722455380648       0.99999999999992784        7.9908645550780459     
   890.00768719616372       0.99999999999992772        8.1843195709203549     
   890.22814983852095       0.99999999999992839        8.3766581504605231     
   890.44861248087818       0.99999999999992839        8.5678380713339966     
   890.66907512323542       0.99999999999992772        8.7578183970256642     
   890.88953776559265       0.99999999999992806        8.9465593577858424     
   891.11000040794988       0.99999999999992761        9.1340222481022888     
   891.33046305030712       0.99999999999992761        9.3201693382076574     
   891.55092569266435       0.99999999999992739        9.5049637975271324     
   891.77138833502158       0.99999999999992795        9.6883696283190002     
   891.99185097737882       0.99999999999992717        9.8703516080436575     
   892.21231361973605       0.99999999999992673        10.050875239230280     
   892.43277626209328       0.99999999999992717        10.229906705803677     
   892.65323890445052       0.99999999999992772        10.407412834991673     
   892.87370154680775       0.99999999999992795        10.583361064067295     
   893.09416418916499       0.99999999999992872        10.757719411289841     
   893.31462683152222       0.99999999999992795        10.930456450501262     
   893.53508947387945       0.99999999999992850        11.101541288912768     
   893.75555211623669       0.99999999999992828        11.270943547680956     
   893.97601475859392       0.99999999999992728        11.438633344928880     
   894.19647740095115       0.99999999999992684        11.604581280913868     
   894.41694004330839       0.99999999999992706        11.768758425083931     
   894.63740268566562       0.99999999999992684        11.931136304798576     
   894.85786532802285       0.99999999999992628        12.091686895518496     
   895.07832797038009       0.99999999999992606        12.250382612294203     
   895.29879061273732       0.99999999999992462        12.407196302403969     
   895.51925325509455       0.99999999999992473        12.562101239011024     
   895.73971589745179       0.99999999999992462        12.715071115724980     
   895.96017853980902       0.99999999999992473        12.866080041966157     
   896.18064118216626       0.99999999999992484        13.015102539044234     
   896.40110382452349       0.99999999999992417        13.162113536872143     
   896.62156646688072       0.99999999999992373        13.307088371245417     
   896.84202910923796       0.99999999999992295        13.450002781625034     
   897.06249175159519       0.99999999999992206        13.590832909369169     
   897.28295439395242       0.99999999999992206        13.729555296364339     
   897.50341703630966       0.99999999999992184        13.866146884012480     
   897.72387967866689       0.99999999999992173        14.000585012534961     
   897.94434232102412       0.99999999999992284        14.132847420558512     
   898.16480496338136       0.99999999999992228        14.262912244951641     
   898.38526760573859       0.99999999999992151        14.390758020883615     
   898.60573024809582       0.99999999999992073        14.516363682080575     
   898.82619289045306       0.99999999999992029        14.639708561255976     
   899.04665553281029       0.99999999999992129        14.760772390695031     
   899.26711817516752       0.99999999999992151        14.879535302974018     
   899.48758081752476       0.99999999999992117        14.995977831798522     
   899.70804345988199       0.99999999999992140        15.110080912944623     
   899.92850610223923       0.99999999999992206        15.221825885289688     
   900.14896874459646       0.99999999999992173        15.331194491919815     
   900.36943138695369       0.99999999999992195        15.438168881303350     
   900.58989402931093       0.99999999999992284        15.542731608518848     
   900.81035667166816       0.99999999999992306        15.644865636529383     
   901.03081931402539       0.99999999999992162        15.744554337493351     
   901.25128195638263       0.99999999999992173        15.841781494104850     
   901.47174459873986       0.99999999999992195        15.936531300955700     
   901.69220724109709       0.99999999999992328        16.028788365912948     
   901.91266988345433       0.99999999999992384        16.118537711505606     
   902.13313252581156       0.99999999999992439        16.205764776315046     
   902.35359516816879       0.99999999999992484        16.290455416364065     
   902.57405781052603       0.99999999999992517        16.372595906499754     
   902.79452045288326       0.99999999999992550        16.452172941765994     
   903.01498309524050       0.99999999999992539        16.529173638761556     
   903.23544573759773       0.99999999999992573        16.603585536980138     
   903.45590837995496       0.99999999999992650        16.675396600128810     
   903.67637102231220       0.99999999999992606        16.744595217422361     
   903.89683366466943       0.99999999999992628        16.811170204849383     
   904.11729630702666       0.99999999999992606        16.875110806409122     
   904.33775894938390       0.99999999999992550        16.936406695315238     
   904.55822159174113       0.99999999999992473        16.995047975165043     
   904.77868423409836       0.99999999999992528        17.051025181071576     
   904.99914687645560       0.99999999999992539        17.104329280756904     
   905.21960951881283       0.99999999999992417        17.154951675605158     
   905.44007216117006       0.99999999999992506        17.202884201672756     
   905.66053480352730       0.99999999999992473        17.248119130655198     
   905.88099744588453       0.99999999999992484        17.290649170808756     
   906.10146008824177       0.99999999999992550        17.330467467825208     
   906.32192273059900       0.99999999999992495        17.367567605659548     
   906.54238537295623       0.99999999999992562        17.401943607308681     
   906.76284801531347       0.99999999999992528        17.433589935540276     
   906.98331065767070       0.99999999999992595        17.462501493571317     
   907.20377330002793       0.99999999999992573        17.488673625694965     
   907.42423594238517       0.99999999999992517        17.512102117855427     
   907.64469858474240       0.99999999999992528        17.532783198170158     
   907.86516122709963       0.99999999999992495        17.550713537397911     
   908.08562386945687       0.99999999999992495        17.565890249353810     
   908.30608651181410       0.99999999999992484        17.578310891269574     
   908.52654915417133       0.99999999999992450        17.587973464098908     
   908.74701179652857       0.99999999999992406        17.594876412767722     
   908.96747443888580       0.99999999999992339        17.599018626369528     
   909.18793708124304       0.99999999999992351        17.600399438304482     
   909.40839972360027       0.99999999999992395        17.599018626363435     
   909.62886236595750       0.99999999999992495        17.594876412755571     
   909.84932500831474       0.99999999999992406        17.587973464080651     
   910.06978765067197       0.99999999999992428        17.578310891245266     
   910.29025029302920       0.99999999999992384        17.565890249323491     
   910.51071293538644       0.99999999999992317        17.550713537361435     
   910.73117557774367       0.99999999999992362        17.532783198127628     
   910.95163822010090       0.99999999999992406        17.512102117806901     
   911.17210086245814       0.99999999999992484        17.488673625640278     
   911.39256350481537       0.99999999999992484        17.462501493510572     
   911.61302614717260       0.99999999999992484        17.433589935473510     
   911.83348878952984       0.99999999999992384        17.401943607235928     
   912.05395143188707       0.99999999999992439        17.367567605580795     
   912.27441407424431       0.99999999999992473        17.330467467740444     
   912.49487671660154       0.99999999999992417        17.290649170718030     
   912.71533935895877       0.99999999999992439        17.248119130558504     
   912.93580200131601       0.99999999999992373        17.202884201570022     
   913.15626464367324       0.99999999999992439        17.154951675496495     
   913.37672728603047       0.99999999999992428        17.104329280642322     
   913.59718992838771       0.99999999999992473        17.051025180951140     
   913.81765257074494       0.99999999999992450        16.995047975038688     
   914.03811521310217       0.99999999999992517        16.936406695183017     
   914.25857785545941       0.99999999999992506        16.875110806270957     
   914.47904049781664       0.99999999999992573        16.811170204705434     
   914.69950314017387       0.99999999999992639        16.744595217272593     
   914.91996578253111       0.99999999999992661        16.675396599973286     
   915.14042842488834       0.99999999999992650        16.603585536818844     
   915.36089106724557       0.99999999999992617        16.529173638594511     
   915.58135370960281       0.99999999999992584        16.452172941593272     
   915.80181635196004       0.99999999999992617        16.372595906321393     
   916.02227899431728       0.99999999999992528        16.290455416180034     
   916.24274163667451       0.99999999999992528        16.205764776125413     
   916.46320427903174       0.99999999999992484        16.118537711310399     
   916.68366692138898       0.99999999999992462        16.028788365712170     
   916.90412956374621       0.99999999999992406        15.936531300749417     
   917.12459220610344       0.99999999999992351        15.841781493893079     
   917.34505484846068       0.99999999999992306        15.744554337276140     
   917.56551749081791       0.99999999999992251        15.644865636306747     
   917.78598013317514       0.99999999999992162        15.542731608290877     
   918.00644277553238       0.99999999999991984        15.438168881070023     
   918.22690541788961       0.99999999999991895        15.331194491681238     
   918.44736806024684       0.99999999999991818        15.221825885045842     
   918.66783070260408       0.99999999999991807        15.110080912695590     
   918.88829334496131       0.99999999999991851        14.995977831544305     
   919.10875598731855       0.99999999999991840        14.879535302714634     
   919.32921862967578       0.99999999999991884        14.760772390430541     
   919.54968127203301       0.99999999999991906        14.639708560986463     
   919.77014391439025       0.99999999999991918        14.516363681806016     
   919.99060655674748       0.99999999999991895        14.390758020604096     
   920.21106919910471       0.99999999999991895        14.262912244667209     
   920.43153184146195       0.99999999999991906        14.132847420269254     
   920.65199448381918       0.99999999999991951        14.000585012240855     
   920.87245712617641       0.99999999999992017        13.866146883713585     
   921.09291976853365       0.99999999999992073        13.729555296060729     
   921.31338241089088       0.99999999999992095        13.590832909060882     
   921.53384505324811       0.99999999999992095        13.450002781312113     
   921.75430769560535       0.99999999999992162        13.307088370927961     
   921.97477033796258       0.99999999999992162        13.162113536550173     
   922.19523298031982       0.99999999999992162        13.015102538717796     
   922.41569562267705       0.99999999999992206        12.866080041635302     
   922.63615826503428       0.99999999999992106        12.715071115389778     
   922.85662090739152       0.99999999999992062        12.562101238671520     
   923.07708354974875       0.99999999999992062        12.407196302060237     
   923.29754619210598       0.99999999999992106        12.250382611946279     
   923.51800883446322       0.99999999999992140        12.091686895166463     
   923.73847147682045       0.99999999999992195        11.931136304442461     
   923.95893411917768       0.99999999999992195        11.768758424723822     
   924.17939676153492       0.99999999999992328        11.604581280549798     
   924.39985940389215       0.99999999999992273        11.438633344560932     
   924.62032204624938       0.99999999999992217        11.270943547309209     
   924.84078468860662       0.99999999999992173        11.101541288537264     
   925.06124733096385       0.99999999999992162        10.930456450122083     
   925.28170997332109       0.99999999999992217        10.757719410907042     
   925.50217261567832       0.99999999999992206        10.583361063680961     
   925.72263525803555       0.99999999999992140        10.407412834601848     
   925.94309790039279       0.99999999999992084        10.229906705410482     
   926.16356054275002       0.99999999999992106        10.050875238833770     
   926.38402318510725       0.99999999999992162        9.8703516076438902     
   926.60448582746449       0.99999999999992184        9.6883696279160745     
   926.82494846982172       0.99999999999992073        9.5049637971210839     
   927.04541111217895       0.99999999999992095        9.3201693377985695     
   927.26587375453619       0.99999999999992106        9.1340222476902895     
   927.48633639689342       0.99999999999992117        8.9465593573709601     
   927.70679903925065       0.99999999999992217        8.7578183966080321     
   927.92726168160789       0.99999999999992251        8.5678380709136821     
   928.14772432396512       0.99999999999992262        8.3766581500375761     
   928.36818696632236       0.99999999999992317        8.1843195704949210     
   928.58864960867959       0.99999999999992317        7.9908645546502051     
   928.80911225103682       0.99999999999992284        7.7963367494025668     
   929.02957489339406       0.99999999999992273        7.6007813881672455     
   929.25003753575129       0.99999999999992228        7.4042454806567832     
   929.47050017810852       0.99999999999992228        7.2067780359760443     
   929.69096282046576       0.99999999999992162        7.0084303258150209     
   929.91142546282299       0.99999999999992184        6.8092561961284694     
   930.13188810518022       0.99999999999992151        6.6093124377297334     
   930.35235074753746       0.99999999999992173        6.4086592288314561     
   930.57281338989469       0.99999999999992195        6.2073606659139733     
   930.79327603225192       0.99999999999992162        6.0054854036333296     
   931.01373867460916       0.99999999999992206        5.8031074301172660     
   931.23420131696639       0.99999999999992339        5.6003070113833395     
   931.45466395932363       0.99999999999992417        5.3971718483535502     
   931.67512660168086       0.99999999999992384        5.1937985028774332     
   931.89558924403809       0.99999999999992450        4.9902941664755520     
   932.11605188639533       0.99999999999992484        4.7867788688134807     
   932.33651452875256       0.99999999999992506        4.5833882545064091     
   932.55697717110979       0.99999999999992462        4.3802770999707485     
   932.77743981346703       0.99999999999992495        4.1776238012464173     
   932.99790245582426       0.99999999999992462        3.9756361454400531     
   933.21836509818149       0.99999999999992417        3.7745587916760734     
   933.43882774053873       0.99999999999992539        3.5746830445659445     
   933.65929038289596       0.99999999999992562        3.3763597207276725     
   933.87975302525319       0.99999999999992661        3.1800162074976477     
   934.10021566761043       0.99999999999992706        2.9861792151769344     
   934.32067830996766       0.99999999999992717        2.7955052453068916     
   934.54114095232489       0.99999999999992728        2.6088214205140146     
   934.76160359468213       0.99999999999992639        2.4271799337991879     
   934.98206623703936       0.99999999999992706        2.2519296238826700     
   935.20252887939660       0.99999999999992717        2.0848071716789431     
   935.42299152175383       0.99999999999992617        1.9280461470938739     
   935.64345416411106       0.99999999999992639        1.7844907858503867     
   935.86391680646830       0.99999999999992528        1.6576772384889238     
   936.08437944882553       0.99999999999992517        1.5518044475023101     
   936.30484209118276       0.99999999999992606        1.4714726081608145     
   936.52530473354000       0.99999999999992673        1.4210738917591486     
   936.74576737589723       0.99999999999992584        1.4038686652513486     
   936.96623001825446       0.99999999999992562        1.4210738918367152     
   937.18669266061170       0.99999999999992595        1.4714726083105876     
   937.40715530296893       0.99999999999992628        1.5518044477152300     
   937.62761794532616       0.99999999999992639        1.6576772387544878     
   937.84808058768340       0.99999999999992617        1.7844907861584607     
   938.06854323004063       0.99999999999992684        1.9280461474356385     
   938.28900587239787       0.99999999999992717        2.0848071720471832     
   938.50946851475510       0.99999999999992673        2.2519296242716687     
   938.72993115711233       0.99999999999992661        2.4271799342044851     
   938.95039379946957       0.99999999999992673        2.6088214209321503     
   939.17085644182680       0.99999999999992739        2.7955052457351726     
   939.39131908418403       0.99999999999992883        2.9861792156132578     
   939.61178172654127       0.99999999999992906        3.1800162079403331     
   939.83224436889850       0.99999999999992972        3.3763597211754068     
   940.05270701125573       0.99999999999992994        3.5746830450176557     
   940.27316965361297       0.99999999999993006        3.7745587921308763     
   940.49363229597020       0.99999999999993006        3.9756361458972336     
   940.71409493832743       0.99999999999993061        4.1776238017053728     
   940.93455758068467       0.99999999999993072        4.3802771004309689     
   941.15502022304190       0.99999999999992972        4.5833882549674456     
   941.37548286539914       0.99999999999993028        4.7867788692749764     
   941.59594550775637       0.99999999999993061        4.9902941669371703     
   941.81640815011360       0.99999999999993039        5.1937985033388872     
   942.03687079247084       0.99999999999993083        5.3971718488145672     
   942.25733343482807       0.99999999999993061        5.6003070118437064     
   942.47779607718530       0.99999999999993205        5.8031074305767785     
   942.69825871954254       0.99999999999993217        6.0054854040917833     
   942.91872136189977       0.99999999999993239        6.2073606663712271     
   943.13918400425700       0.99999999999993339        6.4086592292873110     
   943.35964664661424       0.99999999999993305        6.6093124381840482     
   943.58010928897147       0.99999999999993205        6.8092561965810861     
   943.80057193132870       0.99999999999993150        7.0084303262658389     
   944.02103457368594       0.99999999999993150        7.2067780364249252     
   944.24149721604317       0.99999999999993006        7.4042454811036187     
   944.46195985840041       0.99999999999992972        7.6007813886119147     
   944.68242250075764       0.99999999999992928        7.7963367498449614     
   944.90288514311487       0.99999999999992861        7.9908645550902166     
   945.12334778547211       0.99999999999992917        8.1843195709324466     
   945.34381042782934       0.99999999999992872        8.3766581504725615     
   945.56427307018657       0.99999999999992850        8.5678380713459390     
   945.78473571254381       0.99999999999992861        8.7578183970375356     
   946.00519835490104       0.99999999999992906        8.9465593577976215     
   946.22566099725827       0.99999999999992850        9.1340222481140003     
   946.44612363961551       0.99999999999992828        9.3201693382192730     
   946.66658628197274       0.99999999999992839        9.5049637975386805     
   946.88704892432997       0.99999999999992828        9.6883696283304648     
   947.10751156668721       0.99999999999992872        9.8703516080550084     
   947.32797420904444       0.99999999999992861        10.050875239241527     
   947.54843685140168       0.99999999999992839        10.229906705814839     
   947.76889949375891       0.99999999999992817        10.407412835002726     
   947.98936213611614       0.99999999999992717        10.583361064078259     
   948.20982477847338       0.99999999999992717        10.757719411300711     
   948.43028742083061       0.99999999999992639        10.930456450512043     
   948.65075006318784       0.99999999999992606        11.101541288923430     
   948.87121270554508       0.99999999999992661        11.270943547691530     
   949.09167534790231       0.99999999999992728        11.438633344939316     
   949.31213799025954       0.99999999999992772        11.604581280924195     
   949.53260063261678       0.99999999999992628        11.768758425094173     
   949.75306327497401       0.99999999999992761        11.931136304808689     
   949.97352591733124       0.99999999999992772        12.091686895528541     
   950.19398855968848       0.99999999999992684        12.250382612304128     
   950.41445120204571       0.99999999999992761        12.407196302413782     
   950.63491384440294       0.99999999999992761        12.562101239020711     
   950.85537648676018       0.99999999999992706        12.715071115734546     
   951.07583912911741       0.99999999999992750        12.866080041975584     
   951.29630177147465       0.99999999999992795        13.015102539053537     
   951.51676441383188       0.99999999999992761        13.162113536881318     
   951.73722705618911       0.99999999999992772        13.307088371254451     
   951.95768969854635       0.99999999999992784        13.450002781633925     
   952.17815234090358       0.99999999999992795        13.590832909377967     
   952.39861498326081       0.99999999999992828        13.729555296372972     
   952.61907762561805       0.99999999999992850        13.866146884021003     
   952.83954026797528       0.99999999999992872        14.000585012543342     
   953.06000291033251       0.99999999999992806        14.132847420566748     
   953.28046555268975       0.99999999999992872        14.262912244959738     
   953.50092819504698       0.99999999999992784        14.390758020891578     
   953.72139083740421       0.99999999999992750        14.516363682088388     
   953.94185347976145       0.99999999999992728        14.639708561263681     
   954.16231612211868       0.99999999999992717        14.760772390702574     
   954.38277876447592       0.99999999999992861        14.879535302981424     
   954.60324140683315       0.99999999999992784        14.995977831805831     
   954.82370404919038       0.99999999999992706        15.110080912951766     
   955.04416669154762       0.99999999999992639        15.221825885296683     
   955.26462933390485       0.99999999999992739        15.331194491926654     
   955.48509197626208       0.99999999999992917        15.438168881310030     
   955.70555461861932       0.99999999999992906        15.542731608525353     
   955.92601726097655       0.99999999999992928        15.644865636535743     
   956.14647990333378       0.99999999999992883        15.744554337499581     
   956.36694254569102       0.99999999999992895        15.841781494110910     
   956.58740518804825       0.99999999999992828        15.936531300961612     
   956.80786783040548       0.99999999999992850        16.028788365918679     
   957.02833047276272       0.99999999999992817        16.118537711511181     
   957.24879311511995       0.99999999999992972        16.205764776320468     
   957.46925575747719       0.99999999999993050        16.290455416369330     
   957.68971839983442       0.99999999999993072        16.372595906504877     
   957.91018104219165       0.99999999999993083        16.452172941770918     
   958.13064368454889       0.99999999999993072        16.529173638766334     
   958.35110632690612       0.99999999999993039        16.603585536984756     
   958.57156896926335       0.99999999999993006        16.675396600133290     
   958.79203161162059       0.99999999999992917        16.744595217426649     
   959.01249425397782       0.99999999999993017        16.811170204853521     
   959.23295689633505       0.99999999999993050        16.875110806413151     
   959.45341953869229       0.99999999999992939        16.936406695319079     
   959.67388218104952       0.99999999999992961        16.995047975168752     
   959.89434482340675       0.99999999999993028        17.051025181075115     
   960.11480746576399       0.99999999999992939        17.104329280760304     
   960.33527010812122       0.99999999999992917        17.154951675608398     
   960.55573275047846       0.99999999999992861        17.202884201675847     
   960.77619539283569       0.99999999999992883        17.248119130658129     
   960.99665803519292       0.99999999999992895        17.290649170811481     
   961.21712067755016       0.99999999999992928        17.330467467827798     
   961.43758331990739       0.99999999999992961        17.367567605661961     
   961.65804596226462       0.99999999999992917        17.401943607310901     
   961.87850860462186       0.99999999999992950        17.433589935542333     
   962.09897124697909       0.99999999999992983        17.462501493573164     
   962.31943388933632       0.99999999999993028        17.488673625696681     
   962.53989653169356       0.99999999999993006        17.512102117856980     
   962.76035917405079       0.99999999999992883        17.532783198171494     
   962.98082181640802       0.99999999999992917        17.550713537399069     
   963.20128445876526       0.99999999999992806        17.565890249354780     
   963.42174710112249       0.99999999999992817        17.578310891270377     
   963.64220974347973       0.99999999999992761        17.587973464099512     
   963.86267238583696       0.99999999999992761        17.594876412768180     
   964.08313502819419       0.99999999999992717        17.599018626369791     
   964.30359767055143       0.99999999999992750        17.600399438304585     
   964.52406031290866       0.99999999999992706        17.599018626363407     
   964.74452295526589       0.99999999999992695        17.594876412755355     
   964.96498559762313       0.99999999999992650        17.587973464080271     
   965.18544823998036       0.99999999999992761        17.578310891244730     
   965.40591088233759       0.99999999999992806        17.565890249322738     
   965.62637352469483       0.99999999999992772        17.550713537360551     
   965.84683616705206       0.99999999999992806        17.532783198126580     
   966.06729880940929       0.99999999999992828        17.512102117805686     
   966.28776145176653       0.99999999999992872        17.488673625638928     
   966.50822409412376       0.99999999999992861        17.462501493509066     
   966.72868673648100       0.99999999999992861        17.433589935471819     
   966.94914937883823       0.99999999999992850        17.401943607234077     
   967.16961202119546       0.99999999999992817        17.367567605578756     
   967.39007466355270       0.99999999999992895        17.330467467738259     
   967.61053730590993       0.99999999999992906        17.290649170715660     
   967.83099994826716       0.99999999999992883        17.248119130556027     
   968.05146259062440       0.99999999999992817        17.202884201567382     
   968.27192523298163       0.99999999999992817        17.154951675493628     
   968.49238787533886       0.99999999999992795        17.104329280639313     
   968.71285051769610       0.99999999999992817        17.051025180947921     
   968.93331316005333       0.99999999999992673        16.995047975035323     
   969.15377580241056       0.99999999999992628        16.936406695179496     
   969.37423844476780       0.99999999999992650        16.875110806267283     
   969.59470108712503       0.99999999999992573        16.811170204701561     
   969.81516372948226       0.99999999999992550        16.744595217268589     
   970.03562637183950       0.99999999999992550        16.675396599969140     
   970.25608901419673       0.99999999999992528        16.603585536814478     
   970.47655165655397       0.99999999999992384        16.529173638589981     
   970.69701429891120       0.99999999999992395        16.452172941588607     
   970.91747694126843       0.99999999999992328        16.372595906316540     
   971.13793958362567       0.99999999999992339        16.290455416175039     
   971.35840222598290       0.99999999999992384        16.205764776120244     
   971.57886486834013       0.99999999999992373        16.118537711305120     
   971.79932751069737       0.99999999999992351        16.028788365706735     
   972.01979015305460       0.99999999999992328        15.936531300743813     
   972.24025279541183       0.99999999999992450        15.841781493887364     
   972.46071543776907       0.99999999999992462        15.744554337270294     
   972.68117808012630       0.99999999999992484        15.644865636300773     
   972.90164072248353       0.99999999999992406        15.542731608284710     
   973.12210336484077       0.99999999999992428        15.438168881063687     
   973.34256600719800       0.99999999999992362        15.331194491674744     
   973.56302864955524       0.99999999999992328        15.221825885039191     
   973.78349129191247       0.99999999999992384        15.110080912688762     
   974.00395393426970       0.99999999999992351        14.995977831537356     
   974.22441657662694       0.99999999999992384        14.879535302707533     
   974.44487921898417       0.99999999999992450        14.760772390423313     
   974.66534186134140       0.99999999999992517        14.639708560979074     
   974.88580450369864       0.99999999999992495        14.516363681798467     
   975.10626714605587       0.99999999999992462        14.390758020596389     
   975.32672978841310       0.99999999999992462        14.262912244659367     
   975.54719243077034       0.99999999999992417        14.132847420261223     
   975.76765507312757       0.99999999999992484        14.000585012232724     
   975.98811771548480       0.99999999999992462        13.866146883705300     
   976.20858035784204       0.99999999999992450        13.729555296052302     
   976.42904300019927       0.99999999999992473        13.590832909052313     
   976.64950564255651       0.99999999999992473        13.450002781303400     
   976.86996828491374       0.99999999999992495        13.307088370919118     
   977.09043092727097       0.99999999999992473        13.162113536541238     
   977.31089356962821       0.99999999999992495        13.015102538708673     
   977.53135621198544       0.99999999999992506        12.866080041626054     
   977.75181885434267       0.99999999999992517        12.715071115380429     
   977.97228149669991       0.99999999999992506        12.562101238662043     
   978.19274413905714       0.99999999999992584        12.407196302050622     
   978.41320678141437       0.99999999999992684        12.250382611936566     
   978.63366942377161       0.99999999999992684        12.091686895156654     
   978.85413206612884       0.99999999999992684        11.931136304432517     
   979.07459470848607       0.99999999999992606        11.768758424713750     
   979.29505735084331       0.99999999999992573        11.604581280539598     
   979.51551999320054       0.99999999999992562        11.438633344550635     
   979.73598263555778       0.99999999999992606        11.270943547298797     
   979.95644527791501       0.99999999999992673        11.101541288526743     
   980.17690792027224       0.99999999999992639        10.930456450111445     
   980.39737056262948       0.99999999999992595        10.757719410896291     
   980.61783320498671       0.99999999999992584        10.583361063670099     
   980.83829584734394       0.99999999999992584        10.407412834590897     
   981.05875848970118       0.99999999999992584        10.229906705399433     
   981.27922113205841       0.99999999999992639        10.050875238822600     
   981.49968377441564       0.99999999999992661        9.8703516076326405     
   981.72014641677288       0.99999999999992595        9.6883696279047449     
   981.94060905913011       0.99999999999992573        9.5049637971096512     
   982.16107170148734       0.99999999999992528        9.3201693377870427     
   982.38153434384458       0.99999999999992539        9.1340222476786526     
   982.60199698620181       0.99999999999992528        8.9465593573592468     
   982.82245962855905       0.99999999999992462        8.7578183965962282     
   983.04292227091628       0.99999999999992462        8.5678380709017858     
   983.26338491327351       0.99999999999992395        8.3766581500256194     
   983.48384755563075       0.99999999999992351        8.1843195704828844     
   983.70431019798798       0.99999999999992240        7.9908645546380850     
   983.92477284034521       0.99999999999992273        7.7963367493903766     
   984.14523548270245       0.99999999999992129        7.6007813881549744     
   984.36569812505968       0.99999999999992040        7.4042454806444473     
   984.58616076741691       0.99999999999992117        7.2067780359636409     
   984.80662340977415       0.99999999999992117        7.0084303258025686     
   985.02708605213138       0.99999999999992151        6.8092561961159523     
   985.24754869448861       0.99999999999992151        6.6093124377171693     
   985.46801133684585       0.99999999999992173        6.4086592288188466     
   985.68847397920308       0.99999999999992140        6.2073606659013283     
   985.90893662156031       0.99999999999992129        6.0054854036206233     
   986.12939926391755       0.99999999999992129        5.8031074301045429     
   986.34986190627478       0.99999999999992106        5.6003070113705791     
   986.57032454863202       0.99999999999992029        5.3971718483407756     
   986.79078719098925       0.99999999999992117        5.1937985028646434     
   987.01124983334648       0.99999999999992017        4.9902941664627543     
   987.23171247570372       0.99999999999992017        4.7867788688006714     
   987.45217511806095       0.99999999999992062        4.5833882544936095     
   987.67263776041818       0.99999999999992084        4.3802770999579721     
   987.89310040277542       0.99999999999992095        4.1776238012336755     
   988.11356304513265       0.99999999999992173        3.9756361454273468     
   988.33402568748988       0.99999999999992228        3.7745587916634196     
   988.55448832984712       0.99999999999992273        3.5746830445533719     
   988.77495097220435       0.99999999999992295        3.3763597207151972     
   988.99541361456158       0.99999999999992328        3.1800162074852993     
   989.21587625691882       0.99999999999992339        2.9861792151647588     
   989.43633889927605       0.99999999999992328        2.7955052452949229     
   989.65680154163329       0.99999999999992317        2.6088214205023119     
   989.87726418399052       0.99999999999992273        2.4271799337878259     
   990.09772682634775       0.99999999999992228        2.2519296238717423     
   990.31818946870499       0.99999999999992117        2.0848071716685728     
   990.53865211106222       0.99999999999992017        1.9280461470842147     
   990.75911475341945       0.99999999999992084        1.7844907858416419     
   990.97957739577669       0.99999999999992062        1.6576772384813325     
   991.20004003813392       0.99999999999992117        1.5518044474961548     
   991.42050268049115       0.99999999999992095        1.4714726081563854     
   991.64096532284839       0.99999999999992117        1.4210738917567030     
   991.86142796520562       0.99999999999992062        1.4038686652510430     
   992.08189060756285       0.99999999999991951        1.4210738918385570     
   992.30235324992009       0.99999999999991884        1.4714726083144343     
   992.52281589227732       0.99999999999991973        1.5518044477208357     
   992.74327853463456       0.99999999999991951        1.6576772387615655     
   992.96374117699179       0.99999999999992006        1.7844907861667341     
   993.18420381934902       0.99999999999991929        1.9280461474448602     
   993.40466646170626       0.99999999999991973        2.0848071720571517     
   993.62512910406349       0.99999999999992040        2.2519296242822286     
   993.84559174642072       0.99999999999992106        2.4271799342155065     
   994.06605438877796       0.99999999999992184        2.6088214209435390     
   994.28651703113519       0.99999999999992228        2.7955052457468521     
   994.50697967349242       0.99999999999992273        2.9861792156251723     
   994.72744231584966       0.99999999999992262        3.1800162079524399     
   994.94790495820689       0.99999999999992273        3.3763597211876615     
   995.16836760056412       0.99999999999992284        3.5746830450300342     
   995.38883024292136       0.99999999999992284        3.7745587921433486     
   995.60929288527859       0.99999999999992328        3.9756361459097778     
   995.82975552763583       0.99999999999992228        4.1776238017179761     
   996.05021816999306       0.99999999999992184        4.3802771004436041     
   996.27068081235029       0.99999999999992284        4.5833882549801181     
   996.49114345470753       0.99999999999992251        4.7867788692876445     
   996.71160609706476       0.99999999999992284        4.9902941669498446     
   996.93206873942199       0.99999999999992384        5.1937985033515579     
   997.15253138177923       0.99999999999992495        5.3971718488272469     
   997.37299402413646       0.99999999999992562        5.6003070118563683     
   997.59345666649369       0.99999999999992695        5.8031074305894164     
   997.81391930885093       0.99999999999992717        6.0054854041044079     
   998.03438195120816       0.99999999999992695        6.2073606663838117     
   998.25484459356539       0.99999999999992772        6.4086592292998743     
   998.47530723592263       0.99999999999992784        6.6093124381965627     
   998.69576987827986       0.99999999999992673        6.8092561965935756     
   998.91623252063710       0.99999999999992650        7.0084303262782859     
   999.13669516299433       0.99999999999992617        7.2067780364373188     
   999.35715780535156       0.99999999999992606        7.4042454811159670     
   999.57762044770880       0.99999999999992584        7.6007813886242044     
   999.79808309006603       0.99999999999992639        7.7963367498571898     
   1000.0185457324233       0.99999999999992650        7.9908645551023989     
   1000.2390083747805       0.99999999999992550        8.1843195709445791     
   1000.4594710171377       0.99999999999992617        8.3766581504845821     
   1000.6799336594950       0.99999999999992606        8.5678380713579401     
   1000.9003963018522       0.99999999999992639        8.7578183970494372     
   1001.1208589442094       0.99999999999992717        8.9465593578094538     
   1001.3413215865667       0.99999999999992628        9.1340222481257545     
   1001.5617842289239       0.99999999999992539        9.3201693382309596     
   1001.7822468712811       0.99999999999992584        9.5049637975502623     
   1002.0027095136384       0.99999999999992628        9.6883696283419916     
   1002.2231721559956       0.99999999999992761        9.8703516080664642     
   1002.4436347983528       0.99999999999992695        10.050875239252875     
   1002.6640974407101       0.99999999999992684        10.229906705826094     
   1002.8845600830673       0.99999999999992661        10.407412835013913     
   1003.1050227254245       0.99999999999992673        10.583361064089351     
   1003.3254853677818       0.99999999999992606        10.757719411311683     
   1003.5459480101390       0.99999999999992617        10.930456450522916     
   1003.7664106524962       0.99999999999992661        11.101541288934220     
   1003.9868732948535       0.99999999999992661        11.270943547702220     
   1004.2073359372107       0.99999999999992628        11.438633344949894     
   1004.4277985795679       0.99999999999992750        11.604581280934664     
   1004.6482612219252       0.99999999999992695        11.768758425104535     
   1004.8687238642824       0.99999999999992695        11.931136304818938     
   1005.0891865066396       0.99999999999992772        12.091686895538691     
   1005.3096491489969       0.99999999999992872        12.250382612314151     
   1005.5301117913541       0.99999999999992850        12.407196302423662     
   1005.7505744337113       0.99999999999992850        12.562101239030474     
   1005.9710370760686       0.99999999999992750        12.715071115744186     
   1006.1914997184258       0.99999999999992728        12.866080041985104     
   1006.4119623607830       0.99999999999992795        13.015102539062935     
   1006.6324250031403       0.99999999999992750        13.162113536890621     
   1006.8528876454975       0.99999999999992772        13.307088371263610     
   1007.0733502878547       0.99999999999992784        13.450002781642940     
   1007.2938129302120       0.99999999999992784        13.590832909386849     
   1007.5142755725692       0.99999999999992850        13.729555296381706     
   1007.7347382149264       0.99999999999992750        13.866146884029593     
   1007.9552008572837       0.99999999999992695        14.000585012551817     
   1008.1756634996409       0.99999999999992639        14.132847420575084     
   1008.3961261419981       0.99999999999992606        14.262912244967943     
   1008.6165887843554       0.99999999999992495        14.390758020899616     
   1008.8370514267126       0.99999999999992573        14.516363682096308     
   1009.0575140690698       0.99999999999992595        14.639708561271432     
   1009.2779767114271       0.99999999999992562        14.760772390710196     
   1009.4984393537843       0.99999999999992562        14.879535302988913     
   1009.7189019961415       0.99999999999992528        14.995977831813109     
   1009.9393646384988       0.99999999999992506        15.110080912958948     
   1010.1598272808560       0.99999999999992484        15.221825885303685     
   1010.3802899232132       0.99999999999992484        15.331194491933498     
   1010.6007525655705       0.99999999999992395        15.438168881316738     
   1010.8212152079277       0.99999999999992450        15.542731608531927     
   1011.0416778502849       0.99999999999992517        15.644865636542141     
   1011.2621404926422       0.99999999999992473        15.744554337505802     
   1011.4826031349994       0.99999999999992362        15.841781494116979     
   1011.7030657773566       0.99999999999992417        15.936531300967518     
   1011.9235284197139       0.99999999999992351        16.028788365924441     
   1012.1439910620711       0.99999999999992317        16.118537711516776     
   1012.3644537044283       0.99999999999992317        16.205764776325850     
   1012.5849163467856       0.99999999999992273        16.290455416374584     
   1012.8053789891428       0.99999999999992351        16.372595906509925     
   1013.0258416315000       0.99999999999992284        16.452172941775839     
   1013.2463042738573       0.99999999999992317        16.529173638771095     
   1013.4667669162145       0.99999999999992262        16.603585536989328     
   1013.6872295585717       0.99999999999992195        16.675396600137741     
   1013.9076922009290       0.99999999999992184        16.744595217430899     
   1014.1281548432862       0.99999999999992217        16.811170204857600     
   1014.3486174856434       0.99999999999992206        16.875110806417055     
   1014.5690801280007       0.99999999999992106        16.936406695322823     
   1014.7895427703579       0.99999999999992084        16.995047975172337     
   1015.0100054127151       0.99999999999992140        17.051025181078519     
   1015.2304680550724       0.99999999999992129        17.104329280763533     
   1015.4509306974296       0.99999999999992162        17.154951675611429     
   1015.6713933397868       0.99999999999992073        17.202884201678675     
   1015.8918559821441       0.99999999999992051        17.248119130660807     
   1016.1123186245013       0.99999999999992040        17.290649170813946     
   1016.3327812668585       0.99999999999991995        17.330467467830118     
   1016.5532439092158       0.99999999999992017        17.367567605664089     
   1016.7737065515730       0.99999999999992017        17.401943607312859     
   1016.9941691939302       0.99999999999991929        17.433589935544095     
   1017.2146318362875       0.99999999999992017        17.462501493574816     
   1017.4350944786447       0.99999999999991962        17.488673625698091     
   1017.6555571210019       0.99999999999991962        17.512102117858280     
   1017.8760197633592       0.99999999999991873        17.532783198172599     
   1018.0964824057164       0.99999999999991840        17.550713537399997     
   1018.3169450480736       0.99999999999991795        17.565890249355590     
   1018.5374076904309       0.99999999999991795        17.578310891270981     
   1018.7578703327881       0.99999999999991784        17.587973464099942     
   1018.9783329751453       0.99999999999991807        17.594876412768404     
   1019.1987956175026       0.99999999999991762        17.599018626369851     
   1019.4192582598598       0.99999999999991751        17.600399438304482     
   1019.6397209022171       0.99999999999991751        17.599018626363105     
   1019.8601835445743       0.99999999999991829        17.594876412754871     
   1020.0806461869315       0.99999999999991807        17.587973464079582     
   1020.3011088292888       0.99999999999991818        17.578310891243898     
   1020.5215714716460       0.99999999999991829        17.565890249321704     
   1020.7420341140032       0.99999999999991762        17.550713537359314     
   1020.9624967563605       0.99999999999991696        17.532783198125198     
   1021.1829593987177       0.99999999999991651        17.512102117804112     
   1021.4034220410749       0.99999999999991629        17.488673625637148     
   1021.6238846834322       0.99999999999991585        17.462501493507109     
   1021.8443473257894       0.99999999999991607        17.433589935469698     
   1022.0648099681466       0.99999999999991596        17.401943607231736     
   1022.2852726105039       0.99999999999991573        17.367567605576280     
   1022.5057352528611       0.99999999999991596        17.330467467735620     
   1022.7261978952183       0.99999999999991462        17.290649170712893     
   1022.9466605375756       0.99999999999991529        17.248119130553047     
   1023.1671231799328       0.99999999999991529        17.202884201564267     
   1023.3875858222900       0.99999999999991585        17.154951675490327     
   1023.6080484646473       0.99999999999991529        17.104329280635802     
   1023.8285111070045       0.99999999999991485        17.051025180944272     
   1024.0489737493617       0.99999999999991473        16.995047975031483     
   1024.2694363917190       0.99999999999991473        16.936406695175503     
   1024.4898990340762       0.99999999999991485        16.875110806263141     
   1024.7103616764334       0.99999999999991540        16.811170204697220     
   1024.9308243187907       0.99999999999991607        16.744595217264081     
   1025.1512869611479       0.99999999999991540        16.675396599964422     
   1025.3717496035051       0.99999999999991551        16.603585536809632     
   1025.5922122458624       0.99999999999991607        16.529173638584986     
   1025.8126748882196       0.99999999999991585        16.452172941583438     
   1026.0331375305768       0.99999999999991529        16.372595906311204     
   1026.2536001729341       0.99999999999991618        16.290455416169539     
   1026.4740628152913       0.99999999999991573        16.205764776114638     
   1026.6945254576485       0.99999999999991662        16.118537711299318     
   1026.9149881000058       0.99999999999991729        16.028788365700759     
   1027.1354507423630       0.99999999999991729        15.936531300737679     
   1027.3559133847202       0.99999999999991773        15.841781493881037     
   1027.5763760270775       0.99999999999991906        15.744554337263811     
   1027.7968386694347       0.99999999999991962        15.644865636294137     
   1028.0173013117919       0.99999999999991995        15.542731608277931     
   1028.2377639541492       0.99999999999991962        15.438168881056772     
   1028.4582265965064       0.99999999999991995        15.331194491667679     
   1028.6786892388636       0.99999999999991929        15.221825885031960     
   1028.8991518812209       0.99999999999991995        15.110080912681417     
   1029.1196145235781       0.99999999999992129        14.995977831529805     
   1029.3400771659353       0.99999999999992151        14.879535302699860     
   1029.5605398082926       0.99999999999992106        14.760772390415482     
   1029.7810024506498       0.99999999999992129        14.639708560971094     
   1030.0014650930070       0.99999999999992151        14.516363681790338     
   1030.2219277353643       0.99999999999992206        14.390758020588155     
   1030.4423903777215       0.99999999999992017        14.262912244650998     
   1030.6628530200787       0.99999999999992017        14.132847420252759     
   1030.8833156624360       0.99999999999992084        14.000585012224084     
   1031.1037783047932       0.99999999999992017        13.866146883696548     
   1031.3242409471504       0.99999999999991973        13.729555296043412     
   1031.5447035895077       0.99999999999992006        13.590832909043320     
   1031.7651662318649       0.99999999999992051        13.450002781294296     
   1031.9856288742221       0.99999999999992017        13.307088370909870     
   1032.2060915165794       0.99999999999991962        13.162113536531860     
   1032.4265541589366       0.99999999999991973        13.015102538699223     
   1032.6470168012938       0.99999999999992006        12.866080041616460     
   1032.8674794436511       0.99999999999991895        12.715071115370694     
   1033.0879420860083       0.99999999999991895        12.562101238652209     
   1033.3084047283655       0.99999999999991773        12.407196302040669     
   1033.5288673707228       0.99999999999991684        12.250382611926502     
   1033.7493300130800       0.99999999999991618        12.091686895146465     
   1033.9697926554372       0.99999999999991551        11.931136304422219     
   1034.1902552977945       0.99999999999991562        11.768758424703320     
   1034.4107179401517       0.99999999999991562        11.604581280529064     
   1034.6311805825089       0.99999999999991551        11.438633344539969     
   1034.8516432248662       0.99999999999991451        11.270943547288029     
   1035.0721058672234       0.99999999999991396        11.101541288515863     
   1035.2925685095806       0.99999999999991418        10.930456450100454     
   1035.5130311519379       0.99999999999991396        10.757719410885203     
   1035.7334937942951       0.99999999999991340        10.583361063658938     
   1035.9539564366523       0.99999999999991240        10.407412834579622     
   1036.1744190790096       0.99999999999991229        10.229906705388048     
   1036.3948817213668       0.99999999999991174        10.050875238811118     
   1036.6153443637240       0.99999999999991196        9.8703516076210622     
   1036.8358070060813       0.99999999999991096        9.6883696278930902     
   1037.0562696484385       0.99999999999991096        9.5049637970979166     
   1037.2767322907957       0.99999999999991196        9.3201693377752157     
   1037.4971949331530       0.99999999999991185        9.1340222476667545     
   1037.7176575755102       0.99999999999991140        8.9465593573472244     
   1037.9381202178674       0.99999999999991052        8.7578183965841383     
   1038.1585828602247       0.99999999999991074        8.5678380708896285     
   1038.3790455025819       0.99999999999991096        8.3766581500134016     
   1038.5995081449391       0.99999999999991074        8.1843195704705867     
   1038.8199707872964       0.99999999999991041        7.9908645546257162     
   1039.0404334296536       0.99999999999991007        7.7963367493779447     
   1039.2608960720108       0.99999999999991129        7.6007813881424955     
   1039.4813587143681       0.99999999999991152        7.4042454806318991     
   1039.7018213567253       0.99999999999991329        7.2067780359510474     
   1039.9222839990825       0.99999999999991340        7.0084303257899139     
   1040.1427466414398       0.99999999999991351        6.8092561961032549     
   1040.3632092837970       0.99999999999991374        6.6093124377044123     
   1040.5836719261542       0.99999999999991451        6.4086592288060489     
   1040.8041345685115       0.99999999999991507        6.2073606658884879     
   1041.0245972108687       0.99999999999991540        6.0054854036077687     
   1041.2450598532259       0.99999999999991585        5.8031074300916483     
   1041.4655224955832       0.99999999999991562        5.6003070113576605     
   1041.6859851379404       0.99999999999991640        5.3971718483278277     
   1041.9064477802976       0.99999999999991562        5.1937985028516938     
   1042.1269104226549       0.99999999999991585        4.9902941664498011     
   1042.3473730650121       0.99999999999991673        4.7867788687877217     
   1042.5678357073693       0.99999999999991651        4.5833882544806572     
   1042.7882983497266       0.99999999999991662        4.3802770999450393     
   1043.0087609920838       0.99999999999991651        4.1776238012207729     
   1043.2292236344410       0.99999999999991773        3.9756361454144793     
   1043.4496862767983       0.99999999999991840        3.7745587916506147     
   1043.6701489191555       0.99999999999991929        3.5746830445406488     
   1043.8906115615127       0.99999999999991962        3.3763597207025753     
   1044.1110742038700       0.99999999999991873        3.1800162074728071     
   1044.3315368462272       0.99999999999991862        2.9861792151524251     
   1044.5519994885844       0.99999999999991818        2.7955052452827971     
   1044.7724621309417       0.99999999999991829        2.6088214204904561     
   1044.9929247732989       0.99999999999991873        2.4271799337763054     
   1045.2133874156561       0.99999999999991940        2.2519296238606548     
   1045.4338500580134       0.99999999999991918        2.0848071716580390     
   1045.6543127003706       0.99999999999991873        1.9280461470743930     
   1045.8747753427278       0.99999999999991940        1.7844907858327292     
   1046.0952379850851       0.99999999999991918        1.6576772384735750     
   1046.3157006274423       0.99999999999991773        1.5518044474898318     
   1046.5361632697995       0.99999999999991696        1.4714726081517950     
   1046.7566259121568       0.99999999999991573        1.4210738917541050     
   1046.9770885545140       0.99999999999991618        1.4038686652505932     
   1047.1975511968712       0.99999999999991540        1.4210738918402677     
   1047.4180138392285       0.99999999999991585        1.4714726083181668     
   1047.6384764815857       0.99999999999991529        1.5518044477263453     
   1047.8589391239429       0.99999999999991485        1.6576772387685654     
   1048.0794017663002       0.99999999999991485        1.7844907861749393     
   1048.2998644086574       0.99999999999991518        1.9280461474540298     
   1048.5203270510146       0.99999999999991507        2.0848071720670811     
   1048.7407896933719       0.99999999999991496        2.2519296242927531     
   1048.9612523357291       0.99999999999991362        2.4271799342265088     
   1049.1817149780863       0.99999999999991351        2.6088214209549188     
   1049.4021776204436       0.99999999999991296        2.7955052457585223     
   1049.6226402628008       0.99999999999991229        2.9861792156370819     
   1049.8431029051580       0.99999999999991274        3.1800162079645484     
   1050.0635655475153       0.99999999999991229        3.3763597211999157     
   1050.2840281898725       0.99999999999991107        3.5746830450424043     
   1050.5044908322297       0.99999999999991163        3.7745587921558150     
   1050.7249534745870       0.99999999999991263        3.9756361459223073     
   1050.9454161169442       0.99999999999991362        4.1776238017305625     
   1051.1658787593014       0.99999999999991396        4.3802771004562278     
   1051.3863414016587       0.99999999999991318        4.5833882549927649     
   1051.6068040440159       0.99999999999991396        4.7867788693003126     
   1051.8272666863732       0.99999999999991385        4.9902941669625278     
   1052.0477293287304       0.99999999999991473        5.1937985033642260     
   1052.2681919710876       0.99999999999991551        5.3971718488399008     
   1052.4886546134449       0.99999999999991529        5.6003070118690159     
   1052.7091172558021       0.99999999999991462        5.8031074306020338     
   1052.9295798981593       0.99999999999991485        6.0054854041169943     
   1053.1500425405166       0.99999999999991529        6.2073606663963803     
   1053.3705051828738       0.99999999999991529        6.4086592293123976     
   1053.5909678252310       0.99999999999991462        6.6093124382090442     
   1053.8114304675883       0.99999999999991551        6.8092561966060092     
   1054.0318931099455       0.99999999999991573        7.0084303262906689     
   1054.2523557523027       0.99999999999991607        7.2067780364496432     
   1054.4728183946600       0.99999999999991684        7.4042454811282354     
   1054.6932810370172       0.99999999999991651        7.6007813886363982     
   1054.9137436793744       0.99999999999991629        7.7963367498693215     
   1055.1342063217317       0.99999999999991585        7.9908645551144497     
   1055.3546689640889       0.99999999999991629        8.1843195709565322     
   1055.5751316064461       0.99999999999991629        8.3766581504964925     
   1055.7955942488034       0.99999999999991684        8.5678380713697493     
   1056.0160568911606       0.99999999999991762        8.7578183970611985     
   1056.2365195335178       0.99999999999991862        8.9465593578211475     
   1056.4569821758751       0.99999999999991829        9.1340222481373541     
   1056.6774448182323       0.99999999999991851        9.3201693382424722     
   1056.8979074605895       0.99999999999991795        9.5049637975616932     
   1057.1183701029468       0.99999999999991862        9.6883696283533194     
   1057.3388327453040       0.99999999999991807        9.8703516080776925     
   1057.5592953876612       0.99999999999991873        10.050875239264025     
   1057.7797580300185       0.99999999999991795        10.229906705837109     
   1058.0002206723757       0.99999999999991784        10.407412835024829     
   1058.2206833147329       0.99999999999991840        10.583361064100179     
   1058.4411459570902       0.99999999999991962        10.757719411322416     
   1058.6616085994474       0.99999999999992051        10.930456450533560     
   1058.8820712418046       0.99999999999992228        11.101541288944730     
   1059.1025338841619       0.99999999999992228        11.270943547712621     
   1059.3229965265191       0.99999999999992251        11.438633344960193     
   1059.5434591688763       0.99999999999992206        11.604581280944883     
   1059.7639218112336       0.99999999999992217        11.768758425114635     
   1059.9843844535908       0.99999999999992151        11.931136304828936     
   1060.2048470959480       0.99999999999992073        12.091686895548566     
   1060.4253097383053       0.99999999999992051        12.250382612323888     
   1060.6457723806625       0.99999999999991951        12.407196302433299     
   1060.8662350230197       0.99999999999991995        12.562101239039972     
   1061.0866976653770       0.99999999999991906        12.715071115753561     
   1061.3071603077342       0.99999999999991918        12.866080041994346     
   1061.5276229500914       0.99999999999991929        13.015102539072066     
   1061.7480855924487       0.99999999999991873        13.162113536899612     
   1061.9685482348059       0.99999999999991829        13.307088371272465     
   1062.1890108771631       0.99999999999991884        13.450002781651696     
   1062.4094735195204       0.99999999999991818        13.590832909395447     
   1062.6299361618776       0.99999999999991807        13.729555296390222     
   1062.8503988042348       0.99999999999991873        13.866146884037949     
   1063.0708614465921       0.99999999999991973        14.000585012560055     
   1063.2913240889493       0.99999999999992017        14.132847420583190     
   1063.5117867313065       0.99999999999992140        14.262912244975878     
   1063.7322493736638       0.99999999999992073        14.390758020907462     
   1063.9527120160210       0.99999999999991940        14.516363682103989     
   1064.1731746583782       0.99999999999991873        14.639708561278972     
   1064.3936373007355       0.99999999999991895        14.760772390717591     
   1064.6140999430927       0.99999999999991995        14.879535302996162     
   1064.8345625854499       0.99999999999992051        14.995977831820252     
   1065.0550252278072       0.99999999999991906        15.110080912965941     
   1065.2754878701644       0.99999999999991973        15.221825885310507     
   1065.4959505125216       0.99999999999991995        15.331194491940199     
   1065.7164131548789       0.99999999999992062        15.438168881323275     
   1065.9368757972361       0.99999999999992073        15.542731608538327     
   1066.1573384395933       0.99999999999992129        15.644865636548376     
   1066.3778010819506       0.99999999999992195        15.744554337511911     
   1066.5982637243078       0.99999999999992117        15.841781494122930     
   1066.8187263666650       0.99999999999992217        15.936531300973321     
   1067.0391890090223       0.99999999999992262        16.028788365930062     
   1067.2596516513795       0.99999999999992295        16.118537711522240     
   1067.4801142937367       0.99999999999992406        16.205764776331179     
   1067.7005769360940       0.99999999999992484        16.290455416379739     
   1067.9210395784512       0.99999999999992495        16.372595906514967     
   1068.1415022208084       0.99999999999992517        16.452172941780702     
   1068.3619648631657       0.99999999999992495        16.529173638775784     
   1068.5824275055229       0.99999999999992517        16.603585536993844     
   1068.8028901478801       0.99999999999992573        16.675396600142097     
   1069.0233527902374       0.99999999999992717        16.744595217435123     
   1069.2438154325946       0.99999999999992817        16.811170204861629     
   1069.4642780749518       0.99999999999992761        16.875110806420921     
   1069.6847407173091       0.99999999999992772        16.936406695326522     
   1069.9052033596663       0.99999999999992761        16.995047975175847     
   1070.1256660020235       0.99999999999992795        17.051025181081862     
   1070.3461286443808       0.99999999999992817        17.104329280766716     
   1070.5665912867380       0.99999999999992739        17.154951675614470     
   1070.7870539290952       0.99999999999992717        17.202884201681560     
   1071.0075165714525       0.99999999999992739        17.248119130663547     
   1071.2279792138097       0.99999999999992617        17.290649170816536     
   1071.4484418561669       0.99999999999992606        17.330467467832531     
   1071.6689044985242       0.99999999999992595        17.367567605666331     
   1071.8893671408814       0.99999999999992606        17.401943607314955     
   1072.1098297832386       0.99999999999992673        17.433589935546010     
   1072.3302924255959       0.99999999999992728        17.462501493576497     
   1072.5507550679531       0.99999999999992628        17.488673625699686     
   1072.7712177103103       0.99999999999992539        17.512102117859669     
   1072.9916803526676       0.99999999999992517        17.532783198173810     
   1073.2121429950248       0.99999999999992484        17.550713537401080     
   1073.4326056373820       0.99999999999992473        17.565890249356467     
   1073.6530682797393       0.99999999999992473        17.578310891271684     
   1073.8735309220965       0.99999999999992495        17.587973464100489     
   1074.0939935644537       0.99999999999992317        17.594876412768777     
   1074.3144562068110       0.99999999999992306        17.599018626370075     
   1074.5349188491682       0.99999999999992228        17.600399438304507     
   1074.7553814915254       0.99999999999992262        17.599018626362966     
   1074.9758441338827       0.99999999999992273        17.594876412754573     
   1075.1963067762399       0.99999999999992217        17.587973464079134     
   1075.4167694185971       0.99999999999992162        17.578310891243262     
   1075.6372320609544       0.99999999999992162        17.565890249320891     
   1075.8576947033116       0.99999999999992240        17.550713537358380     
   1076.0781573456688       0.99999999999992251        17.532783198124072     
   1076.2986199880261       0.99999999999992317        17.512102117802844     
   1076.5190826303833       0.99999999999992373        17.488673625635720     
   1076.7395452727405       0.99999999999992273        17.462501493505521     
   1076.9600079150978       0.99999999999992262        17.433589935467946     
   1077.1804705574550       0.99999999999992317        17.401943607229839     
   1077.4009331998122       0.99999999999992295        17.367567605574202     
   1077.6213958421695       0.99999999999992228        17.330467467733346     
   1077.8418584845267       0.99999999999992195        17.290649170710441     
   1078.0623211268839       0.99999999999992262        17.248119130550410     
   1078.2827837692412       0.99999999999992195        17.202884201561449     
   1078.5032464115984       0.99999999999992151        17.154951675487400     
   1078.7237090539556       0.99999999999992162        17.104329280632715     
   1078.9441716963129       0.99999999999992140        17.051025180941018     
   1079.1646343386701       0.99999999999992017        16.995047975028061     
   1079.3850969810273       0.99999999999992040        16.936406695171897     
   1079.6055596233846       0.99999999999992006        16.875110806259375     
   1079.8260222657418       0.99999999999991973        16.811170204693337     
   1080.0464849080990       0.99999999999991918        16.744595217260059     
   1080.2669475504563       0.99999999999991995        16.675396599960262     
   1080.4874101928135       0.99999999999991940        16.603585536805284     
   1080.7078728351707       0.99999999999991807        16.529173638580520     
   1080.9283354775280       0.99999999999991862        16.452172941578784     
   1081.1487981198852       0.99999999999991895        16.372595906306422     
   1081.3692607622424       0.99999999999991940        16.290455416164608     
   1081.5897234045997       0.99999999999991918        16.205764776109532     
   1081.8101860469569       0.99999999999991884        16.118537711294064     
   1082.0306486893141       0.99999999999991962        16.028788365695359     
   1082.2511113316714       0.99999999999991973        15.936531300732110     
   1082.4715739740286       0.99999999999991995        15.841781493875315     
   1082.6920366163858       0.99999999999992051        15.744554337257878     
   1082.9124992587431       0.99999999999992095        15.644865636288030     
   1083.1329619011003       0.99999999999992040        15.542731608271662     
   1083.3534245434575       0.99999999999991995        15.438168881050361     
   1083.5738871858148       0.99999999999992006        15.331194491661089     
   1083.7943498281720       0.99999999999992117        15.221825885025229     
   1084.0148124705293       0.99999999999992129        15.110080912674535     
   1084.2352751128865       0.99999999999992206        14.995977831522797     
   1084.4557377552437       0.99999999999992084        14.879535302692714     
   1084.6762003976010       0.99999999999992062        14.760772390408198     
   1084.8966630399582       0.99999999999992051        14.639708560963683     
   1085.1171256823154       0.99999999999992040        14.516363681782783     
   1085.3375883246727       0.99999999999992017        14.390758020580463     
   1085.5580509670299       0.99999999999992040        14.262912244643154     
   1085.7785136093871       0.99999999999992084        14.132847420244781     
   1085.9989762517444       0.99999999999992129        14.000585012216009     
   1086.2194388941016       0.99999999999992173        13.866146883688289     
   1086.4399015364588       0.99999999999992206        13.729555296035029     
   1086.6603641788161       0.99999999999992195        13.590832909034782     
   1086.8808268211733       0.99999999999992240        13.450002781285590     
   1087.1012894635305       0.99999999999992240        13.307088370901042     
   1087.3217521058878       0.99999999999992228        13.162113536522918     
   1087.5422147482450       0.99999999999992262        13.015102538690142     
   1087.7626773906022       0.99999999999992217        12.866080041607280     
   1087.9831400329595       0.99999999999992206        12.715071115361381     
   1088.2036026753167       0.99999999999992151        12.562101238642763     
   1088.4240653176739       0.99999999999992073        12.407196302031110     
   1088.6445279600312       0.99999999999992073        12.250382611916818     
   1088.8649906023884       0.99999999999992117        12.091686895136638     
   1089.0854532447456       0.99999999999992140        11.931136304412240     
   1089.3059158871029       0.99999999999992117        11.768758424693264     
   1089.5263785294601       0.99999999999992106        11.604581280518918     
   1089.7468411718173       0.99999999999992040        11.438633344529707     
   1089.9673038141746       0.99999999999991973        11.270943547277664     
   1090.1877664565318       0.99999999999991951        11.101541288505413     
   1090.4082290988890       0.99999999999991973        10.930456450089892     
   1090.6286917412463       0.99999999999991906        10.757719410874534     
   1090.8491543836035       0.99999999999991918        10.583361063648137     
   1091.0696170259607       0.99999999999991906        10.407412834568719     
   1091.2900796683180       0.99999999999991895        10.229906705377042     
   1091.5105423106752       0.99999999999991862        10.050875238800025     
   1091.7310049530324       0.99999999999991851        9.8703516076098605     
   1091.9514675953897       0.99999999999991862        9.6883696278817641     
   1092.1719302377469       0.99999999999991884        9.5049637970865000     
   1092.3923928801041       0.99999999999991729        9.3201693377637422     
   1092.6128555224614       0.99999999999991751        9.1340222476551904     
   1092.8333181648186       0.99999999999991818        8.9465593573356035     
   1093.0537808071758       0.99999999999991918        8.7578183965724303     
   1093.2742434495331       0.99999999999991873        8.5678380708778477     
   1093.4947060918903       0.99999999999991895        8.3766581500015267     
   1093.7151687342475       0.99999999999991829        8.1843195704586318     
   1093.9356313766048       0.99999999999991795        7.9908645546137098     
   1094.1560940189620       0.99999999999991740        7.7963367493658859     
   1094.3765566613192       0.99999999999991718        7.6007813881303541     
   1094.5970193036765       0.99999999999991629        7.4042454806197044     
   1094.8174819460337       0.99999999999991596        7.2067780359387985     
   1095.0379445883909       0.99999999999991529        7.0084303257776090     
   1095.2584072307482       0.99999999999991529        6.8092561960908657     
   1095.4788698731054       0.99999999999991518        6.6093124376919814     
   1095.6993325154626       0.99999999999991573        6.4086592287935602     
   1095.9197951578199       0.99999999999991551        6.2073606658759815     
   1096.1402578001771       0.99999999999991596        6.0054854035952037     
   1096.3607204425343       0.99999999999991618        5.8031074300790522     
   1096.5811830848916       0.99999999999991540        5.6003070113450457     
   1096.8016457272488       0.99999999999991573        5.3971718483151845     
   1097.0221083696060       0.99999999999991562        5.1937985028390159     
   1097.2425710119633       0.99999999999991496        4.9902941664370992     
   1097.4630336543205       0.99999999999991473        4.7867788687750199     
   1097.6834962966777       0.99999999999991529        4.5833882544679669     
   1097.9039589390350       0.99999999999991573        4.3802770999323641     
   1098.1244215813922       0.99999999999991585        4.1776238012081190     
   1098.3448842237494       0.99999999999991596        3.9756361454018720     
   1098.5653468661067       0.99999999999991607        3.7745587916380638     
   1098.7858095084639       0.99999999999991640        3.5746830445281685     
   1099.0062721508211       0.99999999999991684        3.3763597206901919     
   1099.2267347931784       0.99999999999991751        3.1800162074605542     
   1099.4471974355356       0.99999999999991784        2.9861792151403432     
   1099.6676600778928       0.99999999999991784        2.7955052452709173     
   1099.8881227202501       0.99999999999991762        2.6088214204788329     
   1100.1085853626073       0.99999999999991751        2.4271799337650197     
   1100.3290480049645       0.99999999999991718        2.2519296238497950     
   1100.5495106473218       0.99999999999991718        2.0848071716477250     
   1100.7699732896790       0.99999999999991784        1.9280461470647761     
   1100.9904359320362       0.99999999999991873        1.7844907858240042     
   1101.2108985743935       0.99999999999991962        1.6576772384659832     
   1101.4313612167507       0.99999999999991929        1.5518044474836516     
   1101.6518238591079       0.99999999999991918        1.4714726081473166     
   1101.8722865014652       0.99999999999991940        1.4210738917515784     
   1102.0927491438224       0.99999999999991973        1.4038686652501782     
